CODE_PCT,NOM_COMMERCIAL,NAME_MAIN,FORM,STRENGTH,PACKAGE,PRIX_PUBLIC,TARIF_REFERENCE,CATEGORIE,DCI,AP
304172,ABBOTICINE Susp Or.200mg/5ml Fl 60ml,ABBOTICINE,Suspension Buvable,200mg/5ml,Fl 60ml,4.9,4.86,E,ERYTHROMYCINE,N
302500,ABILICARE 10 MG COMP BT 30,ABILICARE,Comprimé,10 MG,BT 30,109.675,109.65,E,ARIPIPRAZOLE,O
302501,ABILICARE 15 MG COMP BT 30,ABILICARE,Comprimé,15 MG,BT 30,123.445,123.42,E,ARIPIPRAZOLE,O
104756,ABILIFY Comp 10 mg Bt 28 ( Laboratoire  ABDI IBRAHIM),ABILIFY,Comprimé,10 mg,Bt 28,127.235,102.34,E,ARIPIPRAZOLE,O
104757,ABILIFY Comp 15 mg Bt 28 (Laboratoire  ABDI IBRAHIM),ABILIFY,Comprimé,15 mg,Bt 28,127.675,115.192,E,ARIPIPRAZOLE,O
101633,ABUFENE Comp 400mg Bt 30,ABUFENE,Comprimé,400mg,Bt 30,5.705,5.7,E,BETA-ALANINE,N
303134,ACARBOSE ADWYA 100mg Comp.Séc. Bt 90,ACARBOSE ADWYA,Comprimé Sécable,100mg,Bt 90,26.97,26.91,E,ACARBOSE,N
303133,ACARBOSE ADWYA 50mg Comp.Séc. Bt 90,ACARBOSE ADWYA,Comprimé Sécable,50mg,Bt 90,19.04,18.99,E,ACARBOSE,N
303001,ACARLYSE 100 mg Comp Bt 90,ACARLYSE,Comprimé,100 mg,Bt 90,32.955,26.91,E,ACARBOSE,N
303000,ACARLYSE 50 mg Comp B 90,ACARLYSE,Comprimé,50 mg,B 90,23.305,18.99,E,ACARBOSE,N
106764,ACETAZOLAMIDE 250mg Comp Bt 30,ACETAZOLAMIDE,Comprimé,250mg,Bt 30,10.79,3.12,E,ACETAZOLAMIDE,N
102592,ACETYLSALICYLATE DE LYSINE 500 mg p.p.i b/6+6,ACETYLSALICYLATE DE LYSINE,Poudre pour Préparation Injectable,500 mg,b/6+6,6.773,6.768,E,ACETYLSALICYLATE DE LYSINE,N
103463,ACETYLSALYCYLATE DE LYSINE LABESFAL Pdre P i nj 500 mg  VRAC,ACETYLSALYCYLATE DE LYSINE LABESFAL,Poudre,500 mg,VRAC,1.258,1.128,E,ACETYLSALICYLATE DE LYSINE,N
300933,ACICLOVIR OPALIA Comp 200mg Bt 30,ACICLOVIR OPALIA,Comprimé,200mg,Bt 30,44.255,30.81,E,ACICLOVIR,N
300122,ACICLOVIR OPALIA Crème derm 5% Tb 5gr,ACICLOVIR OPALIA,Crème Dermique,,Tb 5gr,9.92,6.135,I,ACICLOVIR,N
300258,ACICLOVIR Susp buv Fl 125ml,ACICLOVIR,Suspension Buvable,,Fl 125ml,51.19,17.5,E,ACICLOVIR,N
302932,ACIRYL 150 MG Gel BT 30,ACIRYL,Gélule,150 MG,BT 30,33.96,28.5,V,PREGABALINE,O
302931,ACIRYL 75 MG Gel BT 60,ACIRYL,Gélule,75 MG,BT 60,59.04,53.82,V,PREGABALINE,O
302488,ACIRYL Gelule 150 MG BT 60,ACIRYL,Gélule,150 MG,BT 60,67.72,57,V,PREGABALINE,O
302487,ACIRYL Gelule 75 MG  BT 15,ACIRYL,Gélule,75 MG,BT 15,15.485,13.455,V,PREGABALINE,O
302365,ACNETA  10 Gélule 10 MG BT 30,ACNETA  10,Gélule,10 MG,BT 30,18.085,18.06,I,ISOTRETINOINE,N
302486,ACNETA  20 Gelule 20 MG BT 10,ACNETA  20,Gélule,20 MG,BT 10,10.65,10.65,I,ISOTRETINOINE,N
302366,ACNETA  20 Gélule 20 MG BT 30,ACNETA  20,Gélule,20 MG,BT 30,32.24,31.95,I,ISOTRETINOINE,N
302485,ACNETA 10 Gelule 10 MG BT 10,ACNETA 10,Gélule,10 MG,BT 10,6.755,6.02,I,ISOTRETINOINE,N
302874,ACNETA 40 40 mg GEL. BT 10,ACNETA 40,Gélule,40 mg,BT 10,18.07,17.61,I,ISOTRETINOINE,N
302367,ACNETA 40 Gélule 40 MG BT 30,ACNETA 40,Gélule,40 MG,BT 30,52.85,52.83,I,ISOTRETINOINE,N
302364,ACNETA 5 Gélule 5 MG BT 30,ACNETA 5,Gélule,5 MG,BT 30,11.87,11.85,I,ISOTRETINOINE,N
302483,ACNETA 5 Gelule 5MG BT 10,ACNETA 5,Gélule,5MG,BT 10,4.72,3.95,I,ISOTRETINOINE,N
302164,ACTAFON  Comp Orodis 160 MG BT 12,ACTAFON,Comprimé Orodispersible,160 MG,BT 12,6.895,5.796,I,PHLOROGLUCINOL,N
301885,ACTAFON Comp Orodisper 80 MG BT 20,ACTAFON,Comprimé Orodispersible,80 MG,BT 20,5.48,4.92,I,PHLOROGLUCINOL,N
303745,ACTAFON SL 80mg Comp Orodisp BT 10,ACTAFON SL,Comprimé Orodispersible,80mg,BT 10,3.65,2.46,I,PHLOROGLUCINOL,N
303513,ACTALGINE 500mg Comp Bt 18,ACTALGINE,Comprimé,500mg,Bt 18,2.6,2.268,E,ACIDE ACETYLSALICYLIQUE,N
300138,ACTAPULGITE Enf et Ad Pdre/Susp Or 3gr Bt 16 sach,ACTAPULGITE Enf et Ad,Suspension Buvable,,Bt 16 sach,5.55,5.536,I,ATTAPULGITE DE MORMOIRON ACTIVEE,N
300137,ACTAPULGITE Nour. Pdre/Susp Or 1gr Bt 20sach,ACTAPULGITE Nour.,Suspension Buvable,,Bt 20sach,3.75,3.74,I,ATTAPULGITE DE MORMOIRON ACTIVEE,N
301918,ACTIP P  Gelule Gastro -resis 20 MG BT 16,ACTIP P,Gélule Gastro-Résistante,20 MG,BT 16,10.74,9.792,E,ESOMEPRAZOLE,N
302768,ACTIPP 20 mg GELULE GASTRO-RESISTANTE BT 28,ACTIPP,Gélule Gastro-Résistante,20 mg,BT 28,18.33,17.136,E,ESOMEPRAZOLE,N
302228,ACTIPP Gelule  Gastro-resis 40 MG BT 28,ACTIPP,Gélule Gastro-Résistante,40 MG,BT 28,35.995,20.44,E,ESOMEPRAZOLE,N
301869,ACTIPP Gelule Gastro-resis 40 MG BT 16,ACTIPP,Gélule Gastro-Résistante,40 MG,BT 16,21.92,11.68,E,ESOMEPRAZOLE,N
301868,ACTIPP Gelule Gastro-resistante  20 MG BT 8,ACTIPP,Gélule Gastro-Résistante,20 MG,BT 8,6.745,4.896,E,ESOMEPRAZOLE,N
102371,ACTONEL Comp 35mg Bt 4,ACTONEL,Comprimé,35mg,Bt 4,63.899,27.068,E,RISEDRONATE,O
301048,ACTOPRIL Comp Sec 25mg  Bt 60,ACTOPRIL,Comprimé Sécable,25mg,Bt 60,13.19,9.96,E,CAPTOPRIL,N
301362,ACTOPRIL Comp Sec 50 mg Bt 60,ACTOPRIL,Comprimé Sécable,50 mg,Bt 60,21.175,17.52,E,CAPTOPRIL,N
301049,ACTOPRIL Comp Sec 50mg Bt 30,ACTOPRIL,Comprimé Sécable,50mg,Bt 30,11.87,8.76,E,CAPTOPRIL,N
303143,ACTOZID 50mg/25mg Comp Séc Bt 30,ACTOZID,Comprimé Sécable,50mg/25mg,Bt 30,19.395,19.38,E,CAPTOPRIL+HYDROCHLORTHIAZIDE,N
101896,ACUPAN Amp inj 20mg Bt 5,ACUPAN,Solution Injectable,20mg,Bt 5,7.2,6.04,E,NEFOPAM,N
308076,ADALATE RETARD Comp 20mg Bt 20,ADALATE RETARD,Comprimé,20mg,Bt 20,8.125,7.24,E,NIFEDIPINE,N
300390,"ADEX Comp 2,5mg Bt 30",ADEX,Comprimé,"2,5mg",Bt 30,7.44,5.64,E,INDAPAMIDE,N
301500,ADEX LP 1.5 mg Comp L.P BT 30,ADEX LP,Comprimé à Libération Prolongée,1.5 mg,BT 30,7.44,5.4,E,INDAPAMIDE,N
302979,ADOFEN 20MG/ML Susp Buv FL 120 ML,ADOFEN,Suspension Buvable,20MG/ML,FL 120 ML,5.421,3.96,E,IBUPROFEN,N
302268,ADOL 1000 mg Comp Sec Bt 8,ADOL,Comprimé Sécable,1000 mg,Bt 8,3.11,2.336,E,PARACETAMOL,N
309040,ADOL 500mg comp Bt 15,ADOL,Comprimé,500mg,Bt 15,2.215,0.75,E,PARACETAMOL,N
302620,ADOL EXTRA 500 MG/65 MG Comp Pell BT 20,ADOL EXTRA,Comprimé Pelliculé,500 MG/65 MG,BT 20,3.775,2.62,E,PARACETAMOL+CAFEINE,N
301422,ADOLINE comp 500 MG BT 10,ADOLINE,Comprimé,500 MG,BT 10,0.755,0.5,E,PARACETAMOL,N
301423,ADOLINE comp 500 MG bt 20,ADOLINE,Comprimé,500 MG,bt 20,1.01,1,E,PARACETAMOL,N
301575,ADOLINE FORT Comp 400 MG/25 MG BT 20,ADOLINE FORT,Comprimé,400 MG/25 MG,BT 20,2.59,2.58,E,PARACETAMOL+CAFEINE,N
302605,ADONTAG 150 mg GEL. FL/14,ADONTAG,Gélule,150 mg,FL/14,16.395,13.3,V,PREGABALINE,O
302606,ADONTAG 150 mg GEL. FL/28,ADONTAG,Gélule,150 mg,FL/28,32.55,26.6,V,PREGABALINE,O
302608,ADONTAG 150 mg GEL. FL/56,ADONTAG,Gélule,150 mg,FL/56,63.185,53.2,V,PREGABALINE,O
303268,ADONTAG 150mg Gél Bt 18,ADONTAG,Gélule,150mg,Bt 18,21.01,17.1,V,PREGABALINE,O
303269,ADONTAG 150mg Gél Bt 30,ADONTAG,Gélule,150mg,Bt 30,34.86,28.5,V,PREGABALINE,O
303270,ADONTAG 150mg Gél Bt 60,ADONTAG,Gélule,150mg,Bt 60,67.44,57,V,PREGABALINE,O
302944,ADONTAG 75 MG Gel FL 14,ADONTAG,Gélule,75 MG,FL 14,14.1,12.558,V,PREGABALINE,O
302609,ADONTAG 75 mg GEL. fl/30,ADONTAG,Gélule,75 mg,fl/30,30.73,26.91,V,PREGABALINE,O
302888,ADYBREX 200mg GEL Bt 20,ADYBREX,Gélule,200mg,Bt 20,13.235,12.68,I,CELECOXIB,N
302251,ADYBREX Gel 200MG BT 30,ADYBREX,Gélule,200MG,BT 30,19.74,19.02,I,CELECOXIB,N
301894,ADYBREX Gelule 200 MG BT 10,ADYBREX,Gélule,200 MG,BT 10,8.44,6.34,I,CELECOXIB,N
105639,AERIUS 0.5mg/ml Sol Buv Fl 150ml,AERIUS,Solution Buvable,0.5mg/ml,Fl 150ml,19.995,6.75,E,DESLORATADINE,N
105640,AERIUS 5mg Comp Pell Bt 15 (ex 102212),AERIUS,Comprimé Pelliculé,5mg,Bt 15,10.67,4.845,E,DESLORATADINE,N
102703,"AERIUS Sirop 0,5mg/ml Fl 150ml",AERIUS,Sirop,"0,5mg/ml",Fl 150ml,20.97,6.75,E,DESLORATADINE,N
302518,AEROFOR Gel 12 µg  BT 30+Inhalateur,AEROFOR,Gélule,12 µg,BT 30+Inhalateur,19.08,15.99,E,FORMOTEROL,N
302519,AEROFOR Gel 12 µg  BT 60+Inhalateur,AEROFOR,Gélule,12 µg,BT 60+Inhalateur,35.195,31.98,E,FORMOTEROL,N
300858,AEROL Aérosol 100µg Fl 200,AEROL Aéro,Solution,100µg,Fl 200,7.37,5.8,E,SALBUTAMOL,N
302516,AERONIDE  Pdre P Inha Bucc 200 µg    BT 60 gélules+Inhalateur,AERONIDE,Poudre pour Inhalation,200 µg,BT 60 gélules+Inhalateur,13.5,13.5,E,BUDESONIDE,N
302517,AERONIDE  Pdre P Inha Bucc 400 µg    BT 60 gélules+Inhalateur,AERONIDE,Poudre pour Inhalation,400 µg,BT 60 gélules+Inhalateur,22.84,22.8,E,BUDESONIDE,N
302399,AFUCID Comp  250 MG BT 10,AFUCID,Comprimé,250 MG,BT 10,16.715,15.93,E,ACIDE FUSIDIQUE,N
302405,AFUCID Creme Derm 2 % TBE 15 GR,AFUCID,Crème Dermique,,TBE 15 GR,4.915,4.71,E,ACIDE FUSIDIQUE,N
301154,AFUSIDIC   Comp Pell 250 mg  ( EX AFUSIDIQUE) Bt 10,AFUSIDIC,Comprimé Pelliculé,250 mg,Bt 10,21.13,15.93,E,ACIDE FUSIDIQUE,N
301726,AFUSIDIC   Comp Pell 250 mg  ( EX AFUSIDIQUE) Bt 20,AFUSIDIC,Comprimé Pelliculé,250 mg,Bt 20,35.67,31.86,E,ACIDE FUSIDIQUE,N
300419,AFUSIDIC (EX AFUSIDIQUE  ) Pde Derm. 2% Tb 15gr,AFUSIDIC (EX AFUSIDIQUE  ),Pommade Dermique,,Tb 15gr,5.79,4.605,E,ACIDE FUSIDIQUE,N
300350,AFUSIDIC Crème 2% Tb 15gr ( EX  ACIDE FUSIDIQUE),AFUSIDIC,Crème,,Tb 15gr,5.69,4.71,E,ACIDE FUSIDIQUE,N
301113,AFUSIDIC PLUS 2% Crème Derm Tb 15gr,AFUSIDIC PLUS 2%,Crème Dermique,,Tb 15gr,5.79,5.04,E,BETAMETHASONE+ACIDE FUSIDIQUE,N
302875,AH-DEUX 20 mg COMP PELL BT 30,AH-DEUX,Comprimé Pelliculé,20 mg,BT 30,13.23,13.23,E,FAMOTIDINE,N
303083,AIRGIX (ex C-TOLERGE) 10 mg Comp Pell Bt 30,AIRGIX (ex C-TOLERGE),Comprimé Pelliculé,10 mg,Bt 30,9.645,7.5,E,CETIRIZINE,N
303082,AIRGIX (ex C-TOLERGE)10 mg Comp Pell Bt 10,AIRGIX (ex C-TOLERGE),Comprimé Pelliculé,10 mg,Bt 10,3.54,2.5,E,CETIRIZINE,N
302929,AIRGIX ex C-TOLERGE) 10mg Comp Pell BT 20,AIRGIX ex C-TOLERGE),Comprimé Pelliculé,10mg,BT 20,6.67,5,E,CETIRIZINE,N
303799,AIRYCORT 200ug Pdre P Inha Bucc en Gél Bt 60 + Inhalateur,AIRYCORT,Gélule,200ug,Bt 60 + Inhalateur,12.14,12.14,E,BUDESONIDE,N
303800,AIRYCORT 400ug Pdre P Inha Bucc en Gel Bt 60 + Inhalateur,AIRYCORT,Gélule,400ug,Bt 60 + Inhalateur,22.02,22.02,E,BUDESONIDE,N
505391,AKINETON LP 4 MG Comp Pell BT 50,AKINETON LP,Comprimé Pelliculé,4 MG,BT 50,24.881,24.6,E,BIPERIDENE,N
503911,AKINETON LP Comp Pell 4 MG BT 30,AKINETON LP,Comprimé Pelliculé,4 MG,BT 30,14.775,14.76,E,BIPERIDENE,N
107566,AKLONIL Comp Sec 2 mg Bt 40,AKLONIL,Comprimé Sécable,2 mg,Bt 40,3.182,2.92,V,CLONAZEPAM,N
301184,AKTONATE Comp Pell 35 mg  BT 4,AKTONATE,Comprimé Pelliculé,35 mg,BT 4,42.105,27.068,E,RISEDRONATE,O
301567,AKTONATE Comp Pell 35 mg Bt 12,AKTONATE,Comprimé Pelliculé,35 mg,Bt 12,89.94,81.204,E,RISEDRONATE,O
551459,ALBIOMIN 20% boite 1 flacon/50ml,ALBIOMIN 20% boite 1 flacon/,,50ml,,160.055,126.75,V,ALBUMINE HUMAINE PLASMATIQUE,N
551370,ALBUNORM Sol Inj P Perf 20% Bt 1FL/50 ml,ALBUNORM,Solution pour Perfusion,,Bt 1FL/50 ml,166.714,126.75,V,ALBUMINE HUMAINE PLASMATIQUE,N
309853,ALBUTOL Comp 2mg Bt 30,ALBUTOL,Comprimé,2mg,Bt 30,1.685,1.68,E,SALBUTAMOL,N
102159,ALDACTAZINE Comp 25mg Bt 30,ALDACTAZINE,Comprimé,25mg,Bt 30,10.902,10.89,E,SPIRONOLACTONE+ALTIZIDE,N
105054,ALDACTONE 50 MG COMP. SEC. BT 30,ALDACTONE,Comprimé Sécable,50 MG,BT 30,23.195,13.44,E,SPIRONOLACTONE,N
102332,ALDACTONE Comp 75mg Bt 30,ALDACTONE,Comprimé,75mg,Bt 30,19.825,16.53,E,SPIRONOLACTONE,N
101262,ALDALIX Gélule 20mg Bt 30,ALDALIX,Gélule,20mg,Bt 30,10.286,10.26,E,SPIRONOLACTONE+FUROSEMIDE,N
303059,ALERGOSONE 2mg Comp Disp Séc Bt 20,ALERGOSONE,Comprimé Sécable,2mg,Bt 20,7.68,7,E,BETAMETHASONE,N
300014,ALERGOSONE Gttes buv Fl 30ml,ALERGOSONE,Gouttes Buvables,,Fl 30ml,5.41,5.16,E,BETAMETHASONE,N
302892,ALEZINE 5 mg Comp. Orodisp. Bt 30,ALEZINE,Comprimé Orodispersible,5 mg,Bt 30,11.19,11.19,E,LEVOCETIRIZINE,N
302889,ALEZINE 5mg COMP ORODISP Bt 6,ALEZINE,Comprimé Orodispersible,5mg,Bt 6,4.28,2.238,E,LEVOCETIRIZINE,N
303642,ALEZINE 5mg Comp.Orodisp. Bt 15,ALEZINE,Comprimé Orodispersible,5mg,Bt 15,5.715,5.595,E,LEVOCETIRIZINE,N
301983,ALEZINE Comp Orodispersible 5 MG BT 18,ALEZINE,Comprimé Orodispersible,5 MG,BT 18,8.28,6.714,E,LEVOCETIRIZINE,N
303730,ALFACAPS 1 ug Caps. Molle Bt 30,ALFACAPS,,1 ug,Bt 30,38.74,38.73,E,ALFACALCIDOL,N
301606,ALGESIC Comp Sec 1000 MG BT  8,ALGESIC,Comprimé Sécable,1000 MG,BT  8,2.605,2.336,E,PARACETAMOL,N
301210,ALGESIC Comp Sec 500 mg Bt 20,ALGESIC,Comprimé Sécable,500 mg,Bt 20,2.365,1,E,PARACETAMOL,N
301607,ALGESIC EXTRA Comp Pell Sec 500 MG/65 MG BT 16,ALGESIC EXTRA,Comprimé Pelliculé Sécable,500 MG/65 MG,BT 16,3.205,2.096,E,PARACETAMOL+CAFEINE,N
303782,ALGESIC PEDIATRIQUE 3% Sol Buv Fl 90ml,ALGESIC PEDIATRIQUE 3%,Solution Buvable,,Fl 90ml,2.185,1.8,E,PARACETAMOL,N
303563,ALGETRA 37.5 mg/325 mg Comp Pell Bt 20,ALGETRA,Comprimé Pelliculé,37.5 mg/325 mg,Bt 20,4.49,4.48,E,TRAMADOL+PARACETAMOL,N
302413,ALGIBREX Gel 200 MG BT 30,ALGIBREX,Gélule,200 MG,BT 30,19.74,19.02,I,CELECOXIB,N
302359,ALGIBREX Gélule 200 MG BT 10,ALGIBREX,Gélule,200 MG,BT 10,8.855,6.34,I,CELECOXIB,N
302360,ALGIBREX Gélule 200 MG BT 20,ALGIBREX,Gélule,200 MG,BT 20,13.215,12.68,I,CELECOXIB,N
302919,ALGIDOL 1000 MG Comp Sec bt 8,ALGIDOL,Comprimé Sécable,1000 MG,bt 8,2.34,2.336,E,PARACETAMOL,N
302918,ALGIDOL 500mg COMP BT 16,ALGIDOL,Comprimé,500mg,BT 16,1.575,0.8,E,PARACETAMOL,N
302917,ALGIDOL EXTRA 500mg/65mg COMP PELL BT 16,ALGIDOL EXTRA,Comprimé Pelliculé,500mg/65mg,BT 16,2.21,2.096,E,PARACETAMOL+CAFEINE,N
100080,ALGISEDAL Comp 400mg/25 mg Bt 16,ALGISEDAL,Comprimé,400mg/25 mg,Bt 16,3.24,3.232,E,CODEINE+PARACETAMOL,N
308493,ALLERGAMINE 0.5 mg/5 ml Sirop Fl 125ml,ALLERGAMINE,Sirop,0.5 mg/5 ml,Fl 125ml,4.414,1.25,E,DEXCHLORPHENIRAMINE,N
300221,ALLERGICA  Comp 10mg  Bt 20,ALLERGICA,Comprimé,10mg,Bt 20,7.63,5,E,CETIRIZINE,N
300524,ALLERGICA  Comp 10mg Bt 10,ALLERGICA,Comprimé,10mg,Bt 10,5.49,2.5,E,CETIRIZINE,N
301380,ALLERGICA Comp 10 mg Bt 30,ALLERGICA,Comprimé,10 mg,Bt 30,12.13,7.5,E,CETIRIZINE,N
300220,ALLERGICA Sirop 0.1% Fl 150ml,ALLERGICA,Sirop,,Fl 150ml,9.335,6.3,E,CETIRIZINE,N
105626,ALLERGODIL 0.05% Collyre Fl 6 ml,ALLERGODIL 0.05%,Collyre,,Fl 6 ml,9.12,8.688,E,AZELASTINE,N
303793,ALLERGUS Comp Pell 5 mg Bt 15,ALLERGUS,Comprimé Pelliculé,5 mg,Bt 15,6.695,4.845,E,DESLORATADINE,N
303794,ALLERGUS Comp Pell 5 mg Bt 30,ALLERGUS,Comprimé Pelliculé,5 mg,Bt 30,11.75,9.69,E,DESLORATADINE,N
301902,ALLERGUS Comp Pell 5 MG BT 5,ALLERGUS,Comprimé Pelliculé,5 MG,BT 5,2.56,1.615,E,DESLORATADINE,N
301717,ALLERGUS Sirop 0.5 MG/ML FL 150 ML,ALLERGUS,Sirop,0.5 MG/ML,FL 150 ML,10.565,6.75,E,DESLORATADINE,N
309032,ALLERGYFAST (ex FENADEX) 120mg Comp Pell Bt 15,ALLERGYFAST (ex FENADEX),Comprimé Pelliculé,120mg,Bt 15,7.655,7.65,E,FEXOFENADINE,N
309031,ALLERGYFAST (ex FENADEX) 180mg Comp Pell Bt 15,ALLERGYFAST (ex FENADEX),Comprimé Pelliculé,180mg,Bt 15,8,7.995,E,FEXOFENADINE,N
301937,ALLERGY-STOP Comp Pell 5 MG BT 15,ALLERGY-STOP,Comprimé Pelliculé,5 MG,BT 15,7.315,5.595,E,LEVOCETIRIZINE,N
302081,ALLERGY-STOP Comp Pell BT 30,ALLERGY-STOP,Comprimé Pelliculé,,BT 30,11.765,11.19,E,LEVOCETIRIZINE,N
301618,ALLERTEC Comp Sec 10 mg BT 15,ALLERTEC,Comprimé Sécable,10 mg,BT 15,7.635,3.75,E,CETIRIZINE,N
301742,ALLERTEC Comp Sec 10 MG BT 30,ALLERTEC,Comprimé Sécable,10 MG,BT 30,10.9,7.5,E,CETIRIZINE,N
301743,ALLERTEC Comp Sec 10 mg BT 7,ALLERTEC,Comprimé Sécable,10 mg,BT 7,3.625,1.75,E,CETIRIZINE,N
303037,ALLORIC 100mg Comp Bt 30,ALLORIC,Comprimé,100mg,Bt 30,6.82,5.7,E,ALLOPURINOL,N
303703,ALOPIA 5mg Comp Pell Bt 28,ALOPIA,Comprimé Pelliculé,5mg,Bt 28,36.99,36.988,I,FINASTERIDE,N
302117,ALPHACOL Collyre 0.2 % BT 30 ophtadoses/0.3 ml,ALPHACOL,Collyre,,BT 30 ophtadoses/0.3 ml,15.785,15.785,E,BRIMONIDINE,N
302118,ALPHACOL FREE Collyre 0.2 % FL 5 ML,ALPHACOL FREE,Collyre,,FL 5 ML,17.755,15.785,E,BRIMONIDINE,N
101882,ALPHAGAN Collyre 0.2% Fl 5ml,ALPHAGAN,Collyre,,Fl 5ml,21.06,15.785,E,BRIMONIDINE,N
302822,ALPHA-GLUCOFF 100 mg COMP. BT 90,ALPHA-GLUCOFF,Comprimé,100 mg,BT 90,30.23,26.91,E,ACARBOSE,N
302821,ALPHA-GLUCOFF 50 mg COMP. BT 90,ALPHA-GLUCOFF,Comprimé,50 mg,BT 90,21.28,18.99,E,ACARBOSE,N
105085,ALPRESS LP Comp 2.5mg Bt 30,ALPRESS LP,Comprimé,2.5mg,Bt 30,12.472,12.45,E,PRAZOSINE,N
105086,ALPRESS LP Comp 5mg Bt 30,ALPRESS LP,Comprimé,5mg,Bt 30,20.982,20.97,E,PRAZOSINE,N
300707,ALZOR 2% collyre Fl 5 ml,ALZOR 2%,Collyre,,Fl 5 ml,19.39,19.39,E,DORZOLAMIDE,N
301975,ALZOR 3 M Collyre  FL 5 ML,ALZOR 3 M,Collyre,,FL 5 ML,19.39,19.39,E,DORZOLAMIDE,N
302753,AMANTEX 100 MG Gel BT 50,AMANTEX,Gélule,100 MG,BT 50,20.69,20.65,E,AMANTADINE,N
300845,AMAREL 1mg comp Bt 30,AMAREL,Comprimé,1mg,Bt 30,12.075,4.2,E,GLIMEPIRIDE,N
300846,AMAREL 2mg comp séc  Bt 30,AMAREL,Comprimé Sécable,2mg,Bt 30,18.9,6.96,E,GLIMEPIRIDE,N
300847,AMAREL 3mg comp Bt 30,AMAREL,Comprimé,3mg,Bt 30,22.635,8.37,E,GLIMEPIRIDE,N
300848,AMAREL 4mg comp séc  Bt 30,AMAREL,Comprimé Sécable,4mg,Bt 30,26.095,9.75,E,GLIMEPIRIDE,N
301281,AMAREL Comp 6 mg Bt 30,AMAREL,Comprimé,6 mg,Bt 30,27.85,10.8,E,GLIMEPIRIDE,N
301341,AMIOCARD Comp Sec 200 mg Bt 30,AMIOCARD,Comprimé Sécable,200 mg,Bt 30,7.715,7.71,E,AMIODARONE,N
302417,AMIPRIDE 200 Comp Pell 200 MG BT 30,AMIPRIDE 200,Comprimé Pelliculé,200 MG,BT 30,34.765,32.88,E,AMISULPRIDE,O
302419,AMIPRIDE 400 Comp Pell Sec 400 MG BT 30,AMIPRIDE 400,Comprimé Pelliculé Sécable,400 MG,BT 30,81.75,64.5,E,AMISULPRIDE,O
302431,AMLODEP Comp 5 MG BT 30,AMLODEP,Comprimé,5 MG,BT 30,12.89,8.4,E,AMLODIPINE,N
302432,AMLODEP Comp 5 MG BT 60,AMLODEP,Comprimé,5 MG,BT 60,18.46,16.8,E,AMLODIPINE,N
301102,AMLODIPINE ( EX WINTHROP) ZENTIVA  Comp Sec 5mg Bt 30,AMLODIPINE ( EX WINTHROP) ZENTIVA,Comprimé Sécable,5mg,Bt 30,15.32,8.4,E,AMLODIPINE,N
302970,AMLODIPINE MEDIS 10MG Comp Pell Sec BT30,AMLODIPINE MEDIS,Comprimé Pelliculé Sécable,10MG,,13.215,11.76,E,AMLODIPINE,N
302971,AMLODIPINE MEDIS 10MG Comp Pell Sec BT90,AMLODIPINE MEDIS,Comprimé Pelliculé Sécable,10MG,,37.37,35.28,E,AMLODIPINE,N
302968,AMLODIPINE MEDIS 5MG Comp Pell Sec BT30,AMLODIPINE MEDIS,Comprimé Pelliculé Sécable,5MG,,9.08,8.4,E,AMLODIPINE,N
302969,AMLODIPINE MEDIS 5MG Comp Pell Sec BT90,AMLODIPINE MEDIS,Comprimé Pelliculé Sécable,5MG,,25.4,25.2,E,AMLODIPINE,N
301103,AMLODIPINE ZENTIVA  (EX WINTHROP ) Comp Sec 10mg Bt 30,AMLODIPINE ZENTIVA  (EX WINTHROP ),Comprimé Sécable,10mg,Bt 30,23.115,11.76,E,AMLODIPINE,N
300741,AMLODIS 10 mg comp.Bt/30,AMLODIS,Comprimé,10 mg,Bt/30,21.9,11.76,E,AMLODIPINE,N
301621,AMLODIS Comp 10 MG BT 90,AMLODIS,Comprimé,10 MG,BT 90,40.515,35.28,E,AMLODIPINE,N
301360,AMLODIS Comp 5 mg Bt 90,AMLODIS,Comprimé,5 mg,Bt 90,30.08,25.2,E,AMLODIPINE,N
300484,AMLODIS Comp 5mg Bt 30,AMLODIS,Comprimé,5mg,Bt 30,15.785,8.4,E,AMLODIPINE,N
300893,AMLODIS Comp 5mg Bt 60,AMLODIS,Comprimé,5mg,Bt 60,21.9,16.8,E,AMLODIPINE,N
300792,AMLOR 5 mg comp.Bt 60,AMLOR,Comprimé,5 mg,Bt 60,35.43,16.8,E,AMLODIPINE,N
300483,AMLOR Comp  5mg Bt 15,AMLOR,Comprimé,5mg,Bt 15,12.74,4.2,E,AMLODIPINE,N
301279,AMLOR Comp 5 mg BT 90,AMLOR,Comprimé,5 mg,BT 90,53.025,25.2,E,AMLODIPINE,N
300238,AMLOR Comp 5mg Bt 30,AMLOR,Comprimé,5mg,Bt 30,26.05,8.4,E,AMLODIPINE,N
301492,AMLOR Gelule 10 MG Bt 30,AMLOR,Gélule,10 MG,Bt 30,24.905,11.76,E,AMLODIPINE,N
303136,AMLOTENS 10mg Gél. Bt 30,AMLOTENS,Gélule,10mg,Bt 30,12.865,11.76,E,AMLODIPINE,N
303138,AMLOTENS 10mg Gél. Bt 90,AMLOTENS,Gélule,10mg,Bt 90,35.34,35.28,E,AMLODIPINE,N
303135,AMLOTENS 5mg Gél Bt 30,AMLOTENS,Gélule,5mg,Bt 30,8.74,8.4,E,AMLODIPINE,N
303137,AMLOTENS 5mg Gél Bt 90,AMLOTENS,Gélule,5mg,Bt 90,25.24,25.2,E,AMLODIPINE,N
303211,AMLOVAR 10mg/160mg Comp Pell Bt 90,AMLOVAR,Comprimé Pelliculé,10mg/160mg,Bt 90,113.42,113.4,E,AMLODIPINE+VALSARTAN,N
303210,AMLOVAR 5mg/160mg Com Pell Bt 90,AMLOVAR,,5mg/160mg,Bt 90,113.42,113.4,E,AMLODIPINE+VALSARTAN,N
303209,AMLOVAR 5mg/80mg Comp Pell Bt 90,AMLOVAR,Comprimé Pelliculé,5mg/80mg,Bt 90,100.08,100.08,E,AMLODIPINE+VALSARTAN,N
302125,AMLOVAR Comp Pell  5 MG/80 MG BT 30,AMLOVAR,Comprimé Pelliculé,5 MG/80 MG,BT 30,44.19,33.36,E,AMLODIPINE+VALSARTAN,N
302168,AMLOVAR Comp Pell 10 MG/160MG  BT 30,AMLOVAR,Comprimé Pelliculé,10 MG/160MG,BT 30,50.055,37.8,E,AMLODIPINE+VALSARTAN,N
302167,AMLOVAR Comp Pell 5 MG/160 MG BT 30,AMLOVAR,Comprimé Pelliculé,5 MG/160 MG,BT 30,50.055,37.8,E,AMLODIPINE+VALSARTAN,N
302281,AMOCLAN  500 MG/62.5 Comp Pell  MG FL 24,AMOCLAN,Comprimé Pelliculé,500 MG,FL 24,14.75,14.64,E,AMOXICILLINE+ACIDE CLAVULANIQUE,N
301732,AMOCLAN  Pdre P Sup Or  500MG/62.5 MG  BT 24 Sachets,AMOCLAN,Poudre pour Suspension Buvable,500MG/62.5 MG,BT 24 Sachets,16.055,14.088,E,AMOXICILLINE+ACIDE CLAVULANIQUE,N
301731,AMOCLAN  Pdre P Sus Or 1 GR/125MG BT 24 Sachets,AMOCLAN,Poudre pour Suspension Buvable,125MG,BT 24 Sachets,28.3,28.032,E,AMOXICILLINE+ACIDE CLAVULANIQUE,N
301671,AMOCLAN 100mg/12.5mg/ml Pdre P Susp Or FL 30 ML + Ser doseuse,AMOCLAN,Suspension Buvable,100mg/12.5mg/ml,FL 30 ML + Ser doseuse,7.015,4.38,E,AMOXICILLINE+ACIDE CLAVULANIQUE,N
301652,AMOCLAN Comp Pell 500 MG/62.5 MG FL 12,AMOCLAN,Comprimé Pelliculé,500 MG/62.5 MG,FL 12,9.815,7.32,E,AMOXICILLINE+ACIDE CLAVULANIQUE,N
301653,AMOCLAN Pdre P Sus Or 1GR/12.5MG BT 12 Sachets doses,AMOCLAN,Poudre pour Suspension Buvable,12.5MG,BT 12 Sachets doses,17.94,14.016,E,AMOXICILLINE+ACIDE CLAVULANIQUE,N
301654,AMOCLAN Pdre P Sus Or 500 MG/62.5 MG BT 12 Sachets doses,AMOCLAN,Poudre pour Suspension Buvable,500 MG/62.5 MG,BT 12 Sachets doses,9.32,7.044,E,AMOXICILLINE+ACIDE CLAVULANIQUE,N
301672,AMOCLAN Pdre P Susp Or  100 MG/12.5MG/ML FL 60 ML,AMOCLAN,Suspension Buvable,100 MG/12.5MG/ML,FL 60 ML,9.115,8.76,E,AMOXICILLINE+ACIDE CLAVULANIQUE,N
300944,AMOXAL Comp Disp 1gr Bt 14,AMOXAL,Comprimé Dispersible,,Bt 14,10.86,6.65,E,AMOXICILLINE,N
300943,AMOXAL Comp Disp 500mg Bt 24,AMOXAL,Comprimé Dispersible,500mg,Bt 24,9.49,7.224,E,AMOXICILLINE,N
301565,AMOXAL Pdre Susp  Or 250 MG Fl 100 ML,AMOXAL,Suspension Buvable,250 MG,Fl 100 ML,4.51,4.4,E,AMOXICILLINE,N
303372,AMOXICILLINE SANOFI (EX AMOXICILLINE  ZENTIVA (ex WINTHROP)) 250 mg/5ml Pdre Sus Or Fl 60 ml)+ CuilD,AMOXICILLINE SANOFI (EX AMOXICILLINE  ZENTIVA (ex WINTHROP)),Poudre pour Suspension Buvable,250 mg/5ml,Fl 60 ml)+ CuilD,3.27,2.64,E,AMOXICILLINE,N
303383,AMOXICILLINE SANOFI 1 gr COMP DISP BT 12 (EX AMOXICILLINE ZENTIVA Comp Disp 1GR BT 12),AMOXICILLINE SANOFI 1 gr,Comprimé Dispersible,,BT 12,8,5.7,E,AMOXICILLINE,N
303373,AMOXICILLINE SANOFI 500 mg GEL. BT 24 (EX AMOXICILLINE  ZENTIVA ( ex  WINTHROP )Gelule 500MG  Bt 24),AMOXICILLINE SANOFI,Gélule,500 mg,BT 24,7.02,5.928,E,AMOXICILLINE,N
303371,AMOXICILLINE SANOFI(EX AMOXICILLINE  ZENTIVA(ex WINTHROP )) 500 mg/5ml Pdre P Sus Or Fl 60 ml+CuillD,AMOXICILLINE SANOFI(EX AMOXICILLINE  ZENTIVA(ex WINTHROP )),Poudre pour Suspension Buvable,500 mg/5ml,Fl 60 ml+CuillD,6.575,4.5,E,AMOXICILLINE,N
300986,AMOXICILLINE WINTHROP 500mg Gelule Bt 12,AMOXICILLINE WINTHROP,Gélule,500mg,Bt 12,3.845,2.964,E,AMOXICILLINE,N
303379,AMOXI-CLAV  SANOFI (EX ZENTIVA )  Pdre Susp Or  1000mg /125mg Bt 12 Sachets,AMOXI-CLAV  SANOFI (EX ZENTIVA ),Suspension Buvable,1000mg /125mg,Bt 12 Sachets,18.355,14.016,E,AMOXICILLINE+ACIDE CLAVULANIQUE,N
303381,AMOXI-CLAV SANOFI  AD (EX ZENTIVA) Comp Pell  500 MG/62.5 MG  BT 24,AMOXI-CLAV SANOFI  AD (EX ZENTIVA),Comprimé Pelliculé,500 MG/62.5 MG,BT 24,16.155,14.64,E,AMOXICILLINE+ACIDE CLAVULANIQUE,N
303382,AMOXI-CLAV SANOFI (EX ZENTIVA)  Pdre P susp Or 1000mg/125 MG BT 24 Sachets,AMOXI-CLAV SANOFI (EX ZENTIVA),Suspension Buvable,1000mg/125 MG,BT 24 Sachets,28.035,28.032,E,AMOXICILLINE+ACIDE CLAVULANIQUE,N
303376,AMOXI-CLAV SANOFI Enf (EX ZENTIVA ) 100mg/12.5mg/ml Pdre Sus Or Fl 60 ml,AMOXI-CLAV SANOFI Enf (EX ZENTIVA ),Poudre pour Suspension Buvable,100mg/12.5mg/ml,Fl 60 ml,12.095,8.76,E,AMOXICILLINE+ACIDE CLAVULANIQUE,N
303375,AMOXI-CLAV SANOFI Nourr (EX ZENTIVA) Nour 100mg/12.5mg/ml Pdre Sus Or Fl 30 ml,AMOXI-CLAV SANOFI Nourr (EX ZENTIVA) Nour,Poudre pour Suspension Buvable,100mg/12.5mg/ml,Fl 30 ml,7.35,4.38,E,AMOXICILLINE+ACIDE CLAVULANIQUE,N
300498,AMOXIL 0.5gr Pdre P Prép inj Bt1+S/5ml,AMOXIL 0.5gr,Poudre pour Préparation Injectable,5ml,,2.56,1.55,E,AMOXICILLINE,N
303571,AMOXIL IM IV 0.5gr Pdre P Prep Inj Bt 1 Fl+Solv/5ml,AMOXIL IM IV 0.5gr,Poudre pour Préparation Injectable,,Bt 1 Fl+Solv/5ml,1.55,1.55,E,AMOXICILLINE,N
300497,AMOXIL Pdre inj 1gr Bt 1+1,AMOXIL,Poudre pour Préparation Injectable,,Bt 1+1,3.255,3.255,E,AMOXICILLINE,N
300496,"AMPICIL 0,5gr Pdre P Prép inj Bt1+S/5ml","AMPICIL 0,5gr",Poudre pour Préparation Injectable,5ml,,1.41,1.41,E,AMPICILLINE,N
300495,AMPICIL Pdre inj 1gr Bt1+1,AMPICIL,Poudre pour Préparation Injectable,,,2.4,2.4,E,AMPICILLINE,N
307507,AMUCHINA 5% Fl 250ml,AMUCHINA 5% Fl,,250ml,Fl 250ml,3.375,1.75,I,HYPOCHLORITE DE SODIUM,N
301378,AMUCHINA 5% Sol Externe Fl 1000 ML,AMUCHINA 5%,Solution à Usage Topique,,Fl 1000 ML,7.805,7,I,HYPOCHLORITE DE SODIUM,N
300962,AMUCHINA Sol Ext 5% Fl 500ml,AMUCHINA,Solution à Usage Topique,,Fl 500ml,4.1,3.5,I,HYPOCHLORITE DE SODIUM,N
307508,AMUGYN Fl 500ml,AMUGYN Fl,,500ml,Fl 500ml,2.74,2.5,I,HYPOCHLORITE DE SODIUM,N
107458,AMURETIC Comp Bt 20,AMURETIC,Comprimé,,Bt 20,3.152,3.14,E,AMILORIDE+HYDROCHLOROTHIAZIDE,N
301951,AMUSTIL Creme Dermique 0.5 % TBE 70,AMUSTIL,Crème Dermique,,TBE 70,10.635,10.57,I,IRGASAN,N
301626,AMYTRIL Comp Pell 10 MG BT 100,AMYTRIL,Comprimé Pelliculé,10 MG,BT 100,5.47,5.4,E,AMITRIPTYLINE,N
301789,AMYTRIL Comp Pell 10 MG BT 40,AMYTRIL,Comprimé Pelliculé,10 MG,BT 40,3.2,2.16,E,AMITRIPTYLINE,N
301625,AMYTRIL Comp Pell 25 MG BT 100,AMYTRIL,Comprimé Pelliculé,25 MG,BT 100,6.755,6.7,E,AMITRIPTYLINE,N
301788,AMYTRIL Comp Pell 25 MG BT 40,AMYTRIL,Comprimé Pelliculé,25 MG,BT 40,4.285,2.68,E,AMITRIPTYLINE,N
104354,ANAFRANIL Comp  Pell Sec 75 mg Bt 20,ANAFRANIL,Comprimé Pelliculé Sécable,75 mg,Bt 20,15.355,15.34,E,CLOMIPRAMINE,N
104345,ANAFRANIL Comp Enr 10 mg  Bt 60,ANAFRANIL,Comprimé Enrobé,10 mg,Bt 60,7.385,7.38,E,CLOMIPRAMINE,N
104346,ANAFRANIL Comp Enr 25 mg Bt 50,ANAFRANIL,Comprimé Enrobé,25 mg,Bt 50,9.185,6.7,E,CLOMIPRAMINE,N
104353,ANAFRANIL Sol Inj 25 mg Bt 5 /2ML,ANAFRANIL,Solution Injectable,25 mg,Bt 5 /2ML,4.228,4.225,E,CLOMIPRAMINE,N
301454,ANALGAN CODEINE  Comp 300 mg/25 mg Bt 16,ANALGAN CODEINE,Comprimé,300 mg/25 mg,Bt 16,2.745,2.736,E,CODEINE+PARACETAMOL,N
301457,ANALGAN CODEINE Comp  600 mg/50 mg  Bt 12,ANALGAN CODEINE,Comprimé,600 mg/50 mg,Bt 12,3.985,3.984,E,CODEINE+PARACETAMOL,N
306028,ANALGAN Comp 500mg Bt 20,ANALGAN,Comprimé,500mg,Bt 20,2.3,1,E,PARACETAMOL,N
309612,ANALGAN EXTRA Comp Sec 500mg/65mg BT 16,ANALGAN EXTRA,Comprimé Sécable,500mg/65mg,BT 16,2.23,2.096,E,PARACETAMOL+CAFEINE,N
308064,ANALGAN Suppo 170mg Bt 10,ANALGAN,Suppositoire,170mg,Bt 10,0.91,0.91,E,PARACETAMOL,N
308065,ANALGAN Suppo 80mg Bt 10,ANALGAN,Suppositoire,80mg,Bt 10,0.865,0.86,E,PARACETAMOL,N
301513,ANASPASM -ORO Comp Orodispersible 80 MG  Bt 10,ANASPASM -ORO,Comprimé Orodispersible,80 MG,Bt 10,3.8,2.46,I,PHLOROGLUCINOL,N
302052,ANASPASM-ORO Comp Orodis 80 MG BT 20,ANASPASM-ORO,Comprimé Orodispersible,80 MG,BT 20,5.86,4.92,I,PHLOROGLUCINOL,N
103561,ANDROCUR Comp 50mg Bt 20,ANDROCUR,Comprimé,50mg,Bt 20,29.095,29.08,V,CYPROTERONE,N
102487,ANDROTARDYL Amp inj 250mg 1ml Bt 1,ANDROTARDYL,Solution Injectable,250mg/1ml,Bt 1,13.341,13.341,E,TESTOSTERONE,N
309811,ANGIOTEC Comp 20mg Bt 30,ANGIOTEC,Comprimé,20mg,Bt 30,17.525,13.56,E,ENALAPRIL,N
309810,ANGIOTEC Comp 5mg Bt 30,ANGIOTEC,Comprimé,5mg,Bt 30,7.6,5.22,E,ENALAPRIL,N
309050,"ANGIOZIDE Comp Sec 20mg/12,5mg Bt 30",ANGIOZIDE,Comprimé Sécable,"20mg/12,5mg",Bt 30,17.83,17.82,E,ENALAPRIL+HYDROCHLOROTHIAZIDE,N
300906,ANGORAL Comp Sec 2mg Bt 30,ANGORAL,Comprimé Sécable,2mg,Bt 30,4.805,3.99,E,MOLSIDOMINE,N
300907,ANGORAL Comp Sec 4mg Bt 30,ANGORAL,Comprimé Sécable,4mg,Bt 30,9.785,7.65,E,MOLSIDOMINE,N
301047,ANSEMID  Comp Sec 40mg Bt 30,ANSEMID,Comprimé Sécable,40mg,Bt 30,2.93,2.91,E,FUROSEMIDE,N
301503,ANSEMID 500mg Comp Séc Bt 36,ANSEMID,Comprimé Sécable,500mg,Bt 36,35.24,35.208,E,FUROSEMIDE,N
301363,ANSEMID Comp Sec 40 mg BT 40,ANSEMID,Comprimé Sécable,40 mg,BT 40,4.94,3.88,E,FUROSEMIDE,N
303205,ANTACID Susp buv Fl 180ml,ANTACID,Suspension Buvable,,Fl 180ml,5.24,2.7,I,ALUMINIUM HYDROXYDE+MAGNESIUM HYDROXYDE,N
302252,ANTADINE Comp Pell 100MG BT 20,ANTADINE,Comprimé Pelliculé,100MG,BT 20,5.11,4.2,E,FLURBIPROFENE,N
301616,ANTAFEN Comp Pell 100 MG BT 15,ANTAFEN,Comprimé Pelliculé,100 MG,BT 15,6.575,3.15,E,FLURBIPROFENE,N
300744,ANTILIP Gelule 200 mg BT 30,ANTILIP,Gélule,200 mg,BT 30,15.955,8.37,E,FENOFIBRATE,N
302375,ANTIOMAL 250  Comp Pell 250 MG  BT 30,ANTIOMAL 250,Comprimé Pelliculé,250 MG,BT 30,18.04,6.66,E,LEVETIRACETAM,N
302942,ANTIOMAL 250 250 MG Comp Pell BT 60,ANTIOMAL 250,Comprimé Pelliculé,250 MG,BT 60,35.84,13.32,E,LEVETIRACETAM,N
302376,ANTIOMAL 500  Comp Pell 500  MG  BT 30,ANTIOMAL 500,Comprimé Pelliculé,500  MG,BT 30,29.84,9.87,E,LEVETIRACETAM,N
303263,ANTIOMAL 500 500mg Comp Pell Bt 60,ANTIOMAL 500,Comprimé Pelliculé,500mg,Bt 60,43.74,19.74,E,LEVETIRACETAM,N
302614,ANTISPASM 80 MG COMP Orodisp BT 10,ANTISPASM,Comprimé Orodispersible,80 MG,BT 10,4.99,2.46,I,PHLOROGLUCINOL,N
302615,ANTISPASM 80 MG COMP Orodisp BT 20,ANTISPASM,Comprimé Orodispersible,80 MG,BT 20,6.415,4.92,I,PHLOROGLUCINOL,N
302945,ANTISPASM 80 MG Comp Orodisp BT 30,ANTISPASM,Comprimé Orodispersible,80 MG,BT 30,8.515,7.38,I,PHLOROGLUCINOL,N
302327,ANTIVIR Comp 200MG BT 30,ANTIVIR,Comprimé,200MG,BT 30,30.81,30.81,E,ACICLOVIR,N
302433,ANTIVIR Crème Derm 5% TB 5 Gr,ANTIVIR,Crème Dermique,,TB 5 Gr,7.315,6.135,I,ACICLOVIR,N
302434,ANTIVIR Susp Buv 200 MG/5ML FL 125 ML,ANTIVIR,Suspension Buvable,200 MG/5ML,FL 125 ML,17.605,17.5,E,ACICLOVIR,N
300860,ANXETIN Gélule 20mg Bt 30,ANXETIN,Gélule,20mg,Bt 30,24.675,24.66,E,FLUOXETINE,N
300868,ANXIOMYL Comp Séc 6mg Bt 30,ANXIOMYL,Comprimé Sécable,6mg,Bt 30,6.89,3.36,I,BROMAZEPAM,N
103380,APIDRA SOLOSTAR 100 UI/ML Sol Inj Bt 5 Stylos,APIDRA SOLOSTAR,Solution Injectable,100 UI/ML,Bt 5 Stylos,88.469,88.465,V,GLULISINE,O
300357,APRANAX 550mg Comp Bt 16,APRANAX,Comprimé,550mg,Bt 16,11.25,7.248,E,NAPROXENE,N
300358,APRANAX Comp 275mg Bt 30,APRANAX,Comprimé,275mg,Bt 30,9.175,6.48,E,NAPROXENE,N
301073,APRANAX Comp Enr Sec 550 mg Bt 8,APRANAX,Comprimé Sécable,550 mg,Bt 8,6.39,3.624,E,NAPROXENE,N
301074,APRANAX Comp Pell 275 mg Bt 10,APRANAX,Comprimé Pelliculé,275 mg,Bt 10,4.07,2.16,E,NAPROXENE,N
301558,APRANAX Supp 500 MG Bt 12,APRANAX Supp,,500 MG,Bt 12,6.34,6.336,E,NAPROXENE,N
302836,APROFORT 150MG/5MG Comp Pell BT 30,APROFORT,Comprimé Pelliculé,150MG/5MG,BT 30,33.725,31.23,E,IRBESARTAN+AMLODIPINE,N
303148,APROFORT 150mg/5mg Comp Pell Bt 90,APROFORT,Comprimé Pelliculé,150mg/5mg,Bt 90,94.14,93.69,E,IRBESARTAN+AMLODIPINE,N
302840,APROFORT 300MG/10MG Comp Pell BT 30,APROFORT,Comprimé Pelliculé,300MG/10MG,BT 30,45.32,39.72,E,IRBESARTAN+AMLODIPINE,N
303150,APROFORT 300mg/10mg Comp Pell Bt 90,APROFORT,Comprimé Pelliculé,300mg/10mg,Bt 90,122.385,119.16,E,IRBESARTAN+AMLODIPINE,N
302839,APROFORT 300MG/5MG Comp Pell BT 30,APROFORT,Comprimé Pelliculé,300MG/5MG,BT 30,44.05,39.63,E,IRBESARTAN+AMLODIPINE,N
303149,APROFORT 300mg/5mg Comp Pell Bt 90,APROFORT,Comprimé Pelliculé,300mg/5mg,Bt 90,122.575,118.89,E,IRBESARTAN+AMLODIPINE,N
301862,APROVASC Comp Pell  150 MG/5MG BT 30,APROVASC,Comprimé Pelliculé,150 MG/5MG,BT 30,50.715,31.23,E,IRBESARTAN+AMLODIPINE,N
301864,APROVASC Comp Pell 300 MG/10 MG BT 30,APROVASC,Comprimé Pelliculé,300 MG/10 MG,BT 30,64.64,39.72,E,IRBESARTAN+AMLODIPINE,N
301863,APROVASC Comp Pell 300 MG/5MG BT 30,APROVASC,Comprimé Pelliculé,300 MG/5MG,BT 30,62.825,39.63,E,IRBESARTAN+AMLODIPINE,N
301699,APROVEL Comp  Pell 300 MG BT 30,APROVEL,Comprimé Pelliculé,300 MG,BT 30,52.165,24.24,E,IRBESARTAN,N
301698,APROVEL Comp Pell 150  MG BT 30,APROVEL,Comprimé Pelliculé,150  MG,BT 30,38.63,16.23,E,IRBESARTAN,N
301783,APROVEL Comp Pell 150 MG BT 90,APROVEL,Comprimé Pelliculé,150 MG,BT 90,107.77,48.69,E,IRBESARTAN,N
301784,APROVEL Comp Pell 300  MG BT 90,APROVEL,Comprimé Pelliculé,300  MG,BT 90,145.65,72.72,E,IRBESARTAN,N
301888,APROZAR  Comp Pell 300 MG BT 90,APROZAR,Comprimé Pelliculé,300 MG,BT 90,91.005,72.72,E,IRBESARTAN,N
301887,APROZAR Comp Pell  150 MG BT 90,APROZAR,Comprimé Pelliculé,150 MG,BT 90,64.765,48.69,E,IRBESARTAN,N
301823,APROZAR Comp Pell 150 MG BT 30,APROZAR,Comprimé Pelliculé,150 MG,BT 30,25.005,16.23,E,IRBESARTAN,N
301824,APROZAR Comp Pell 300 MG BT 30,APROZAR,Comprimé Pelliculé,300 MG,BT 30,34.56,24.24,E,IRBESARTAN,N
301174,APYREX PEDIATRIQUE Sus Buv 3% Fl 90ml,APYREX PEDIATRIQUE Sus Buv 3% Fl,,90ml,Fl 90ml,1.86,1.8,E,PARACETAMOL,N
301244,APYROSIS Nour Sus Buv Fl 150 ml,APYROSIS Nour Sus Buv Fl,,150 ml,Fl 150 ml,3.55,3.45,I,ALGINATES,N
301309,APYROSIS Susp Buv  Sachets -doses /10 ml Bt 24,APYROSIS,Suspension Buvable,10 ml,Bt 24,6.495,6.48,I,ALGINATES,N
300896,APYROSIS Susp Buv Fl 250ml,APYROSIS,Suspension Buvable,,Fl 250ml,6.04,6,I,ALGINATES,N
302658,ARADEUX 150 MG Comp Pell BT 90,ARADEUX,Comprimé Pelliculé,150 MG,BT 90,58.565,48.69,E,IRBESARTAN,N
302619,ARADEUX 300 MG Comp Pell BT 90,ARADEUX,Comprimé Pelliculé,300 MG,BT 90,86.195,72.72,E,IRBESARTAN,N
301853,ARADEUX Comp Pell 150 MG BT 30,ARADEUX,Comprimé Pelliculé,150 MG,BT 30,25.895,16.23,E,IRBESARTAN,N
301854,ARADEUX Comp Pell 300 MG BT 30,ARADEUX,Comprimé Pelliculé,300 MG,BT 30,33.15,24.24,E,IRBESARTAN,N
303053,ARADEUX PLUS 150/5 150mg/5mg Comp Pell Bt 30,ARADEUX PLUS 150/5,Comprimé Pelliculé,150mg/5mg,Bt 30,32.045,31.23,E,IRBESARTAN+AMLODIPINE,N
303277,ARADEUX PLUS 150/5 150mg/5mg Comp Pell Bt 90,ARADEUX PLUS 150/5,Comprimé Pelliculé,150mg/5mg,Bt 90,93.74,93.69,E,IRBESARTAN+AMLODIPINE,N
303279,ARADEUX PLUS 300/10 300mg/10mg Com Pell Bt 90,ARADEUX PLUS 300/10,,300mg/10mg,Bt 90,119.24,119.16,E,IRBESARTAN+AMLODIPINE,N
303052,ARADEUX PLUS 300/10 300mg/10mg Comp Pell Bt 30,ARADEUX PLUS 300/10,Comprimé Pelliculé,300mg/10mg,Bt 30,40.955,39.72,E,IRBESARTAN+AMLODIPINE,N
303051,ARADEUX PLUS 300/5 300mg/5mg Com Pell Bt 30,ARADEUX PLUS 300/5,,300mg/5mg,Bt 30,39.815,39.63,E,IRBESARTAN+AMLODIPINE,N
303278,ARADEUX PLUS 300/5 300mg/5mg Com Pell Bt 90,ARADEUX PLUS 300/5,,300mg/5mg,Bt 90,119.24,118.89,E,IRBESARTAN+AMLODIPINE,N
302946,ARALEAD 16MG Comp Pell Sec bt30,ARALEAD,Comprimé Pelliculé Sécable,16MG,,22.825,21.63,E,CANDESARTAN CILEXETIL,N
302947,ARALEAD 16MG Comp Pell Sec bt90,ARALEAD,Comprimé Pelliculé Sécable,16MG,,64.92,64.89,E,CANDESARTAN CILEXETIL,N
302950,ARALEAD 4MG Comp Pell Sec bt30,ARALEAD,Comprimé Pelliculé Sécable,4MG,,19.55,17.91,E,CANDESARTAN CILEXETIL,N
302951,ARALEAD 4MG Comp Pell Sec bt90,ARALEAD,Comprimé Pelliculé Sécable,4MG,,53.81,53.73,E,CANDESARTAN CILEXETIL,N
302952,ARALEAD 8MG Comp Pell Sec bt30,ARALEAD,Comprimé Pelliculé Sécable,8MG,,21.805,20.01,E,CANDESARTAN CILEXETIL,N
302953,ARALEAD 8MG Comp Pell Sec bt90,ARALEAD,Comprimé Pelliculé Sécable,8MG,,60.08,60.03,E,CANDESARTAN CILEXETIL,N
302948,ARALEAD PLUS 16MG/12.5MG Comp Pell Sec BT 30,ARALEAD PLUS,Comprimé Pelliculé Sécable,16MG/12.5MG,BT 30,29,26.94,E,CANDESARTAN  HYDROCHLOROTHIAZIDE,N
302949,ARALEAD PLUS 16MG/12.5MG Comp Pell Sec BT 90,ARALEAD PLUS,Comprimé Pelliculé Sécable,16MG/12.5MG,BT 90,80.89,80.82,E,CANDESARTAN  HYDROCHLOROTHIAZIDE,N
302954,ARALEAD PLUS 8MG/12.5MG Comp Pell Sec BT 30,ARALEAD PLUS,Comprimé Pelliculé Sécable,8MG/12.5MG,BT 30,26.8,23.58,E,CANDESARTAN  HYDROCHLOROTHIAZIDE,N
302955,ARALEAD PLUS 8MG/12.5MG Comp Pell Sec BT 90,ARALEAD PLUS,Comprimé Pelliculé Sécable,8MG/12.5MG,BT 90,70.8,70.74,E,CANDESARTAN  HYDROCHLOROTHIAZIDE,N
102062,ARAVA Comp pell 100mg Bt 3,ARAVA,Comprimé Pelliculé,100mg,Bt 3,92.222,92.22,E,LEFLUNOMIDE,O
102064,ARAVA Comp pell 10mg Bt 30,ARAVA,Comprimé Pelliculé,10mg,Bt 30,124.08,103.44,E,LEFLUNOMIDE,O
102063,ARAVA Comp pell 20mg Bt 30,ARAVA,Comprimé Pelliculé,20mg,Bt 30,175.79,146.52,E,LEFLUNOMIDE,O
301817,ARAVEN Comp Pell 150  MG BT 90,ARAVEN,Comprimé Pelliculé,150  MG,BT 90,71.705,48.69,E,IRBESARTAN,N
301745,ARAVEN Comp Pell 150 MG BT 30,ARAVEN,Comprimé Pelliculé,150 MG,BT 30,27.41,16.23,E,IRBESARTAN,N
301746,ARAVEN Comp Pell 300 MG BT 30,ARAVEN,Comprimé Pelliculé,300 MG,BT 30,37.81,24.24,E,IRBESARTAN,N
301818,ARAVEN Comp Pell 300 MG BT 90,ARAVEN,Comprimé Pelliculé,300 MG,BT 90,101.685,72.72,E,IRBESARTAN,N
303296,ARAVEN IC 150mg/5mg Comp Pell Bt 30,ARAVEN IC,Comprimé Pelliculé,150mg/5mg,Bt 30,32.045,31.23,E,IRBESARTAN+AMLODIPINE,N
303287,ARAVEN IC 150mg/5mg Comp Pell Bt 90,ARAVEN IC,Comprimé Pelliculé,150mg/5mg,Bt 90,93.74,93.69,E,IRBESARTAN+AMLODIPINE,N
302894,ARAVEN IC 300MG/10MG Comp Pell BT 30,ARAVEN IC,Comprimé Pelliculé,300MG/10MG,BT 30,45.32,39.72,E,IRBESARTAN+AMLODIPINE,N
303289,ARAVEN IC 300mg/10mg Comp Pell Bt 90,ARAVEN IC,Comprimé Pelliculé,300mg/10mg,Bt 90,122.37,119.16,E,IRBESARTAN+AMLODIPINE,N
302893,ARAVEN IC 300MG/5MG Comp Pell BT 30,ARAVEN IC,Comprimé Pelliculé,300MG/5MG,BT 30,44.05,39.63,E,IRBESARTAN+AMLODIPINE,N
303288,ARAVEN IC 300mg/5mg Comp Pell Bt 90,ARAVEN IC,Comprimé Pelliculé,300mg/5mg,Bt 90,118.95,118.89,E,IRBESARTAN+AMLODIPINE,N
301485,ARHIN Sol Buv 1 %  Fl 15 ml,ARHIN,Solution Buvable,,Fl 15 ml,4.6,3.69,E,CETIRIZINE,N
103523,ARTELAC Collyre 3.2 mg Fl 10 ml,ARTELAC,Collyre,3.2 mg,Fl 10 ml,5.403,5.4,E,HYPROMELLOSE,N
301703,ARTHROSYL Gelule 10 MG BT 30,ARTHROSYL,Gélule,10 MG,BT 30,8.065,8.04,E,PIROXICAM,N
301704,ARTHROSYL Gelule 20 MG BT 20,ARTHROSYL,Gélule,20 MG,BT 20,8.46,8.46,E,PIROXICAM,N
301669,ARTIBREX Gelule 200 MG BT 10,ARTIBREX,Gélule,200 MG,BT 10,10.21,6.34,I,CELECOXIB,N
301740,ARTIBREX Gelule 200 MG BT 20,ARTIBREX,Gélule,200 MG,BT 20,15.565,12.68,I,CELECOXIB,N
301741,ARTIBREX Gelule 200 MG BT 30,ARTIBREX,Gélule,200 MG,BT 30,21,19.02,I,CELECOXIB,N
103262,ARTOTEC Comp Gastro 50mg/0.2mg Bt 30,ARTOTEC,Comprimé Gastro-Résistant,50mg/0.2mg,Bt 30,15.67,15.66,E,DICLOFENAC+MISOPROSTOL,N
103263,ARTOTEC Comp Gastro 75mg/0.2mg Bt 20,ARTOTEC,Comprimé Gastro-Résistant,75mg/0.2mg,Bt 20,13.201,13.2,E,DICLOFENAC+MISOPROSTOL,N
300554,ASCABIOL Lotion Derm Fl 125ml,ASCABIOL,Lotion,,Fl 125ml,5.39,5.375,E,BENZOATE DE BENZYLE+SULFIRAME,N
303917,ASCALOL Lotion 25% Fl 125ml,ASCALOL,Lotion,,Fl 125ml,4.62,4.5,E,BENZOATE DE BENZYLE,N
304183,ASCA-POUDRE Pdre Us Ext 0.4% Fl 100gr,ASCA-POUDRE,Poudre à Usage Externe,,Fl 100gr,7.67,7.6,E,LINDANE,N
303968,ASEPSIL 10 Fl 1Litre,ASEPSIL 10 Fl 1Litre,,,Fl 1Litre,4.457,4,I,DODECYL-1.4.7 TRIAZA-OCTANE 8 ACIDE ACETIQUE+DODECYL-3-CARBO,N
303969,ASEPSIL 10 Sol Fl 250ml,ASEPSIL 10,Solution,,Fl 250ml,1.935,1,I,DODECYL-1.4.7 TRIAZA-OCTANE 8 ACIDE ACETIQUE+DODECYL-3-CARBO,N
303413,ASMULAIR 10mg Comp Pell Bt 30,ASMULAIR,Comprimé Pelliculé,10mg,Bt 30,40.22,36.57,E,MONTELUKAST,N
303412,ASMULAIR 5mg Comp à Croquer Bt 30,ASMULAIR,Comprimé à Croquer,5mg,Bt 30,42.94,36.57,E,MONTELUKAST,N
105735,ASPEGIC 1gr Pdre P Prép Inj Bt 6+S/5ml (ex 103644),ASPEGIC 1gr,Poudre pour Préparation Injectable,,Bt 6+S/5ml,6.314,6.312,E,ACETYLSALICYLATE DE LYSINE,N
303364,ASPEGIC Pdre P Sol Or   250 MG BT 16,ASPEGIC,Solution,250 MG,BT 16,3.22,1.792,E,ACETYLSALICYLATE DE LYSINE,N
303365,ASPEGIC Pdre P Sol Or  500 MG BT 16,ASPEGIC,Solution,500 MG,BT 16,3.935,2.192,E,ACETYLSALICYLATE DE LYSINE,N
303363,ASPEGIC Pdre P Sol Orle 100 MG BT 30,ASPEGIC,Solution,100 MG,BT 30,4.295,2.52,E,ACETYLSALICYLATE DE LYSINE,N
303357,ASPEGIC Pdre/Sol Or 1000mg Sach Bt 20,ASPEGIC,Solution,1000mg,Bt 20,7.3,7.3,E,ACETYLSALICYLATE DE LYSINE,N
300246,ASPEGIC Pdre/Sol Or 100mg Sach Bt 20,ASPEGIC,Solution,100mg,Bt 20,1.695,1.68,E,ACETYLSALICYLATE DE LYSINE,N
304102,ASPEGIC Pdre/Sol Or 250mg Sach Bt 20,ASPEGIC,Solution,250mg,Bt 20,2.25,2.24,E,ACETYLSALICYLATE DE LYSINE,N
304025,ASPEGIC Pdre/Sol Or 500mg Sach Bt 20,ASPEGIC,Solution,500mg,Bt 20,2.75,2.74,E,ACETYLSALICYLATE DE LYSINE,N
300011,ASPIRINE Comp 500mg Bt 20,ASPIRINE,Comprimé,500mg,Bt 20,3.5,2.52,E,ACIDE ACETYLSALICYLIQUE,N
309800,ASPIRINE pH8 Comp Bt 20,ASPIRINE pH8,Comprimé,,Bt 20,1.7,1.7,E,ACIDE ACETYLSALICYLIQUE,N
302851,ASTAIR 10 MG Comp Pell Bt 30,ASTAIR,Comprimé Pelliculé,10 MG,Bt 30,45.19,36.57,E,MONTELUKAST,N
302867,ASTAIR 5 mg COMP A CROQUER BT 30,ASTAIR,Comprimé à Croquer,5 mg,BT 30,45.19,36.57,E,MONTELUKAST,N
301007,ASTRADOL 100mg/2ml Sol Inj Bt 5,ASTRADOL,Solution Injectable,100mg/2ml,Bt 5,8.44,8.44,E,TRAMADOL,N
300591,ASTRADOL 100mg/ml gttes.buv.fl/10 ml (ex TRADOL),ASTRADOL,Gouttes Buvables,100mg/ml,fl/10 ml,7.87,7.87,E,TRAMADOL,N
300530,ASTRADOL 50 mg Gélule Bt 10 ( TRADOL ),ASTRADOL,Gélule,50 mg,Bt 10,3.765,3.15,E,TRAMADOL,N
300969,ASTRADOL Gelule 50mg Bt 30,ASTRADOL,Gélule,50mg,Bt 30,9.475,9.45,E,TRAMADOL,N
300593,ASTRADOL L P ( EX TRADOL ) Comp  100mg Bt 10,ASTRADOL L P ( EX TRADOL ),Comprimé,100mg,Bt 10,7.71,7.71,E,TRAMADOL,N
103516,ATACAND Comp Sec 16 mg  Bt 30,ATACAND,Comprimé Sécable,16 mg,Bt 30,53.205,21.63,E,CANDESARTAN CILEXETIL,N
103508,ATACAND Comp Sec 4mg Bt 30,ATACAND,Comprimé Sécable,4mg,Bt 30,30.71,17.91,E,CANDESARTAN CILEXETIL,N
103509,ATACAND Comp Sec 8mg Bt 30,ATACAND,Comprimé Sécable,8mg,Bt 30,51.32,20.01,E,CANDESARTAN CILEXETIL,N
300968,ATARAX Comp Pell Sec 25mg Bt 30,ATARAX,Comprimé Pelliculé Sécable,25mg,Bt 30,6.495,6.48,I,HYDROXYZINE,N
301805,ATENOR Comp 100 MG BT 30,ATENOR,Comprimé,100 MG,BT 30,10.89,10.08,E,ATENOLOL,N
301901,ATENOR Comp 50 MG BT 30,ATENOR,Comprimé,50 MG,BT 30,6.515,5.01,E,ATENOLOL,N
103135,ATIMOS Sol/Inh 12 µg Fl 100,ATIMOS,Solution pour Inhalation,12 µg,Fl 100,44.965,28.7,E,FORMOTEROL,N
302463,ATOR Comp Pell 10 MG BT 30,ATOR,Comprimé Pelliculé,10 MG,BT 30,17.98,14.67,E,ATORVASTATINE,N
301267,ATOR Comp Pell 10 mg Bt 56,ATOR,Comprimé Pelliculé,10 mg,Bt 56,32.18,27.384,E,ATORVASTATINE,N
302464,ATOR Comp Pell 10 MG BT 90,ATOR,Comprimé Pelliculé,10 MG,BT 90,45.665,44.01,E,ATORVASTATINE,N
301562,ATOR Comp Pell 10 MG Bt 91,ATOR,Comprimé Pelliculé,10 MG,Bt 91,47.6,44.499,E,ATORVASTATINE,N
300894,ATOR Comp Pell 10mg Bt 28,ATOR,Comprimé Pelliculé,10mg,Bt 28,26.27,13.692,E,ATORVASTATINE,N
302459,ATOR Comp Pell 20 MG BT 30,ATOR,Comprimé Pelliculé,20 MG,BT 30,22,19.32,E,ATORVASTATINE,N
302460,ATOR Comp Pell 20 MG BT 90,ATOR,Comprimé Pelliculé,20 MG,BT 90,59.795,57.96,E,ATORVASTATINE,N
301268,ATOR Comp Pell 40 mg  Bt 56,ATOR,Comprimé Pelliculé,40 mg,Bt 56,61.01,42.112,E,ATORVASTATINE,N
302465,ATOR Comp Pell 40 MG BT 30,ATOR,Comprimé Pelliculé,40 MG,BT 30,35.24,22.56,E,ATORVASTATINE,N
302467,ATOR Comp Pell 40 MG BT 90,ATOR,Comprimé Pelliculé,40 MG,BT 90,81.24,67.68,E,ATORVASTATINE,N
301563,ATOR Comp Pell 40 MG Bt 92,ATOR,Comprimé Pelliculé,40 MG,Bt 92,95.08,69.184,E,ATORVASTATINE,N
300898,ATOR Comp Pell 40mg Bt 28,ATOR,Comprimé Pelliculé,40mg,Bt 28,51.035,21.056,E,ATORVASTATINE,N
302461,ATOR Comp Pell 80 MG BT 30,ATOR,Comprimé Pelliculé,80 MG,BT 30,45.24,25.08,E,ATORVASTATINE,N
301196,ATORVEX Comp Pell  20 mg Bt 30,ATORVEX,Comprimé Pelliculé,20 mg,Bt 30,34.58,19.32,E,ATORVASTATINE,N
301195,ATORVEX Comp Pell 10 mg Bt 30,ATORVEX,Comprimé Pelliculé,10 mg,Bt 30,21.7,14.67,E,ATORVASTATINE,N
301392,ATORVEX Comp Pell 10 mg Fl 90,ATORVEX,Comprimé Pelliculé,10 mg,Fl 90,53.84,44.01,E,ATORVASTATINE,N
301393,ATORVEX Comp Pell 20 mg  Fl 90,ATORVEX,Comprimé Pelliculé,20 mg,Fl 90,70.195,57.96,E,ATORVASTATINE,N
301197,ATORVEX Comp Pell 40 mg Bt 30,ATORVEX,Comprimé Pelliculé,40 mg,Bt 30,45.035,22.56,E,ATORVASTATINE,N
301394,ATORVEX Comp Pell 40 mg Fl 90,ATORVEX,Comprimé Pelliculé,40 mg,Fl 90,101.08,67.68,E,ATORVASTATINE,N
101631,ATRICAN Caps molles 250mg Bt 8,ATRICAN Caps molles,,250mg,Bt 8,5.632,5.632,I,TENONITROZOLE,N
300661,ATROPINE unimed 1% collyre fl/5 ml,ATROPINE unimed 1%,Collyre,,fl/5 ml,2.125,2.125,E,ATROPINE,N
302985,ATROVAST 10 10 mg Comp Pell Bt 30,ATROVAST 10,Comprimé Pelliculé,10 mg,Bt 30,15.64,14.67,E,ATORVASTATINE,N
303483,ATROVAST 10 10mg Comp.Pell.Bt 90,ATROVAST 10,Comprimé Pelliculé,10mg,Bt 90,44.04,44.01,E,ATORVASTATINE,N
302986,ATROVAST 20 20 MG Comp Pell Séc Bt 30,ATROVAST 20,Comprimé Pelliculé Sécable,20 MG,Bt 30,20.6,19.32,E,ATORVASTATINE,N
303484,ATROVAST 20 20mg Comp.Pell.Séc.Bt 90,ATROVAST 20,Comprimé Pelliculé Sécable,20mg,Bt 90,58.04,57.96,E,ATORVASTATINE,N
302987,ATROVAST 40 40 mg Comp Pell Séc Bt 30,ATROVAST 40,Comprimé Pelliculé Sécable,40 mg,Bt 30,28.695,22.56,E,ATORVASTATINE,N
303485,ATROVAST 40 40mg Comp.Pell.Séc. Bt 90,ATROVAST 40,Comprimé Pelliculé Sécable,40mg,Bt 90,67.74,67.68,E,ATORVASTATINE,N
302988,ATROVAST 80 80 mg Comp Pell Séc Bt 30,ATROVAST 80,Comprimé Pelliculé Sécable,80 mg,Bt 30,39.6,25.08,E,ATORVASTATINE,N
303144,AUGMENTIN 1gr/125mg Pdre P Susp Or Bt 24 sachets-doses,AUGMENTIN 1gr/,Suspension Buvable,125mg,Bt 24 sachets-doses,47.04,28.032,E,AMOXICILLINE+ACIDE CLAVULANIQUE,N
300628,AUGMENTIN 1gr/125mg Pdre Susp Or bt 12Sachets doses,AUGMENTIN 1gr/,Suspension Buvable,125mg,bt 12Sachets doses,25.415,14.016,E,AMOXICILLINE+ACIDE CLAVULANIQUE,N
301071,AUGMENTIN 8/1 Ad 500mg/62.5mg  Comp Pell   Bt 24,AUGMENTIN 8/1 Ad,Comprimé Pelliculé,500mg/62.5mg,Bt 24,24.98,14.64,E,AMOXICILLINE+ACIDE CLAVULANIQUE,N
300671,"AUGMENTIN 8/1 ad.500mg/62,5mg comp.pell.b/16",AUGMENTIN 8/1 ad.,Comprimé Pelliculé,"500mg/62,5mg",b/16,16.83,9.76,E,AMOXICILLINE+ACIDE CLAVULANIQUE,N
300856,"AUGMENTIN ENF 500mg/62,5 mg pdre susp orale Bt 12 sachets",AUGMENTIN ENF,Suspension Buvable,"500mg/62,5 mg",Bt 12 sachets,14.455,7.044,E,AMOXICILLINE+ACIDE CLAVULANIQUE,N
301338,AUGMENTIN Enf 500mg/62.5 mg Pdre P Susp Or  Bt 24 Sachets doses,AUGMENTIN Enf,Suspension Buvable,500mg/62.5 mg,Bt 24 Sachets doses,24.655,14.088,E,AMOXICILLINE+ACIDE CLAVULANIQUE,N
300597,AUGMENTIN Enf. 100 mgr/12.5mg/ml Pdre P Susp Or   Fl 60ml,AUGMENTIN Enf. 100 mgr/,Suspension Buvable,12.5mg/ml,Fl 60ml,16.555,8.76,E,AMOXICILLINE+ACIDE CLAVULANIQUE,N
301020,AUGMENTIN Nou  100mg/12.5mg Pdre /Sus Or Fl 30ml,AUGMENTIN Nou,Poudre pour Suspension Buvable,100mg/12.5mg,Fl 30ml,9.64,4.38,E,AMOXICILLINE+ACIDE CLAVULANIQUE,N
300895,AUGMENTIN Pdre Susp Buv 250mg Fl 60ml,AUGMENTIN,Suspension Buvable,250mg,Fl 60ml,9.548,9.54,E,AMOXICILLINE+ACIDE CLAVULANIQUE,N
300583,AUREOMYCINE SPECIA Pde derm 3% Tb 15gr,AUREOMYCINE SPECIA,Pommade Dermique,,Tb 15gr,1.545,1.545,E,CHLORTETRACYCLINE,N
102885,AURICULARUM pdre auric .fl/293 mg,AURICULARUM,Poudre Auriculaire,,fl/293 mg,11.23,11.134,I,DEXAMETHASONE+NYSTATINE+POLYMYXINE B+OXYTETRACYCLINE,N
308391,AURIPAX Gttes Auric 4% Fl 15ml,AURIPAX,Gouttes Auriculaires,,Fl 15ml,2.16,2.16,I,PHENAZONE+LIDOCAINE,N
303417,AVALTEX 200mg Comp Bt 30,AVALTEX,Comprimé,200mg,Bt 30,30.81,30.81,E,ACICLOVIR,N
104176,AVAMYS  Pulv Spray Nasal 27.5 µg Fl 120 Doses,AVAMYS  Pulv,Spray Nasal,27.5 µg,Fl 120 Doses,17.646,17.64,E,FLUTICASONE,N
302789,AVIRAL 500 MG Comp Pell Sec  Bt 10,AVIRAL,Comprimé Pelliculé Sécable,500 MG,Bt 10,25.525,22.23,E,VALACICLOVIR,N
103191,AVODART Caps Molle 0.5mg Bt 30,AVODART Caps Molle,,0.5mg,Bt 30,56.231,56.22,I,DUTASTERIDE,N
302473,AVOXINE 500 Comp Pell Sec 500 MG FL 10,AVOXINE 500,Comprimé Pelliculé Sécable,500 MG,FL 10,30.21,29.04,E,LEVOFLOXACINE,N
302472,AVOXINE 500 Comp Pell Sec 500 MG FL 5,AVOXINE 500,Comprimé Pelliculé Sécable,500 MG,FL 5,15.315,14.52,E,LEVOFLOXACINE,N
300698,"AXEN 100 MG p.p.i.b/5+5 sol/2,5 ml",AXEN,Poudre pour Préparation Injectable,100 MG,"b/5+5 sol/2,5 ml",8.256,8.255,E,KETOPROFENE,N
300855,AXEN 100mg suppo Bt 10,AXEN,Suppositoire,100mg,Bt 10,5.245,3.25,E,KETOPROFENE,N
303308,AZACINE 500mg Comp Pell Séc Bt 3,AZACINE,Comprimé Pelliculé Sécable,500mg,Bt 3,7.93,7.929,E,AZITHROMYCINE,N
505392,AZATHIOPRINE AQVIDA 50mg Comp Pell Bt 100,AZATHIOPRINE AQVIDA,Comprimé Pelliculé,50mg,Bt 100,35.094,35.094,V,AZATHIOPRINE,N
504664,AZATHIOPRINE VIATRIS (EX MYLAN)  Comp Pell Sec 50 MG BT 100,AZATHIOPRINE VIATRIS (EX MYLAN),Comprimé Pelliculé Sécable,50 MG,BT 100,35.806,35.806,V,AZATHIOPRINE,N
302549,AZEAL 0.05 %  Collyre FL 6 ML,AZEAL 0.05 %,Collyre,,FL 6 ML,8.69,8.688,E,AZELASTINE,N
308173,AZITHRO Gélule 250mg Bt 6,AZITHRO,Gélule,250mg,Bt 6,10.29,8.544,E,AZITHROMYCINE,N
303103,AZITRAL 500mg Comp.Pell. Bt 3,AZITRAL,Comprimé Pelliculé,500mg,Bt 3,8.935,7.929,E,AZITHROMYCINE,N
303096,AZITROMIN DUO 500mg Comp Pell Sec Bt 2,AZITROMIN DUO,Comprimé Pelliculé Sécable,500mg,Bt 2,6.565,5.286,E,AZITHROMYCINE,N
303097,AZITROMIN TRIO 500mg Comp Pell Sec Bt 3,AZITROMIN TRIO,Comprimé Pelliculé Sécable,500mg,Bt 3,9.72,7.929,E,AZITHROMYCINE,N
302891,AZIX 1500 MG/37.5 ML Pdre P Susp Or. FL 37.5 ML,AZIX,Suspension Buvable,1500 MG/37.5 ML,FL 37.5 ML,11.74,11.738,E,AZITHROMYCINE,N
300838,AZIX 500mg Comp pell Bt 3,AZIX,Comprimé Pelliculé,500mg,Bt 3,11.28,7.929,E,AZITHROMYCINE,N
301903,AZIX 600 40 MG/ML Pdre P Susp Or FL 15 ML,AZIX 600,Suspension Buvable,40 MG/ML,FL 15 ML,7.335,4.695,E,AZITHROMYCINE,N
301904,AZIX 900  40 MG/ML Pdre P Sus Or  FL 22.5 ML,AZIX 900,Poudre pour Suspension Buvable,40 MG/ML,FL 22.5 ML,10.665,7.043,E,AZITHROMYCINE,N
105295,AZOPT Collyre 1% Fl 5ml,AZOPT,Collyre,,Fl 5ml,20.265,20.265,E,BRINZOLAMIDE,N
300626,AZRO  Pdre Susp Buv 40mg/ml Fl 15ml,AZRO,Suspension Buvable,40mg/ml,Fl 15ml,6.725,4.695,E,AZITHROMYCINE,N
300843,"AZRO 900 200mg/5 ml pdre/susp orale Fl 22,5 ml",AZRO 900,Suspension Buvable,200mg/5 ml,"Fl 22,5 ml",10.7,7.043,E,AZITHROMYCINE,N
300625,AZRO Comp pell 500mg Bt 3,AZRO,Comprimé Pelliculé,500mg,Bt 3,11.925,7.929,E,AZITHROMYCINE,N
301952,AZRO Pdre P Sus Orale  1500 MG/37.5 ML ( 40 MG/ML) FL 37.5 ML,AZRO,Poudre pour Suspension Buvable,1500 MG/37.5 ML/40 MG/ML,FL 37.5 ML,13.45,11.738,E,AZITHROMYCINE,N
103828,AZYTER Collyre Monodose  15mg/gr Bt 6 recipients,AZYTER,Collyre,15mg,Bt 6 recipients,11.6,11.598,E,AZITHROMYCINE,N
306930,BACTEKOD Susp Or 240 mg/5ml Fl 100ml,BACTEKOD,Suspension Buvable,240 mg/5ml,Fl 100ml,3.835,3,E,COTRIMOXAZOLE,N
304196,BACTICID Sol Us Ext Fl 125ml,BACTICID,Solution à Usage Topique,,Fl 125ml,2.665,2.625,I,HEXAMIDINE,N
300355,BACTRIM Adulte Comp 480mg B/20,BACTRIM Adulte,Comprimé,480mg,B/20,4.655,2.58,E,COTRIMOXAZOLE,N
300354,BACTRIM Forte Comp B/10,BACTRIM Forte,Comprimé,,B/10,5.16,5.16,E,COTRIMOXAZOLE,N
300356,BACTRIM Sirop Nour/ Enf 240mg/5ml Fl 100ml,BACTRIM,Sirop,240mg/5ml,Fl 100ml,4.28,3,E,COTRIMOXAZOLE,N
103160,BACTROBAN Pde Der 20mg Tb 15gr,BACTROBAN,Pommade Dermique,20mg,Tb 15gr,6.759,6.75,E,MUPIROCINE,N
101621,BASDENE Comp 25mg Bt 50,BASDENE,Comprimé,25mg,Bt 50,0.761,0.75,E,BENZYLTHIOURACILE,N
301695,BASEAL Sol Ext  5 MG/ML  Fl 125 ML,BASEAL,Solution à Usage Topique,5 MG/ML,Fl 125 ML,3.46,1.875,I,CHLORHEXIDINE,N
100994,BECLO-ASMA  Aérosol 250µgr Fl 200doses,BECLO-ASMA  Aéro,Solution,,Fl 200doses,12.86,12.8,E,BECLOMETASONE,N
101902,BECLOJET 250µg Sol/Inhl Fl 200doses,BECLOJET,Solution pour Inhalation,250µg,Fl 200doses,32.31,12.8,E,BECLOMETASONE,N
303664,BECLONIL 250µg Sol P Inhal Bt 1Fl/200Doses,BECLONIL,Solution pour Inhalation,250µg,Bt 1Fl/200Doses,17.47,12.8,E,BECLOMETASONE,N
103049,BECONASE 50µg/dose susp nas Fl 200,BECONASE,Suspension Nasale,50µg,Fl 200,9.38,9.2,E,BECLOMETASONE,N
300228,BEDELIX Pdre Susp Or 3 gr Bt 30sach,BEDELIX,Suspension Buvable,,Bt 30sach,7.77,7.77,I,MONTMORILLONITE BEIDELLITIQUE,N
104772,BELARA Comp Pell 30 µG/2 MG Bt 21,BELARA,Comprimé Pelliculé,30 µG/2 MG,Bt 21,11.545,11.529,E,CHLORMADINONE ACETATE+ETHINYLESTRADIOL,N
300727,BELIFAX 20 mg gélu.fl/28,BELIFAX,,20 mg,fl/28,32.555,25.172,E,OMEPRAZOLE,N
302257,BELIFAX Gelule 10 MG FL 28,BELIFAX,Gélule,10 MG,FL 28,20.395,17.64,E,OMEPRAZOLE,N
300420,BELIFAX Gélule 10mg Fl 14,BELIFAX,Gélule,10mg,Fl 14,12.67,8.82,E,OMEPRAZOLE,N
300189,BELIFAX Gélule 20mg Bt 14,BELIFAX,Gélule,20mg,Bt 14,25.16,12.586,E,OMEPRAZOLE,N
300874,BELIFAX Gélule 20mg Bt 7,BELIFAX,Gélule,20mg,Bt 7,10.31,6.293,E,OMEPRAZOLE,N
307762,BENZOSEPT Collyre Fl 5ml,BENZOSEPT,Collyre,,Fl 5ml,1.82,1.82,I,BENZODODECINIUM,N
301605,BERCUM Sol P Inh 200 µG/Dose FL 200 Doses,BERCUM,Solution pour Inhalation,200 µG,FL 200 Doses,20.55,20.4,E,BUDESONIDE,N
307705,BERLOCID 240 Susp Buv Pédiatrique,BERLOCID 240,Suspension Buvable,,,3.013,3,E,COTRIMOXAZOLE,N
300019,BERLOCID Comp 480mg Bt 20,BERLOCID,Comprimé,480mg,Bt 20,2.59,2.58,E,COTRIMOXAZOLE,N
104770,BERLTHYROX  Comp Sec 50 µG BT 100,BERLTHYROX,Comprimé Sécable,50 µG,BT 100,6.847,6.8,E,LEVOTHYROXINE,N
104742,BERLTHYROX Comp Sec 100 µg BT 100,BERLTHYROX,Comprimé Sécable,100 µg,BT 100,7.716,7.5,E,LEVOTHYROXINE,N
104768,BERLTHYROX Comp Sec 150 µG BT 100,BERLTHYROX,Comprimé Sécable,150 µG,BT 100,11.995,11.9,E,LEVOTHYROXINE,N
104769,BERLTHYROX Comp Sec 150 µG BT 50,BERLTHYROX,Comprimé Sécable,150 µG,BT 50,7.491,5.95,E,LEVOTHYROXINE,N
104771,BERLTHYROX Comp Sec 50 µG BT 50,BERLTHYROX,Comprimé Sécable,50 µG,BT 50,4.267,3.4,E,LEVOTHYROXINE,N
303344,BETACOL LP 2% Collyre Fl 3ml,BETACOL LP 2%,Collyre,,Fl 3ml,10.44,10.44,E,CARTEOLOL,N
302309,BETACORT 0.5 mg/ml Gttes Buv. Fl/30 ml,BETACORT,Gouttes Buvables,0.5 mg/ml,Fl/30 ml,5.16,5.16,E,BETAMETHASONE,N
107450,BETADINE Pde derm 10% Tb 30gr,BETADINE,Pommade Dermique,,Tb 30gr,4.124,4.11,I,POLYVIDONE IODEE,N
103752,BETADINE SCRUB 4% Sol E xt Fl 500ml,BETADINE SCRUB 4%,Solution,,Fl 500ml,9.876,9.5,I,POLYVIDONE IODEE,N
106655,BETADINE SCRUB Sol Moussante 4%  Fl 125ml,BETADINE SCRUB,Solution à Usage Topique,,Fl 125ml,4.771,2.375,I,POLYVIDONE IODEE,N
101364,BETADINE Sol Derm 10% Fl 125ml,BETADINE,Solution Dermique,,Fl 125ml,3.85,2.875,I,POLYVIDONE IODEE,N
101365,BETADINE Sol Gyn Fl 125ml,BETADINE,Solution Vaginale,,Fl 125ml,4.835,1.75,I,POLYVIDONE IODEE,N
303570,BETANYL 5mg/2ml Sol Inhal Bt 1 Sachet de 10 unidoses/2ml,BETANYL,Solution pour Inhalation,5mg/2ml,Bt 1 Sachet de 10 unidoses/2ml,11.24,11.24,E,TERBUTALINE,N
302311,BETASALIC Lotion Fl 30 gr,BETASALIC,Lotion,,Fl 30 gr,6.396,5.16,E,BETAMETHASONE+ACIDE SALICYLIQUE,N
302310,BETASALIC Pde Derm 0.05% Tb 15 gr,BETASALIC,Pommade Dermique,,Tb 15 gr,3.315,2.595,E,BETAMETHASONE+ACIDE SALICYLIQUE,N
301484,BETASEPTINE ( EX BETAVIDINE)  Sol Gyneco 10 % fL 20 ML,BETASEPTINE ( EX BETAVIDINE),Solution Vaginale,,fL 20 ML,2.938,0.28,I,POLYVIDONE IODEE,N
308494,BETASEPTINE (EX BETAVIDINE ) Sol Ext 10 % Fl 500 ml,BETASEPTINE (EX BETAVIDINE ),Solution à Usage Topique,,Fl 500 ml,11.9,11.5,I,POLYVIDONE IODEE,N
301213,BETASEPTINE (EX BETAVIDINE ) Sol EXT 10% Fl 125 ml,BETASEPTINE (EX BETAVIDINE ),Solution à Usage Topique,,Fl 125 ml,5.733,2.875,I,POLYVIDONE IODEE,N
301170,BETASEPTINE (EX BETAVIDINE )10 % Sol Ext Fl 20ml,BETASEPTINE (EX BETAVIDINE )10 %,Solution à Usage Topique,,Fl 20ml,3.205,0.46,I,POLYVIDONE IODEE,N
301247,BETASEPTINE (EX BETAVIDINE )GYNECO 10 % Sol Gynec FL 125 ml,BETASEPTINE (EX BETAVIDINE )GYNECO 10 %,Solution Vaginale,,FL 125 ml,4.758,1.75,I,POLYVIDONE IODEE,N
302722,BETASEPTINE 10% SOL. GYN.FL 500 ml,BETASEPTINE 10%,Solution Vaginale,,FL 500 ml,7.225,7,I,POLYVIDONE IODEE,N
301931,BETASONE 0.05% Creme Derm Tb 15gr,BETASONE 0.05%,Crème Dermique,,Tb 15gr,2.79,2.79,E,BETAMETHASONE,N
301932,BETASONE 0.05% Pde Derm Tb 15gr,BETASONE 0.05%,Pommade Dermique,,Tb 15gr,2.905,2.895,E,BETAMETHASONE,N
301646,BETASTENE Gttes Buv 0.5 MG/ML  FL 30 ML,BETASTENE,Gouttes Buvables,0.5 MG/ML,FL 30 ML,6.35,5.16,E,BETAMETHASONE,N
102979,BETOPTIC 0.25% collyre Fl/3ml,BETOPTIC 0.25%,Collyre,,Fl/3ml,6.811,6.81,E,BETAXOLOL,N
105296,BETOPTIC 0.5% collyre fl/3ml,BETOPTIC 0.5%,Collyre,,fl/3ml,6.996,6.996,E,BETAXOLOL,N
106713,BI TILDIEM Comp LP 90mg Bt 28,BI TILDIEM,Comprimé à Libération Prolongée,90mg,Bt 28,13.441,13.44,E,DILTIAZEM,N
301914,BI-ALGIC Gelule 37.5 MG/325 MG BT 20,BI-ALGIC,Gélule,37.5 MG/325 MG,BT 20,4.495,4.48,E,TRAMADOL+PARACETAMOL,N
105516,BIALMINAL 100mg Comp Séc Bt 60,BIALMINAL,Comprimé Sécable,100mg,Bt 60,12.645,1.44,V,PHENOBARBITAL,N
303309,BICLAVOR 500mg/62.5mg Comp Pell Bt 48,BICLAVOR,Comprimé Pelliculé,500mg/62.5mg,Bt 48,29.91,29.28,E,AMOXICILLINE+ACIDE CLAVULANIQUE,N
303653,BIDORZO SP 2%/0.5% 20MG/ML +5MG/ML Collyre Bt 1Fl/5ml,BIDORZO SP 2%/0.5%,Collyre,20MG/ML/5MG/ML,Bt 1Fl/5ml,25.91,20.61,E,DORZOLAMIDE+TIMOLOL,N
303607,BI-GALVINE 50mg/ 1000mg Comp. Pell. Bt 30,BI-GALVINE,Comprimé Pelliculé,50mg/ 1000mg,Bt 30,23.746,23.61,E,VILDAGLIPTINE+METFORMINE,N
303765,BI-GALVINE 50mg/1000mg Comp Pell Bt 60,BI-GALVINE,Comprimé Pelliculé,50mg/1000mg,Bt 60,47.25,47.22,E,VILDAGLIPTINE+METFORMINE,N
303468,BILATA 50µg/5mg Collyre Fl 2.5ml (F),BILATA,Collyre,50µg/5mg,Fl 2.5ml,26.415,26.415,E,LATANOPROST+TIMOLOL,N
309024,BIOGYL 1.5MUI/250mg Comp pell sec Bt 10,BIOGYL,Comprimé Pelliculé Sécable,1.5MUI/250mg,Bt 10,8.345,5.34,E,METRONIDAZOLE+SPIRAMYCINE,N
309049,BIOGYL 1.5MUI/250mg Comp pell sec Bt 20,BIOGYL,Comprimé Pelliculé Sécable,1.5MUI/250mg,Bt 20,11.46,10.68,E,METRONIDAZOLE+SPIRAMYCINE,N
104534,BIPRETERAX 5 MG/1.25MG Comp Pell FL 30,BIPRETERAX,Comprimé Pelliculé,5 MG/1.25MG,FL 30,48.79,32.46,E,PERINDOPRIL+INDAPAMIDE,N
104556,BIPRETERAX Comp Pell 10 MG/2.5MG BT 30,BIPRETERAX,Comprimé Pelliculé,10 MG/2.5MG,BT 30,60.97,34.95,E,PERINDOPRIL+INDAPAMIDE,N
303029,BIPROCARD 10mg Comp Pell Séc Bt/30,BIPROCARD,Comprimé Pelliculé Sécable,10mg,Bt/30,8.415,8.22,E,BISOPROLOL,N
303027,BIPROCARD 2.5mg Comp Pell Séc Bt 30,BIPROCARD,Comprimé Pelliculé Sécable,2.5mg,Bt 30,5.525,5.4,E,BISOPROLOL,N
303028,BIPROCARD 5mg Comp Pell Bt/30,BIPROCARD,Comprimé Pelliculé,5mg,Bt/30,6.565,6.42,E,BISOPROLOL,N
303032,BIPROCARD AMLO 10mg/10mg Comp Bt/30,BIPROCARD AMLO,Comprimé,10mg/10mg,Bt/30,23.305,20.25,E,BISOPROLOL+AMLODIPINE,N
303031,BIPROCARD AMLO 10mg/5mg Comp Bt/30,BIPROCARD AMLO,Comprimé,10mg/5mg,Bt/30,20.135,16.86,E,BISOPROLOL+AMLODIPINE,N
303030,BIPROCARD AMLO 5mg/5mg Comp Bt/30,BIPROCARD AMLO,Comprimé,5mg/5mg,Bt/30,16.875,15.09,E,BISOPROLOL+AMLODIPINE,N
104340,BI-PROFENID LP  Comp Sec LP  100 mg BT 20,BI-PROFENID LP,Comprimé à Libération Prolongée,100 mg,BT 20,9.15,9.14,E,KETOPROFENE,N
303369,BIRODOGYL comp.pell. Bt/10,BIRODOGYL,Comprimé Pelliculé,,Bt/10,8.965,5.34,E,METRONIDAZOLE+SPIRAMYCINE,N
303024,bisocor 10mg Comp. Pell. Séc. Bt 30,bisocor,Comprimé Pelliculé Sécable,10mg,Bt 30,8.23,8.22,E,BISOPROLOL,N
303022,BISOCOR 2.5mg Comp. Pell. séc Bt 30,BISOCOR,Comprimé Pelliculé Sécable,2.5mg,Bt 30,5.42,5.4,E,BISOPROLOL,N
303023,bisocor 5mg Comp. Pell. séc. Bt 30,bisocor,Comprimé Pelliculé Sécable,5mg,Bt 30,6.44,6.42,E,BISOPROLOL,N
303115,BISOCOR AMLO 10/10 10mg/10mg Comp Bt 30,BISOCOR AMLO 10/10,Comprimé,10mg/10mg,Bt 30,20.25,20.25,E,BISOPROLOL+AMLODIPINE,N
303117,BISOCOR AMLO 10/5 10mg/5mg Comp Bt 30,BISOCOR AMLO 10/5,Comprimé,10mg/5mg,Bt 30,16.886,16.86,E,BISOPROLOL+AMLODIPINE,N
303114,BISOCOR AMLO 5/10 5mg/10mg Comp Bt 30,BISOCOR AMLO 5/10,Comprimé,5mg/10mg,Bt 30,18.46,18.45,E,BISOPROLOL+AMLODIPINE,N
303116,BISOCOR AMLO 5/5 5mg/5mg Comp Bt 30,BISOCOR AMLO 5/5,Comprimé,5mg/5mg,Bt 30,15.09,15.09,E,BISOPROLOL+AMLODIPINE,N
302454,BISOPRAL Comp Pell Sec 10 MG BT 30,BISOPRAL,Comprimé Pelliculé Sécable,10 MG,BT 30,10.535,8.22,E,BISOPROLOL,N
302452,BISOPRAL Comp Pell Sec 2.5 MG BT 30,BISOPRAL,Comprimé Pelliculé Sécable,2.5 MG,BT 30,7.49,5.4,E,BISOPROLOL,N
302453,BISOPRAL Comp Pell Sec 5 MG BT 30,BISOPRAL,Comprimé Pelliculé Sécable,5 MG,BT 30,8.6,6.42,E,BISOPROLOL,N
104696,BISOTENS Comp Pell 10 MG BT 30,BISOTENS,Comprimé Pelliculé,10 MG,BT 30,8.236,8.22,E,BISOPROLOL,N
104695,BISOTENS Comp Pell 5 MG BT 30,BISOTENS,Comprimé Pelliculé,5 MG,BT 30,7.507,6.42,E,BISOPROLOL,N
300908,BI-SPIRAZOL Comp Pell Bt 20,BI-SPIRAZOL,Comprimé Pelliculé,,Bt 20,12.675,10.68,E,METRONIDAZOLE+SPIRAMYCINE,N
300752,BI-SPIRAZOL comp.pell Bt/10,BI-SPIRAZOL,Comprimé Pelliculé,,Bt/10,9.355,5.34,E,METRONIDAZOLE+SPIRAMYCINE,N
309605,BI-SPIROGYL  Comp Pell 1.5 MUI/250MG  Bt 20,BI-SPIROGYL,Comprimé Pelliculé,1.5 MUI/250MG,Bt 20,10.89,10.68,E,METRONIDAZOLE+SPIRAMYCINE,N
308186,"BI-SPIROGYL Comp pell 1,5 M UI /250 MG Bt 10",BI-SPIROGYL,Comprimé Pelliculé,250 MG,Bt 10,7.66,5.34,E,METRONIDAZOLE+SPIRAMYCINE,N
301032,BISTERYL Sol Ext Fl 1000ml,BISTERYL,Solution à Usage Topique,,Fl 1000ml,7.27,7,I,CHLORHEXIDINE+BENZALKONIUM,N
301040,BISTERYL Sol Ext Fl 250ml,BISTERYL,Solution à Usage Topique,,Fl 250ml,3.49,1.75,I,CHLORHEXIDINE+BENZALKONIUM,N
302509,BI-THERAPRIL 10 MG/2.5 MG COMP BT 30,BI-THERAPRIL,Comprimé,10 MG/2.5 MG,BT 30,34.97,34.95,E,PERINDOPRIL+INDAPAMIDE,N
302508,BI-THERAPRIL 5MG/1.25MG COMP BT 30,BI-THERAPRIL,Comprimé,5MG/1.25MG,BT 30,32.46,32.46,E,PERINDOPRIL+INDAPAMIDE,N
309608,BI-TIAPRAM Comp Sec 200 mg Bt 20,BI-TIAPRAM,Comprimé Sécable,200 mg,Bt 20,6.655,6.64,E,ACIDE TIAPROFENIQUE,N
303504,BITOBRA SP 15mg/5ml Collyre Fl 5ml,BITOBRA SP,Collyre,15mg/5ml,Fl 5ml,4.39,4.39,E,DEXAMETHASONE+TOBRAMYCINE,N
302898,BIVAL 160mg/12.5mg Comp Pell BT 30,BIVAL,Comprimé Pelliculé,160mg/12.5mg,BT 30,32.81,32.79,E,VALSARTAN+HYDROCHLOROTHIAZIDE,N
302104,BIVAL Comp Pell  80 MG/12.5 MG BT 30,BIVAL,Comprimé Pelliculé,80 MG/12.5 MG,BT 30,22.07,20.94,E,VALSARTAN+HYDROCHLOROTHIAZIDE,N
302106,BIVAL Comp Pell 160 MG/25 MG BT 30,BIVAL,Comprimé Pelliculé,160 MG/25 MG,BT 30,33.115,32.25,E,VALSARTAN+HYDROCHLOROTHIAZIDE,N
301531,BLOPRESS 16 PLUS Comp 16 mg/12.5 mg Bt 30,BLOPRESS 16 PLUS,Comprimé,16 mg/12.5 mg,Bt 30,43.62,26.94,E,CANDESARTAN  HYDROCHLOROTHIAZIDE,N
301530,BLOPRESS 8 PLUS 8 mg/12.5 mg Bt 30,BLOPRESS 8 PLUS,,8 mg/12.5 mg,Bt 30,36.85,23.58,E,CANDESARTAN  HYDROCHLOROTHIAZIDE,N
301458,BLOPRESS Comp Sec 16 mg Bt 30,BLOPRESS,Comprimé Sécable,16 mg,Bt 30,42.445,21.63,E,CANDESARTAN CILEXETIL,N
301447,BLOPRESS Comp Sec 8 mg Bt 30,BLOPRESS,Comprimé Sécable,8 mg,Bt 30,31.67,20.01,E,CANDESARTAN CILEXETIL,N
302372,BONACOR Comp  Pell Séc 2.5 MG BT 30,BONACOR,Comprimé Pelliculé Sécable,2.5 MG,BT 30,6.155,5.4,E,BISOPROLOL,N
302374,BONACOR Comp Pell Séc  10  MG BT  30,BONACOR,Comprimé Pelliculé Sécable,10  MG,BT  30,10.79,8.22,E,BISOPROLOL,N
302373,BONACOR Comp Pell Séc 5 MG BT 30,BONACOR,Comprimé Pelliculé Sécable,5 MG,BT 30,7.205,6.42,E,BISOPROLOL,N
104813,BRICANYL LP Comp LP 5 MG FL 60,BRICANYL LP,Comprimé à Libération Prolongée,5 MG,FL 60,15.597,10.02,E,TERBUTALINE,N
106972,BRICANYL LP Comp LP 5mg Bt 30,BRICANYL LP,Comprimé à Libération Prolongée,5mg,Bt 30,5.028,5.01,E,TERBUTALINE,N
104622,BRICANYL TURBUHALER Pdre P Inh Bucc 500 mcg /dose  FL 100 doses,BRICANYL TURBUHALER,Poudre pour Inhalation,500 mcg,FL 100 doses,16.19,16.1,E,TERBUTALINE,N
300706,BROMOCRIPTINE 2.5 mg Comp Bt 30,BROMOCRIPTINE,Comprimé,2.5 mg,Bt 30,8.025,8.01,E,BROMOCRIPTINE,N
308126,BRONCHOCINE Comp Pell 4mg Bt 20,BRONCHOCINE,Comprimé Pelliculé,4mg,Bt 20,3.58,3.58,E,BROMHEXINE+TETRACYCLINE,N
104958,BRONCHODUAL     Sol P Inh  50µG/20 µG Inhl  Fl 200  doses,BRONCHODUAL,Solution pour Inhalation,50µG/20 µG,Fl 200  doses,18.732,18.6,E,FENOTEROL+IPRATROPIUM BROMURE,N
300145,BRONCHOFYLLINE LP Comp Ret 200mg Bt 30,BRONCHOFYLLINE LP,Comprimé à Libération Prolongée,200mg,Bt 30,3.25,3.24,E,THEOPHYLLINE,N
300146,BRONCHOFYLLINE LP Comp Ret 300mg Bt 30,BRONCHOFYLLINE LP,Comprimé à Libération Prolongée,300mg,Bt 30,4.45,4.44,E,THEOPHYLLINE,N
105916,BRUFEN 400mg Comp Pell Bt 30,BRUFEN,Comprimé Pelliculé,400mg,Bt 30,9.06,7.5,E,IBUPROFEN,N
105310,BUDENA 64 mcg Spray Nasal Fl 120 Doses,BUDENA,Spray Nasal,64 mcg,Fl 120 Doses,19.57,14.16,E,BUDESONIDE,N
301228,BUPROFEN  Comp Eff 200 mg Bt 2 t /10,BUPROFEN,Comprimé,200 mg,Bt 2 t /10,4.79,4.78,E,IBUPROFEN,N
308002,BUSCOPAN Amp Inj 20mg/ml Bt 4,BUSCOPAN,Solution Injectable,20mg/ml,Bt 4,2.87,2.868,I,N-BUTYLHYOSCINE BROMURE,N
308000,BUSCOPAN Comp enr 10mg Bt 40,BUSCOPAN,Comprimé Enrobé,10mg,Bt 40,7.22,5,I,N-BUTYLHYOSCINE BROMURE,N
308001,BUSCOPAN Suppo 10mg Bt 5,BUSCOPAN,Suppositoire,10mg,Bt 5,1.85,1.85,I,N-BUTYLHYOSCINE BROMURE,N
302778,CABERGOL 0.5 mg COMP. SEC. FL 2,CABERGOL,Comprimé Sécable,0.5 mg,FL 2,16.72,15.47,E,Cabergoline,N
302779,CABERGOL 0.5 mg COMP. SEC. FL 8,CABERGOL,Comprimé Sécable,0.5 mg,FL 8,63.14,61.88,E,Cabergoline,N
303733,CABERGOL 0.5mg Comp Séc Fl 4,CABERGOL,Comprimé Sécable,0.5mg,Fl 4,32.525,30.94,E,Cabergoline,N
302818,CABERLEX 0.5 0.5 MG Comp FL 4,CABERLEX 0.5,Comprimé,0.5 MG,FL 4,32.525,30.94,E,Cabergoline,N
301899,CABERLEX Comp 0.5 MG  FL 2,CABERLEX,Comprimé,0.5 MG,FL 2,25.315,15.47,E,Cabergoline,N
301980,CABERLEX Comp 0.5 MG FL 8,CABERLEX,Comprimé,0.5 MG,FL 8,75.305,61.88,E,Cabergoline,N
105528,CADUET 10mg/10mg Com Pell Bt 30 (ex 103486),CADUET,,10mg/10mg,Bt 30,42.02,29.13,E,AMLODIPINE+ATORVASTATINE,N
105529,CADUET 5mg/10mg Comp Pell Bt 30 (ex 103487),CADUET,Comprimé Pelliculé,5mg/10mg,Bt 30,42.02,29.13,E,AMLODIPINE+ATORVASTATINE,N
300861,CAFENOL Comp Séc Bt 20,CAFENOL,Comprimé Sécable,,Bt 20,1.06,1.06,E,ACIDE ACETYLSALICYLIQUE+CAFEINE,N
309999,CALCEMIL Pdre/Sol Or  sachet Bt 10,CALCEMIL,Solution,,Bt 10,2.18,2.18,E,CALCIUM+VITAMINE C,N
309998,CALCIBOISE 500 mg Granulés effervescents (EX-ADCAL Pdre/Sol buv 500mg) Bt 20 sachets,CALCIBOISE,Solution Buvable,500 mg/500mg,Bt 20 sachets,6.75,6.74,E,CALCIUM,N
302869,CALCIFAST 500 MG Comp à croquer bt 30,CALCIFAST,Comprimé à Croquer,500 MG,bt 30,5.9,4.47,E,CALCIUM,N
301050,CALCIFAST Comp à Croquer 500mg Fl 30,CALCIFAST,Comprimé à Croquer,500mg,Fl 30,4.49,4.47,E,CALCIUM,N
303012,CALCITOP 500MG Comp. à sucer Bt 30,CALCITOP,Comprimé à Croquer,500MG,Bt 30,5.4,4.47,E,CALCIUM,N
102467,CALCIUM SANDOZ  Comp eff 500mg Bt 20,CALCIUM SANDOZ,Comprimé,500mg,Bt 20,4.18,4.18,E,CALCIUM,N
103321,CALCIUM SANDOZ Pdre /Sol Buv Sachet 500mg Bt 30,CALCIUM SANDOZ,Solution Buvable,500mg,Bt 30,7.849,7.83,E,GLUCONOLACTATE+CARBONATE DE CALCIUM,N
301078,CALMACIDE Comp à Sucer Bt 24,CALMACIDE,Comprimé à Croquer,,Bt 24,5.52,3.672,I,CALCIUM CARBONATE+MAGNESIUM CARBONATE,N
302835,CALPEROS 500 mg COMP. A SUCER BT 30,CALPEROS,Comprimé à Croquer,500 mg,BT 30,6.265,4.47,E,CALCIUM,N
300076,CALPEROS Comp Sucer 500mg Bt 30,CALPEROS,Comprimé à Croquer,500mg,Bt 30,4.505,4.47,E,CALCIUM,N
301722,CALPLUS Comp à Sucer 500 MG BT 30,CALPLUS,Comprimé à Croquer,500 MG,BT 30,4.985,4.47,E,CALCIUM,N
307350,CAMYSTENE Crème Tb 30gr,CAMYSTENE,Crème,,Tb 30gr,4.235,4.23,E,CLOTRIMAZOLE,N
309874,CAPOCARD Comp 25mg Bt 30,CAPOCARD,Comprimé,25mg,Bt 30,8.23,4.98,E,CAPTOPRIL,N
309875,CAPOCARD Comp 50mg Bt 30,CAPOCARD,Comprimé,50mg,Bt 30,14.395,8.76,E,CAPTOPRIL,N
301053,CAPRIL 25 mg  Comp Sec  Bt 60,CAPRIL,Comprimé Sécable,25 mg,Bt 60,12,9.96,E,CAPTOPRIL,N
300084,CAPRIL Comp 25mg Bt 30,CAPRIL,Comprimé,25mg,Bt 30,10.17,4.98,E,CAPTOPRIL,N
300085,CAPRIL Comp 50mg Bt 30,CAPRIL,Comprimé,50mg,Bt 30,18.65,8.76,E,CAPTOPRIL,N
301420,CAPTO-PRIL  ALLIANCE  Comp Sec 25 mg Bt 30,CAPTO-PRIL  ALLIANCE,Comprimé Sécable,25 mg,Bt 30,5.73,4.98,E,CAPTOPRIL,N
301419,CAPTO-PRIL  ALLIANCE Comp  Sec 50 mg BT 30,CAPTO-PRIL  ALLIANCE,Comprimé Sécable,50 mg,BT 30,9.85,8.76,E,CAPTOPRIL,N
301421,CAPTO-PRIL  ALLIANCE Comp Sec 25 mg BT 90,CAPTO-PRIL  ALLIANCE,Comprimé Sécable,25 mg,BT 90,14.99,14.94,E,CAPTOPRIL,N
301418,CAPTO-PRIL ALLIANCE Comp Sec 50 mg Bt 90,CAPTO-PRIL ALLIANCE,Comprimé Sécable,50 mg,Bt 90,26.32,26.28,E,CAPTOPRIL,N
301125,CAPTOZID Comp Sec Bt 30,CAPTOZID,Comprimé Sécable,,Bt 30,20.37,19.38,E,CAPTOPRIL+HYDROCHLORTHIAZIDE,N
102948,CARBACTIVE 120 mg gelu Bt/30,CARBACTIVE,,120 mg,Bt/30,5.991,5.97,E,CHARBON ACTIVE,N
101706,CARBATOL Comp 200mg Bt 30,CARBATOL,Comprimé,200mg,Bt 30,1.488,1.47,V,CARBAMAZEPINE,N
301944,CARBOLESS Comp  50 MG BT 90,CARBOLESS,Comprimé,50 MG,BT 90,19.3,18.99,E,ACARBOSE,N
301945,CARBOLESS Comp Sec 100 MG BT 90,CARBOLESS,Comprimé Sécable,100 MG,BT 90,27.28,26.91,E,ACARBOSE,N
103327,CARBOPHOS 400mg Comp à Croquer B/2Tx20,CARBOPHOS,Comprimé à Croquer,400mg,B/2Tx20,6.594,6.56,E,CHARBON ACTIVE,N
103571,CARBOSYLANE Ent Gelule 70 mg/22.5 mg Bt 48,CARBOSYLANE Ent,Gélule,70 mg/22.5 mg,Bt 48,5.794,5.76,E,CHARBON ACTIVE+SIMETHICONE,N
103042,CARBOSYLANE Gélule Bt 48 (24 Doses),CARBOSYLANE,Gélule,,Bt 48,5.166,4.08,E,CHARBON ACTIVE+SIMETHICONE,N
100895,CARBOSYLANE Gélule Bt 96 (48 Doses),CARBOSYLANE,Gélule,,Bt 96,8.203,8.16,E,CHARBON ACTIVE+SIMETHICONE,N
103054,"CARDENSIEL 2,5 mg comp.pell.séc Bt 30",CARDENSIEL,Comprimé Pelliculé Sécable,"2,5 mg",Bt 30,16.18,5.4,E,BISOPROLOL,N
105759,CARDENSIEL 2.5mg Comp Pell Séc Bt 30,CARDENSIEL,Comprimé Pelliculé Sécable,2.5mg,Bt 30,15.28,5.4,E,BISOPROLOL,N
103055,CARDENSIEL 5 mg comp.pell.séc Bt 30,CARDENSIEL,Comprimé Pelliculé Sécable,5 mg,Bt 30,16.18,6.42,E,BISOPROLOL,N
105760,CARDENSIEL 5mg Comp Pell Séc Bt 30,CARDENSIEL,Comprimé Pelliculé Sécable,5mg,Bt 30,15.28,6.42,E,BISOPROLOL,N
301266,CARDEPINE Gel 10 mg Bt 32,CARDEPINE,Gélule,10 mg,Bt 32,18.895,12.544,E,AMLODIPINE,N
301265,CARDEPINE Gel 5 mg BT 32,CARDEPINE,Gélule,5 mg,BT 32,13.755,8.96,E,AMLODIPINE,N
301577,CARDEPINE Gelule 5 MG BT 64,CARDEPINE,Gélule,5 MG,BT 64,19.68,17.92,E,AMLODIPINE,N
302420,CARDIADIL 200 Gel LP 200 MG BT 30,CARDIADIL 200,Gélule à Libération Prolongée,200 MG,BT 30,15.7,15.69,E,DILTIAZEM,N
302421,CARDIADIL 300 Gel LP 300 MG BT 30,CARDIADIL 300,Gélule à Libération Prolongée,300 MG,BT 30,17.565,17.55,E,DILTIAZEM,N
103365,CARDILOL 12.5 mg Comp Fl 30,CARDILOL,Comprimé,12.5 mg,Fl 30,16.742,13.71,E,CARVEDILOL,N
103364,CARDILOL 6.25mg Comp Fl 30,CARDILOL,Comprimé,6.25mg,Fl 30,17.087,9.06,E,CARVEDILOL,N
103366,CARDILOL Comp 25mg  Fl 30,CARDILOL,Comprimé,25mg,Fl 30,23.216,18.87,E,CARVEDILOL,N
103824,CARDILOL Comp 3.125 MG  FL 30,CARDILOL,Comprimé,3.125 MG,FL 30,7.611,7.59,E,CARVEDILOL,N
303731,CARDOMINE 2mg Comp Séc Bt 90,CARDOMINE,Comprimé Sécable,2mg,Bt 90,12.03,11.97,E,MOLSIDOMINE,N
300966,CARDOMINE Comp Sec 2mg Bt 30,CARDOMINE,Comprimé Sécable,2mg,Bt 30,5.51,3.99,E,MOLSIDOMINE,N
300967,CARDOMINE Comp Sec 4mg Bt 30,CARDOMINE,Comprimé Sécable,4mg,Bt 30,7.71,7.65,E,MOLSIDOMINE,N
303746,CARDOSYL 10mg Comp Pell Fl 30,CARDOSYL,Comprimé Pelliculé,10mg,Fl 30,33.152,33.15,E,PERINDOPRIL,N
303747,CARDOSYL 5mg Comp Pell Séc Fl 30,CARDOSYL,Comprimé Pelliculé Sécable,5mg,Fl 30,19.05,19.02,E,PERINDOPRIL,N
301580,CARDOSYL Comp Sec 4 MG BT 28,CARDOSYL,Comprimé Sécable,4 MG,BT 28,17.755,17.752,E,PERINDOPRIL,N
300931,CARDOX Comp 1mg Fl 30,CARDOX,Comprimé,1mg,Fl 30,11.57,11.55,I,DOXAZOSINE,N
300932,CARDOX Comp Sec 4mg Fl 30,CARDOX,Comprimé Sécable,4mg,Fl 30,33.09,33.09,I,DOXAZOSINE,N
102899,CARTEOL LP 1% collyre fl/3 ml,CARTEOL LP 1%,Collyre,,fl/3 ml,13.037,13.035,E,CARTEOLOL,N
104916,CARTEOL LP 2 % Collyre  BT  30/0.2 ML,CARTEOL LP 2 %,Collyre,,BT  30/0.2 ML,19.253,10.44,E,CARTEOLOL,N
102900,CARTEOL LP 2% collyre fl/3 ml,CARTEOL LP 2%,Collyre,,fl/3 ml,13.037,10.44,E,CARTEOLOL,N
104184,CARVIDOL  Comp Sec 12.5 mg Bt 30,CARVIDOL,Comprimé Sécable,12.5 mg,Bt 30,18.605,13.71,E,CARVEDILOL,N
103534,CARVIDOL Comp Sec 25 mg Bt  30,CARVIDOL,Comprimé Sécable,25 mg,Bt  30,26.255,18.87,E,CARVEDILOL,N
103533,CARVIDOL Comp Sec 6.25 mg Bt 30,CARVIDOL,Comprimé Sécable,6.25 mg,Bt 30,11.94,9.06,E,CARVEDILOL,N
302189,CEBASPIRINE Comp Ad. Bt 20,CEBASPIRINE,Comprimé,,Bt 20,0.44,0.44,E,ACIDE ACETYLSALICYLIQUE+VITAMINE C+VITAMINE B1,N
308131,CEBUTOL Comp Pell 400mg Bt 32,CEBUTOL,Comprimé Pelliculé,400mg,Bt 32,10.5,7.552,E,ACEBUTOLOL,N
300564,CEBUTRAL Comp pell 400mg Bt 30,CEBUTRAL,Comprimé Pelliculé,400mg,Bt 30,12.69,7.08,E,ACEBUTOLOL,N
301811,CEDROX Gelule 500 MG BT 24,CEDROX,Gélule,500 MG,BT 24,12.425,12.408,E,CEFADROXIL,N
300572,CEDROX Gélule 500mg Bt 12,CEDROX,Gélule,500mg,Bt 12,7.51,6.204,E,CEFADROXIL,N
300570,CEDROX Sirop 250mg 5ml Fl 60ml,CEDROX,Sirop,250mg/5ml,Fl 60ml,4.74,4.74,E,CEFADROXIL,N
300571,CEDROX Sirop 500mg Fl 60ml,CEDROX,Sirop,500mg,Fl 60ml,8.16,8.16,E,CEFADROXIL,N
300494,CEFAZOL IM IV 1gr Pdre P Prép inj Bt1+S/5ml,CEFAZOL IM IV 1gr,Poudre pour Préparation Injectable,5ml,,3.6,3.6,E,CEFAZOLINE,N
300507,CEFAZOL Pdre inj 1gr IM Bt 1+1,CEFAZOL,Poudre pour Préparation Injectable,,Bt 1+1,3.89,3.6,E,CEFAZOLINE,N
103535,CEFODOX  Comp 200 mg Bt 10,CEFODOX,Comprimé,200 mg,Bt 10,21.691,21.69,E,CEFPODOXIME,N
104286,CEFODOX  P. Sus Buv 40 mg/5 ml Granulés Fl 100 ml,CEFODOX  P. Sus Buv,Granulés,40 mg/5 ml,Fl 100 ml,21.745,20.1,E,CEFPODOXIME,N
103363,CEFODOX Comp 100 mg  Bt 10,CEFODOX,Comprimé,100 mg,Bt 10,22.755,19.06,E,CEFPODOXIME,N
302884,CEFOKEN 100 mg/5ml Pdre P Susp Or Fl 60 ml,CEFOKEN,Suspension Buvable,100 mg/5ml,Fl 60 ml,19.67,13.56,E,CEFIXIME,N
302883,CEFOKEN 200mg GEL Bt 16,CEFOKEN,Gélule,200mg,Bt 16,29.495,24.4,E,CEFIXIME,N
300505,"CEFOTIM IM IV  Pdre inj 0,5gr Bt 1+ 1",CEFOTIM IM IV,Poudre pour Préparation Injectable,,Bt 1+ 1,6.84,6.84,E,CEFOTAXIME,N
300399,CEFOTIM IM IV 1gr Pdre P Prép inj Bt1+S/4ml,CEFOTIM IM IV 1gr,Poudre pour Préparation Injectable,4ml,,12.43,11.87,E,CEFOTAXIME,N
300521,CEFOTIM Pdre inj 1gr IM Bt 1+1,CEFOTIM,Poudre pour Préparation Injectable,,Bt 1+1,11.87,11.87,E,CEFOTAXIME,N
302304,CELASONE 0.05% LOTION FL 15 gr,CELASONE 0.05%,Lotion,,FL 15 gr,2.28,0.9,E,BETAMETHASONE,N
302823,CELASONE 4 (4mg/1ml) SOL. INJ. BT 3/1 ml,CELASONE 4 (,Solution Injectable,4mg/1ml,BT 3/1 ml,5.445,5.445,E,BETAMETHASONE,N
301307,CELEBREX  Gelule 200 mg Bt 20,CELEBREX,Gélule,200 mg,Bt 20,22.52,12.68,I,CELECOXIB,N
301633,CELEBREX Gelule 200 MG BT 30,CELEBREX,Gélule,200 MG,BT 30,31.33,19.02,I,CELECOXIB,N
300621,CELEBREX Gélule 200mg Bt 10,CELEBREX,Gélule,200mg,Bt 10,13.96,6.34,I,CELECOXIB,N
105642,CELESTENE CHRONODOSE 5.7mg/ml Susp Inj Bt 1/1ml (ex101488),CELESTENE CHRONODOSE,Suspension,5.7mg/ml,Bt 1/1ml,2.239,2.239,E,BETAMETHASONE,N
105641,CELESTENE Comp soluble  2mg Bt 20,CELESTENE,Comprimé Soluble,2mg,Bt 20,8.355,7,E,BETAMETHASONE,N
300695,CELIPROL 200 mg comp enrobé b/30,CELIPROL,Comprimé Enrobé,200 mg,b/30,12.33,12.33,E,CELIPROLOL,N
101948,CELLUVISC Collyre 4mg/0.4ml Bt 30 Fl Unidoses,CELLUVISC,Collyre,4mg/0.4ml,Bt 30 Fl Unidoses,5.491,5.49,E,CARMELLOSE,N
301256,CELOPRAM Comp Pell Sec 20 mg Bt 30,CELOPRAM,Comprimé Pelliculé Sécable,20 mg,Bt 30,15.785,15.78,E,CITALOPRAM,N
301255,CELOPRAM Sol Buv 40 mg/ml Fl 12 ml,CELOPRAM,Solution Buvable,40 mg/ml,Fl 12 ml,11.345,11.34,E,CITALOPRAM,N
301517,CELOXX  Gelule 200 MG bT 20,CELOXX,Gélule,200 MG,bT 20,17.245,12.68,I,CELECOXIB,N
301913,CELOXX  Gelule 200 MG BT 30,CELOXX,Gélule,200 MG,BT 30,19.74,19.02,I,CELECOXIB,N
309957,CELOXX Gélule 200mg Bt 10,CELOXX,Gélule,200mg,Bt 10,11.99,6.34,I,CELECOXIB,N
100202,CERULYSE Gttes Auric 5%  Fl 10ml,CERULYSE,Gouttes Auriculaires,,Fl 10ml,4.718,4.71,I,XYLENE,N
302256,CETAMOL Comp  Sec 1 GR BT 8,CETAMOL,Comprimé Sécable,,BT 8,2.995,2.336,E,PARACETAMOL,N
302255,CETAMOL Comp Sec 500 MG BT 16,CETAMOL,Comprimé Sécable,500 MG,BT 16,1.515,0.8,E,PARACETAMOL,N
301353,CETAMOL Gelule 500 mg Bt 16,CETAMOL,Gélule,500 mg,Bt 16,1.315,0.8,E,PARACETAMOL,N
301619,CETAMOL Gelule 500 MG BT 20,CETAMOL,Gélule,500 MG,BT 20,1.965,1,E,PARACETAMOL,N
302438,CETAMOL Sol Buv 3 % FL 100 ML,CETAMOL,Solution Buvable,,FL 100 ML,2.855,2,E,PARACETAMOL,N
302927,CETOLERGE 10mg/ml Sol Buv Fl 30 ml,CETOLERGE,Solution Buvable,10mg/ml,Fl 30 ml,7.4,7.38,E,CETIRIZINE,N
302928,CETOLERGE 5mg/5ml Sirop Fl 100 ml,CETOLERGE,Sirop,5mg/5ml,Fl 100 ml,4.28,4.2,E,CETIRIZINE,N
301715,CETRADOL Gelule 37.5 MG/325 MG BT 20,CETRADOL,Gélule,37.5 MG/325 MG,BT 20,6.365,4.48,E,TRAMADOL+PARACETAMOL,N
308175,CETRIX 10 mg comp.pell.séc.Bt/30,CETRIX,Comprimé Pelliculé Sécable,10 mg,Bt/30,7.505,7.5,E,CETIRIZINE,N
109708,CETROTIDE  Pdre P Inj 0.25mg  Bt 1 +ser 1ml,CETROTIDE,Poudre pour Préparation Injectable,0.25mg,Bt 1 +ser 1ml,55.395,55.395,E,CETRORELIX,O
105643,CHIBRO-PROSCAR 5mg Comp Pell Bt 28 (ex 108451),CHIBRO-PROSCAR,Comprimé Pelliculé,5mg,Bt 28,45.32,36.988,I,FINASTERIDE,N
303202,CHLOROTHIAZIDE Comp Enrob 500mg Bt 20,CHLOROTHIAZIDE,Comprimé Enrobé,500mg,Bt 20,3.15,3.14,E,CHLOROTHIAZIDE,N
303014,CHLORPROMAZINE 100MG Comp.Drag.Bt 30,CHLORPROMAZINE,Comprimé Enrobé,100MG,Bt 30,10.05,2.1,E,CHLORPROMAZINE,N
303013,CHLORPROMAZINE 25MG Comp.Drag.Bt 30,CHLORPROMAZINE,Comprimé Enrobé,25MG,Bt 30,4.88,0.57,E,CHLORPROMAZINE,N
307913,CHLORURE DE CALCIUM 10% Sol inj Bt 10Fl/5ml,CHLORURE DE CALCIUM 10%,Solution Injectable,,Bt 10Fl/5ml,3.2,2.69,E,CALCIUM,N
307914,CHLORURE DE CALCIUM UNIMED 10% Amp inj 10ml Bt 10,CHLORURE DE CALCIUM UNIMED 10%,Solution Injectable,10ml,Bt 10,2.69,2.69,E,CALCIUM,N
307380,CHLORURE DE POTASSIUM 7.46% UNIMED Sol Inj Bt 10/10ml,CHLORURE DE POTASSIUM 7.46% UNIMED,Solution Injectable,,Bt 10/10ml,3.805,3.8,V,CHLORURE DE POTASSIUM,N
307405,CHLORURE DE SODIUM 10% UNIMED sol inj Bt 10/10ml,CHLORURE DE SODIUM 10% UNIMED,Solution Injectable,,Bt 10/10ml,3.81,3.81,V,CHLORURE DE SODIUM,N
303214,CHOLDOWN 10mg Comp Pell Bt 30,CHOLDOWN,Comprimé Pelliculé,10mg,Bt 30,15.46,14.67,E,ATORVASTATINE,N
303215,CHOLDOWN 10mg Comp Pell Bt 90,CHOLDOWN,Comprimé Pelliculé,10mg,Bt 90,44.04,44.01,E,ATORVASTATINE,N
303216,CHOLDOWN 20mg Comp Pell Bt 30,CHOLDOWN,Comprimé Pelliculé,20mg,Bt 30,20.155,19.32,E,ATORVASTATINE,N
303217,CHOLDOWN 20mg Comp Pell Bt 90,CHOLDOWN,Comprimé Pelliculé,20mg,Bt 90,58.04,57.96,E,ATORVASTATINE,N
303218,CHOLDOWN 40 40mg Comp Pell Bt 30,CHOLDOWN 40,Comprimé Pelliculé,40mg,Bt 30,28.365,22.56,E,ATORVASTATINE,N
303751,CHOLDOWN 40 40mg Comp Pell Bt 90,CHOLDOWN 40,Comprimé Pelliculé,40mg,Bt 90,67.74,67.68,E,ATORVASTATINE,N
303219,CHOLDOWN 80 80mg Comp Pell Bt 30,CHOLDOWN 80,Comprimé Pelliculé,80mg,Bt 30,34.02,25.08,E,ATORVASTATINE,N
302936,CHOLESTYL 10 MG Comp Pell BT 30,CHOLESTYL,Comprimé Pelliculé,10 MG,BT 30,15.64,14.67,E,ATORVASTATINE,N
302957,CHOLESTYL 10 MG Comp Pell bt 90,CHOLESTYL,Comprimé Pelliculé,10 MG,bt 90,44.34,44.01,E,ATORVASTATINE,N
302937,CHOLESTYL 20 MG Comp Pell BT 30,CHOLESTYL,Comprimé Pelliculé,20 MG,BT 30,20.595,19.32,E,ATORVASTATINE,N
302958,CHOLESTYL 20 MG Comp Pell bt 90,CHOLESTYL,Comprimé Pelliculé,20 MG,bt 90,58.54,57.96,E,ATORVASTATINE,N
302938,CHOLESTYL 40 MG Comp Pell BT 30,CHOLESTYL,Comprimé Pelliculé,40 MG,BT 30,28.695,22.56,E,ATORVASTATINE,N
302959,CHOLESTYL 40 MG Comp Pell bt 90,CHOLESTYL,Comprimé Pelliculé,40 MG,bt 90,81.735,67.68,E,ATORVASTATINE,N
302939,CHOLESTYL 80 MG Comp Pell BT 30,CHOLESTYL,Comprimé Pelliculé,80 MG,BT 30,39.6,25.08,E,ATORVASTATINE,N
302998,CIBLOR 1000 MG/125MG Pdre.P.Susp.Or. Bt 12 Sachets-doses,CIBLOR,Suspension Buvable,1000 MG/125MG,Bt 12 Sachets-doses,19.71,14.016,E,AMOXICILLINE+ACIDE CLAVULANIQUE,N
302994,CIBLOR 500MG/62.5MG Pdre.P.Susp.Or. Bt 12 Sachets-Doses,CIBLOR,Suspension Buvable,500MG/62.5MG,Bt 12 Sachets-Doses,12.23,7.044,E,AMOXICILLINE+ACIDE CLAVULANIQUE,N
302999,CIBLOR Enf. 100mg/12.5mg/ml Pdre.P.Susp.Or. Fl 60ml+Ser Doseuse,CIBLOR Enf.,Suspension Buvable,100mg/12.5mg/ml,Fl 60ml+Ser Doseuse,10.98,8.76,E,AMOXICILLINE+ACIDE CLAVULANIQUE,N
303605,CIBRAMINE 10 10mg Comp Pell Séc Bt 28,CIBRAMINE 10,Comprimé Pelliculé Sécable,10mg,Bt 28,23.705,23.688,E,ESCITALOPRAM,N
303606,CIBRAMINE 20 20mg Comp. Pell. Séc. Bt 28,CIBRAMINE 20,Comprimé Pelliculé Sécable,20mg,Bt 28,34.235,34.216,E,ESCITALOPRAM,N
301744,CICLOVIRAX Creme Dermique 5% TBE 5 gr,CICLOVIRAX,Crème Dermique,,TBE 5 gr,11.97,6.135,I,ACICLOVIR,N
309994,CIDOMYCINE  Amp inj 20mg/2ml Bt 5,CIDOMYCINE,Solution Injectable,20mg/2ml,Bt 5,5.395,5.395,E,GENTAMICINE,N
309995,CIDOMYCINE  Amp inj 40mg/2ml Bt 5,CIDOMYCINE,Solution Injectable,40mg/2ml,Bt 5,5.37,5.37,E,GENTAMICINE,N
309996,CIDOMYCINE  Amp inj 80mg/2ml Bt 5,CIDOMYCINE,Solution Injectable,80mg/2ml,Bt 5,8.76,8.76,E,GENTAMICINE,N
308125,CIMEDINE Comp 400mg Bt 24,CIMEDINE,Comprimé,400mg,Bt 24,8.54,8.52,E,CIMETIDINE,N
302233,CINCOR 10 Comp Pell Sec 10 MG BT 90,CINCOR 10,Comprimé Pelliculé Sécable,10 MG,BT 90,31.33,24.66,E,BISOPROLOL,N
309034,CINCOR 10mg Comp pell  Sec Bt 30,CINCOR,Comprimé Pelliculé Sécable,10mg,Bt 30,14.91,8.22,E,BISOPROLOL,N
309070,CINCOR 2.5 Comp Pell Sec 2.5 mg  Bt 30,CINCOR 2.5,Comprimé Pelliculé Sécable,2.5 mg,Bt 30,7.33,5.4,E,BISOPROLOL,N
302494,CINCOR 5 MG COMP PELL SEC BT 30,CINCOR,Comprimé Pelliculé Sécable,5 MG,BT 30,7.205,6.42,E,BISOPROLOL,N
303808,CINKASA 500mg Suppo Bt 60,CINKASA,Suppositoire,500mg,Bt 60,62,52.44,E,MESALAZINE,N
301471,CINKASA Supp 500 MG Bt  15,CINKASA Supp,,500 MG,Bt  15,13.12,13.11,E,MESALAZINE,N
308359,CINODERM Pde Derm Tb 10gr,CINODERM,Pommade Dermique,,Tb 10gr,5.07,2.75,E,TRIAMCINOLONE+NEOMYCINE,N
300657,CIPRACTINE Comp 4mg Bt 30,CIPRACTINE,Comprimé,4mg,Bt 30,5.39,5.1,E,CYPROHEPTADINE,N
300546,CIPRO  Collyre 0.3% Fl 5ml,CIPRO,Collyre,,Fl 5ml,4.6,4.6,E,CIPROFLOXACINE,N
300646,CIPRO Comp 500mg Bt  14,CIPRO,Comprimé,500mg,Bt  14,12.31,9.156,E,CIPROFLOXACINE,N
300647,CIPRO Comp 750mg Bt  14,CIPRO,Comprimé,750mg,Bt  14,18.585,10.416,E,CIPROFLOXACINE,N
303506,CIPROCINE 500mg Comp Pell Séc Bt 14,CIPROCINE,Comprimé Pelliculé Sécable,500mg,Bt 14,9.34,9.156,E,CIPROFLOXACINE,N
303507,CIPROCINE 750mg Comp Pell Bt 14,CIPROCINE,Comprimé Pelliculé,750mg,Bt 14,10.43,10.416,E,CIPROFLOXACINE,N
309876,CIPRODAR Comp 500mg Bt  14,CIPRODAR,Comprimé,500mg,Bt  14,12.24,9.156,E,CIPROFLOXACINE,N
303267,CIPROFLEX 500 500mg Comp Pell Bt 28,CIPROFLEX 500,Comprimé Pelliculé,500mg,Bt 28,18.44,18.312,E,CIPROFLOXACINE,N
302379,CIPROFLEX 500 Comp Pell  500 MG BT 14,CIPROFLEX 500,Comprimé Pelliculé,500 MG,BT 14,11.47,9.156,E,CIPROFLOXACINE,N
302941,CIPROFLEX 750 750 MG Comp Pell BT 15,CIPROFLEX 750,Comprimé Pelliculé,750 MG,BT 15,11.16,11.16,E,CIPROFLOXACINE,N
300714,CIPROLON 500 mg comp.péll.séc.b/14,CIPROLON,Comprimé Sécable,500 mg,b/14,12.73,9.156,E,CIPROFLOXACINE,N
300167,CIPROLON Comp 500mg Bt 10,CIPROLON,Comprimé,500mg,Bt 10,10.19,6.54,E,CIPROFLOXACINE,N
301364,CIPROLON Comp Pell Sec 750 mg Bt 14,CIPROLON,Comprimé Pelliculé Sécable,750 mg,Bt 14,16.84,10.416,E,CIPROFLOXACINE,N
303481,CIPROMAX 500 500mg Comp.Pell.Séc. Bt14,CIPROMAX 500,Comprimé Pelliculé Sécable,500mg,,9.16,9.156,E,CIPROFLOXACINE,N
303482,CIPROMAX 750 750mg Comp.Pell.Bt 14,CIPROMAX 750,Comprimé Pelliculé,750mg,Bt 14,10.43,10.416,E,CIPROFLOXACINE,N
309064,CIPROSAIPH (ex BACTALL ) Comp Pell Sec 500 mg  Bt 14,CIPROSAIPH (ex BACTALL ),Comprimé Pelliculé Sécable,500 mg,Bt 14,10.515,9.156,E,CIPROFLOXACINE,N
307212,CIPTADINE 4mg Comp Enr Séc Bt 30,CIPTADINE,Comprimé Sécable,4mg,Bt 30,5.12,5.1,E,CYPROHEPTADINE,N
303619,CITOM 50mg Comp. Séc. Bt 10,CITOM,Comprimé Sécable,50mg,Bt 10,7.87,6.28,E,CLOMIFENE,N
303618,CITOM 50mg Comp. Séc. Bt 5,CITOM,Comprimé Sécable,50mg,Bt 5,4.055,3.14,E,CLOMIFENE,N
306030,CLAMOXYL 500mg  Gélule Bt 12,CLAMOXYL,Gélule,500mg,Bt 12,7.92,2.964,E,AMOXICILLINE,N
306035,CLAMOXYL 500mg/5ml Pdre/Susp Or  Fl 60ml,CLAMOXYL,Suspension Buvable,500mg/5ml,Fl 60ml,10.34,4.5,E,AMOXICILLINE,N
300224,CLAMOXYL dispersible 1gr Comp soluble  B/ 12,CLAMOXYL dispersible 1gr,Comprimé Soluble,,B/ 12,13.805,5.7,E,AMOXICILLINE,N
300922,CLAMOXYL DISPERSIBLE 500mg Comp Soluble Bt 12,CLAMOXYL DISPERSIBLE,Comprimé Soluble,500mg,Bt 12,8.74,3.612,E,AMOXICILLINE,N
306034,CLAMOXYL Pdre Susp Buv 250mg Fl 60ml,CLAMOXYL,Suspension Buvable,250mg,Fl 60ml,5.96,2.64,E,AMOXICILLINE,N
306088,CLAMOXYL Sirop 125mg Fl 60ml,CLAMOXYL,Sirop,125mg,Fl 60ml,2.835,2.1,E,AMOXICILLINE,N
301208,CLAMYCINE Comp Pell Sec 250 mg Bt 14,CLAMYCINE,Comprimé Pelliculé Sécable,250 mg,Bt 14,15.97,13.286,E,CLARITHROMYCINE,N
301209,CLAMYCINE Comp Pell Sec 500 mg BT 14,CLAMYCINE,Comprimé Pelliculé Sécable,500 mg,BT 14,29.875,19.712,E,CLARITHROMYCINE,N
300761,CLARID 25 mg/ml gran/susp buv Fl/60 ml + ser dos,CLARID,Suspension Buvable,25 mg/ml,Fl/60 ml + ser dos,12.21,12.18,E,CLARITHROMYCINE,N
300763,CLARID 250 mg comp pell Bt/10,CLARID,Comprimé Pelliculé,250 mg,Bt/10,13.505,9.49,E,CLARITHROMYCINE,N
300762,CLARID 50 mg/ml gran.susp Fl/60 ml + ser.dos,CLARID,Suspension,50 mg/ml,Fl/60 ml + ser.dos,19.39,19.38,E,CLARITHROMYCINE,N
300764,CLARID 500 mg comp pell Bt/14,CLARID,Comprimé Pelliculé,500 mg,Bt/14,29.775,19.712,E,CLARITHROMYCINE,N
300964,CLARID Comp Pell 250mg Bt 14,CLARID,Comprimé Pelliculé,250mg,Bt 14,16.54,13.286,E,CLARITHROMYCINE,N
302120,CLARIMAX Comp Pell 250 MG BT 14,CLARIMAX,Comprimé Pelliculé,250 MG,BT 14,14,13.286,E,CLARITHROMYCINE,N
302121,CLARIMAX Comp Pell 500 MG BT 14,CLARIMAX,Comprimé Pelliculé,500 MG,BT 14,24,19.712,E,CLARITHROMYCINE,N
308174,CLARITHRO Comp 250mg B/10,CLARITHRO,Comprimé,250mg,B/10,11.345,9.49,E,CLARITHROMYCINE,N
308165,CLARITHRO Comp 500mg Bt 16,CLARITHRO,Comprimé,500mg,Bt 16,35.24,22.528,E,CLARITHROMYCINE,N
301527,CLARITHROMYCINE ZENTIVA  500 mg Comp Pell  Bt 14,CLARITHROMYCINE ZENTIVA,Comprimé Pelliculé,500 mg,Bt 14,26.57,19.712,E,CLARITHROMYCINE,N
302568,CLARIUS 0.5 MG/ML SOL. BUV. FL 150 ML,CLARIUS,Solution Buvable,0.5 MG/ML,FL 150 ML,6.895,6.75,E,DESLORATADINE,N
302569,CLARIUS 5 MG COMP. PELL. BT 15,CLARIUS,Comprimé Pelliculé,5 MG,BT 15,5.42,4.845,E,DESLORATADINE,N
302570,CLARIUS 5 MG COMP. PELL. BT 30,CLARIUS,Comprimé Pelliculé,5 MG,BT 30,9.705,9.69,E,DESLORATADINE,N
309025,CLAVOR 1 g/125 mg pdre.susp.or.sach.Bt/12,CLAVOR,Suspension Buvable,1 g/125 mg,Bt/12,17.605,14.016,E,AMOXICILLINE+ACIDE CLAVULANIQUE,N
309022,CLAVOR 100 mg/12.5 mg/ml /susp.or. Fl/60 ml + pipette,CLAVOR,Suspension Buvable,100 mg/12.5 mg/ml,Fl/60 ml + pipette,10.795,8.76,E,AMOXICILLINE+ACIDE CLAVULANIQUE,N
309986,CLAVOR 500 (1/8) 500 mg/62.5 mg Comp Bt 16,CLAVOR 500 (1/8),Comprimé,500 mg/62.5 mg,Bt 16,11.175,9.76,E,AMOXICILLINE+ACIDE CLAVULANIQUE,N
309987,CLAVOR 500 (1/8) 500 mg/62.5 mg Comp Bt 24,CLAVOR 500 (1/8),Comprimé,500 mg/62.5 mg,Bt 24,17.105,14.64,E,AMOXICILLINE+ACIDE CLAVULANIQUE,N
309958,CLAVOR Comp 500mg/125mg  Bt 12,CLAVOR,Comprimé,500mg/125mg,Bt 12,10.125,10.116,E,AMOXICILLINE+ACIDE CLAVULANIQUE,N
309110,CLAVOR Pdre P Susp Or 1gr/125 mg  Bt 24 Sachets,CLAVOR,Suspension Buvable,125 mg,Bt 24 Sachets,29.425,28.032,E,AMOXICILLINE+ACIDE CLAVULANIQUE,N
309055,CLAVOR Pdre Sus Or 500mg/62.5mg Bt 24 Sachet,CLAVOR,Poudre pour Suspension Buvable,500mg/62.5mg,Bt 24 Sachet,18.48,14.088,E,AMOXICILLINE+ACIDE CLAVULANIQUE,N
303632,CLAVUMOX 500mg/62.5mg Comp Pell Bt 16,CLAVUMOX,Comprimé Pelliculé,500mg/62.5mg,Bt 16,10,9.76,E,AMOXICILLINE+ACIDE CLAVULANIQUE,N
303633,CLAVUMOX 500mg/62.5mg Comp Pell Bt 24,CLAVUMOX,Comprimé Pelliculé,500mg/62.5mg,Bt 24,14.76,14.64,E,AMOXICILLINE+ACIDE CLAVULANIQUE,N
303700,CLAVUMOX 500mg/62.5mg Comp Pell Bt 48,CLAVUMOX,Comprimé Pelliculé,500mg/62.5mg,Bt 48,29.3,29.28,E,AMOXICILLINE+ACIDE CLAVULANIQUE,N
303631,CLAVUMOX Enf 500mg/62.5mg Pdre P Susp Or  Bt 24 Sachets -dose,CLAVUMOX Enf,Suspension Buvable,500mg/62.5mg,Bt 24 Sachets -dose,14.09,14.088,E,AMOXICILLINE+ACIDE CLAVULANIQUE,N
303645,CLAVUMOX ENFANT 100mg/12.5mg/ml Pdre P Susp Or Fl 60ml,CLAVUMOX ENFANT,Suspension Buvable,100mg/12.5mg/ml,Fl 60ml,8.875,8.76,E,AMOXICILLINE+ACIDE CLAVULANIQUE,N
303671,CLAVUMOX NOURISSON 100mg/12.5mg/ml Pdre P Susp Or Fl 30ml,CLAVUMOX NOURISSON,Suspension Buvable,100mg/12.5mg/ml,Fl 30ml,5.94,4.38,E,AMOXICILLINE+ACIDE CLAVULANIQUE,N
100761,CLENIL FORTE Aérosol 250µg Fl 200doses,CLENIL FORTE Aéro,Solution,250µg,Fl 200doses,20.175,12.8,E,BECLOMETASONE,N
102091,CLIMASTON  Comp 1mg/10mg Bt 14+14,CLIMASTON,Comprimé,1mg/10mg,Bt 14+14,10.689,10.668,E,ESTRADIOL+DYDROGESTRONE,N
102293,CLIMASTON Comp 1mg/5mg  Bt 28,CLIMASTON,Comprimé,1mg/5mg,Bt 28,12.063,12.04,E,ESTRADIOL+DYDROGESTRONE,N
101571,CLIMASTON Comp pell 2mg/10mg Bt 14+14,CLIMASTON,Comprimé Pelliculé,2mg/10mg,Bt 14+14,10.224,10.22,E,ESTRADIOL+DYDROGESTRONE,N
104203,CLOBEX 500 µG/GR Shampoing Fl 125 ml,CLOBEX,Shampooing,500 µG,Fl 125 ml,31.91,31.875,E,CLOBETASOL,N
101817,CLOMIPRAMINE MERCK Comp 25mg Bt 50,CLOMIPRAMINE MERCK,Comprimé,25mg,Bt 50,6.702,6.7,E,CLOMIPRAMINE,N
301812,CLOPIDOGREL PFIZER Comp Pell 75 MG BT 30,CLOPIDOGREL PFIZER,Comprimé Pelliculé,75 MG,BT 30,37.535,29.34,E,CLOPIDOGREL,O
302241,CLOPIDOGREL PFIZER Comp Pell 75 MG BT 90,CLOPIDOGREL PFIZER,Comprimé Pelliculé,75 MG,BT 90,103.205,88.02,E,CLOPIDOGREL,O
309111,CLOPIX Comp Pell 75 mg Bt 60,CLOPIX,Comprimé Pelliculé,75 mg,Bt 60,149.555,58.68,E,CLOPIDOGREL,O
309112,CLOPIX Comp Pell 75 mg Bt 90,CLOPIX,Comprimé Pelliculé,75 mg,Bt 90,103.12,88.02,E,CLOPIDOGREL,O
309056,CLOPIX Comp Pell 75mg  Bt 30,CLOPIX,Comprimé Pelliculé,75mg,Bt 30,36.52,29.34,E,CLOPIDOGREL,O
302826,CLOVEN 75 mg COMP PELL Bt 30,CLOVEN,Comprimé Pelliculé,75 mg,Bt 30,32.155,29.34,E,CLOPIDOGREL,O
302886,CLOVEN 75 mg COMP PELL Bt 90,CLOVEN,Comprimé Pelliculé,75 mg,Bt 90,90.08,88.02,E,CLOPIDOGREL,O
506906,CLOZAREM 100mg Comp Séc Bt 50,CLOZAREM,Comprimé Sécable,100mg,Bt 50,131.031,131.031,E,CLOZAPINE,O
506907,CLOZAREM 25mg Comp Séc Bt 50,CLOZAREM,Comprimé Sécable,25mg,Bt 50,31.869,31.869,E,CLOZAPINE,O
301467,CO-ALGESIC Comp Sec 500 MG/30MG Bt 16,CO-ALGESIC,Comprimé Sécable,500 MG/30MG,Bt 16,5.97,4,E,CODEINE+PARACETAMOL,N
302514,CO-ALGIDOL 500mg/30mg Comp. Bt 16 (ex CO-DOLICARE Comp 500MG/30MG BT 16),CO-ALGIDOL,Comprimé,500mg/30mg,Bt 16,4.01,4,E,CODEINE+PARACETAMOL,N
301787,COAPROVEL Comp Pell  300 MG/25 MG BT 90,COAPROVEL,Comprimé Pelliculé,300 MG/25 MG,BT 90,180.945,72.72,E,IRBESARTAN+HYDROCHLOROTHIAZIDE,N
301700,COAPROVEL Comp Pell 150 MG/12.5 MG BT 30,COAPROVEL,Comprimé Pelliculé,150 MG/12.5 MG,BT 30,43.025,20.07,E,IRBESARTAN+HYDROCHLOROTHIAZIDE,N
301785,COAPROVEL Comp Pell 150 MG/12.5 MG BT 90,COAPROVEL,Comprimé Pelliculé,150 MG/12.5 MG,BT 90,120.045,60.21,E,IRBESARTAN+HYDROCHLOROTHIAZIDE,N
301701,COAPROVEL Comp PELL 300 MG/12.5 MG BT 30,COAPROVEL,Comprimé Pelliculé,300 MG/12.5 MG,BT 30,58.025,24.24,E,IRBESARTAN+HYDROCHLOROTHIAZIDE,N
301786,COAPROVEL Comp Pell 300 MG/12.5MG BT 90,COAPROVEL,Comprimé Pelliculé,300 MG/12.5MG,BT 90,162.075,72.72,E,IRBESARTAN+HYDROCHLOROTHIAZIDE,N
301702,COAPROVEL Comp Pell 300 MG/25 MG BT 30,COAPROVEL,Comprimé Pelliculé,300 MG/25 MG,BT 30,64.78,24.24,E,IRBESARTAN+HYDROCHLOROTHIAZIDE,N
301825,COAPROZAR Comp Pell  150 MG/12.5MG BT 30,COAPROZAR,Comprimé Pelliculé,150 MG/12.5MG,BT 30,28.015,20.07,E,IRBESARTAN+HYDROCHLOROTHIAZIDE,N
301889,COAPROZAR Comp Pell 150 MG/12.5MG BT 90,COAPROZAR,Comprimé Pelliculé,150 MG/12.5MG,BT 90,70.82,60.21,E,IRBESARTAN+HYDROCHLOROTHIAZIDE,N
301826,COAPROZAR Comp Pell 300 MG/12.5 MG BT 30,COAPROZAR,Comprimé Pelliculé,300 MG/12.5 MG,BT 30,36.68,24.24,E,IRBESARTAN+HYDROCHLOROTHIAZIDE,N
301890,COAPROZAR Comp Pell 300 MG/12.5MG BT 90,COAPROZAR,Comprimé Pelliculé,300 MG/12.5MG,BT 90,98.88,72.72,E,IRBESARTAN+HYDROCHLOROTHIAZIDE,N
301827,COAPROZAR Comp Pell 300 MG/25MG BT 30,COAPROZAR,Comprimé Pelliculé,300 MG/25MG,BT 30,39.105,24.24,E,IRBESARTAN+HYDROCHLOROTHIAZIDE,N
301891,COAPROZAR Comp Pell 300 MG/25MG BT 90,COAPROZAR,Comprimé Pelliculé,300 MG/25MG,BT 90,98.88,72.72,E,IRBESARTAN+HYDROCHLOROTHIAZIDE,N
302332,CO-ARADEUX  Comp  Pell 150 MG/12.5 MG  BT 90,CO-ARADEUX,Comprimé Pelliculé,150 MG/12.5 MG,BT 90,65.955,60.21,E,IRBESARTAN+HYDROCHLOROTHIAZIDE,N
301855,CO-ARADEUX  Comp Pell 150 MG/12.5 MG BT 30,CO-ARADEUX,Comprimé Pelliculé,150 MG/12.5 MG,BT 30,25.895,20.07,E,IRBESARTAN+HYDROCHLOROTHIAZIDE,N
301856,CO-ARADEUX  Comp Pell 300 MG/12.5MG BT 30,CO-ARADEUX,Comprimé Pelliculé,300 MG/12.5MG,BT 30,33.15,24.24,E,IRBESARTAN+HYDROCHLOROTHIAZIDE,N
302333,CO-ARADEUX Comp Pell 300 MG/12.5 MG  BT 90,CO-ARADEUX,Comprimé Pelliculé,300 MG/12.5 MG,BT 90,90.785,72.72,E,IRBESARTAN+HYDROCHLOROTHIAZIDE,N
301857,CO-ARADEUX Comp Pell 300 MG/25 MG BT 30,CO-ARADEUX,Comprimé Pelliculé,300 MG/25 MG,BT 30,33.155,24.24,E,IRBESARTAN+HYDROCHLOROTHIAZIDE,N
302334,CO-ARADEUX Comp Pell 300 MG/25MG  BT 90,CO-ARADEUX,Comprimé Pelliculé,300 MG/25MG,BT 90,90.785,72.72,E,IRBESARTAN+HYDROCHLOROTHIAZIDE,N
301748,COARAVEN Comp Pell  300 MG/12.5 MG BT 30,COARAVEN,Comprimé Pelliculé,300 MG/12.5 MG,BT 30,39.93,24.24,E,IRBESARTAN+HYDROCHLOROTHIAZIDE,N
301819,COARAVEN Comp Pell 150 MG/12.5 MG BT90,COARAVEN,Comprimé Pelliculé,150 MG/12.5 MG,,80.15,60.21,E,IRBESARTAN+HYDROCHLOROTHIAZIDE,N
301747,COARAVEN Comp Pell 150 MG/12.5MG BT 30,COARAVEN,Comprimé Pelliculé,150 MG/12.5MG,BT 30,30.625,20.07,E,IRBESARTAN+HYDROCHLOROTHIAZIDE,N
301820,COARAVEN Comp Pell 300 MG/12.5MG BT 90,COARAVEN,Comprimé Pelliculé,300 MG/12.5MG,BT 90,107.405,72.72,E,IRBESARTAN+HYDROCHLOROTHIAZIDE,N
301749,COARAVEN Comp Pell 300 MG/25 MG BT 30,COARAVEN,Comprimé Pelliculé,300 MG/25 MG,BT 30,44.98,24.24,E,IRBESARTAN+HYDROCHLOROTHIAZIDE,N
301821,COARAVEN Comp Pell 300 MG/25MG BT 90,COARAVEN,Comprimé Pelliculé,300 MG/25MG,BT 90,121.035,72.72,E,IRBESARTAN+HYDROCHLOROTHIAZIDE,N
301234,CODOLIPRANE Ad  Comp Sec 400mg/20 mg  Comp  sec  Bt 16,CODOLIPRANE Ad,Comprimé Sécable,400mg/20 mg,Bt 16,3.1,3.088,E,CODEINE+PARACETAMOL,N
302774,CO-IRBESAR 150 mg /12.5 mg COMP. BT 90,CO-IRBESAR,Comprimé,150 mg /12.5 mg,BT 90,66.06,60.21,E,IRBESARTAN+HYDROCHLOROTHIAZIDE,N
302775,CO-IRBESAR 300 mg/12.5 mg COMP. BT 90,CO-IRBESAR,Comprimé,300 mg/12.5 mg,BT 90,87.27,72.72,E,IRBESARTAN+HYDROCHLOROTHIAZIDE,N
302776,CO-IRBESAR 300 mg/25 mg COMP. BT 90,CO-IRBESAR,Comprimé,300 mg/25 mg,BT 90,88.44,72.72,E,IRBESARTAN+HYDROCHLOROTHIAZIDE,N
302087,CO-IRBESAR Comp 150MG/12.5MG BT 30,CO-IRBESAR,Comprimé,150MG/12.5MG,BT 30,23.95,20.07,E,IRBESARTAN+HYDROCHLOROTHIAZIDE,N
302089,CO-IRBESAR Comp 300 MG/25 MG BT 30,CO-IRBESAR,Comprimé,300 MG/25 MG,BT 30,34.58,24.24,E,IRBESARTAN+HYDROCHLOROTHIAZIDE,N
302088,CO-IRBESAR Comp 300MG/12.5MG BT 30,CO-IRBESAR,Comprimé,300MG/12.5MG,BT 30,33.25,24.24,E,IRBESARTAN+HYDROCHLOROTHIAZIDE,N
301737,CO-IRBY Comp Pell 150 MG/12.5 MG BT 30,CO-IRBY,Comprimé Pelliculé,150 MG/12.5 MG,BT 30,23.865,20.07,E,IRBESARTAN+HYDROCHLOROTHIAZIDE,N
301739,CO-IRBY Comp Pell 300MG/25 MG BT 30,CO-IRBY,Comprimé Pelliculé,300MG/25 MG,BT 30,37.085,24.24,E,IRBESARTAN+HYDROCHLOROTHIAZIDE,N
301738,"CO-IRBY Comp, Pell 300 MG/12.5 MG BT 30",CO-IRBY,Comprimé Pelliculé,300 MG/12.5 MG,BT 30,33.25,24.24,E,IRBESARTAN+HYDROCHLOROTHIAZIDE,N
302812,CO-IRIVEL 150MG/12.5MG Comp Pell BT 90,CO-IRIVEL,Comprimé Pelliculé,150MG/12.5MG,BT 90,66.03,60.21,E,IRBESARTAN+HYDROCHLOROTHIAZIDE,N
302814,CO-IRIVEL 300MG/12.5MG Comp Pell BT 90,CO-IRIVEL,Comprimé Pelliculé,300MG/12.5MG,BT 90,85.47,72.72,E,IRBESARTAN+HYDROCHLOROTHIAZIDE,N
302815,CO-IRIVEL 300MG/25MG Comp Pell BT 90,CO-IRIVEL,Comprimé Pelliculé,300MG/25MG,BT 90,85.48,72.72,E,IRBESARTAN+HYDROCHLOROTHIAZIDE,N
302259,CO-IRIVEL Comp Pell 150MG/12.5MG BT 30,CO-IRIVEL,Comprimé Pelliculé,150MG/12.5MG,BT 30,26.14,20.07,E,IRBESARTAN+HYDROCHLOROTHIAZIDE,N
302260,CO-IRIVEL Comp Pell 300 MG/12.5 MG BT 30,CO-IRIVEL,Comprimé Pelliculé,300 MG/12.5 MG,BT 30,31.245,24.24,E,IRBESARTAN+HYDROCHLOROTHIAZIDE,N
302261,CO-IRIVEL Comp Pell 300 MG/25 MG BT 30,CO-IRIVEL,Comprimé Pelliculé,300 MG/25 MG,BT 30,34.345,24.24,E,IRBESARTAN+HYDROCHLOROTHIAZIDE,N
105384,COLCHICINA LIRCA  1mg Comp Bt 60,COLCHICINA LIRCA,Comprimé,1mg,Bt 60,29.405,10.08,E,COLCHICINE,N
102556,COLCHICINE OPOCALCIUM Comp 1mg Bt 20,COLCHICINE OPOCALCIUM,Comprimé,1mg,Bt 20,3.36,3.36,E,COLCHICINE,N
308062,COLLARGOL Pde Derm  5% Tb 10gr,COLLARGOL,Pommade Dermique,,Tb 10gr,2.525,2.52,I,ARGENT COLLARGOL+ARGENT COLLOIDAL,N
105617,COLLYRE BLEU LAITER Collyre Fl 10ml (ex 100826),COLLYRE BLEU LAITER,Collyre,,Fl 10ml,4.055,4.05,I,METHYLTHIONINIUM+NAPHAZOLINE NITRATE,N
303081,COLOCALM 160 160 mg Comp Orodispersible Bt/15,COLOCALM 160,Comprimé Orodispersible,160 mg,Bt/15,7.44,7.245,I,PHLOROGLUCINOL,N
303002,COLOCALM 80 mg Comp Orodisp Bt 20,COLOCALM,Comprimé Orodispersible,80 mg,Bt 20,4.935,4.92,I,PHLOROGLUCINOL,N
300806,CO-LOSAR 50mg/12.5mg Comp Pell Sec  Bt 30,CO-LOSAR,Comprimé Pelliculé Sécable,50mg/12.5mg,Bt 30,27.245,20.55,E,LOSARTAN+HYDROCHLOROTHIAZIDE,N
301260,CO-LOSAR Comp Pell  50mg/12.5 mg Bt 60,CO-LOSAR,Comprimé Pelliculé,50mg/12.5 mg,Bt 60,48.185,41.1,E,LOSARTAN+HYDROCHLOROTHIAZIDE,N
302171,CO-LOSAR Comp Pell 50 MG/12.5 MG BT 90,CO-LOSAR,Comprimé Pelliculé,50 MG/12.5 MG,BT 90,64.97,61.65,E,LOSARTAN+HYDROCHLOROTHIAZIDE,N
302122,CO-LOSAR FORT Comp Pell Sec 100 MG/25 MG BT 90,CO-LOSAR FORT,Comprimé Pelliculé Sécable,100 MG/25 MG,BT 90,75.035,71.28,E,LOSARTAN+HYDROCHLOROTHIAZIDE,N
302097,CO-LOSAR FORT Comp Pell Sec 100 MG/25MG BT 30,CO-LOSAR FORT,Comprimé Pelliculé Sécable,100 MG/25MG,BT 30,30.975,23.76,E,LOSARTAN+HYDROCHLOROTHIAZIDE,N
302123,CO-LOSAR PLUS Comp Pell Sec 100 MG/12.5 MG  BT 90,CO-LOSAR PLUS,Comprimé Pelliculé Sécable,100 MG/12.5 MG,BT 90,74.03,73.98,E,LOSARTAN+HYDROCHLOROTHIAZIDE,N
302098,CO-LOSAR PLUS Comp Pell Sec 100 MG/12.5 MG BT 30,CO-LOSAR PLUS,Comprimé Pelliculé Sécable,100 MG/12.5 MG,BT 30,29.29,24.66,E,LOSARTAN+HYDROCHLOROTHIAZIDE,N
301412,CO-LOSARTAN WINTHROP  Comp Pell Sec   50 mg/12.5 mg Fl 30,CO-LOSARTAN WINTHROP,Comprimé Pelliculé Sécable,50 mg/12.5 mg,Fl 30,25.11,20.55,E,LOSARTAN+HYDROCHLOROTHIAZIDE,N
301413,CO-LOSARTAN WINTHROP Comp Pell 100 mg/25 mg Fl 30,CO-LOSARTAN WINTHROP,Comprimé Pelliculé,100 mg/25 mg,Fl 30,26.485,23.76,E,LOSARTAN+HYDROCHLOROTHIAZIDE,N
301609,COLOSPASMYL 0.787 GR% Granules.P. Sus Buv FL 250 ML,COLOSPASMYL 0.787 GR%,Granulés pour Suspension Buvable,,FL 250 ML,3.985,3.75,I,TRIMEBUTINE,N
301409,COLOSPASMYL 74.4 mg granulés P.Susp.Buv Bt 30 sachets,COLOSPASMYL,Suspension Buvable,74.4 mg,Bt 30 sachets,8.47,8.46,I,TRIMEBUTINE,N
300555,COLOSPASMYL Comp 100mg Bt 30,COLOSPASMYL,Comprimé,100mg,Bt 30,5.73,4.41,I,TRIMEBUTINE,N
301283,COLOSPASMYL Comp Sec 200 mg Bt 15,COLOSPASMYL,Comprimé Sécable,200 mg,Bt 15,5.79,5.505,I,TRIMEBUTINE,N
101280,COLPRONE Comp 5mg Bt 20,COLPRONE,Comprimé,5mg,Bt 20,6.907,6.9,E,MEDROGESTONE,N
303389,COLTRAMYL Comp séc. 4mg Bt 12,COLTRAMYL,Comprimé Sécable,4mg,Bt 12,7.65,4.752,I,THIOCOLCHICOSIDE,N
302880,COMBIFOR 200 mcg/12 mcg Pdre P. Inhal. Bucc. BT 120 GEL (60 GEL AERONIDE+ 60 GEL AEROFOR),COMBIFOR,Poudre pour Inhalation,200 mcg/12 mcg,BT 120 GEL,40.37,38.76,E,BUDESONIDE+FORMOTEROL,N
302825,COMBIFOR 400 mcg/12mcg Pdre P Inh Bucc BT 120 GEL (60 GEl Aeronide+60 GEl Aerofor),COMBIFOR,Poudre pour Inhalation,400 mcg/12mcg,BT 120 GEL,48.985,46.86,E,BUDESONIDE+FORMOTEROL,N
103770,COMBIGAN Collyre Fl 5 ml,COMBIGAN,Collyre,,Fl 5 ml,29.759,29.755,E,BRIMONIDINE+TIMOLOL,N
301432,CO-MEDZAR  FORT Comp Pell Sec  100 mg/25 mg Bt 28,CO-MEDZAR  FORT,Comprimé Pelliculé Sécable,100 mg/25 mg,Bt 28,27.08,22.176,E,LOSARTAN+HYDROCHLOROTHIAZIDE,N
302992,CO-MEDZAR 50mg/12.5mg comp pell séc Bt 90,CO-MEDZAR,Comprimé Pelliculé Sécable,50mg/12.5mg,Bt 90,61.735,61.65,E,LOSARTAN+HYDROCHLOROTHIAZIDE,N
301431,CO-MEDZAR Comp Pell Sec 50 mg/12.5 mg BT 28,CO-MEDZAR,Comprimé Pelliculé Sécable,50 mg/12.5 mg,BT 28,24.245,19.18,E,LOSARTAN+HYDROCHLOROTHIAZIDE,N
302993,CO-MEDZAR FORT 100mg/25mg comp pell séc Bt 90,CO-MEDZAR FORT,Comprimé Pelliculé Sécable,100mg/25mg,Bt 90,71.29,71.28,E,LOSARTAN+HYDROCHLOROTHIAZIDE,N
105749,CONCOR AMLO 10mg/10mg Comp Bt 30,CONCOR AMLO,Comprimé,10mg/10mg,Bt 30,38.675,20.25,E,BISOPROLOL+AMLODIPINE,N
105750,CONCOR AMLO 10mg/5mg Comp Bt 30,CONCOR AMLO,Comprimé,10mg/5mg,Bt 30,34.84,16.86,E,BISOPROLOL+AMLODIPINE,N
105751,CONCOR AMLO 5mg/10mg Comp Bt 30,CONCOR AMLO,Comprimé,5mg/10mg,Bt 30,34.84,18.45,E,BISOPROLOL+AMLODIPINE,N
105752,CONCOR AMLO 5mg/5mg Comp Bt 30,CONCOR AMLO,Comprimé,5mg/5mg,Bt 30,28.76,15.09,E,BISOPROLOL+AMLODIPINE,N
104946,CONCOR AMLO Comp 10 MG/10 MG BT 30,CONCOR AMLO,Comprimé,10 MG/10 MG,BT 30,32.27,20.25,E,BISOPROLOL+AMLODIPINE,N
104945,CONCOR AMLO Comp 10 MG/5 MG BT 30,CONCOR AMLO,Comprimé,10 MG/5 MG,BT 30,28.585,16.86,E,BISOPROLOL+AMLODIPINE,N
104944,CONCOR AMLO Comp 5 MG/10 MG BT 30,CONCOR AMLO,Comprimé,5 MG/10 MG,BT 30,28.585,18.45,E,BISOPROLOL+AMLODIPINE,N
104943,CONCOR AMLO Comp 5 MG/5 MG BT 30,CONCOR AMLO,Comprimé,5 MG/5 MG,BT 30,24.005,15.09,E,BISOPROLOL+AMLODIPINE,N
303813,CO-NEBILUS 5mg/12.5mg Comp Pell Bt 30,CO-NEBILUS,Comprimé Pelliculé,5mg/12.5mg,Bt 30,18.49,18.49,E,NEBIVOLOL+HYDROCHLOROTHIAZIDE,N
303814,CO-NEBILUS 5mg/25mg Comp Pell Bt 30,CO-NEBILUS,Comprimé Pelliculé,5mg/25mg,Bt 30,19.74,19.74,E,NEBIVOLOL+HYDROCHLOROTHIAZIDE,N
300361,CONTRACIDE Susp Buv Fl 250ml,CONTRACIDE,Suspension Buvable,,Fl 250ml,3.3,3.25,I,ALUMINIUM HYDROXYDE+MAGNESIUM TRISILICATE+DIMETICONE,N
300956,CONVERTAL 25 mg Comp Sec Bt 30,CONVERTAL,Comprimé Sécable,25 mg,Bt 30,6.985,4.98,E,CAPTOPRIL,N
300957,CONVERTAL 50 mg Comp Sec Bt 30,CONVERTAL,Comprimé Sécable,50 mg,Bt 30,12.675,8.76,E,CAPTOPRIL,N
104643,CO-OLMETEC Comp Pell  40 MG/25MG BT 30,CO-OLMETEC,Comprimé Pelliculé,40 MG/25MG,BT 30,56.13,32.82,E,OLMESARTAN MEDOXOMIL+HYDROCHLORTHIAZIDE,N
103296,CO-OLMETEC Comp Pell 20mg/12.5mg Bt 30,CO-OLMETEC,Comprimé Pelliculé,20mg/12.5mg,Bt 30,47.66,27.9,E,OLMESARTAN MEDOXOMIL+HYDROCHLORTHIAZIDE,N
103295,CO-OLMETEC Comp Pell 20mg/25mg  Bt 30,CO-OLMETEC,Comprimé Pelliculé,20mg/25mg,Bt 30,49.12,28.74,E,OLMESARTAN MEDOXOMIL+HYDROCHLORTHIAZIDE,N
104644,CO-OLMETEC Comp Pell 40 MG/12.5 MG BT 30,CO-OLMETEC,Comprimé Pelliculé,40 MG/12.5 MG,BT 30,56.13,32.82,E,OLMESARTAN MEDOXOMIL+HYDROCHLORTHIAZIDE,N
301505,COPIGREL Comp Pell 75 mg Bt 30,COPIGREL,Comprimé Pelliculé,75 mg,Bt 30,31.33,29.34,E,CLOPIDOGREL,O
301506,COPIGREL Comp Pell 75 mg Bt 60,COPIGREL,Comprimé Pelliculé,75 mg,Bt 60,115.315,58.68,E,CLOPIDOGREL,O
301507,COPIGREL Comp Pell 75 mg Bt 90,COPIGREL,Comprimé Pelliculé,75 mg,Bt 90,91.09,88.02,E,CLOPIDOGREL,O
303146,COPRED EFF 20 mg Comp Effervers Fl 10,COPRED EFF,Comprimé Effervescent,20 mg,Fl 10,6.68,2.54,E,PREDNISOLONE,N
303154,COPRED ODT 20mg Comp Orodisp Bt 10,COPRED ODT,Comprimé Orodispersible,20mg,Bt 10,5.32,2.54,E,PREDNISOLONE,N
303201,COPRED ODT 20mg Comp Orodisp Bt 20,COPRED ODT,Comprimé Orodispersible,20mg,Bt 20,9.53,5.08,E,PREDNISOLONE,N
303207,COPRED ODT 20mg Comp Orodisp Bt 30,COPRED ODT,Comprimé Orodispersible,20mg,Bt 30,11.5,7.62,E,PREDNISOLONE,N
303147,COPRED ODT 5 mg Comp Orodisp  Bt 30,COPRED ODT,Comprimé Orodispersible,5 mg,Bt 30,6.345,6.33,E,PREDNISOLONE,N
307257,CORACTEN Gélule LP 20mg Bt 30,CORACTEN,Gélule à Libération Prolongée,20mg,Bt 30,10.865,10.86,E,NIFEDIPINE,N
302900,CORAPRIL 10 mg/12.5mg Comp Sec BT 30,CORAPRIL,Comprimé Sécable,10 mg/12.5mg,BT 30,29.93,29.91,E,RAMIPRIL+HYDROCHLOROTHIZIDE,N
302901,CORAPRIL 10 mg/25mg Comp Sec BT 30,CORAPRIL,Comprimé Sécable,10 mg/25mg,BT 30,29.93,29.91,E,RAMIPRIL+HYDROCHLOROTHIZIDE,N
301615,CORAPRIL Comp Sec 5MG/25MG BT 30,CORAPRIL,Comprimé Sécable,5MG/25MG,BT 30,23.555,19.95,E,RAMIPRIL+HYDROCHLOROTHIZIDE,N
302351,CORAPRIL Comp Sec 5MG/25MG BT 90,CORAPRIL,Comprimé Sécable,5MG/25MG,BT 90,59.865,59.85,E,RAMIPRIL+HYDROCHLOROTHIZIDE,N
300517,CORDARONE Comp 200mg Bt 20,CORDARONE,Comprimé,200mg,Bt 20,10.23,5.14,E,AMIODARONE,N
106161,CORTEF Comp 10mg Bt 100,CORTEF,Comprimé,10mg,Bt 100,6.64,5.5,E,HYDROCORTISONE,N
300110,CORTEMA  Lotion Derm. 0.01%  Fl 30ml,CORTEMA,Lotion,,Fl 30ml,3.78,3.78,E,FLUOCINONIDE,N
300808,"CORTEMA 0,25% gel derm.t/30 g","CORTEMA 0,25%",Gel Dermique,30 g,,4.11,4.11,E,FLUOCINONIDE,N
301383,CORTEMA 0.01 0.01 % Pde Dermique Tbe 20 gr,CORTEMA 0.01 0.01 %,Pommade Dermique,,Tbe 20 gr,6.123,2.88,E,FLUOCINONIDE,N
306637,CORTEMA APG Crème 0.05% Tb 15gr,CORTEMA APG,Crème,,Tb 15gr,6.96,6.96,E,FLUOCINONIDE,N
306620,CORTEMA GRAS Pde Derm. 0.05% Tb 15gr,CORTEMA GRAS,Pommade Dermique,,Tb 15gr,6.214,6.21,E,FLUOCINONIDE,N
306636,CORTEMA NEOMYCINE Pde Derm Tb 15gr,CORTEMA NEOMYCINE,Pommade Dermique,,Tb 15gr,7.075,2.34,E,FLUOCINONIDE+NEOMYCINE,N
306638,CORTEMA Pde 0.01% Tb 50gr,CORTEMA,Pommade,,Tb 50gr,7.225,7.2,E,FLUOCINONIDE,N
301023,CORTINASE 64µg/dose Sus nasale  Fl 120,CORTINASE,,64µg,Fl 120,17.48,14.16,E,BUDESONIDE,N
302850,CORTIS 100 µg SOL. P. INHAL. Fl 100 DOSES,CORTIS,Solution pour Inhalation,100 µg,Fl 100 DOSES,7.5,7.5,E,BECLOMETASONE,N
300946,CORTIS 250 µG Aerosol Fl 200 doses,CORTIS,Solution,250 µG,Fl 200 doses,18.375,12.8,E,BECLOMETASONE,N
301139,CORTIS Sus/Inha  50 µg  Fl 200 Doses,CORTIS Sus/Inha,,50 µg,Fl 200 Doses,7.49,7.4,E,BECLOMETASONE,N
303582,CORTIVANS 5mg Comp Séc Bt 30,CORTIVANS,Comprimé Sécable,5mg,Bt 30,6.075,5.94,E,PREDNISONE,N
300849,CORVASAL 2mg comp.séc Bt 30,CORVASAL,Comprimé Sécable,2mg,Bt 30,6.985,3.99,E,MOLSIDOMINE,N
300850,CORVASAL 4mg comp.séc Bt 30,CORVASAL,Comprimé Sécable,4mg,Bt 30,13.01,7.65,E,MOLSIDOMINE,N
105459,COSIMPREL 10mg/5mg Comp. Pell. Sec. Bt 30,COSIMPREL,Comprimé Pelliculé Sécable,10mg/5mg,Bt 30,33.625,33.6,E,BISOPROLOL+PERINDOPRIL,N
105460,COSIMPREL 5mg/10mg Comp. Pell. Séc. Bt 30,COSIMPREL,Comprimé Pelliculé Sécable,5mg/10mg,Bt 30,25.052,25.05,E,BISOPROLOL+PERINDOPRIL,N
105458,COSIMPREL 5mg/5mg Comp. Pell. Séc. Bt 30,COSIMPREL,Comprimé Pelliculé Sécable,5mg/5mg,Bt 30,25.052,25.05,E,BISOPROLOL+PERINDOPRIL,N
105461,COSIMPREL10mg/10mg Comp. Pell. Bt 30,COSIMPREL10mg/,Comprimé Pelliculé,10mg,Bt 30,33.625,33.6,E,BISOPROLOL+PERINDOPRIL,N
101895,COSOPT collyre Fl 5 ml,COSOPT,Collyre,,Fl 5 ml,32.475,20.61,E,DORZOLAMIDE+TIMOLOL,N
301711,COTAREG Comp Pell 160 MG/25MG  BT 90,COTAREG,Comprimé Pelliculé,160 MG/25MG,BT 90,152.14,96.75,E,VALSARTAN+HYDROCHLOROTHIAZIDE,N
301815,COTAREG Comp Pell 160MG/12.5MG BT 28,COTAREG,Comprimé Pelliculé,160MG/12.5MG,BT 28,57.295,30.604,E,VALSARTAN+HYDROCHLOROTHIAZIDE,N
302295,COTAREG Comp Pell 160MG/25MG BT 30,COTAREG,Comprimé Pelliculé,160MG/25MG,BT 30,61.37,32.25,E,VALSARTAN+HYDROCHLOROTHIAZIDE,N
302319,COTAREG Comp Pell 80 MG/12.5 MG Bt 30,COTAREG,Comprimé Pelliculé,80 MG/12.5 MG,Bt 30,38.955,20.94,E,VALSARTAN+HYDROCHLOROTHIAZIDE,N
301710,COTAREG Comp Pell 80 MG/12.5 MG BT 90,COTAREG,Comprimé Pelliculé,80 MG/12.5 MG,BT 90,95.46,62.82,E,VALSARTAN+HYDROCHLOROTHIAZIDE,N
302308,CO-TENSOPRYL  Comp 50 MG/25MG  BT 30,CO-TENSOPRYL,Comprimé,50 MG/25MG,BT 30,19.41,19.38,E,CAPTOPRIL+HYDROCHLORTHIAZIDE,N
302597,CO-THERAPRIL 10mg/10mg comp. bt/30,CO-THERAPRIL,Comprimé,10mg/10mg,bt/30,36.84,36.84,E,PERINDOPRIL+AMLODIPINE,N
302795,CO-THERAPRIL 10MG/5MG Comp BT 30,CO-THERAPRIL,Comprimé,10MG/5MG,BT 30,34.315,34.29,E,PERINDOPRIL+AMLODIPINE,N
302796,CO-THERAPRIL 5MG/5MG Comp BT 30,CO-THERAPRIL,Comprimé,5MG/5MG,BT 30,27.145,27.12,E,PERINDOPRIL+AMLODIPINE,N
309856,COTRIMOX Comp 480mg Bt 20,COTRIMOX,Comprimé,480mg,Bt 20,3.3,2.58,E,COTRIMOXAZOLE,N
104433,COVERAM Comp  5 MG/5MG Fl 30,COVERAM,Comprimé,5 MG/5MG,Fl 30,53.26,27.12,E,PERINDOPRIL+AMLODIPINE,N
104436,COVERAM Comp 10 MG/10 MG  Fl 30,COVERAM,Comprimé,10 MG/10 MG,Fl 30,64.25,36.84,E,PERINDOPRIL+AMLODIPINE,N
104434,COVERAM Comp 10 MG/5 MG Fl 30,COVERAM,Comprimé,10 MG/5 MG,Fl 30,66.22,34.29,E,PERINDOPRIL+AMLODIPINE,N
104435,COVERAM Comp 5 MG/10 MG Fl 30,COVERAM,Comprimé,5 MG/10 MG,Fl 30,48.16,40.17,E,PERINDOPRIL+AMLODIPINE,N
104533,COVERSYL Comp Pell  5 MG FL 30,COVERSYL,Comprimé Pelliculé,5 MG,FL 30,39.49,19.02,E,PERINDOPRIL,N
104577,COVERSYL Comp Pell 10 MG FL 30,COVERSYL,Comprimé Pelliculé,10 MG,FL 30,59.44,33.15,E,PERINDOPRIL,N
302687,COXIBREX 200 mg GEL. BT/10,COXIBREX,Gélule,200 mg,BT/10,8.045,6.34,I,CELECOXIB,N
302689,COXIBREX 200 mg GEL. BT/20,COXIBREX,Gélule,200 mg,BT/20,13.235,12.68,I,CELECOXIB,N
302690,COXIBREX 200 mg GEL. BT/30,COXIBREX,Gélule,200 mg,BT/30,19.735,19.02,I,CELECOXIB,N
302112,CO-ZARTAN Comp Pell Sec 50 MG/12.5 MG BT 30,CO-ZARTAN,Comprimé Pelliculé Sécable,50 MG/12.5 MG,BT 30,30.445,20.55,E,LOSARTAN+HYDROCHLOROTHIAZIDE,N
302357,CO-ZARTAN Comp Pell Séc 50 MG/12.5MG BT 90,CO-ZARTAN,Comprimé Pelliculé Sécable,50 MG/12.5MG,BT 90,67.315,61.65,E,LOSARTAN+HYDROCHLOROTHIAZIDE,N
300869,CO-ZARTAN FORT Comp Pell 100 MG/25 MG Bt 30,CO-ZARTAN FORT,Comprimé Pelliculé,100 MG/25 MG,Bt 30,34.66,23.76,E,LOSARTAN+HYDROCHLOROTHIAZIDE,N
302358,CO-ZARTAN FORT Comp Pell Séc  100 MG/25MG BT 90,CO-ZARTAN FORT,Comprimé Pelliculé Sécable,100 MG/25MG,BT 90,77.64,71.28,E,LOSARTAN+HYDROCHLOROTHIAZIDE,N
106601,CREON 10000U 150mg Gél Fl 60,CREON 10000U,Gélule,150mg,Fl 60,19.561,19.56,E,PANCREATINE,N
104487,CREON 25000 UI Gelule  Gastro Res 300 MG  FL  60,CREON,Gélule Gastro-Résistante,25000 UI/300 MG,FL  60,49.405,49.38,E,PANCREATINE,N
104593,CRESTOR Comp  Pell 5 MG BT 30,CRESTOR,Comprimé Pelliculé,5 MG,BT 30,44.375,13.68,E,ROSUVASTATINE,N
104522,CRESTOR Comp Pell 10 MG BT 30,CRESTOR,Comprimé Pelliculé,10 MG,BT 30,53.2,16.2,E,ROSUVASTATINE,N
104521,CRESTOR Comp Pell 20 MG BT 30,CRESTOR,Comprimé Pelliculé,20 MG,BT 30,75.815,24.3,E,ROSUVASTATINE,N
504887,CUPRIPEN Capsule 250 MG BT 30,CUPRIPEN Capsule,,250 MG,BT 30,60.229,60.21,E,PENICILLAMINE,N
103526,CURACNE  40 mg Capsule molle Bt 30,CURACNE,,40 mg,Bt 30,89.72,52.83,I,ISOTRETINOINE,N
102459,CURACNE Gé  10mg Caps Molle Bt 30,CURACNE Gé,,10mg,Bt 30,29.045,18.06,I,ISOTRETINOINE,N
102460,CURACNE Gé 20mg Caps Molle Bt 30,CURACNE Gé,,20mg,Bt 30,48.875,31.95,I,ISOTRETINOINE,N
102662,CURACNE GE 5 mg Cap.Molle Bt 30,CURACNE GE,,5 mg,Bt 30,20.54,11.85,I,ISOTRETINOINE,N
100574,CYCLADOL Comp 20mg Bt 14,CYCLADOL,Comprimé,20mg,Bt 14,14.68,5.922,E,PIROXICAM,N
101903,CYCLADOL Comp eff. 20mg Bt 14,CYCLADOL,Comprimé,20mg,Bt 14,15.525,7.616,E,PIROXICAM,N
300538,CYCLADOL Suppo 20mg Bt 10,CYCLADOL,Suppositoire,20mg,Bt 10,7.505,6.64,E,PIROXICAM,N
300718,"CYCLOCOL 0,5% collyre fl/0,5 ml","CYCLOCOL 0,5%",Collyre,,"fl/0,5 ml",1.71,1.71,E,CYCLOPENTOLATE,N
301387,CYCLODEX Comp Sec 20 mg Bt 14,CYCLODEX,Comprimé Sécable,20 mg,Bt 14,10.96,5.922,E,PIROXICAM,N
302493,CYCLODEX Comp Sec 20 MG BT 7,CYCLODEX,Comprimé Sécable,20 MG,BT 7,4.445,2.961,E,PIROXICAM,N
302700,CYCLOFF 100 mg/5 ml SUSP. BUV. FL/125 ml,CYCLOFF,Suspension Buvable,100 mg/5 ml,FL/125 ml,4.76,4.125,E,IBUPROFEN,N
302701,CYCLOFF 400 mg COMP. BT/20,CYCLOFF,Comprimé,400 mg,BT/20,5.095,5,E,IBUPROFEN,N
303350,CYSTODOSE 3gr Granulés P Sol Buv Bt 1Sachet,CYSTODOSE 3gr,Solution Buvable,,Bt 1Sachet,15.14,15.14,E,FOSFOMYCINE,N
306993,CYTEAL 0.1% Sol Ext Fl 500ml,CYTEAL 0.1%,Solution à Usage Topique,,Fl 500ml,11.465,11,I,CHLORHEXIDINE+CHLOROCRESOL+HEXAMIDINE,N
306994,CYTEAL Sol Us Ext 1mg/ml Fl 250ml,CYTEAL,Solution à Usage Topique,1mg/ml,Fl 250ml,6.82,5.5,I,CHLORHEXIDINE+CHLOROCRESOL+HEXAMIDINE,N
302611,CYVALTEX 500 500 mg COMP. PELL. FL/90,CYVALTEX 500,Comprimé Pelliculé,500 mg,FL/90,200.13,200.07,E,VALACICLOVIR,N
303480,CYVALTEX 500 500mg Comp.Pell. Bt 90,CYVALTEX 500,Comprimé Pelliculé,500mg,Bt 90,200.13,200.07,E,VALACICLOVIR,N
303478,CYVALTEX 500 500mg Comp.Pell.Bt 10,CYVALTEX 500,Comprimé Pelliculé,500mg,Bt 10,24.775,22.23,E,VALACICLOVIR,N
303479,CYVALTEX 500 500mg Comp.Pell.Bt 42,CYVALTEX 500,Comprimé Pelliculé,500mg,Bt 42,100.14,93.366,E,VALACICLOVIR,N
302247,CYVALTEX 500 Comp Pell 500 MG FL 10,CYVALTEX 500,Comprimé Pelliculé,500 MG,FL 10,24.775,22.23,E,VALACICLOVIR,N
302343,CYVALTEX 500 Comp Pell 500 MG FL 42,CYVALTEX 500,Comprimé Pelliculé,500 MG,FL 42,100.14,93.366,E,VALACICLOVIR,N
303311,CYVAX 50ug/25ug/Dose Susp P Inhalat Fl 120,CYVAX,Suspension pour Inhalation,50ug/25ug,Fl 120,17.245,17.16,E,SALMETEROL+FLUTICASONE,N
301687,CYVAX Aerosol 125 mcg/25mcg FL 120 Doses,CYVAX Aero,Solution,125 mcg/25mcg,FL 120 Doses,28.05,27.96,E,SALMETEROL+FLUTICASONE,N
301339,CYVAX Susp P Inh 250µg/25µg Fl 120 doses,CYVAX,Suspension pour Inhalation,250µg/25µg,Fl 120 doses,48.06,48,E,SALMETEROL+FLUTICASONE,N
300578,DACUROSE Collyre Bt 10/10ml,DACUROSE,Collyre,,Bt 10/10ml,4.2,2.49,I,ACIDE BORIQUE+BORATE DE SOUDE,N
300421,DACUROSE Collyre Bt 20/10ml,DACUROSE,Collyre,,Bt 20/10ml,4.985,4.98,I,ACIDE BORIQUE+BORATE DE SOUDE,N
302581,DAFALGAN 1 gr COMP. PELL. BT/8,DAFALGAN 1 gr,Comprimé Pelliculé,,BT/8,3.885,2.336,E,PARACETAMOL,N
104627,DAIVOBET  Gel Dermique 50 mcg/0.5mg/ gr TBE 60 GR,DAIVOBET,Gel Dermique,50 mcg/0.5mg,TBE 60 GR,174.54,58.32,E,CALCIPOTRIOL+BETAMETHASONE,O
104925,DAIVOBET 50µg/0.5mg/gr Gel Derm FL 30 gr,DAIVOBET,Gel Dermique,50µg/0.5mg,FL 30 gr,97.335,29.16,E,CALCIPOTRIOL+BETAMETHASONE,O
103204,DAIVOBET Pde Der 50µG/0.5MG Tbe 60,DAIVOBET,Pommade Dermique,50µG/0.5MG,Tbe 60,149.815,57.12,E,CALCIPOTRIOL+BETAMETHASONE,O
303036,DAIVODERM 50mcg/0.5mg/g Gel Derm Fl 100gr,DAIVODERM,Gel Dermique,50mcg/0.5mg/g,Fl 100gr,97.24,97.2,E,CALCIPOTRIOL+BETAMETHASONE,O
303490,DAIVODERM 50mcg/0.5mg/g Gel Derm Fl 30gr,DAIVODERM,Gel Dermique,50mcg/0.5mg/g,Fl 30gr,29.24,29.16,E,CALCIPOTRIOL+BETAMETHASONE,O
303489,DAIVODERM 50mcg/0.5mg/g Pde Derm Tb 30gr,DAIVODERM,Pommade Dermique,50mcg/0.5mg/g,Tb 30gr,29.24,28.56,E,CALCIPOTRIOL+BETAMETHASONE,O
303035,DAIVODERM 50mcg/0.5mg/g Pde.Derm. Tb 100gr,DAIVODERM,Pommade Dermique,50mcg/0.5mg/g,Tb 100gr,97.24,95.2,E,CALCIPOTRIOL+BETAMETHASONE,O
107131,DAIVONEX Crème derm 0.005% Tb 30gr,DAIVONEX,Crème Dermique,,Tb 30gr,18.085,18.06,E,CALCIPOTRIOL,O
107132,DAIVONEX Lotion 0.005% Fl 60ml,DAIVONEX,Lotion,,Fl 60ml,34.145,34.14,E,CALCIPOTRIOL,O
107333,DAIVONEX Pde derm Tb 30gr,DAIVONEX,Pommade Dermique,,Tb 30gr,20.442,20.43,E,CALCIPOTRIOL,O
101965,DAKIN COOPER STABILISEE Sol Ext Fl 250ml,DAKIN COOPER STABILISEE,Solution à Usage Topique,,Fl 250ml,5.341,1.75,I,HYPOCHLORITE DE SODIUM,N
107059,DALACINE T Sol loc  Fl 30ml,DALACINE T,Solution,,Fl 30ml,7.991,7.98,I,CLINDAMYCINE,N
103671,DANATROL Gélule 200mg Bt 100,DANATROL,Gélule,200mg,Bt 100,97.89,97.8,E,DANAZOL,O
103670,DANATROL Gélule 200mg Bt 40,DANATROL,Gélule,200mg,Bt 40,39.865,39.12,E,DANAZOL,O
303384,DAONIL Comp 5mg  Bt 20,DAONIL,Comprimé,5mg,Bt 20,5.69,1.32,E,GLIBENCLAMIDE,N
303385,DAONIL Comp 5mg Bt 100,DAONIL,Comprimé,5mg,Bt 100,19.74,6.6,E,GLIBENCLAMIDE,N
300574,"DEBRICOL  Gran/ Susp buv 4,8 mg/ml Fl 100ml",DEBRICOL  Gran/,Suspension Buvable,"4,8 mg/ml",Fl 100ml,2.08,1.5,I,TRIMEBUTINE,N
300674,DEBRICOL 100 mg comp.b/30,DEBRICOL,Comprimé,100 mg,b/30,5.16,4.41,I,TRIMEBUTINE,N
300675,"DEBRICOL 4,8 mg/ml gran./susp.fl/250ml",DEBRICOL,Suspension,"4,8 mg/ml",fl/250ml,5.875,3.75,I,TRIMEBUTINE,N
301009,DEBRICOL 74.4mg Gra/sus Buv  Sachet  Bt 30,DEBRICOL,Sachet,74.4mg,Bt 30,9.065,8.46,I,TRIMEBUTINE,N
301359,DEBRICOL Comp Sec 200 mg Bt 20,DEBRICOL,Comprimé Sécable,200 mg,Bt 20,7.345,7.34,I,TRIMEBUTINE,N
301070,DEBRIDAT 4.8mg/ml Gran/sus Buv Fl 125 ml,DEBRIDAT,,4.8mg/ml/125 ml,Fl 125 ml,2.215,1.875,I,TRIMEBUTINE,N
300391,DEBRIDAT Comp 100mg Bt 30,DEBRIDAT,Comprimé,100mg,Bt 30,5.83,4.41,I,TRIMEBUTINE,N
300900,DEBRIDAT Comp Pel 200mg Bt 15,DEBRIDAT,Comprimé,200mg,Bt 15,5.83,5.505,I,TRIMEBUTINE,N
300613,"DEBRIDAT Susp buv 4,8mg/ml Fl 250ml",DEBRIDAT,Suspension Buvable,"4,8mg/ml",Fl 250ml,3.995,3.75,I,TRIMEBUTINE,N
300725,DECONTRACTYL 500 mg comp.péll.b/24,DECONTRACTYL,Comprimé,500 mg,b/24,8.785,8.784,I,MEPHENESINE,N
102484,"DEDROGYL 0,015% gtte.buv.fl/10ML","DEDROGYL 0,015%",Gouttes,,fl/10ML,13.242,13.24,E,CALCIFEDIOL,N
301361,DEFLATINE Comp à Sucer Bt 16,DEFLATINE,Comprimé à Croquer,,Bt 16,3.14,3.136,I,CALCIUM CARBONATE+MAGNESIUM CARBONATE+SIMETHICONE,N
102704,DELAPRIDE 30 mg/2.5 mg comp B/28,DELAPRIDE,Comprimé,30 mg/2.5 mg,B/28,15.133,15.12,E,DELAPRIL+INDAPAMIDE,N
300024,DENIR Sirop Fl 125ml,DENIR,Sirop,,Fl 125ml,1.275,1.25,E,DEXCHLORPHENIRAMINE,N
101653,DENSICAL Comp à croquer 600mg Fl 60,DENSICAL,Comprimé à Croquer,600mg,Fl 60,10.119,10.08,E,CALCIUM,N
302094,DEPAKINE CHRONO Comp Pell Sec LP 500 MG FL 30,DEPAKINE CHRONO,Comprimé à Libération Prolongée,500 MG,FL 30,18.675,18.66,V,ACIDE VALPROIQUE,N
300950,DEPAKINE Comp Gastro resis 200mg Fl 20,DEPAKINE,Comprimé Gastro-Résistant,200mg,Fl 20,5.335,5.32,V,ACIDE VALPROIQUE,N
300941,DEPAKINE Comp Gastroresistant 500mg Fl 20,DEPAKINE,Comprimé Gastro-Résistant,500mg,Fl 20,12.17,12.16,V,ACIDE VALPROIQUE,N
102804,DEPAKINE Gttes  Buv 200mg/ml Fl 40ml,DEPAKINE,Gouttes Buvables,200mg/ml,Fl 40ml,7.4,6,V,ACIDE VALPROIQUE,N
103679,DEPAKINE Sirop 200mg/mes Fl 150ml,DEPAKINE,Sirop,200mg,Fl 150ml,12.4,9.6,V,ACIDE VALPROIQUE,N
100787,DEPAMIDE Comp enr 300mg Bt 30,DEPAMIDE,Comprimé Enrobé,300mg,Bt 30,5.089,5.07,V,VALPROMIDE,N
103683,DEPO-MEDROL 80mg Susp Inj Ser/2ml,DEPO-MEDROL,Suspension,80mg,Ser/2ml,16.163,5.181,E,METHYLPREDNISOLONE,N
301277,DEPROXYL Comp Pell  Sec 20 mg Bt 30,DEPROXYL,Comprimé Pelliculé Sécable,20 mg,Bt 30,25.345,20.04,E,PAROXETINE,N
301276,DEPROXYL Comp Pell Sec 20 mg Bt 14,DEPROXYL,Comprimé Pelliculé Sécable,20 mg,Bt 14,12.795,9.352,E,PAROXETINE,N
301425,DEQUINONE 4% Creme Derm Tb 30 gr,DEQUINONE 4%,Crème Dermique,,Tb 30 gr,24.395,24.39,I,HYDROQUINONE,N
103256,DERMOBACTER Sol Ext Fl 300ml,DERMOBACTER,Solution à Usage Topique,,Fl 300ml,6.565,2.1,I,CHLORHEXIDINE+BENZALKONIUM,N
303679,DERMOCINE 2% Crème Derm. Tb 15g,DERMOCINE 2%,Crème Dermique,,Tb 15g,4.71,4.71,E,ACIDE FUSIDIQUE,N
303681,DERMOCINE 2% Pde.Derm. Tb 15g,DERMOCINE 2%,Pommade Dermique,,Tb 15g,4.605,4.605,E,ACIDE FUSIDIQUE,N
303680,DERMOCINE PLUS 2% /0.1% Crème Derm. Tb 15g,DERMOCINE PLUS 2% /0.1%,Crème Dermique,,Tb 15g,5.05,5.04,E,BETAMETHASONE+ACIDE FUSIDIQUE,N
300408,"DERMOCORT Crème Derm 0,05% Tb 10gr",DERMOCORT,Crème Dermique,,Tb 10gr,3.08,3.08,E,CLOBETASOL,N
307772,"DERMOSALIC  Lotion 0,05% Fl 30gr",DERMOSALIC,Lotion,,Fl 30gr,5.185,5.16,E,BETAMETHASONE+ACIDE SALICYLIQUE,N
307770,"DERMOSALIC  Pde Derm 0,05% Tb 30gr",DERMOSALIC,Pommade Dermique,,Tb 30gr,5.195,5.19,E,BETAMETHASONE+ACIDE SALICYLIQUE,N
300999,DERMOSONE 0.05 % Lotion Fl 30ml,DERMOSONE 0.05 %,Lotion,,Fl 30ml,1.815,1.8,E,BETAMETHASONE,N
308486,DERMOSONE 0.05% Lotion Fl 15ml,DERMOSONE 0.05%,Lotion,,Fl 15ml,2.05,0.9,E,BETAMETHASONE,N
306859,DERMOSONE Crème Derm 0.05% Tb 15gr,DERMOSONE,Crème Dermique,,Tb 15gr,3.22,2.79,E,BETAMETHASONE,N
306906,DERMOSONE NEOMYCINE Crème Derm Tb 15gr,DERMOSONE NEOMYCINE,Crème Dermique,,Tb 15gr,3.05,3.045,E,BETAMETHASONE+NEOMYCINE,N
306905,DERMOSONE NEOMYCINE Pde Derm Tb 15gr,DERMOSONE NEOMYCINE,Pommade Dermique,,Tb 15gr,3.05,3.045,E,BETAMETHASONE+NEOMYCINE,N
306858,DERMOSONE Pde Derm 0.05% Tb 15gr,DERMOSONE,Pommade Dermique,,Tb 15gr,3.52,2.895,E,BETAMETHASONE,N
108466,DEROXAT Comp pell Sec 20 mg Bt 14,DEROXAT,Comprimé Pelliculé Sécable,20 mg,Bt 14,33.515,9.352,E,PAROXETINE,N
104720,DEROXAT Comp Pell Sec 20 MG BT 50,DEROXAT,Comprimé Pelliculé Sécable,20 MG,BT 50,70.93,33.4,E,PAROXETINE,N
300766,DESLOR 5 mg comp.pell.Bt/15,DESLOR,Comprimé Pelliculé,5 mg,Bt/15,7.83,4.845,E,DESLORATADINE,N
300767,DESLOR 5 mg comp.pell.Bt/30,DESLOR,Comprimé Pelliculé,5 mg,Bt/30,12.88,9.69,E,DESLORATADINE,N
301647,DESLOR Comp Pell 5 MG BT 7,DESLOR,Comprimé Pelliculé,5 MG,BT 7,3.8,2.261,E,DESLORATADINE,N
105909,DESLORATADINE GENEPHARM 2.5mg Comp Orodisp Bt 30,DESLORATADINE GENEPHARM,Comprimé Orodispersible,2.5mg,Bt 30,9.15,9.15,E,DESLORATADINE,N
105650,DESLORATADINE GENEPHARM 5mg Comp orodisp Bt 30,DESLORATADINE GENEPHARM,Comprimé Orodispersible,5mg,Bt 30,9.615,9.21,E,DESLORATADINE,N
303009,DESLORYNE 5 5 mg Comp Pell Bt 10,DESLORYNE 5,Comprimé Pelliculé,5 mg,Bt 10,4.445,3.23,E,DESLORATADINE,N
302599,DESLORYNE 5 5 mg COMP. PELL. BT/30,DESLORYNE 5,Comprimé Pelliculé,5 mg,BT/30,11.07,9.69,E,DESLORATADINE,N
107964,DESOMEDINE Collyre 0.1% Fl 10ml,DESOMEDINE,Collyre,,Fl 10ml,4.76,4.76,I,HEXAMIDINE,N
302882,DESONID 64 µG/DOSE Ssp Nas Fl 120 Doses,DESONID,,64 µG,Fl 120 Doses,14.165,14.16,E,BUDESONIDE,N
105761,DETENSIEL 10mg Comp Pell Séc Bt 30,DETENSIEL,Comprimé Pelliculé Sécable,10mg,Bt 30,16.08,8.22,E,BISOPROLOL,N
104491,DETENSIEL Comp Pell Sec 10 MG BT 30,DETENSIEL,Comprimé Pelliculé Sécable,10 MG,BT 30,13.44,8.22,E,BISOPROLOL,N
105536,DETRUSITOL RETARD 2mg Gél LP Bt 14 (ex 104177),DETRUSITOL RETARD,Gélule à Libération Prolongée,2mg,Bt 14,20.947,20.944,I,TOLTERODINE,N
105537,DETRUSITOL RETARD 4mg Gél LP Bt 14 (ex 104178),DETRUSITOL RETARD,Gélule à Libération Prolongée,4mg,Bt 14,23.945,23.94,I,TOLTERODINE,N
300209,DEXAMEDIS Amp inj 1ml Bt 1,DEXAMEDIS,Solution Injectable,1ml,Bt 1,1.01,0.733,E,DEXAMETHASONE,N
300397,DEXAMEDIS FORT Sol inj 8mg/2ml Bt 1/2ml,DEXAMEDIS FORT,Solution Injectable,8mg/2ml,Bt 1/2ml,1.57,1.25,E,DEXAMETHASONE,N
307773,DEXAMEX Collyre Fl 5ml,DEXAMEX,Collyre,,Fl 5ml,3.73,3.73,E,DEXAMETHASONE+NEOMYCINE,N
301257,DEXONE 4  Sol Inj 4 mg Bt 1,DEXONE 4,Solution Injectable,4 mg,Bt 1,1.015,0.733,E,DEXAMETHASONE,N
301258,DEXONE 4 Sol Inj 4 mg Bt 5,DEXONE 4,Solution Injectable,4 mg,Bt 5,4.345,3.665,E,DEXAMETHASONE,N
301259,DEXONE 8 Sol Inj 8 mg Bt 1/2ml,DEXONE 8,Solution Injectable,8 mg,Bt 1/2ml,1.25,1.25,E,DEXAMETHASONE,N
300998,DIABENORM Comp Sec 80mg Bt 20,DIABENORM,Comprimé Sécable,80mg,Bt 20,3.685,3.16,E,GLICLAZIDE,N
301000,DIABENORM Comp Sec 80mg Bt 60,DIABENORM,Comprimé Sécable,80mg,Bt 60,9.5,9.48,E,GLICLAZIDE,N
300176,DIABENYL Comp 5mg Bt 100,DIABENYL,Comprimé,5mg,Bt 100,9.895,6.6,E,GLIBENCLAMIDE,N
300177,DIABENYL Comp 5mg Bt 20,DIABENYL,Comprimé,5mg,Bt 20,2.47,1.32,E,GLIBENCLAMIDE,N
302752,DIABIPHAGE 1000 MG Comp Pell Sec BT 60,DIABIPHAGE,Comprimé Pelliculé Sécable,1000 MG,BT 60,6.4,6.06,E,METFORMINE,N
302577,DIABIPHAGE 850 MG COMP PELL. BT/60,DIABIPHAGE,Comprimé Pelliculé,850 MG,BT/60,5.26,5.22,E,METFORMINE,N
300862,DIABIREL Comp Sec 1mg Bt 30,DIABIREL,Comprimé Sécable,1mg,Bt 30,7.32,4.2,E,GLIMEPIRIDE,N
300863,DIABIREL Comp Sec 2mg Bt 30,DIABIREL,Comprimé Sécable,2mg,Bt 30,11.885,6.96,E,GLIMEPIRIDE,N
300864,DIABIREL Comp Sec 3mg Bt 30,DIABIREL,Comprimé Sécable,3mg,Bt 30,13.19,8.37,E,GLIMEPIRIDE,N
300865,DIABIREL Comp Sec 4mg Bt 30,DIABIREL,Comprimé Sécable,4mg,Bt 30,15.06,9.75,E,GLIMEPIRIDE,N
302617,DIABITOS 1000 MG Comp Pell Sec BT 30,DIABITOS,Comprimé Pelliculé Sécable,1000 MG,BT 30,4.46,3.03,E,METFORMINE,N
303521,DIABITOS 1000mg Comp.Pell.Séc.Bt 60,DIABITOS,Comprimé Pelliculé Sécable,1000mg,Bt 60,6.06,6.06,E,METFORMINE,N
303093,DIABITOS 850 850mg Comp Pell Bt 60,DIABITOS 850,Comprimé Pelliculé,850mg,Bt 60,7.035,5.22,E,METFORMINE,N
303094,DIABITOS 850 850mg Comp Pell Bt 90,DIABITOS 850,Comprimé Pelliculé,850mg,Bt 90,10.075,7.83,E,METFORMINE,N
302616,DIABITOS 850 MG Comp Pell Sec BT 30,DIABITOS,Comprimé Pelliculé Sécable,850 MG,BT 30,3.585,2.61,E,METFORMINE,N
303495,DIACURE Enf. 30mg Glés.P.Sol.Buv.Bt 30 Sachets,DIACURE Enf.,Solution Buvable,30mg,Bt 30 Sachets,12.03,12.03,I,RACECADOTRIL,N
303494,DIACURE Nourr. 10mg Granulés.P. Sol.Buv.Bt 16 Sachets,DIACURE Nourr.,Solution Buvable,10mg,Bt 16 Sachets,11.65,11.648,I,RACECADOTRIL,N
300750,DIAFORMINE 850 mg comp pell Bt/30,DIAFORMINE,Comprimé Pelliculé,850 mg,Bt/30,3.32,2.61,E,METFORMINE,N
104218,DIALON Comp Pell 850 MG BT 30,DIALON,Comprimé Pelliculé,850 MG,BT 30,3.925,2.61,E,METFORMINE,N
303198,DIAMEZID 60mg Comp Pell Séc à Liberation Modifiée Bt 90,DIAMEZID,Comprimé à Libération Prolongée,60mg,Bt 90,42.63,34.74,E,GLICLAZIDE,N
301384,DIAMEZID Comp Pell  à Liberation  modifiée 30  mg Bt 30,DIAMEZID,Comprimé à Libération Prolongée,30  mg,Bt 30,10.95,10.95,E,GLICLAZIDE,N
301865,DIAMEZID Comp Pell Sec LM 60 MG BT 30,DIAMEZID,Comprimé Pelliculé Sécable,60 MG,BT 30,16.195,11.58,E,GLICLAZIDE,N
302515,DIAMICRON Comp à libératon modifiée  60 MG  BT 90,DIAMICRON,Comprimé à Libération Prolongée,60 MG,BT 90,63.89,34.74,E,GLICLAZIDE,N
302558,DIAMICRON Comp Sec à libération modifiée 60 MG BT 30,DIAMICRON,Comprimé à Libération Prolongée,60 MG,BT 30,23.575,11.58,E,GLICLAZIDE,N
309028,DIAMICRON LM 30 mg comp.Bt/30,DIAMICRON LM,Comprimé,30 mg,Bt/30,12.035,10.95,E,GLICLAZIDE,N
105561,DIAMOX  250mg Comp Sec Bt 24 (EX 101636),DIAMOX,Comprimé Sécable,250mg,Bt 24,2.512,2.496,E,ACETAZOLAMIDE,N
103892,DIANE 35 Comp 2mg/0.035mg Bt 21,DIANE 35,Comprimé,2mg/0.035mg,Bt 21,9.9,7.749,E,CYPROTERONE+ETHINYLESTRADIOL,N
300775,DI-ANTACID s.sucre comp.à.croquer Bt/30,DI-ANTACID s.sucre,Comprimé à Croquer,,Bt/30,2.5,2.49,I,ALUMINIUM HYDROXYDE+DIMETICONE,N
303831,DI-ANTACID Susp or. Fl 180ml,DI-ANTACID,Suspension Buvable,,Fl 180ml,2.325,2.16,I,DIMETICONE+HYDROXYDE D'AL ET DE MG,N
303040,DIAREN Enfant 30mg Pdre P Sol Or Bt 30 Sach,DIAREN Enfant,Solution,30mg,Bt 30 Sach,13.22,12.03,I,RACECADOTRIL,N
303039,DIAREN Nourrisson 10mg Pdre Or Bt 16,DIAREN Nourrisson,Poudre pour Suspension Buvable,10mg,Bt 16,11.655,11.648,I,RACECADOTRIL,N
303760,DIARETYL 2mg Gél Bt 10,DIARETYL,Gélule,2mg,Bt 10,2.42,1.97,I,LOPERAMIDE,N
303761,DIARETYL 2mg Gél Bt 20,DIARETYL,Gélule,2mg,Bt 20,3.94,3.94,I,LOPERAMIDE,N
300930,DIARETYL Gelule 2 mg Bt 10,DIARETYL,Gélule,2 mg,Bt 10,2.42,1.97,I,LOPERAMIDE,N
300398,DIARETYL Gélule 2mg Bt 20,DIARETYL,Gélule,2mg,Bt 20,3.94,3.94,I,LOPERAMIDE,N
302980,DIARIX 200mg Comp.Pell. Bt 42,DIARIX,Comprimé Pelliculé,200mg,Bt 42,34.86,34.86,I,RIFAXIMINA,N
302103,DIARIX Comp Pell 200 MG BT 12,DIARIX,Comprimé Pelliculé,200 MG,BT 12,13.565,9.96,I,RIFAXIMINA,N
307952,DIARYL 4% Susp Orale Fl 90ml,DIARYL 4%,Suspension Buvable,,Fl 90ml,3.735,3.69,I,NIFUROXAZIDE,N
303699,DIAVIL 50mg Comp Bt 30,DIAVIL,Comprimé,50mg,Bt 30,27.615,19.38,E,VILDAGLIPTINE,N
103095,DIAZEPAM  Comp 5mg  Bt 50,DIAZEPAM,Comprimé,5mg,Bt 50,3.89,3.85,I,DIAZEPAM,N
300338,DICETEL Comp 100mg Bt 20,DICETEL,Comprimé,100mg,Bt 20,14.465,14.46,I,PINAVERIUM,N
103567,DICLOBAK Collyre  1 mg/1ml FL 10 ML (ex DICLOCED ),DICLOBAK,Collyre,1 mg/1ml,FL 10 ML,13.69,9.24,E,DICLOFENAC,N
300335,DICLOFEN Comp 25mg Bt 30,DICLOFEN,Comprimé,25mg,Bt 30,3.49,2.82,E,DICLOFENAC,N
300336,DICLOFEN Comp 50mg Bt 30,DICLOFEN,Comprimé,50mg,Bt 30,5.105,5.1,E,DICLOFENAC,N
300363,DICLOFEN Suppo 100mg Bt 10,DICLOFEN,Suppositoire,100mg,Bt 10,6.3,3.74,E,DICLOFENAC,N
309847,DICLOGESIC Sol inj 75mg/3ml Bt 5,DICLOGESIC,Solution Injectable,75mg/3ml,Bt 5,3.24,3.24,E,DICLOFENAC,N
300074,DICLOPAL Suppo 100mg Bt 10,DICLOPAL,Suppositoire,100mg,Bt 10,6.245,3.74,E,DICLOFENAC,N
300222,DICLOREUM Sol inj 75mg/3ml Bt 5,DICLOREUM,Solution Injectable,75mg/3ml,Bt 5,3.24,3.24,E,DICLOFENAC,N
103157,DIFFERINE Creme Derm 0.1% Tbe 30g,DIFFERINE,Crème Dermique,,Tbe 30g,11.397,11.37,I,ADAPALENE,N
102117,"DIFFERINE Gel Derm. 0,1% Tb 30gr",DIFFERINE,Gel Dermique,,Tb 30gr,10.925,10.92,I,ADAPALENE,N
300511,DIFLU 4 Gélule 150mg Bt 4,DIFLU 4,Gélule,150mg,Bt 4,21.88,16.06,E,FLUCONAZOLE,N
300602,DIFLUCAN Gélule 150mg B/1,DIFLUCAN,Gélule,150mg,B/1,6.41,4.015,E,FLUCONAZOLE,N
300710,DIFLUZOL 150 mg gélule Bt 2,DIFLUZOL,Gélule,150 mg,Bt 2,9.89,8.03,E,FLUCONAZOLE,N
300787,DIFLUZOL 50 mg gélu.Bt/7,DIFLUZOL,,50 mg,Bt/7,24.09,20.755,E,FLUCONAZOLE,N
301751,DIFLUZOL Gelule 150 MG BT 12,DIFLUZOL,Gélule,150 MG,BT 12,53.54,48.18,E,FLUCONAZOLE,N
300589,DIFLUZOL Gélule 150mg B/4,DIFLUZOL,Gélule,150mg,B/4,18.48,16.06,E,FLUCONAZOLE,N
300411,DIFLUZOL Gélule 150mg Bt 1,DIFLUZOL,Gélule,150mg,Bt 1,5.64,4.015,E,FLUCONAZOLE,N
103622,DIGOXINE  Sol Buv Fl 60 ml,DIGOXINE,Solution Buvable,,Fl 60 ml,1.487,1.44,E,DIGOXINE,N
104455,DIGOXINE NATIVELLE Comp 0.250 MG  BT 30,DIGOXINE NATIVELLE,Comprimé,0.250 MG,BT 30,4.638,2.94,E,DIGOXINE,N
104055,DIGOXINE NIHFI  Comp Sec 0.250 mg Bt 20,DIGOXINE NIHFI,Comprimé Sécable,0.250 mg,Bt 20,1.979,1.96,E,DIGOXINE,N
309005,DILACOR 2 mg comp.Bt/30,DILACOR,Comprimé,2 mg,Bt/30,5.605,3.99,E,MOLSIDOMINE,N
309006,DILACOR 4 mg comp.Bt/30,DILACOR,Comprimé,4 mg,Bt/30,10.675,7.65,E,MOLSIDOMINE,N
309150,DILACOR Comp 4 mg Bt 90,DILACOR,Comprimé,4 mg,Bt 90,27.41,22.95,E,MOLSIDOMINE,N
309114,DILACOR Comp Sec 2 mg Bt 90,DILACOR,Comprimé Sécable,2 mg,Bt 90,13.585,11.97,E,MOLSIDOMINE,N
107804,DILATRANE Sirop 1% Fl 200ml,DILATRANE,Sirop,,Fl 200ml,4.289,4.2,E,THEOPHYLLINE,N
302865,DIMETASONE 0.05% Lotion Fl 30 ml,DIMETASONE 0.05%,Lotion,,Fl 30 ml,4.459,1.8,E,BETAMETHASONE,N
302336,DIMETASONE Crème dermique 0.05%  Tb 15GR,DIMETASONE,Crème Dermique,,Tb 15GR,3.581,2.79,E,BETAMETHASONE,N
302337,DIMETASONE Pde Derm 0.05%  Tb 15 Gr,DIMETASONE,Pommade Dermique,,Tb 15 Gr,3.718,2.895,E,BETAMETHASONE,N
300697,DINALEXIN 20 mg gélu.b/30,DINALEXIN,,20 mg,b/30,25.255,24.66,E,FLUOXETINE,N
300642,DINALEXIN Gélule 20mg Bt 12,DINALEXIN,Gélule,20mg,Bt 12,16.235,9.864,E,FLUOXETINE,N
103531,DIOSTAR Comp Pell 160 mg Bt 30,DIOSTAR,Comprimé Pelliculé,160 mg,Bt 30,41.22,26.22,E,VALSARTAN,N
103530,DIOSTAR Comp Pell 80 mg Bt 30,DIOSTAR,Comprimé Pelliculé,80 mg,Bt 30,26.345,17.13,E,VALSARTAN,N
104558,DIOSTAR-PLUS Comp Pell 160MG/25 MG BT 30,DIOSTAR-PLUS,Comprimé Pelliculé,160MG/25 MG,BT 30,46.57,32.25,E,VALSARTAN+HYDROCHLOROTHIAZIDE,N
104557,DIOSTAR-PLUS Comp Pell 80 MG/12.5MG BT 30,DIOSTAR-PLUS,Comprimé Pelliculé,80 MG/12.5MG,BT 30,28.45,20.94,E,VALSARTAN+HYDROCHLOROTHIAZIDE,N
104357,DIPHANTOINE Comp 100 mg Bt 100,DIPHANTOINE,Comprimé,100 mg,Bt 100,19.471,19.4,V,PHENYTOINE,N
104848,DIPIPERON Comp  40 MG BT 20,DIPIPERON,Comprimé,40 MG,BT 20,3.841,3.84,E,PIPAMPERONE,N
303339,DIPRED 20mg Comp Bt 15,DIPRED,Comprimé,20mg,Bt 15,11.74,11.73,E,PREDNISONE,N
303338,DIPRED 5mg Comp Bt 30,DIPRED,Comprimé,5mg,Bt 30,7.16,5.94,E,PREDNISONE,N
101502,DIPROSTENE 7 mg/ml Susp inj 1ml Bt 1,DIPROSTENE,Suspension,7 mg/ml/1ml,Bt 1,5.55,5.55,E,BETAMETHASONE,N
301554,DIROXYL Comp Quadrisecable  6 MG TB 30,DIROXYL,Comprimé Sécable,6 MG,TB 30,3.38,3.36,I,BROMAZEPAM,N
300401,DIUREX Comp Pell 2.5mg Bt 30,DIUREX,Comprimé Pelliculé,2.5mg,Bt 30,5.665,5.64,E,INDAPAMIDE,N
103139,DIVARIUS Comp PELL Sec 20mg Bt 28,DIVARIUS,Comprimé Pelliculé Sécable,20mg,Bt 28,38.84,18.704,E,PAROXETINE,N
303735,DIVINUS 10 mg Comp Pell BT 90,DIVINUS,Comprimé Pelliculé,10 mg,BT 90,155.24,155.16,E,DAPAGLIFLOZINE,O
303400,DIVINUS 10mg Comp Pell Bt 30,DIVINUS,Comprimé Pelliculé,10mg,Bt 30,52.24,51.72,E,DAPAGLIFLOZINE,O
303734,DIVINUS 5 mg Comp Pell BT 90,DIVINUS,Comprimé Pelliculé,5 mg,BT 90,155.24,155.16,E,DAPAGLIFLOZINE,O
303399,DIVINUS 5mg Comp Pell Bt 30,DIVINUS,Comprimé Pelliculé,5mg,Bt 30,52.24,51.72,E,DAPAGLIFLOZINE,O
303543,D-MAX 200 000 UI/ML Sol Inj IM et Buv Bt 1 Amp,D-MAX 200,Solution Buvable,000 UI/ML,Bt 1 Amp,3.74,3.74,E,VITAMINE D,N
301617,DOGMACARE Gelule 50 MG BT 30,DOGMACARE,Gélule,50 MG,BT 30,5.51,4.29,E,SULPIRIDE,N
302638,DOGMATIL 25 mg/ 5 ml sol.buv Fl/200 ml,DOGMATIL,Solution Buvable,25 mg/ 5 ml,Fl/200 ml,4.165,2.8,E,SULPIRIDE,N
302720,DOGMATIL 50 mg gélu. Bt/30,DOGMATIL,,50 mg,Bt/30,5.795,4.29,E,SULPIRIDE,N
305066,DOGMATIL Amp inj 100mg 2ml Bt 4,DOGMATIL,Solution Injectable,100mg/2ml,Bt 4,3.645,2.024,E,SULPIRIDE,N
100415,DOGMATIL FORT Comp sec 200mg Bt 12,DOGMATIL FORT,Comprimé Sécable,200mg,Bt 12,9.75,8.916,E,SULPIRIDE,N
307310,DOLEL 3% Sirop Pédiatrique Fl 90ml,DOLEL 3%,Sirop Pédiatrique,,Fl 90ml,1.17,1.17,E,PARACETAMOL,N
302381,DOLICASAIPH 150 mg Gelule BT 60 (EX DOLICA Gelule 150 MG BT 60),DOLICASAIPH,Gélule,150 mg,BT 60,85.395,57,V,PREGABALINE,O
302382,DOLICASAIPH 75 mg Gelule BT 15 (EX DOLICA Gelule 75 MG BT 15),DOLICASAIPH,Gélule,75 mg,BT 15,18.285,13.455,V,PREGABALINE,O
303104,DOLICASAIPH 75mg Gél. Bt 30,DOLICASAIPH,Gélule,75mg,Bt 30,29.93,26.91,V,PREGABALINE,O
303105,DOLICASAIPH 75mg Gél. Bt 60,DOLICASAIPH,Gélule,75mg,Bt 60,58.08,53.82,V,PREGABALINE,O
301235,DOLIPRANE  Comp Sec 1gr  Bt 8,DOLIPRANE,Comprimé Sécable,,Bt 8,4.245,2.336,E,PARACETAMOL,N
306014,DOLIPRANE Ad. 500mg Pdre/Sol or. Sach. Bt 12,DOLIPRANE Ad.,Solution,500mg,Bt 12,4.275,3.204,E,PARACETAMOL,N
300310,DOLIPRANE Comp 500mg Bt 16,DOLIPRANE,Comprimé,500mg,Bt 16,2.715,0.8,E,PARACETAMOL,N
301138,DOLIPRANE Comp Efferv 1000mg Bt 8,DOLIPRANE,Comprimé Effervescent,1000mg,Bt 8,2.415,2.408,E,PARACETAMOL,N
301436,DOLIPRANE Comp Efferv 500 mg Bt  2Tb/8,DOLIPRANE,Comprimé Effervescent,500 mg,Bt  2Tb/8,2.12,2.112,E,PARACETAMOL,N
300214,DOLIPRANE Gélule 500mg Bt 16,DOLIPRANE,Gélule,500mg,Bt 16,2.39,0.8,E,PARACETAMOL,N
301063,DOLIPRANE Pdre Sol Or 100mg  Bt 12 Sachets,DOLIPRANE,Solution,100mg,Bt 12 Sachets,1.28,1.2,E,PARACETAMOL,N
301064,DOLIPRANE Pdre Sol Or 150mg  Bt 12 Sachets,DOLIPRANE,Solution,150mg,Bt 12 Sachets,1.63,1.62,E,PARACETAMOL,N
301065,DOLIPRANE Pdre Sol Or 200mg  Bt 12 Sachets,DOLIPRANE,Solution,200mg,Bt 12 Sachets,1.85,1.56,E,PARACETAMOL,N
301066,DOLIPRANE Pdre Sol Or 300mg  Bt 12 Sachets,DOLIPRANE,Solution,300mg,Bt 12 Sachets,3.935,2.16,E,PARACETAMOL,N
301504,DOLIPRANE PRO  Comp 325 mg/37.5 mg Bt 20,DOLIPRANE PRO,Comprimé,325 mg/37.5 mg,Bt 20,8.49,4.48,E,TRAMADOL+PARACETAMOL,N
306037,DOLIPRANE Sachet Enf. Bt 12,DOLIPRANE,Sachet,,Bt 12,1.15,1.14,E,PARACETAMOL,N
301137,DOLIPRANE VIT.C Comp Efferv 500mg /150mg Bt 2t/8,DOLIPRANE VIT.C,Comprimé Effervescent,500mg /150mg,Bt 2t/8,4.95,4.944,E,PARACETAMOL+VITAMINE C,N
303646,DOLOPRO 500mg Comp Bt 16,DOLOPRO,Comprimé,500mg,Bt 16,1.56,0.8,E,PARACETAMOL,N
301634,DOLVEN Comp Pell 400 MG BT 20,DOLVEN,Comprimé Pelliculé,400 MG,BT 20,6.725,5,E,IBUPROFEN,N
301241,DOLVEN Gelule 200 mg Bt 20,DOLVEN,Gélule,200 mg,Bt 20,3.23,2.7,E,IBUPROFEN,N
300624,DOLVEN Susp Buv 100mg/5ml Fl 120ml,DOLVEN,Suspension Buvable,100mg/5ml,Fl 120ml,6.09,3.96,E,IBUPROFEN,N
302960,DOMINAR 250MG Comp Pell BT14,DOMINAR,Comprimé Pelliculé,250MG,,13.295,13.286,E,CLARITHROMYCINE,N
302961,DOMINAR 500 MG Comp Pell BT14,DOMINAR,Comprimé Pelliculé,500 MG,,23.45,19.712,E,CLARITHROMYCINE,N
301158,DOMPER Comp 10 mg Bt 40,DOMPER,Comprimé,10 mg,Bt 40,6.235,5.16,I,DOMPERIDONE,N
301106,DOMPER Sus Buv 1mg/1ml Fl 200ml,DOMPER Sus Buv,,1mg/1ml/200ml,Fl 200ml,6.535,6.4,I,DOMPERIDONE,N
302294,DOMPYREX 10mg Comp Pell Bt 40,DOMPYREX,Comprimé Pelliculé,10mg,Bt 40,6.395,5.16,I,DOMPERIDONE,N
303807,DOMPYREX 10mg Comp Pell Bt 40,DOMPYREX,Comprimé Pelliculé,10mg,Bt 40,6.395,5.16,I,DOMPERIDONE,N
309812,DOPANORE Comp 250mg Bt 30,DOPANORE,Comprimé,250mg,Bt 30,7.29,3.54,E,METHYLDOPA,N
300526,DOPERAN Amp inj 10mg/2ml Bt 4,DOPERAN,Solution Injectable,10mg/2ml,Bt 4,2.24,1.98,I,METOCLOPRAMIDE,N
303621,DOPIDIUM 10mg Comp Pell Bt 20,DOPIDIUM,Comprimé Pelliculé,10mg,Bt 20,3.07,2.58,I,DOMPERIDONE,N
303622,DOPIDIUM 10mg Comp Pell Bt 40,DOPIDIUM,Comprimé Pelliculé,10mg,Bt 40,5.16,5.16,I,DOMPERIDONE,N
301407,DOPRID 100  100 mg/2 ml Sol Inj  Bt 4 / 2ml,DOPRID 100,Solution Injectable,100 mg/2 ml,Bt 4 / 2ml,2.25,2.024,E,SULPIRIDE,N
302683,DOPRID 50 50 MG GEL BT 30,DOPRID 50,Gélule,50 MG,BT 30,4.3,4.29,E,SULPIRIDE,N
301450,DOPRID PER OS 5mg/ml SOL. BUV. FL 200 ml,DOPRID PER OS,Solution Buvable,5mg/ml,FL 200 ml,2.98,2.8,E,SULPIRIDE,N
303604,DORZO SP 2% Collyre en Sol Fl 5ml,DORZO SP 2%,Solution,,Fl 5ml,25.24,19.39,E,DORZOLAMIDE,N
104996,DOSTINEX 0.5 mg Comp Sec FL 8,DOSTINEX,Comprimé Sécable,0.5 mg,FL 8,106.165,61.88,E,Cabergoline,N
102971,DOSTINEX 0.5 mg comp.séc.fl/2,DOSTINEX,Comprimé Sécable,0.5 mg,fl/2,30.445,15.47,E,Cabergoline,N
300352,DOXY  Comp 100mg  Bt 20,DOXY,Comprimé,100mg,Bt 20,8.15,8.14,E,DOXYCYCLINE,N
300353,DOXY 200mg Comp B/10,DOXY,Comprimé,200mg,B/10,8.15,6.86,E,DOXYCYCLINE,N
303815,DROPTENS 0.2mg Comp Pell Bt 30,DROPTENS,Comprimé Pelliculé,0.2mg,Bt 30,14.24,14.24,E,MOXONIDINE,N
303816,DROPTENS 0.4mg Comp Pell Bt 30,DROPTENS,Comprimé Pelliculé,0.4mg,Bt 30,28.455,28.455,E,MOXONIDINE,N
105572,DUALKOPT 20mg + 5mg Collyre Fl 10ml,DUALKOPT,Collyre,20mg/5mg,Fl 10ml,84.98,41.22,E,DORZOLAMIDE+TIMOLOL,N
301879,DUOFOR Comp Pell 10 MG/160 MG BT 30,DUOFOR,Comprimé Pelliculé,10 MG/160 MG,BT 30,46.24,37.8,E,AMLODIPINE+VALSARTAN,N
302196,DUOFOR Comp Pell 10 MG/160 MG BT 90,DUOFOR,Comprimé Pelliculé,10 MG/160 MG,BT 90,129.24,113.4,E,AMLODIPINE+VALSARTAN,N
301878,DUOFOR Comp Pell 5 MG/160 MG BT 30,DUOFOR,Comprimé Pelliculé,5 MG/160 MG,BT 30,46.24,37.8,E,AMLODIPINE+VALSARTAN,N
302192,DUOFOR Comp Pell 5 MG/160 MG BT 90,DUOFOR,Comprimé Pelliculé,5 MG/160 MG,BT 90,129.24,113.4,E,AMLODIPINE+VALSARTAN,N
302191,DUOFOR Comp Pell 5 MG/80 MG BT 90,DUOFOR,Comprimé Pelliculé,5 MG/80 MG,BT 90,120.24,100.08,E,AMLODIPINE+VALSARTAN,N
301877,DUOFOR Comp Pell 5 MG/80MG BT 30,DUOFOR,Comprimé Pelliculé,5 MG/80MG,BT 30,43.24,33.36,E,AMLODIPINE+VALSARTAN,N
303285,DUOFOR PLUS 10mg/160mg/12.5mg Comp Pell Bt 30,DUOFOR PLUS,Comprimé Pelliculé,10mg/160mg/12.5mg,Bt 30,37.24,37.23,E,AMLODIPINE+VALSARTAN+HYDROCHLOROTHIAZIDE,N
303286,DUOFOR PLUS 10mg/160mg/25mg Comp Pell Bt 30,DUOFOR PLUS,Comprimé Pelliculé,10mg/160mg/25mg,Bt 30,37.24,37.23,E,AMLODIPINE+VALSARTAN+HYDROCHLOROTHIAZIDE,N
303283,DUOFOR PLUS 5mg/160mg/12.5mg Comp Pell Bt 30,DUOFOR PLUS,Comprimé Pelliculé,5mg/160mg/12.5mg,Bt 30,37.24,37.23,E,AMLODIPINE+VALSARTAN+HYDROCHLOROTHIAZIDE,N
303284,DUOFOR PLUS 5mg/160mg/25mg Comp Pell Bt 30,DUOFOR PLUS,Comprimé Pelliculé,5mg/160mg/25mg,Bt 30,37.24,37.23,E,AMLODIPINE+VALSARTAN+HYDROCHLOROTHIAZIDE,N
105298,DUOTRAV Collyre 40µG/5mg Fl 2.5ml,DUOTRAV,Collyre,40µG/5mg,Fl 2.5ml,37.635,37.635,E,TRAVOPROST+TIMOLOL,N
103574,DUPHASTON 10 Comp sec 10mg Bt 10,DUPHASTON 10,Comprimé Sécable,10mg,Bt 10,4.892,4.89,E,DYDROGESTERONE,N
502107,DUROGESIC 100 mcg/H  (16.8mg/42cm2)   Bt 5,DUROGESIC,,100 mcg/16.8mg,Bt 5,228.223,228.22,E,FENTANYL,N
502104,DUROGESIC 25 mcg/h (402mg/10.5cm)  Bt 5,DUROGESIC,,25 mcg/402mg,Bt 5,76.556,76.555,E,FENTANYL,N
502105,DUROGESIC 50 mcg/H (804mg/21cm2)  Bt 5,DUROGESIC,,50 mcg/804mg,Bt 5,133.983,133.98,E,FENTANYL,N
308146,DUSPATALIN Gélule 200mg Bt 16,DUSPATALIN,Gélule,200mg,Bt 16,7.57,7.568,I,MEBEVERINE,N
303003,DYSFEN 100 mg Comp Pell Bt 20,DYSFEN,Comprimé Pelliculé,100 mg,Bt 20,8.34,4.2,E,FLURBIPROFENE,N
300814,DYSMAN 50mg/5ml  Susp buv Fl 150ml + pipette,DYSMAN,Suspension Buvable,50mg/5ml,Fl 150ml + pipette,4.91,4.8,E,ACIDE MEFENAMIQUE,N
300268,DYSMAN Suppo 500mg Bt 8,DYSMAN,Suppositoire,500mg,Bt 8,3.64,3.64,E,ACIDE MEFENAMIQUE,N
303709,E CAPS 100mg Caps Molle Bt 60,E CAPS,,100mg,Bt 60,8.995,6.84,E,VITAMINE E,N
303708,E CAPS 200mg Caps Molle Bt 60,E CAPS,,200mg,Bt 60,11.25,8.52,E,VITAMINE E,N
104360,EBEFEN Comp 20 MG BT 30,EBEFEN,Comprimé,20 MG,BT 30,24.878,19.98,V,TAMOXIFENE,N
301325,ECAZIDE Comp  Sec BT 28,ECAZIDE,Comprimé Sécable,,BT 28,33.1,18.088,E,CAPTOPRIL+HYDROCHLORTHIAZIDE,N
300953,ECLARAN 5 % Gel Der Tbe 45 gr,ECLARAN 5 %,Gélule,,Tbe 45 gr,2.89,2.88,I,PEROXYDE DE BENZOYLE,N
301468,ECOREX  OVULE LP 150 MG Bt 1,ECOREX  OVULE LP,,150 MG,Bt 1,7.215,7.215,I,ECONAZOLE,N
307540,ECOREX 1% Crème Derm Tb 30gr,ECOREX 1%,Crème Dermique,,Tb 30gr,5.395,5.37,E,ECONAZOLE,N
307706,ECOREX 1% Spray Sol Fl 30gr,ECOREX 1%,Solution,,Fl 30gr,5.545,5.52,E,ECONAZOLE,N
306957,ECOREX Lait Derm 10mg Fl 30ml,ECOREX Lait Derm,,10mg/30ml,Fl 30ml,5.405,4.29,E,ECONAZOLE,N
308404,ECOREX Lotion 1% Fl 50ml,ECOREX,Lotion,,Fl 50ml,9.39,9.35,E,ECONAZOLE,N
307823,ECOREX Ovule 150mg Bt 3,ECOREX Ovule,,150mg,Bt 3,6.955,6.258,I,ECONAZOLE,N
304327,ECOZYL Creme Dermique 1% Tbe 30 gr,ECOZYL,Crème Dermique,,Tbe 30 gr,5.69,5.37,E,ECONAZOLE,N
301441,ECOZYL Lait Dermique 1% Fl 30 ml,ECOZYL Lait Dermique 1% Fl,,30 ml,Fl 30 ml,4.295,4.29,E,ECONAZOLE,N
301442,ECOZYL Ovule 150 mg Bt 3,ECOZYL Ovule,,150 mg,Bt 3,6.275,6.258,I,ECONAZOLE,N
301881,EDGAR Gelule 150 MG BT 30,EDGAR,Gélule,150 MG,BT 30,48.15,28.5,V,PREGABALINE,O
301882,EDGAR Gelule 150 MG BT 60,EDGAR,Gélule,150 MG,BT 60,96.055,57,V,PREGABALINE,O
301880,EDGAR Gelule 75 MG BT 15,EDGAR,Gélule,75 MG,BT 15,20.915,13.455,V,PREGABALINE,O
302017,EDGAR Gelule 75 MG BT 30,EDGAR,Gélule,75 MG,BT 30,38.09,26.91,V,PREGABALINE,O
301977,EDGAR Gelule 75 MG BT 60,EDGAR,Gélule,75 MG,BT 60,70.6,53.82,V,PREGABALINE,O
300552,EFFERALGAN  Comp Sec  500mg Bt 16,EFFERALGAN,Comprimé Sécable,500mg,Bt 16,2.065,0.8,E,PARACETAMOL,N
301782,EFFERALGAN Comp Efferv 1 GR BT 1 TB/8,EFFERALGAN,Comprimé Effervescent,,BT 1 TB/8,3.885,2.408,E,PARACETAMOL,N
307415,EFFERALGAN Comp Efferv 500mg Bt 16,EFFERALGAN,Comprimé Effervescent,500mg,Bt 16,3.6,2.112,E,PARACETAMOL,N
307783,EFFERALGAN Pédiatrique Sol Buv  Fl 90ml,EFFERALGAN Pédiatrique,Solution Buvable,,Fl 90ml,3.29,1.8,E,PARACETAMOL,N
300091,EFFERALGAN Suppo 600mg Bt 10,EFFERALGAN,Suppositoire,600mg,Bt 10,3.785,3.46,E,PARACETAMOL,N
308500,EFFERALGAN Suppo 80mg Bt 10,EFFERALGAN,Suppositoire,80mg,Bt 10,2.38,0.86,E,PARACETAMOL,N
300090,EFFERALGAN Suppo Gd Enf. 300mg Bt 10,EFFERALGAN,Suppositoire Pédiatrique,300mg,Bt 10,3.43,2.77,E,PARACETAMOL,N
308501,EFFERALGAN Suppo Jeune Enf. 150mg Bt 10,EFFERALGAN,Suppositoire Pédiatrique,150mg,Bt 10,3.015,2.27,E,PARACETAMOL,N
307416,EFFERALGAN VIT C Comp 330mg Bt 20,EFFERALGAN VIT C,Comprimé,330mg,Bt 20,3.985,2.44,E,PARACETAMOL+VITAMINE C,N
105525,EFFEXOR LP 37.5mg Gél LP Bt 30 ( ex 102316),EFFEXOR LP,Gélule à Libération Prolongée,37.5mg,Bt 30,19.57,15.66,E,VENLAFAXINE,N
105526,EFFEXOR LP 75mg Gél LP Bt 30 (ex 103518),EFFEXOR LP,Gélule à Libération Prolongée,75mg,Bt 30,23.56,22.89,E,VENLAFAXINE,N
103496,ELLEACNELLE Comp Drag Bt 21,ELLEACNELLE,Comprimé Enrobé,,Bt 21,7.756,7.749,E,CYPROTERONE+ETHINYLESTRADIOL,N
303649,EMPERIAL 10 MG Comp Pell Bt 30,EMPERIAL,Comprimé Pelliculé,10 MG,Bt 30,52.64,52.62,E,EMPAGLIFLOZINE,O
303650,EMPERIAL 25 MG Comp Pell Bt 30,EMPERIAL,Comprimé Pelliculé,25 MG,Bt 30,52.64,52.62,E,EMPAGLIFLOZINE,O
300760,ENAPRIL 20 mg comp sec Bt/28,ENAPRIL,Comprimé Sécable,20 mg,Bt/28,12.675,12.656,E,ENALAPRIL,N
300759,ENAPRIL 5 mg comp sec Bt/28,ENAPRIL,Comprimé Sécable,5 mg,Bt/28,4.88,4.872,E,ENALAPRIL,N
303034,ENKEPHAL ENFANT 30mg Pdre.P.Sol.Or. Bt/30,ENKEPHAL ENFANT,Solution,30mg,Bt/30,12.26,12.03,I,RACECADOTRIL,N
303033,ENKEPHAL NOURRISSON 10mg Pdre.P.Sol.Or Bt/16 Sach.,ENKEPHAL NOURRISSON,Solution,10mg,Bt/16 Sach.,12.26,11.648,I,RACECADOTRIL,N
303300,ENOMERAL 20 20mg Gél Gastro-résistant Bt 16,ENOMERAL 20,Gélule Gastro-Résistante,20mg,Bt 16,11.84,9.792,E,ESOMEPRAZOLE,N
303301,ENOMERAL 20 20mg Gél Gastro-résistant Bt 30,ENOMERAL 20,Gélule Gastro-Résistante,20mg,Bt 30,18.36,18.36,E,ESOMEPRAZOLE,N
303299,ENOMERAL 20 20mg Gél Gastro-résistant Bt 8,ENOMERAL 20,Gélule Gastro-Résistante,20mg,Bt 8,5.07,4.896,E,ESOMEPRAZOLE,N
302426,ENOMERAL 20 Gel 20 MG FL 14,ENOMERAL 20,Gélule,20 MG,FL 14,10.345,8.568,E,ESOMEPRAZOLE,N
302427,ENOMERAL 20 Gel Gastro resistrante 20 MG FL 28,ENOMERAL 20,Gélule Gastro-Résistante,20 MG,FL 28,20.41,17.136,E,ESOMEPRAZOLE,N
302425,ENOMERAL 20 Gel Gastro resistrante 20 MG FL 7,ENOMERAL 20,Gélule Gastro-Résistante,20 MG,FL 7,6.54,4.284,E,ESOMEPRAZOLE,N
303303,ENOMERAL 40 40mg Gél Gastro-résistant Bt 16,ENOMERAL 40,Gélule Gastro-Résistante,40mg,Bt 16,12.96,11.68,E,ESOMEPRAZOLE,N
303304,ENOMERAL 40 40mg Gél Gastro-résistant Bt 30,ENOMERAL 40,Gélule Gastro-Résistante,40mg,Bt 30,24.09,21.9,E,ESOMEPRAZOLE,N
303302,ENOMERAL 40 40mg Gél Gastro-résistant Bt 8,ENOMERAL 40,Gélule Gastro-Résistante,40mg,Bt 8,7.87,5.84,E,ESOMEPRAZOLE,N
302429,ENOMERAL 40 Gel Gastro resistrante 40 MG FL 14,ENOMERAL 40,Gélule Gastro-Résistante,40 MG,FL 14,18.48,10.22,E,ESOMEPRAZOLE,N
302430,ENOMERAL 40 Gel Gastro resistrante 40 MG FL 28,ENOMERAL 40,Gélule Gastro-Résistante,40 MG,FL 28,25.61,20.44,E,ESOMEPRAZOLE,N
302428,ENOMERAL 40 Gel Gastro resistrante 40 MG FL 7,ENOMERAL 40,Gélule Gastro-Résistante,40 MG,FL 7,10.645,5.11,E,ESOMEPRAZOLE,N
300913,ENOXA 2000UI A-xa  Sol Inj 2 Ser/0.2ML,ENOXA,Solution Injectable,2000UI,Ser/0.2ML,11.91,8.058,E,ENOXAPARINE,N
300914,ENOXA 4000UI A-xa  Sol Inj 2 Ser/0.4ML,ENOXA,Solution Injectable,4000UI,Ser/0.4ML,18.63,12.358,E,ENOXAPARINE,N
300915,ENOXA 6000UI A-xa  Sol Inj 2 Ser/0.6ML,ENOXA,Solution Injectable,6000UI,Ser/0.6ML,22.17,14.688,E,ENOXAPARINE,N
300916,ENOXA 8000UI A-xa 80mg Sol Inj 2 Ser/0.8ML,ENOXA,Solution Injectable,8000UI/80mg,Ser/0.8ML,26.125,17.326,E,ENOXAPARINE,N
302186,ENOXAMED 10 000 UI ANTI XA/1ML SOL INJ  BT 2 SERINGUES,ENOXAMED 10,Solution Injectable,000 UI/1ML,BT 2 SERINGUES,33.34,33.34,E,ENOXAPARINE,N
302175,ENOXAMED 2000 UI ANTI XA /0.2 ML SOL INJ BT 6 SERINGUES,ENOXAMED,Solution Injectable,2000 UI/0.2 ML,BT 6 SERINGUES,24.175,24.174,E,ENOXAPARINE,N
302174,ENOXAMED 2000UI ANTI XA/0.2 ML  SOL INJ BT 2 SERINGUES,ENOXAMED,Solution Injectable,2000UI/0.2 ML,BT 2 SERINGUES,11.748,8.058,E,ENOXAPARINE,N
302177,ENOXAMED 4000 UI ANTI XA /0.4 ML SOL INJ BT 6 SERINGUES,ENOXAMED,Solution Injectable,4000 UI/0.4 ML,BT 6 SERINGUES,37.075,37.074,E,ENOXAPARINE,N
302176,ENOXAMED 4000 UI ANTI XA/0.4 ML SOL INJ  BT 2 SERINGUES,ENOXAMED,Solution Injectable,4000 UI/0.4 ML,BT 2 SERINGUES,16.45,12.358,E,ENOXAPARINE,N
302179,ENOXAMED 6000 UI ANTI XA /0.6 ML SOL INJ BT 10 SERINGUES,ENOXAMED,Solution Injectable,6000 UI/0.6 ML,BT 10 SERINGUES,73.445,73.44,E,ENOXAPARINE,N
302178,ENOXAMED 6000 UI ANTI XA /0.6 ML SOL INJ BT 2 SERINGUES,ENOXAMED,Solution Injectable,6000 UI/0.6 ML,BT 2 SERINGUES,20.08,14.688,E,ENOXAPARINE,N
302184,ENOXAMED 8000 UI ANTI XA /0.8 ML SOL INJ  BT 10 SERINGUES,ENOXAMED,Solution Injectable,8000 UI/0.8 ML,BT 10 SERINGUES,86.635,86.63,E,ENOXAPARINE,N
302180,ENOXAMED 8000UI ANTI XA /0.8 ML BT 2 SERINGUES,ENOXAMED,,8000UI/0.8 ML,BT 2 SERINGUES,23.66,17.326,E,ENOXAPARINE,N
100115,ENOXOR 200 Comp 200mg Bt 10,ENOXOR 200,Comprimé,200mg,Bt 10,10.217,10.21,E,ENOXACINE,N
302442,EOLIDE EASY FLOW  Pdre P Inh  Bucc 400 µgr  BT 60 Gelule + Inh,EOLIDE EASY FLOW,Poudre pour Inhalation,,BT 60 Gelule + Inh,22.81,22.8,E,BUDESONIDE,N
302441,EOLIDE EASY FLOW Pdre P Inhal Bucc 200µg BT 60 Gel+Inh,EOLIDE EASY FLOW,Poudre pour Inhalation,200µg,BT 60 Gel+Inh,14.48,13.5,E,BUDESONIDE,N
303673,EPILEPTA 500mg Comp Pell Séc Bt 60,EPILEPTA,Comprimé Pelliculé Sécable,500mg,Bt 60,43.74,19.74,E,LEVETIRACETAM,N
106811,EPITAM 100mg/ml Sol Buv Fl 240ml,EPITAM,Solution Buvable,100mg/ml,Fl 240ml,120.865,66.96,E,LEVETIRACETAM,N
301960,EPITAM Comp Pell 250 MG BT 60,EPITAM,Comprimé Pelliculé,250 MG,BT 60,52.56,13.32,E,LEVETIRACETAM,N
301961,EPITAM Comp Pell 500 MG BT 60,EPITAM,Comprimé Pelliculé,500 MG,BT 60,94.415,19.74,E,LEVETIRACETAM,N
105726,EPIXX 100mg/ml Sol Buv Fl 300ml,EPIXX,Solution Buvable,100mg/ml,Fl 300ml,85.86,83.7,E,LEVETIRACETAM,N
105725,EPIXX 250mg Comp Pell Bt 50,EPIXX,Comprimé Pelliculé,250mg,Bt 50,11.72,11.1,E,LEVETIRACETAM,N
105727,EPIXX 500mg Comp Pell Bt 50,EPIXX,Comprimé Pelliculé,500mg,Bt 50,17.335,16.45,E,LEVETIRACETAM,N
307080,ERCEFURYL 4% Susp Buv Fl 90ml,ERCEFURYL 4%,Suspension Buvable,,Fl 90ml,5.62,3.69,I,NIFUROXAZIDE,N
306928,ERCEFURYL Gélule 200mg Bt 28,ERCEFURYL,Gélule,200mg,Bt 28,6.02,5.656,I,NIFUROXAZIDE,N
308203,ERGOKOD Soluté Buv Fl 50ml (0.1%),ERGOKOD Soluté Buv Fl,,50ml,Fl 50ml,6.895,6.85,I,DIHYDROERGOTOXINE,N
301688,ERVA Aerosol 250 µg  FL 120 Doses,ERVA Aero,Solution,250 µg,FL 120 Doses,20.595,20.52,E,FLUTICASONE,N
301689,ERVA Aerosol 50 µg FL 120 Doses,ERVA Aero,Solution,50 µg,FL 120 Doses,11.965,11.88,E,FLUTICASONE,N
306995,ERYFLUID Sol Us Ext 40mg/ml Fl 100ml,ERYFLUID,Solution à Usage Topique,40mg/ml,Fl 100ml,10.39,10.3,I,ERYTHROMYCINE,N
108523,ERYSOL  Gel Derm 2% Tb 25gr,ERY,Solution Dermique,,Tb 25gr,7.435,7.425,I,ERYTHROMYCINE,N
308053,ERYTHRO 250 Comp Bt 20,ERYTHRO 250,Comprimé,,Bt 20,5.205,5.2,E,ERYTHROMYCINE,N
308054,ERYTHRO Comp 500mg Bt 16,ERYTHRO,Comprimé,500mg,Bt 16,5.42,5.408,E,ERYTHROMYCINE,N
306852,ERYTHROCINE Susp Buv 500mg/5ml Fl 60ml,ERYTHROCINE,Suspension Buvable,500mg/5ml,Fl 60ml,4.823,4.8,E,ERYTHROMYCINE,N
303790,ESCITAPUR 10mg Comp Pell Séc Bt 30,ESCITAPUR,Comprimé Pelliculé Sécable,10mg,Bt 30,14.072,14.072,E,ESCITALOPRAM,N
303791,ESCITAPUR 20mg Comp Pell Séc Bt 30,ESCITAPUR,Comprimé Pelliculé Sécable,20mg,Bt 30,20.22,20.22,E,ESCITALOPRAM,N
303110,ESOCALM 20 MG Gel Gastro-resistante BT 28,ESOCALM,Gélule Gastro-Résistante,20 MG,BT 28,18.84,17.136,E,ESOMEPRAZOLE,N
303108,ESOCALM 20 MG Gel Gastro-resistante BT 7,ESOCALM,Gélule Gastro-Résistante,20 MG,BT 7,5.825,4.284,E,ESOMEPRAZOLE,N
303109,ESOCALM 20mg Gél Gastro-résistante Bt 14,ESOCALM,Gélule Gastro-Résistante,20mg,Bt 14,11.72,8.568,E,ESOMEPRAZOLE,N
303111,ESOCALM 40 MG Gel Gastro-resistante BT 28,ESOCALM,Gélule Gastro-Résistante,40 MG,BT 28,24.725,20.44,E,ESOMEPRAZOLE,N
303221,ESOCALM 40mg Gél Gastro-resistante Bt 14,ESOCALM,Gélule Gastro-Résistante,40mg,Bt 14,12.485,10.22,E,ESOMEPRAZOLE,N
303220,ESOCALM 40mg Gél Gastro-resistante Bt 7,ESOCALM,Gélule Gastro-Résistante,40mg,Bt 7,7.585,5.11,E,ESOMEPRAZOLE,N
301845,ESOCARE Gélu Gastro -Résis 40 MG FL 28,ESOCARE Gélu Gastro -Résis,,40 MG,FL 28,40.94,20.44,E,ESOMEPRAZOLE,N
302214,ESOCARE Gelu Gastro-Resis   20 MG Fl 30,ESOCARE Gelu Gastro-Resis,,20 MG,Fl 30,24.325,18.36,E,ESOMEPRAZOLE,N
301842,ESOCARE Gélu Gastro-Résis  20 MG  FL 7,ESOCARE Gélu Gastro-Résis,,20 MG,FL 7,7.83,4.284,E,ESOMEPRAZOLE,N
301843,ESOCARE Gelu Gastro-Resis  20 MG FL  14,ESOCARE Gelu Gastro-Resis,,20 MG,FL  14,10.725,8.568,E,ESOMEPRAZOLE,N
302215,ESOCARE Gelu Gastro-Resis  40 MG Fl 30,ESOCARE Gelu Gastro-Resis,,40 MG,Fl 30,40.94,21.9,E,ESOMEPRAZOLE,N
301844,ESOCARE Gélu Gastro-Résis 40 MG FL 14,ESOCARE Gélu Gastro-Résis,,40 MG,FL 14,22,10.22,E,ESOMEPRAZOLE,N
301848,ESOCARE Gelule Gastro-Resis 20 MG FL 28,ESOCARE,Gélule Gastro-Résistante,20 MG,FL 28,24.325,17.136,E,ESOMEPRAZOLE,N
301915,ESOCARE Gelule Gstro -resis 40 MG FL 7,ESOCARE,Gélule,40 MG,FL 7,10.84,5.11,E,ESOMEPRAZOLE,N
104588,ESOMEPRAZOLE ZENTIVA Gelule Gastroresi 20 MG BT 7,ESOMEPRAZOLE ZENTIVA,Gélule Gastro-Résistante,20 MG,BT 7,5.3,4.284,E,ESOMEPRAZOLE,N
104587,ESOMEPRAZOLE ZENTIVA Gelule Gastroresist 20 MG BT 14,ESOMEPRAZOLE ZENTIVA,Gélule Gastro-Résistante,20 MG,BT 14,10.4,8.568,E,ESOMEPRAZOLE,N
303620,ESOPREX 20mg Comp. Pell. Séc. Bt 30,ESOPREX,Comprimé Pelliculé Sécable,20mg,Bt 30,36.66,36.66,E,ESCITALOPRAM,N
303145,ESOPREX 20mg/ml Sol Buv Fl 15 ml,ESOPREX,Solution Buvable,20mg/ml,Fl 15 ml,21.8,21.795,E,ESCITALOPRAM,N
301667,ESOPREX Comp Pell 10 mg  Bt 15,ESOPREX,Comprimé Pelliculé,10 mg,Bt 15,15.005,12.69,E,ESCITALOPRAM,N
301310,ESOPREX Comp Pell Sec 10 mg Bt 30,ESOPREX,Comprimé Pelliculé Sécable,10 mg,Bt 30,31.225,25.38,E,ESCITALOPRAM,N
301189,ESORAL  Gelule gastro resist  40 mg Bt 28,ESORAL,Gélule Gastro-Résistante,40 mg,Bt 28,48.71,20.44,E,ESOMEPRAZOLE,N
301187,ESORAL 20 MG Gelule Bt 28,ESORAL,Gélule,20 MG,Bt 28,30.7,17.136,E,ESOMEPRAZOLE,N
301188,ESORAL 40 mg Gelule Bt 16,ESORAL,Gélule,40 mg,Bt 16,30.165,11.68,E,ESOMEPRAZOLE,N
301186,ESORAL Gelule 20 mg  Bt 16,ESORAL,Gélule,20 mg,Bt 16,20.715,9.792,E,ESOMEPRAZOLE,N
301366,ESORAL Gelule Gast Res 40 mg BT 8,ESORAL,Gélule,40 mg,BT 8,15.475,5.84,E,ESOMEPRAZOLE,N
301365,ESORAL Gelule Gast Resis 20 mg Bt 8,ESORAL,Gélule,20 mg,Bt 8,10.515,4.896,E,ESOMEPRAZOLE,N
105050,ESTIMA 100 MG CAPS. MOLLE BT/30,ESTIMA,,100 MG,BT/30,14.906,11.94,E,PROGESTERONE,N
105051,ESTIMA 200 MG CAPS.MOLLE BT/15,ESTIMA,,200 MG,BT/15,14.906,10.545,E,PROGESTERONE,N
303418,ESTRADO 1mg Comp Pell Bt 28,ESTRADO,Comprimé Pelliculé,1mg,Bt 28,6.09,3.08,E,ESTRADIOL,N
303419,ESTRADO 2mg Comp Pell Bt 28,ESTRADO,Comprimé Pelliculé,2mg,Bt 28,6.09,3.024,E,ESTRADIOL,N
301963,ETIKEN Comp Sec  8 MG/12.5 MG BT 30,ETIKEN,Comprimé Sécable,8 MG/12.5 MG,BT 30,32.925,23.58,E,CANDESARTAN  HYDROCHLOROTHIAZIDE,N
302236,ETIKEN Comp Sec 16 MG/12.5 MG BT 90,ETIKEN,Comprimé Sécable,16 MG/12.5 MG,BT 90,88.96,80.82,E,CANDESARTAN  HYDROCHLOROTHIAZIDE,N
301947,ETIKEN Comp Sec 16 MG/12.5MG BT 30,ETIKEN,Comprimé Sécable,16 MG/12.5MG,BT 30,37.97,26.94,E,CANDESARTAN  HYDROCHLOROTHIAZIDE,N
302235,ETIKEN Comp Sec 8 MG/12.5 MG BT 90,ETIKEN,Comprimé Sécable,8 MG/12.5 MG,BT 90,77.855,70.74,E,CANDESARTAN  HYDROCHLOROTHIAZIDE,N
101880,EVISTA 60 mg comp pell Bt 28,EVISTA,Comprimé Pelliculé,60 mg,Bt 28,64.941,64.932,E,RALOXIFENE,O
302347,EVOCOR 10mg Comp Pell BT 30,EVOCOR,Comprimé Pelliculé,10mg,BT 30,11.84,8.22,E,BISOPROLOL,N
302345,EVOCOR 2.5 2.5mg Comp Pell BT 30,EVOCOR 2.5,Comprimé Pelliculé,2.5mg,BT 30,6.98,5.4,E,BISOPROLOL,N
302346,EVOCOR 5 5mg Comp Pell BT 30,EVOCOR 5,Comprimé Pelliculé,5mg,BT 30,7.9,6.42,E,BISOPROLOL,N
103469,EXFORGE  Comp 5 mg /80mg   Bt 28,EXFORGE,Comprimé,5 mg /80mg,Bt 28,46.02,31.136,E,AMLODIPINE+VALSARTAN,N
103418,EXFORGE  Comp Pell 5MG/160MG Bt 28,EXFORGE,Comprimé Pelliculé,5MG/160MG,Bt 28,50.08,35.28,E,AMLODIPINE+VALSARTAN,N
103419,EXFORGE Comp Pell 10 MG/160MG  Bt 28,EXFORGE,Comprimé Pelliculé,10 MG/160MG,Bt 28,50.08,35.28,E,AMLODIPINE+VALSARTAN,N
104750,EXFORGE HCT  Comp Pell 5 MG/160MG/12.5MG BT 28,EXFORGE HCT,Comprimé Pelliculé,5 MG/160MG/12.5MG,BT 28,38.725,34.748,E,AMLODIPINE+VALSARTAN+HYDROCHLOROTHIAZIDE,N
104752,EXFORGE HCT Comp Pell 10 MG/160 MG /12.5 MG BT 28,EXFORGE HCT,Comprimé Pelliculé,10 MG/160 MG /12.5 MG,BT 28,42.44,34.748,E,AMLODIPINE+VALSARTAN+HYDROCHLOROTHIAZIDE,N
104753,EXFORGE HCT Comp Pell 10 MG/160MG/25MG BT 28,EXFORGE HCT,Comprimé Pelliculé,10 MG/160MG/25MG,BT 28,41.96,34.748,E,AMLODIPINE+VALSARTAN+HYDROCHLOROTHIAZIDE,N
104751,EXFORGE HCT Comp Pell 5 MG/160 MG/25 MG BT 28,EXFORGE HCT,Comprimé Pelliculé,5 MG/160 MG/25 MG,BT 28,38.195,34.748,E,AMLODIPINE+VALSARTAN+HYDROCHLOROTHIAZIDE,N
303126,FALOXIM 40mg/5ml Pdre P Susp Or Fl 60ml,FALOXIM,Suspension Buvable,40mg/5ml,Fl 60ml,7.355,7.32,E,CEFIXIME,N
309053,FALOXIM Gelule 200mg Bt 16,FALOXIM,Gélule,200mg,Bt 16,24.44,24.4,E,CEFIXIME,N
309062,FALOXIM Pdre Susp Or 100mg/5ml Fl 60ml,FALOXIM,Suspension Buvable,100mg/5ml,Fl 60ml,14.51,13.56,E,CEFIXIME,N
309080,FAMO 40 40mg Comp Pell Bt 10,FAMO 40,Comprimé Pelliculé,40mg,Bt 10,8.065,5.26,E,FAMOTIDINE,N
309864,FAMO 40 40mg Comp Pell Bt 30,FAMO 40,Comprimé Pelliculé,40mg,Bt 30,19.39,15.78,E,FAMOTIDINE,N
308198,FAMODAR ABR 10mg comp pell Bt 10,FAMODAR ABR,Comprimé Pelliculé,10mg,Bt 10,2.445,2.44,E,FAMOTIDINE,N
308160,FAMODAR Comp 40mg Bt 30,FAMODAR,Comprimé,40mg,Bt 30,15.785,15.78,E,FAMOTIDINE,N
309611,FAMODAR Comp Pell Sec 40 mg Bt 10,FAMODAR,Comprimé Pelliculé Sécable,40 mg,Bt 10,5.43,5.26,E,FAMOTIDINE,N
300715,FAMODINE 40 mg comp.péll.séc.b/10,FAMODINE,Comprimé Sécable,40 mg,b/10,8.47,5.26,E,FAMOTIDINE,N
307775,FAMODINE Comp 20mg Bt 30,FAMODINE,Comprimé,20mg,Bt 30,17.235,13.23,E,FAMOTIDINE,N
307776,FAMODINE Comp Pell Sec  40mg Bt 30,FAMODINE,Comprimé Pelliculé Sécable,40mg,Bt 30,20.005,15.78,E,FAMOTIDINE,N
300351,FASIGYNE Comp enrobé 500mg Bt 4,FASIGYNE,Comprimé Enrobé,500mg,Bt 4,3.685,3.684,I,TINIDAZOLE,N
308356,FEFOL 150MG Gel  BT 30,FEFOL,Gélule,150MG,BT 30,6.64,6.63,E,FER+ACIDE FOLIQUE,N
300512,FELDENE Amp Inj 20mg Bt 6,FELDENE,Solution Injectable,20mg,Bt 6,10.085,9.552,E,PIROXICAM,N
300655,FELDENE DISPERSIBLE Comp 20mg Bt 10,FELDENE DISPERSIBLE,Comprimé,20mg,Bt 10,6.985,5.44,E,PIROXICAM,N
300270,FELDENE DISPERSIBLE Comp 20mg Bt 15,FELDENE DISPERSIBLE,Comprimé,20mg,Bt 15,10.132,8.16,E,PIROXICAM,N
300656,FELDENE DISPERSIBLE Comp 20mg Bt 20,FELDENE DISPERSIBLE,Comprimé,20mg,Bt 20,10.89,10.88,E,PIROXICAM,N
308135,FELDENE Sol Inj 20mg B/2,FELDENE,Solution Injectable,20mg,B/2,3.78,3.184,E,PIROXICAM,N
308026,FELDENE Suppo 20mg Bt 15,FELDENE,Suppositoire,20mg,Bt 15,10.93,9.96,E,PIROXICAM,N
301147,FENAMYL Gelule 250mg Bt 16,FENAMYL,Gélule,250mg,Bt 16,2.005,2,E,ACIDE MEFENAMIQUE,N
300961,FENDOL Comp Pell Sec 500mg Bt 20,FENDOL,Comprimé Pelliculé Sécable,500mg,Bt 20,5.315,5.3,E,ACIDE MEFENAMIQUE,N
302522,FENOLIP 200mg Gél Bt 90,FENOLIP,Gélule,200mg,Bt 90,25.16,25.11,E,FENOFIBRATE,N
301849,FENOLIP Gelule 200 MG BT 30,FENOLIP,Gélule,200 MG,BT 30,11.95,8.37,E,FENOFIBRATE,N
301429,FENOTHYL Comp Pell 160 mg Bt 32,FENOTHYL,Comprimé Pelliculé,160 mg,Bt 32,13.5,11.488,E,FENOFIBRATE,N
301648,FER PLUS Sol Buv  99 .4MG/7ML BT/32 Sachets,FER PLUS,Solution Buvable,4MG/7ML,BT/32 Sachets,15.64,14.784,E,FER3+POLYMALTOSE COMPLEXE,N
301014,FER PLUS Sol Buv Fl 250ml +mesurette,FER PLUS,Solution Buvable,,Fl 250ml +mesurette,16.6,16.5,E,FER3+POLYMALTOSE COMPLEXE,N
300879,FER PLUS Sol Buv Fl 60ml + mesurette,FER PLUS,Solution Buvable,,Fl 60ml + mesurette,5.07,3.96,E,FER3+POLYMALTOSE COMPLEXE,N
301405,FER PLUS Sol Inj 62.5 mg/5ml   Bt 10,FER PLUS,Solution Injectable,62.5 mg/5ml,Bt 10,50.875,50.87,E,FER,O
353554,FEROVEN 100mg/5ml Sol Inj P Perf Bt 5/5ml,FEROVEN,Solution pour Perfusion,100mg/5ml,Bt 5/5ml,20.921,20.921,E,FER,O
103394,FIXICAL VIT D3 500mg Comp à Croquer Bt/3X20,FIXICAL VIT D3,Comprimé à Croquer,500mg,Bt/3X20,6.41,6.36,E,CALCIUM+VITAMINE D,N
303367,FLAGYL Comp 250mg Bt 20,FLAGYL,Comprimé,250mg,Bt 20,4.78,2.52,E,METRONIDAZOLE,N
303594,FLAMET 250mg Comp Pell Bt 20,FLAMET,Comprimé Pelliculé,250mg,Bt 20,6.14,2.52,E,METRONIDAZOLE,N
301156,FLANID  Comp Sec 100 mg Bt 30,FLANID,Comprimé Sécable,100 mg,Bt 30,6.745,5.01,E,ACIDE TIAPROFENIQUE,N
301157,FLANID Comp Sec  200 mg Bt 15,FLANID,Comprimé Sécable,200 mg,Bt 15,7.96,4.98,E,ACIDE TIAPROFENIQUE,N
103320,FLECAINE 100 mg Comp Bt 30,FLECAINE,Comprimé,100 mg,Bt 30,35.78,35.76,E,FLECAINIDE,N
104475,FLECAINE Gelule LP 100 MG BT 30,FLECAINE,Gélule à Libération Prolongée,100 MG,BT 30,35.22,35.22,E,FLECAINIDE,N
104408,FLECAINE Gelule LP 200 MG BT 30,FLECAINE,Gélule à Libération Prolongée,200 MG,BT 30,37.06,37.05,E,FLECAINIDE,N
104474,FLECAINE Gelule LP 50 MG BT 30,FLECAINE,Gélule à Libération Prolongée,50 MG,BT 30,33.375,33.36,E,FLECAINIDE,N
307835,FLEXEN Suppo 100mg Bt 12,FLEXEN,Suppositoire,100mg,Bt 12,3.905,3.9,E,KETOPROFENE,N
309955,FLINZOL 150mg Gél. Bt 1 (ex FUNZOL Gélule 150mg Bt 1),FLINZOL,Gélule,150mg,Bt 1,5.64,4.015,E,FLUCONAZOLE,N
302048,FLINZOL 150mg Gél. Bt 12 (ex FUNZOL Gelule 150  MG BT 12),FLINZOL,Gélule,150mg,Bt 12,48.185,48.18,E,FLUCONAZOLE,N
309969,FLINZOL 150mg Gél. Bt 2 (ex FUNZOL Gélule 150mg Bt 2),FLINZOL,Gélule,150mg,Bt 2,9.89,8.03,E,FLUCONAZOLE,N
309956,FLINZOL 150mg Gél. Bt 4 (ex FUNZOL Gélule 150mg Bt 4),FLINZOL,Gélule,150mg,Bt 4,18.48,16.06,E,FLUCONAZOLE,N
102437,FLIXONASE Spray Nasal 50µG/Dose  Fl 120 doses,FLIXONASE,Spray Nasal,50µG,Fl 120 doses,24.04,13.44,E,FLUTICASONE,N
102453,FLIXOTIDE Aérosol  50µg/Dose  Fl 120 Doses,FLIXOTIDE Aéro,Solution,50µg,Fl 120 Doses,19.63,11.88,E,FLUTICASONE,N
102930,FLIXOTIDE DISKUS 250 µg pdre/inhal.bucc Fl/60 doses,FLIXOTIDE DISKUS,Poudre pour Inhalation,250 µg,Fl/60 doses,34.52,28.8,E,FLUTICASONE,N
300289,FLOXAMED Collyre 0.3% 5ml,FLOXAMED,Collyre,5ml,,4.6,4.6,E,NORFLOXACINE,N
301949,FLOXAMED Collyre 3 M 0.3% FL 5 ML,FLOXAMED,Collyre,,FL 5 ML,5.04,4.6,E,NORFLOXACINE,N
301291,FLOXAPEN Gelule 500 mg BT 24,FLOXAPEN,Gélule,500 mg,BT 24,13.805,11.088,E,FLUCLOXACILLINE,N
306956,FLOXAPEN Gélule 500mg Bt 12,FLOXAPEN,Gélule,500mg,Bt 12,8.55,5.544,E,FLUCLOXACILLINE,N
307294,FLOXAPEN Pdre/Susp Or. 250mg Fl 60ml,FLOXAPEN,Suspension Buvable,250mg,Fl 60ml,6.47,6.42,E,FLUCLOXACILLINE,N
100359,FLOXYFRAL Comp enr 100mg Bt 15,FLOXYFRAL,Comprimé Enrobé,100mg,Bt 15,13.128,13.125,E,FLUVOXAMINE,N
300711,FLUCAND 150 mg gélu.b/1,FLUCAND,,150 mg,b/1,10.515,4.015,E,FLUCONAZOLE,N
300712,FLUCAND 150 mg gélu.b/2,FLUCAND,,150 mg,b/2,14.77,8.03,E,FLUCONAZOLE,N
300713,FLUCAND 150 mg gélu.b/4,FLUCAND,,150 mg,b/4,20.19,16.06,E,FLUCONAZOLE,N
300542,FLUCAZOLE  Gélule 150mg Bt 1,FLUCAZOLE,Gélule,150mg,Bt 1,7.59,4.015,E,FLUCONAZOLE,N
300638,FLUCAZOLE  Gélule 150mg Bt 2,FLUCAZOLE,Gélule,150mg,Bt 2,12.05,8.03,E,FLUCONAZOLE,N
300541,FLUCAZOLE  Gélule 50mg Bt 7,FLUCAZOLE,Gélule,50mg,Bt 7,26.3,20.755,E,FLUCONAZOLE,N
300696,FLUCAZOLE 150 mg gélule Bt 4,FLUCAZOLE,Gélule,150 mg,Bt 4,22.765,16.06,E,FLUCONAZOLE,N
300400,FLUCAZOLE Gélule 100mg Bt 7,FLUCAZOLE,Gélule,100mg,Bt 7,42.53,36.211,E,FLUCONAZOLE,N
105299,FLUCON Collyre 0.1% Fl 3ml,FLUCON,Collyre,,Fl 3ml,2.096,2.094,E,FLUOROMETHOLONE,N
301399,FLUCONAZOLE WINTHROP Gelule 150 mg Bt 2,FLUCONAZOLE WINTHROP,Gélule,150 mg,Bt 2,12.8,8.03,E,FLUCONAZOLE,N
301400,FLUCONAZOLE WINTHROP Gelule 150 mg Bt 4,FLUCONAZOLE WINTHROP,Gélule,150 mg,Bt 4,21.88,16.06,E,FLUCONAZOLE,N
301024,FLUDERM 0.005 %Pde Der Tbe 30,FLUDERM,Pommade Dermique,,Tbe 30,5.42,5.4,E,FLUTICASONE,N
302248,FLUDEX LP Comp LP 1.5 MG BT 30,FLUDEX LP,Comprimé à Libération Prolongée,1.5 MG,BT 30,10.155,5.4,E,INDAPAMIDE,N
300829,FLUKAS 150 mg Gelule Bt 1,FLUKAS,Gélule,150 mg,Bt 1,5.555,4.015,E,FLUCONAZOLE,N
300830,FLUKAS 150mg Gélule Bt 4,FLUKAS,Gélule,150mg,Bt 4,18.395,16.06,E,FLUCONAZOLE,N
301884,FLUKAS Gelule 150 MG BT12,FLUKAS,Gélule,150 MG,,50.715,48.18,E,FLUCONAZOLE,N
300937,FLUKAS Gelule 150mg Bt 2,FLUKAS,Gélule,150mg,Bt 2,9.81,8.03,E,FLUCONAZOLE,N
301799,FLUPAMIDE LP Comp Pell 1.5 MG BT 30,FLUPAMIDE LP,Comprimé Pelliculé,1.5 MG,BT 30,5.42,5.4,E,INDAPAMIDE,N
301762,FLUROFEN Comp Pell 100 MG BT 20,FLUROFEN,Comprimé Pelliculé,100 MG,BT 20,4.215,4.2,E,FLURBIPROFENE,N
306860,FLUSKIN Gel 0.05% Tb 30gr,FLUSKIN,Gélule,,Tb 30gr,3.565,3.54,E,FLUOCINONIDE,N
306861,FLUSKIN NEO Pde Tb 15gr,FLUSKIN NEO,Pommade,,Tb 15gr,2.34,2.34,E,FLUOCINONIDE+NEOMYCINE,N
303258,FLUTICA 50mcg/Dose Susp Nasale Fl 120 Doses,FLUTICA,Suspension Nasale,50mcg,Fl 120 Doses,13.465,13.44,E,FLUTICASONE,N
104995,FLUTICAPEN Pdre P Inh Bucc 250 µg BT 60 Doses+Inhalateur,FLUTICAPEN,Poudre pour Inhalation,250 µg,BT 60 Doses+Inhalateur,35.145,28.8,E,FLUTICASONE,N
302934,FLUTISONE 50µg Spray Nasal Fl 120 doses,FLUTISONE,Spray Nasal,50µg,Fl 120 doses,14.56,13.44,E,FLUTICASONE,N
302341,FLUVASTA Gel 40MG FL 30,FLUVASTA,Gélule,40MG,FL 30,24.895,24.87,E,FLUVASTATINE,N
300719,FLUXA 500 MG GEL Bt/24,FLUXA,Gélule,500 MG,Bt/24,14.745,11.088,E,FLUCLOXACILLINE,N
100639,FOLICUM 5mg Comp  Bt 20,FOLICUM,Comprimé,5mg,Bt 20,4.636,4.62,E,ACIDE FOLIQUE,N
300339,FONGICIL  Lait derm 1% Fl 30ml,FONGICIL  Lait derm 1% Fl,,30ml,Fl 30ml,5.435,4.29,E,ECONAZOLE,N
300341,FONGICIL 150mg Ovule B/3,FONGICIL,,150mg,B/3,6.26,6.258,I,ECONAZOLE,N
300340,FONGICIL Crème derm 1% Tb 30gr,FONGICIL,Crème Dermique,,Tb 30gr,6.005,5.37,E,ECONAZOLE,N
104213,FORADIL 12 µg gelule BT 30 + inhalateur,FORADIL,Gélule,12 µg,BT 30 + inhalateur,33.36,15.99,E,FORMOTEROL,N
103467,FORADIL 12µgr Gelule Bt 60+Inhalateur,FORADIL 12µgr,Gélule,,Bt 60+Inhalateur,61.175,31.98,E,FORMOTEROL,N
308138,FORMIDIAB Comp 850mg Bt 60,FORMIDIAB,Comprimé,850mg,Bt 60,5.735,5.22,E,METFORMINE,N
105019,FORMOPEN Gel 12 µg BT 60+ Inhalateur,FORMOPEN,Gélule,12 µg,BT 60+ Inhalateur,50.26,31.98,E,FORMOTEROL,N
301635,FORTADOL Comp Pell 37.5 MG/325 MG BT 16,FORTADOL,Comprimé Pelliculé,37.5 MG/325 MG,BT 16,8.45,3.584,E,TRAMADOL+PARACETAMOL,N
302902,FORTALGIC 300 mg/25mg Comp Pell BT 12,FORTALGIC,Comprimé Pelliculé,300 mg/25mg,BT 12,3.41,2.052,E,CODEINE+PARACETAMOL,N
302903,FORTALGIC 600 mg/50mg Comp Pell Sec  BT 12,FORTALGIC,Comprimé Pelliculé Sécable,600 mg/50mg,BT 12,5.055,3.984,E,CODEINE+PARACETAMOL,N
107335,FORTRANS Pdre/Sol Or sach 64gr Bt 4,FORTRANS,Solution,,Bt 4,13.524,13.524,E,POLYETHYLENE GLYCOL,N
105788,FORXIGA 10mg Comp Pell Bt 28,FORXIGA,Comprimé Pelliculé,10mg,Bt 28,113.77,48.272,E,DAPAGLIFLOZINE,O
300954,FOSALEN Comp 70 mg Bt 4,FOSALEN,Comprimé,70 mg,Bt 4,47.6,47.6,E,ALENDRONATE ANHYDRE,O
302576,FOSALEN D3  Bt 4  70 MG/5600UI Comp,FOSALEN D3  Bt 4,Comprimé,70 MG/5600UI,,46.54,42.1,E,ALENDRONATE+COLECALCIFEROL,O
303107,FOSALEN D3 Bt 12 70mg/5600UI Comp,FOSALEN D3 Bt 12,Comprimé,70mg/5600UI,,126.31,126.3,E,ALENDRONATE+COLECALCIFEROL,O
105635,FOSAVANCE 70mg/5600UI Comp Bt 4,FOSAVANCE,Comprimé,70mg/5600UI,Bt 4,19.2,19.2,E,ALENDRONATE+COLECALCIFEROL,O
104957,FOSTER  Pdre P Inh Bucc 100/6µg/dose  Fl 120 doses,FOSTER,Poudre pour Inhalation,6µg,Fl 120 doses,86.25,86.16,E,FORMOTEROL+BECLOMETASONE,N
103400,FOSTER  Sol Inh 100/6µG Fl 120 doses,FOSTER,Solution pour Inhalation,6µG,Fl 120 doses,48.702,48.6,E,FORMOTEROL+BECLOMETASONE,N
104528,FOSTIMON  Pdre P Pre Inj  75 UI  BT 1 FL,FOSTIMON,Poudre pour Préparation Injectable,75 UI,BT 1 FL,33.735,33.735,E,FSH,O
103277,FRAGMIN 2500 UI Sol Inj Bt 2Ser/0.2ml,FRAGMIN,Solution Injectable,2500 UI,Bt 2Ser/0.2ml,8.782,8.782,E,DALTEPARINE SODIQUE,N
103278,FRAGMIN 5000 UI Sol Inj Bt 2 Ser /0.2ml,FRAGMIN,Solution Injectable,5000 UI,Bt 2 Ser /0.2ml,14.215,14.214,E,DALTEPARINE SODIQUE,N
101831,FRAKIDEX Collyre Fl 5ml,FRAKIDEX,Collyre,,Fl 5ml,3.004,3,E,DEXAMETHASONE+FRAMYCETINE,N
101922,FRAKIDEX Pde Oph Tb 5gr,FRAKIDEX,Pommade Ophtalmique,,Tb 5gr,2.233,2.23,E,DEXAMETHASONE+FRAMYCETINE,N
104839,FRAXIPARINE 2850 UI AXA Sol Inj Bt 2 Ser / 0.3ml,FRAXIPARINE,Solution Injectable,2850 UI,Bt 2 Ser / 0.3ml,11.89,11.89,E,NADROPARINE CALCIQUE,N
104840,FRAXIPARINE 5700 UI AXA Sol Inj Bt 2 Ser / 0.6ml,FRAXIPARINE,Solution Injectable,5700 UI,Bt 2 Ser / 0.6ml,22.852,22.852,E,NADROPARINE CALCIQUE,N
104841,FRAXIPARINE 7600 UI AXa Sol Inj Bt 2 Ser /0.8ml,FRAXIPARINE,Solution Injectable,7600 UI,Bt 2 Ser /0.8ml,27.059,27.058,E,NADROPARINE CALCIQUE,N
104920,FRAXODI 19000UI AXa/ ml15200 UIAX/0.8 ML     Sol Inj  BT 2 (ancien  code 101646),FRAXODI,Solution Injectable,19000UI/0.8 ML,BT 2,81.32,81.32,E,NADROPARINE CALCIQUE,N
302978,FRESIDOL 3% Susp Buv FL 90 ML,FRESIDOL 3%,Suspension Buvable,,FL 90 ML,5.285,3.24,E,PARACETAMOL,N
107883,FUCIDINE Comp pell 250mg Bt 10,FUCIDINE,Comprimé Pelliculé,250mg,Bt 10,20.83,15.93,E,ACIDE FUSIDIQUE,N
107882,FUCIDINE Susp buv 250mg/5ml  Fl 90ml,FUCIDINE,Suspension Buvable,250mg/5ml,Fl 90ml,23.225,23.22,E,ACIDE FUSIDIQUE,N
107182,FUCITHALMIC Gel Opht 1% Tb 3gr,FUCITHALMIC,Gélule,,Tb 3gr,4.123,3.174,E,ACIDE FUSIDIQUE,N
307523,FUMAFER  Comp 200mg Bt 100,FUMAFER,Comprimé,200mg,Bt 100,3.825,3.8,E,FUMARATE DE FER,N
300067,FUMAFER Pdre Sol Or. 100mg Fl 50gr,FUMAFER,Solution,100mg,Fl 50gr,2.405,2.4,E,FUMARATE DE FER,N
303088,FUMIDEX 2% Crème derm Tb 15gr,FUMIDEX 2%,Crème Dermique,,Tb 15gr,6.051,4.71,E,ACIDE FUSIDIQUE,N
303089,FUMIDEX 2% Pde Derm Tb 15gr,FUMIDEX 2%,Pommade Dermique,,Tb 15gr,5.915,4.605,E,ACIDE FUSIDIQUE,N
101539,FUNGIZONE Susp Buv 100mg/ml Fl 40ml,FUNGIZONE,Suspension Buvable,100mg/ml,Fl 40ml,5.19,5.16,I,AMPHOTERICINE B,N
302496,FUNZOL 100 MG GEL. BT 7,FUNZOL,Gélule,100 MG,BT 7,36.215,36.211,E,FLUCONAZOLE,N
302495,FUNZOL 50 MG GEL. BT 7,FUNZOL,Gélule,50 MG,BT 7,20.76,20.755,E,FLUCONAZOLE,N
102822,FURADANTINE Gélule 50mg Bt 21,FURADANTINE,Gélule,50mg,Bt 21,3.409,3.402,E,NITROFURANTOINE,N
302824,FURANS 20 20 mg SOL. INJ. BT 2/2 ml,FURANS 20,Solution Injectable,20 mg,BT 2/2 ml,1.44,1.256,E,FUROSEMIDE,N
303476,FUROSEMIDE Comp 40mg Bt 20,FUROSEMIDE,Comprimé,40mg,Bt 20,2.825,1.94,E,FUROSEMIDE,N
300529,FUROXEM Sol inj 20mg 2ml Bt 5,FUROXEM,Solution Injectable,20mg/2ml,Bt 5,3.14,3.14,E,FUROSEMIDE,N
302601,FUSIBACTER 250 250 mg COMP. PELL. BT/20,FUSIBACTER 250,Comprimé Pelliculé,250 mg,BT/20,31.86,31.86,E,ACIDE FUSIDIQUE,N
302412,FUSIBACTER 250 Comp Pell  250 MG BT 10,FUSIBACTER 250,Comprimé Pelliculé,250 MG,BT 10,17.46,15.93,E,ACIDE FUSIDIQUE,N
302612,FUSIMAX 250 MG Comp PELL BT 20,FUSIMAX,Comprimé Pelliculé,250 MG,BT 20,34.8,31.86,E,ACIDE FUSIDIQUE,N
302436,FUSIMAX Comp Pell 250 MG BT 12,FUSIMAX,Comprimé Pelliculé,250 MG,BT 12,21.985,19.116,E,ACIDE FUSIDIQUE,N
302471,FYLCOL 150 MG GEL. FL/4 (EX FLUCOL Gel 150 MG FL 4),FYLCOL,Gélule,150 MG,FL/4,16.635,16.06,E,FLUCONAZOLE,N
301761,GABA Gelule 300 MG BT 50,GABA,Gélule,300 MG,BT 50,33.755,28.3,V,GABAPENTINE,O
301143,GABA Gelule 300mg  Bt 90,GABA,Gélule,300mg,Bt 90,63.425,50.94,V,GABAPENTINE,O
302782,GABAMIM 150 mg GEL. BT 60,GABAMIM,Gélule,150 mg,BT 60,85.395,57,V,PREGABALINE,O
302800,GABAMIM 75 MG Gel BT 14,GABAMIM,Gélule,75 MG,BT 14,14.325,12.558,V,PREGABALINE,O
302802,GABAMIM 75 MG Gel BT 60,GABAMIM,Gélule,75 MG,BT 60,57.865,53.82,V,PREGABALINE,O
302781,GABAMIM 75 mg GELULE BT 30,GABAMIM,Gélule,75 mg,BT 30,30.42,26.91,V,PREGABALINE,O
303414,GABAMIN 150mg Gél Bt 90,GABAMIN,Gélule,150mg,Bt 90,92.22,85.5,V,PREGABALINE,O
301008,GABENTIN 300mg Gelule Bt 45,GABENTIN,Gélule,300mg,Bt 45,35.37,25.47,V,GABAPENTINE,O
301907,GABINOR Gelule 300 MG BT 50,GABINOR,Gélule,300 MG,BT 50,32.795,28.3,V,GABAPENTINE,O
301311,GABOREX Gelule 300 mg Bt 48,GABOREX,Gélule,300 mg,Bt 48,32.365,27.168,V,GABAPENTINE,O
301576,GABOREX Gelule 300 MG BT 96,GABOREX,Gélule,300 MG,BT 96,54.395,54.336,V,GABAPENTINE,O
303717,GALAMOX 1gr Comp Disp Bt 21,GALAMOX 1gr,Comprimé Dispersible,,Bt 21,12.14,9.975,E,AMOXICILLINE,N
303598,GALAMOX 1gr Comp. Disp. Bt 14,GALAMOX 1gr,Comprimé Dispersible,,Bt 14,8.57,6.65,E,AMOXICILLINE,N
303587,GALAMOX 250/5ml Pdre.P.Susp.Or.Bt 1Fl/60ml,GALAMOX 250/,Suspension Buvable,5ml,Bt 1Fl/60ml,3.74,2.64,E,AMOXICILLINE,N
303590,GALAMOX 500mg Comp.Disp.Bt 12,GALAMOX,Comprimé Dispersible,500mg,Bt 12,4.27,3.612,E,AMOXICILLINE,N
303591,GALAMOX 500mg Comp.Disp.Bt 24,GALAMOX,Comprimé Dispersible,500mg,Bt 24,7.24,7.224,E,AMOXICILLINE,N
303589,GALAMOX 500mg Gél.Bt 12,GALAMOX,Gélule,500mg,Bt 12,4.27,2.964,E,AMOXICILLINE,N
303588,GALAMOX 500mg/5ml Pdre. P. Susp. Or. Bt 1Fl/60ml,GALAMOX,Suspension Buvable,500mg/5ml,Bt 1Fl/60ml,4.94,4.5,E,AMOXICILLINE,N
303322,GALVINE 50mg Comp Bt 30,GALVINE,Comprimé,50mg,Bt 30,19.402,19.38,E,VILDAGLIPTINE,N
104488,GALVUMET Comp Pell 50 MG/1000 MG  BT 60,GALVUMET,Comprimé Pelliculé,50 MG/1000 MG,BT 60,83.83,47.22,E,VILDAGLIPTINE+METFORMINE,N
104339,GALVUS Comp 50 MG Bt 28,GALVUS,Comprimé,50 MG,Bt 28,52.765,18.088,E,VILDAGLIPTINE,N
300728,GAMOFLO 200 mg comp .péll.séc.b/10,GAMOFLO,Comprimé Sécable,200 mg,b/10,17.775,13.67,E,OFLOXACINE,N
301072,GAMOFLO Comp Pell Sec 200 mg Bt 14,GAMOFLO,Comprimé Pelliculé Sécable,200 mg,Bt 14,21.805,19.138,E,OFLOXACINE,N
103466,GANFORT Collyre 0.3mg/5mg/ml  Fl 3 ml,GANFORT,Collyre,0.3mg/5mg/ml,Fl 3 ml,44.11,44.109,E,BIMATOPROST+TIMOLOL,N
107087,GARDENAL 10mg Comp Bt 80,GARDENAL,Comprimé,10mg,Bt 80,10.24,0.48,V,PHENOBARBITAL,N
102278,GARDENAL Comp 100mg Bt 20,GARDENAL,Comprimé,100mg,Bt 20,0.493,0.48,V,PHENOBARBITAL,N
102277,GARDENAL Comp 10mg Bt 80,GARDENAL,Comprimé,10mg,Bt 80,0.493,0.48,V,PHENOBARBITAL,N
103758,GARDENAL Fl inj 40mg Bt 1+1,GARDENAL Fl inj,,40mg,Fl inj 40mg Bt 1+1,1.667,1.667,V,PHENOBARBITAL,N
300734,GASTRAL 20 mg gélu.fl/30,GASTRAL,,20 mg,fl/30,34.56,26.97,E,OMEPRAZOLE,N
300663,GASTRAL 20 mg gélule Fl 8,GASTRAL,Gélule,20 mg,Fl 8,11.145,7.192,E,OMEPRAZOLE,N
300623,GASTRAL Gélule 10mg Fl 14,GASTRAL,Gélule,10mg,Fl 14,12.205,8.82,E,OMEPRAZOLE,N
301153,GASTRAL Gelule 10mg Fl 7,GASTRAL,Gélule,10mg,Fl 7,6.385,4.41,E,OMEPRAZOLE,N
300627,GASTRAL Gélule 20mg Fl 14,GASTRAL,Gélule,20mg,Fl 14,22.96,12.586,E,OMEPRAZOLE,N
300470,GASTRAMYL Susp Buv Fl 200ml,GASTRAMYL,Suspension Buvable,,Fl 200ml,3.085,3,I,ALUMINIUM HYDROXYDE+MAGNESIUM HYDROXYDE,N
300776,GASTROSIDIN 40 mg comp.pell.Bt/10,GASTROSIDIN,Comprimé Pelliculé,40 mg,Bt/10,5.945,5.26,E,FAMOTIDINE,N
300236,GASTROSIDIN Comp 40mg Bt 30,GASTROSIDIN,Comprimé,40mg,Bt 30,15.925,15.78,E,FAMOTIDINE,N
303496,GASTROSTOP 3g Pdre.P. Susp.Or.Bt 30 Sachets,GASTROSTOP,Suspension Buvable,3g,Bt 30 Sachets,10.59,7.71,I,DIOSMECTITE,N
301163,GASTROZEN Comp Pell 40MG Bt 10,GASTROZEN,Comprimé Pelliculé,40MG,Bt 10,5.945,5.26,E,FAMOTIDINE,N
103410,GAVISCON  Sus Buv Bt 24Sachet /10ml,GAVISCON  Sus Buv Bt 24,Sachet,10ml,,8.455,6.48,I,ALGINATES,N
100570,"GEL LARMES  Gel opht 0,3% Tb 10gr",GEL LARMES ,Gélule,,Tb 10gr,5.888,5.88,E,CARBOMERE,N
300264,GELUFENE Gélule 200mg Bt 20,GELUFENE,Gélule,200mg,Bt 20,2.705,2.7,E,IBUPROFEN,N
300598,GENTA  Amp inj 10mg/1ml Bt 5,GENTA,Solution Injectable,10mg/1ml,Bt 5,5.195,5.195,E,GENTAMICINE,N
300601,GENTA  Amp inj 160mg/2ml Bt 1,GENTA,Solution Injectable,160mg/2ml,Bt 1,4.245,3.13,E,GENTAMICINE,N
300140,GENTA 20 Amp inj 20mg Bt 5,GENTA 20,Solution Injectable,20mg,Bt 5,5.745,5.395,E,GENTAMICINE,N
300141,GENTA 40  Amp inj 40mg Bt 5,GENTA 40,Solution Injectable,40mg,Bt 5,6.075,5.37,E,GENTAMICINE,N
300142,GENTA 80  Amp inj 80mg Bt 5,GENTA 80,Solution Injectable,80mg,Bt 5,9.655,8.76,E,GENTAMICINE,N
300821,GENTA 80mg sol inj Bt 1/2ml,GENTA,Solution Injectable,80mg,Bt 1/2ml,2.125,1.752,E,GENTAMICINE,N
303475,GENTAINJECT 160 160mg Sol Inj Bt 1Fl/2ml,GENTAINJECT 160,Solution Injectable,160mg,Bt 1Fl/2ml,5.295,3.13,E,GENTAMICINE,N
303515,GENTAINJECT 40 40mg/2ml Sol Inj Bt 5/2ml,GENTAINJECT 40,Solution Injectable,40mg/2ml,Bt 5/2ml,5.63,5.37,E,GENTAMICINE,N
303516,GENTAINJECT 80 80mg/2ml Sol Inj Bt 5/2ml,GENTAINJECT 80,Solution Injectable,80mg/2ml,Bt 5/2ml,9.62,8.76,E,GENTAMICINE,N
301025,GINGO 7 -4% Sol Buv F 30ml,GINGO 7 -4%,Solution Buvable,30ml,,5.745,5.73,I,GINKGO BILOBA,N
301280,GINKGO 7 40 mg Gelule Bt 30,GINKGO 7,Gélule,40 mg,Bt 30,6.33,6.33,I,GINKGO BILOBA,N
303422,GLARGEN 100UI/ml Sol Inj Bt 1Fl/3ml (F),GLARGEN,Solution Injectable,100UI/ml,Bt 1Fl/3ml,17.41,17.409,V,GLARGINE,O
306054,"GLIBENCLAMIDE Comp 2,5mg Bt 60",GLIBENCLAMIDE,Comprimé,"2,5mg",Bt 60,1.92,1.92,E,GLIBENCLAMIDE,N
303830,GLIBENCLAMIDE Comp 5mg Bt  60,GLIBENCLAMIDE,Comprimé,5mg,Bt  60,3.995,3.96,E,GLIBENCLAMIDE,N
300988,GLIMEPIRIDE WINTHROP 2mg Comp Bt 30,GLIMEPIRIDE WINTHROP,Comprimé,2mg,Bt 30,10.62,6.96,E,GLIMEPIRIDE,N
300987,GLIMEPIRIDE WINTHROP Comp 1mg Bt 30,GLIMEPIRIDE WINTHROP,Comprimé,1mg,Bt 30,6.47,4.2,E,GLIMEPIRIDE,N
300989,GLIMEPIRIDE WINTHROP Comp 3mg Bt 30,GLIMEPIRIDE WINTHROP,Comprimé,3mg,Bt 30,12.355,8.37,E,GLIMEPIRIDE,N
300990,GLIMEPIRIDE WINTHROP Comp 4mg Bt 30,GLIMEPIRIDE WINTHROP,Comprimé,4mg,Bt 30,14.75,9.75,E,GLIMEPIRIDE,N
309610,GLIMEREL Comp Sec 2 mg Bt 30,GLIMEREL,Comprimé Sécable,2 mg,Bt 30,10.62,6.96,E,GLIMEPIRIDE,N
300721,GLIMID 1 mg comp.B/30,GLIMID,Comprimé,1 mg,B/30,8,4.2,E,GLIMEPIRIDE,N
300722,GLIMID 2 mg comp.b/30,GLIMID,Comprimé,2 mg,b/30,11.04,6.96,E,GLIMEPIRIDE,N
300723,GLIMID 3mg comp.b/30,GLIMID,Comprimé,3mg,b/30,13.295,8.37,E,GLIMEPIRIDE,N
300724,GLIMID 4mg comp.b/30,GLIMID,Comprimé,4mg,b/30,15.37,9.75,E,GLIMEPIRIDE,N
303167,GLIMID 6 mg Comp Séc Bt 90,GLIMID,Comprimé Sécable,6 mg,Bt 90,32.415,32.4,E,GLIMEPIRIDE,N
301663,GLIMID Comp 1 MG BT 90,GLIMID,Comprimé,1 MG,BT 90,13.295,12.6,E,GLIMEPIRIDE,N
301664,GLIMID Comp 2 MG BT 90,GLIMID,Comprimé,2 MG,BT 90,23.195,20.88,E,GLIMEPIRIDE,N
301665,GLIMID Comp 3 MG BT 90,GLIMID,Comprimé,3 MG,BT 90,26.745,25.11,E,GLIMEPIRIDE,N
301666,GLIMID Comp 4 MG BT 90,GLIMID,Comprimé,4 MG,BT 90,31.66,29.25,E,GLIMEPIRIDE,N
301317,GLIMID Comp Sec 6 mg Bt 30,GLIMID,Comprimé Sécable,6 mg,Bt 30,17.855,10.8,E,GLIMEPIRIDE,N
303275,GLINORM 1mg Comp Pell Bt 30,GLINORM,Comprimé Pelliculé,1mg,Bt 30,11.24,10.53,E,REPAGLINIDE,N
303403,GLINORM 1mg Comp Pell Bt 90,GLINORM,Comprimé Pelliculé,1mg,Bt 90,31.59,31.59,E,REPAGLINIDE,N
303276,GLINORM 2mg Comp Pell Bt 30,GLINORM,Comprimé Pelliculé,2mg,Bt 30,13.24,12.42,E,REPAGLINIDE,N
303404,GLINORM 2mg Comp Pell Bt 90,GLINORM,Comprimé Pelliculé,2mg,Bt 90,37.29,37.26,E,REPAGLINIDE,N
303696,GLIPTAVIL 50mg Comp Bt 30,GLIPTAVIL,Comprimé,50mg,Bt 30,28.9,19.38,E,VILDAGLIPTINE,N
303713,GLIPTAVIL 50mg Comp Bt 60,GLIPTAVIL,Comprimé,50mg,Bt 60,55.02,38.76,E,VILDAGLIPTINE,N
309004,GLITRA Comp  4mg Bt 30,GLITRA,Comprimé,4mg,Bt 30,14.75,9.75,E,GLIMEPIRIDE,N
309001,GLITRA Comp 1mg Bt 30,GLITRA,Comprimé,1mg,Bt 30,6.47,4.2,E,GLIMEPIRIDE,N
302269,GLITRA Comp 1mg Bt 90,GLITRA,Comprimé,1mg,Bt 90,12.675,12.6,E,GLIMEPIRIDE,N
309002,GLITRA Comp 2mg Bt 30,GLITRA,Comprimé,2mg,Bt 30,10.62,6.96,E,GLIMEPIRIDE,N
309003,GLITRA Comp 3mg Bt 30,GLITRA,Comprimé,3mg,Bt 30,12.35,8.37,E,GLIMEPIRIDE,N
302270,GLITRA Comp Sec 2 mg Bt 90,GLITRA,Comprimé Sécable,2 mg,Bt 90,20.965,20.88,E,GLIMEPIRIDE,N
302271,GLITRA Comp Sec 3 mg Bt 90,GLITRA,Comprimé Sécable,3 mg,Bt 90,25.11,25.11,E,GLIMEPIRIDE,N
302272,GLITRA Comp Sec 4 mg Bt 90,GLITRA,Comprimé Sécable,4 mg,Bt 90,29.255,29.25,E,GLIMEPIRIDE,N
105198,GLUCAGEN HYPOKIT 1 MG Pdre Prep Inj Fl +Ser/1ml,GLUCAGEN HYPOKIT,Poudre pour Préparation Injectable,1 MG,Fl +Ser/1ml,73.85,73.85,V,GLUCAGON,N
301017,GLUCOPHAGE 1000mg  Comp Pell  Bt 60,GLUCOPHAGE,Comprimé Pelliculé,1000mg,Bt 60,11.4,6.06,E,METFORMINE,N
307258,GLUCOPHAGE RETARD 850 MG   Comp Enr. Bt 60,GLUCOPHAGE RETARD,Comprimé Enrobé,850 MG,Bt 60,9.78,5.22,E,METFORMINE,N
102380,GLUCOPHAGE RETARD Comp Enr 850 MG BT 30,GLUCOPHAGE RETARD,Comprimé Enrobé,850 MG,BT 30,3.312,2.61,E,METFORMINE,N
100001,GLUCOR Comp 100mg Bt 90,GLUCOR,Comprimé,100mg,Bt 90,47.155,26.91,E,ACARBOSE,N
100010,GLUCOR Comp 50mg Bt 90,GLUCOR,Comprimé,50mg,Bt 90,29.72,18.99,E,ACARBOSE,N
302388,GLUFIX Comp 100 MG BT 90,GLUFIX,Comprimé,100 MG,BT 90,30.235,26.91,E,ACARBOSE,N
302387,GLUFIX Comp 50 MG BT 90,GLUFIX,Comprimé,50 MG,BT 90,21.46,18.99,E,ACARBOSE,N
108248,GLURENOR Comp enr 30mg Bt 40,GLURENOR,Comprimé Enrobé,30mg,Bt 40,6.011,6,E,GLIQUIDONE,N
302113,GLYCARBOSE Comp 50 MG BT 90,GLYCARBOSE,Comprimé,50 MG,BT 90,20.265,18.99,E,ACARBOSE,N
302114,GLYCARBOSE Comp Sec 100 MG BT 90,GLYCARBOSE,Comprimé Sécable,100 MG,BT 90,27.58,26.91,E,ACARBOSE,N
106017,GONAL-F PEN 300UI/0.5ml Sol Inj Bt 1 Stylo Pré-rempli/0.5ml + 8 Aig (F),GONAL-F PEN,Solution Injectable,300UI/0.5ml,Bt 1 Stylo Pré-rempli/0.5ml + 8 Aig,238.37,238.37,E,FSH,O
106018,GONAL-F PEN 450UI/0.75ml Sol Inj Bt 1 Stylo Pré-rempli/0.75ml+12 Aig (F),GONAL-F PEN,Solution Injectable,450UI/0.75ml,Bt 1 Stylo Pré-rempli/0.75ml+12 Aig,357.435,357.435,E,FSH,O
106019,GONAL-F PEN 900UI/1.5ml Sol Inj Bt 1 Stylo Pré-rempli/1.5ml + 20 Aig (F),GONAL-F PEN,Solution Injectable,900UI/1.5ml,Bt 1 Stylo Pré-rempli/1.5ml + 20 Aig,625.335,625.335,E,FSH,O
306600,GRISEOFULVINE Comp 250mg Bt 30,GRISEOFULVINE,Comprimé,250mg,Bt 30,14.04,6.57,E,GRISEOFULVINE,N
503914,GYNERGENE CAFEINE Comp  1 MG BT 20,GYNERGENE CAFEINE,Comprimé,1 MG,BT 20,10.699,10.68,E,CAFEINE+ERGOTAMINE TARTRATE,N
307777,GYNO PEVARYL 150mg Ovule Bt 3,GYNO PEVARYL,,150mg,Bt 3,8.025,6.258,I,ECONAZOLE,N
302594,GYNO-PEROZYL 150 MG OVULE BT/3,GYNO-PEROZYL,,150 MG,BT/3,9.9,6.258,I,ECONAZOLE,N
300679,HALDOL 5mg comp.b/30,HALDOL,Comprimé,5mg,b/30,4.42,4.41,E,HALOPERIDOL,N
100748,HALDOL Amp inj 5mg/ml Bt 5,HALDOL,Solution Injectable,5mg/ml,Bt 5,1.617,1.615,E,HALOPERIDOL,N
100745,HALDOL Comp 1 mg Bt 40,HALDOL,Comprimé,1 mg,Bt 40,1.718,1.68,E,HALOPERIDOL,N
103695,HALDOL DECANOAS Inj 50mg 1ml Bt 5,HALDOL DECANOAS Inj,,50mg/1ml,Bt 5,19.47,19.47,E,HALOPERIDOL,N
103696,HALDOL DECANOAS Inj IM 50mg 1ml Bt 1,HALDOL DECANOAS Inj IM,,50mg/1ml,Bt 1,5.015,3.894,E,HALOPERIDOL,N
307590,HALDOL Gttes Buv 0.05% Fl 30ml,HALDOL,Gouttes Buvables,,Fl 30ml,1.815,1.47,E,HALOPERIDOL,N
307591,HALDOL Gttes Buv 0.2% Fl 15ml,HALDOL,Gouttes Buvables,,Fl 15ml,2.23,1.26,E,HALOPERIDOL,N
302585,HALIDOL 2MG/ML GTTES. BUV. FL/30,HALIDOL,Gouttes,2MG/ML,FL/30,5.07,2.52,E,HALOPERIDOL,N
302582,HALIDOL 5 MG COMP BT/30,HALIDOL,Comprimé,5 MG,BT/30,5.83,4.41,E,HALOPERIDOL,N
107738,HELMINTOX Comp sec 250mg Bt 3,HELMINTOX,Comprimé Sécable,250mg,Bt 3,2.828,2.826,E,PYRANTEL,N
107578,HELMINTOX Susp Or 125mg/2.5ml   Fl 15ml,HELMINTOX,Suspension Buvable,125mg/2.5ml,Fl 15ml,2.556,2.355,E,PYRANTEL,N
307197,"HEMI-DAONIL Comp 2,5mg Bt 60",HEMI-DAONIL,Comprimé,"2,5mg",Bt 60,6.705,1.92,E,GLIBENCLAMIDE,N
300639,"HEPT-A-MYL Comp 187,8 mg Bt 20",HEPT-A-MYL,Comprimé,"187,8 mg",Bt 20,3.355,3.34,I,HEPTAMINOL,N
300753,HEPT-A-MYL gttes buv. fl/20 ml,HEPT-A-MYL,Gouttes Buvables,,fl/20 ml,4.015,2.58,I,HEPTAMINOL,N
302852,HERPEX 5% Crème Derm Tb 5 gr,HERPEX 5%,Crème Dermique,,Tb 5 gr,7.95,6.135,I,ACICLOVIR,N
306053,HEXOMEDINE Sol ext  Fl 250ml,HEXOMEDINE,Solution à Usage Topique,,Fl 250ml,6.24,5.25,I,HEXAMIDINE,N
307089,HICONCIL Gélule 500mg Bt 12,HICONCIL,Gélule,500mg,Bt 12,4.54,2.964,E,AMOXICILLINE,N
307092,HICONCIL Pdre Susp Buv 125mg Fl 60ml,HICONCIL,Suspension Buvable,125mg,Fl 60ml,2.12,2.1,E,AMOXICILLINE,N
307091,HICONCIL Sirop 250mg Fl 60ml,HICONCIL,Sirop,250mg,Fl 60ml,2.67,2.64,E,AMOXICILLINE,N
307090,HICONCIL Sirop 500mg Fl 60ml,HICONCIL,Sirop,500mg,Fl 60ml,6.07,4.5,E,AMOXICILLINE,N
301012,HISTADINE 0.1% Sirop Fl 60ml,HISTADINE 0.1%,Sirop,,Fl 60ml,3.6,3.6,E,LORATADINE,N
300412,HISTADINE Comp 10mg Bt 15,HISTADINE,Comprimé,10mg,Bt 15,5.82,4.215,E,LORATADINE,N
301905,HISTAM Comp Pell 5 MG BT 15,HISTAM,Comprimé Pelliculé,5 MG,BT 15,7.985,4.845,E,DESLORATADINE,N
301906,HISTAM Comp Pell 5 MG BT 30,HISTAM,Comprimé Pelliculé,5 MG,BT 30,11.75,9.69,E,DESLORATADINE,N
302010,HISTAM Sol Buv 0.5 MG/ML FL 150 ML,HISTAM,Solution Buvable,0.5 MG/ML,FL 150 ML,7.885,6.75,E,DESLORATADINE,N
551434,HUMAN ALBUMIN 20% BEHRING Sol. Inj. Bt 1Fl /50ml (F),HUMAN ALBUMIN 20% BEHRING,Solution Injectable,,Bt 1Fl /50ml,126.76,126.75,V,ALBUMINE HUMAINE PLASMATIQUE,N
302563,HUMOXAT 20 MG COMP. PELL. SEC. BT 30,HUMOXAT,Comprimé Pelliculé Sécable,20 MG,BT 30,22.395,20.04,E,PAROXETINE,N
302287,HUMOXAT Comp Pell Sec 20 MG BT 28,HUMOXAT,Comprimé Pelliculé Sécable,20 MG,BT 28,22.395,18.704,E,PAROXETINE,N
302383,HUMOXAT Comp Pell Sec 20 MG BT 60,HUMOXAT,Comprimé Pelliculé Sécable,20 MG,BT 60,40.13,40.08,E,PAROXETINE,N
301583,HYDROCORTISONE MEDIS Pdre P P Inj 100 MG BT 1  FL +Solv 2 ML,HYDROCORTISONE MEDIS,Poudre pour Préparation Injectable,100 MG,BT 1  FL +Solv 2 ML,2.085,2.085,E,HYDROCORTISONE,N
302715,HYDROXOCOBALAMINE Amp inj 10000µg/2ml Bt 4,HYDROXOCOBALAMINE,Solution Injectable,10000µg/2ml,Bt 4,4.24,4.24,E,HYDROXOCOBALAMINE,N
303203,HYDROXOCOBALAMINE Amp inj 20000µg/2ml Bt 4,HYDROXOCOBALAMINE,Solution Injectable,20000µg/2ml,Bt 4,5.66,5.66,E,HYDROXOCOBALAMINE,N
302714,HYDROXOCOBALAMINE Amp inj 5000µgr/2ml Bt4,HYDROXOCOBALAMINE,Solution Injectable,2ml,,2.775,2.772,E,HYDROXOCOBALAMINE,N
301323,HYMOFER Sirop 34mg/5ml  Fl 250 ml,HYMOFER,Sirop,34mg/5ml,Fl 250 ml,10.175,10,E,FEREDETATE DE SODIUM,N
300935,HYMOFER Sirop 34mg/5ml Fl 125ml,HYMOFER,Sirop,34mg/5ml,Fl 125ml,6.715,5,E,FEREDETATE DE SODIUM,N
303624,HYPOLACTINE 0.5mg Comp Séc Fl 2,HYPOLACTINE,Comprimé Sécable,0.5mg,Fl 2,16.38,15.47,E,Cabergoline,N
303625,HYPOLACTINE 0.5mg Comp Séc Fl 8,HYPOLACTINE,Comprimé Sécable,0.5mg,Fl 8,61.88,61.88,E,Cabergoline,N
301006,HYPOLIP 200mg Gelule Bt 30,HYPOLIP,Gélule,200mg,Bt 30,11.145,8.37,E,FENOFIBRATE,N
301719,HYPOLIP Comp Enro Sec 160 MG BT 30,HYPOLIP,Comprimé Sécable,160 MG,BT 30,10.775,10.77,E,FENOFIBRATE,N
301194,HYPOTEN Comp  Pell 25 MG bT 30,HYPOTEN,Comprimé Pelliculé,25 MG,bT 30,4.355,4.35,E,ATENOLOL,N
307595,HYPOTEN Comp 100mg Bt 30,HYPOTEN,Comprimé,100mg,Bt 30,13.89,10.08,E,ATENOLOL,N
307596,HYPOTEN Comp 50mg Bt 30,HYPOTEN,Comprimé,50mg,Bt 30,7.595,5.01,E,ATENOLOL,N
301123,HYPOTENSYL Comp Sec 25mg  Bt 30,HYPOTENSYL,Comprimé Sécable,25mg,Bt 30,7.36,4.98,E,CAPTOPRIL,N
301124,HYPOTENSYL Comp Sec 50mg Bt 30,HYPOTENSYL,Comprimé Sécable,50mg,Bt 30,13.295,8.76,E,CAPTOPRIL,N
300958,HYPRIL Comp Sec 20mg/12.5MG Bt 28,HYPRIL,Comprimé Sécable,20mg/12.5MG,Bt 28,18.365,16.632,E,ENALAPRIL+HYDROCHLOROTHIAZIDE,N
103428,HYTACAND Comp 16mg/12.5mg  Bt 30,HYTACAND,Comprimé,16mg/12.5mg,Bt 30,54.79,26.94,E,CANDESARTAN  HYDROCHLOROTHIAZIDE,N
103427,HYTACAND Comp 8mg/12.5mg  Bt 30,HYTACAND,Comprimé,8mg/12.5mg,Bt 30,47.45,23.58,E,CANDESARTAN  HYDROCHLOROTHIAZIDE,N
301802,IBUCARE 200 Comp Pell 200 MG BT 20,IBUCARE 200,Comprimé Pelliculé,200 MG,BT 20,2.88,2.7,E,IBUPROFEN,N
301803,IBUCARE 400 Comp Pell 400 MG BT 20,IBUCARE 400,Comprimé Pelliculé,400 MG,BT 20,5.11,5,E,IBUPROFEN,N
301804,IBUCARE 600 Comp Pell 600 MG  BT 20,IBUCARE 600,Comprimé Pelliculé,600 MG,BT 20,6.55,6.4,E,IBUPROFEN,N
301233,IBUPHIL Comp 600 mg Bt 20,IBUPHIL,Comprimé,600 mg,Bt 20,8.76,6.4,E,IBUPROFEN,N
301232,IBUPHIL Comp Pell 400 mg  Bt 20,IBUPHIL,Comprimé Pelliculé,400 mg,Bt 20,7.64,5,E,IBUPROFEN,N
300531,IBUPHIL Enf. Nour.  Susp Buv 100mg/5ml Fl 125ml,IBUPHIL Enf. Nour.,Suspension Buvable,100mg/5ml,Fl 125ml,6.065,4.125,E,IBUPROFEN,N
301675,IBUPRANE Comp Pell 200 MG BT 20,IBUPRANE,Comprimé Pelliculé,200 MG,BT 20,2.97,2.7,E,IBUPROFEN,N
301644,IBUPRANE Comp Pell 400 MG BT 20,IBUPRANE,Comprimé Pelliculé,400 MG,BT 20,5.015,5,E,IBUPROFEN,N
303320,ICATENS 10mg/160mg Comp Pell Bt 30,ICATENS,Comprimé Pelliculé,10mg/160mg,Bt 30,44.64,37.8,E,AMLODIPINE+VALSARTAN,N
303416,ICATENS 10mg/160mg Comp Pell Bt 90,ICATENS,Comprimé Pelliculé,10mg/160mg,Bt 90,114.27,113.4,E,AMLODIPINE+VALSARTAN,N
303319,ICATENS 5mg/160mg Comp Pell Bt 30,ICATENS,Comprimé Pelliculé,5mg/160mg,Bt 30,40.16,37.8,E,AMLODIPINE+VALSARTAN,N
303415,ICATENS 5mg/160mg Comp Pell Bt 90,ICATENS,Comprimé Pelliculé,5mg/160mg,Bt 90,114.27,113.4,E,AMLODIPINE+VALSARTAN,N
102683,ICAZ Gélule Ret 2.5mg Bt 30,ICAZ,Gélule à Libération Prolongée,2.5mg,Bt 30,15.506,15.48,E,ISRADIPINE,N
102684,ICAZ Gélule Ret 5mg Bt 30,ICAZ,Gélule à Libération Prolongée,5mg,Bt 30,29.042,29.04,E,ISRADIPINE,N
302595,IDIUM 2 MG GEL. BT/20,IDIUM,Gélule,2 MG,BT/20,6.6,3.94,I,LOPERAMIDE,N
102101,IMIGRAN  Comp pell  50mg Bt 2,IMIGRAN,Comprimé Pelliculé,50mg,Bt 2,15.878,15.878,E,SUMATRIPTANE,N
307781,IMODIUM Gélule 2 mg Bt 20,IMODIUM,Gélule,2 mg,Bt 20,5.445,3.94,I,LOPERAMIDE,N
505543,IMURAN 50mg Comp Bt 100,IMURAN,Comprimé,50mg,Bt 100,49.191,49.191,V,AZATHIOPRINE,N
505499,IMUREK 50mg Comp Pell Bt 100,IMUREK,Comprimé Pelliculé,50mg,Bt 100,46.433,46.433,V,AZATHIOPRINE,N
306645,INDOCINE Suppo 100mg Bt 10,INDOCINE,Suppositoire,100mg,Bt 10,4.48,3.17,E,INDOMETACINE,N
306646,INDOCINE Suppo 50mg Bt 10,INDOCINE,Suppositoire,50mg,Bt 10,2.62,1.68,E,INDOMETACINE,N
105038,INDOCOLLYRE Collyre Fl 5ml,INDO,Collyre,,Fl 5ml,4.304,4.3,E,INDOMETACINE,N
301229,INDOMETACINE I P S Supp 100 mg BT 10,INDOMETACINE I P S Supp,,100 mg,BT 10,3.8,3.17,E,INDOMETACINE,N
301230,INDOMETACINE I P S Supp 50 mg Bt 10,INDOMETACINE I P S Supp,,50 mg,Bt 10,2.095,1.68,E,INDOMETACINE,N
307790,INDOPAL Suppo 100mg Bt 10,INDOPAL,Suppositoire,100mg,Bt 10,3.73,3.17,E,INDOMETACINE,N
307791,INDOPAL Suppo 50mg Bt 10,INDOPAL,Suppositoire,50mg,Bt 10,1.685,1.68,E,INDOMETACINE,N
102952,INEXIUM 40 mg comp gastroresistant Bt/14,INEXIUM,Comprimé Gastro-Résistant,40 mg,Bt/14,38.91,10.22,E,ESOMEPRAZOLE,N
103260,INEXIUM Comp Gastro Resistant 20mg  Bt 14,INEXIUM,Comprimé Gastro-Résistant,20mg,Bt 14,26.015,8.568,E,ESOMEPRAZOLE,N
103802,INEXIUM Comp Gatro Resis 20 mg Bt 7,INEXIUM,Comprimé,20 mg,Bt 7,17.8,4.284,E,ESOMEPRAZOLE,N
301483,INFLACED Gelule 20 mg BT 15,INFLACED,Gélule,20 mg,BT 15,6.915,6.345,E,PIROXICAM,N
302370,INFLACOX Gélule  200 MG BT 10,INFLACOX,Gélule,200 MG,BT 10,8.44,6.34,I,CELECOXIB,N
302371,INFLACOX Gélule  200 MG BT 20,INFLACOX,Gélule,200 MG,BT 20,13.235,12.68,I,CELECOXIB,N
301501,INFLAGAM Comp Sec 200 mg Bt 20,INFLAGAM,Comprimé Sécable,200 mg,Bt 20,6.915,6.64,E,ACIDE TIAPROFENIQUE,N
301358,INFLAMYL FORT Comp Pell Sec 500 mg Bt 20,INFLAMYL FORT,Comprimé Pelliculé Sécable,500 mg,Bt 20,6.45,5.3,E,ACIDE MEFENAMIQUE,N
300143,INFLAMYL Gélule 250mg Bt 20,INFLAMYL,Gélule,250mg,Bt 20,4.715,2.5,E,ACIDE MEFENAMIQUE,N
300170,INFLAMYL Susp Or.50mg/ml Fl 150ml,INFLAMYL,Suspension Buvable,50mg/ml,Fl 150ml,6.965,4.8,E,ACIDE MEFENAMIQUE,N
301224,INFLOCINE Ad Supp 700 mg  Bt 8,INFLOCINE Ad Supp,,700 mg,Bt 8,5.075,3.12,E,ACIDE NIFLUMIQUE,N
301223,INFLOCINE Enf Supp 400 mg BT 8,INFLOCINE Enf Supp,,400 mg,BT 8,3.64,2.36,E,ACIDE NIFLUMIQUE,N
301487,INIBREX Gelule 200 mg  Bt 20,INIBREX,Gélule,200 mg,Bt 20,17.215,12.68,I,CELECOXIB,N
301142,INIBREX Gelule 200 mg Bt 10,INIBREX,Gélule,200 mg,Bt 10,9.525,6.34,I,CELECOXIB,N
301752,INIBREX Gelule 200 MG BT 30,INIBREX,Gélule,200 MG,BT 30,21.89,19.02,I,CELECOXIB,N
302767,INICARD 100 100 mg COMP. PELL. SEC. BT 30,INICARD 100,Comprimé Pelliculé Sécable,100 mg,BT 30,10.08,10.08,E,ATENOLOL,N
302766,INICARD 50 50 mg COMP. PELL. SEC. BT 40,INICARD 50,Comprimé Pelliculé Sécable,50 mg,BT 40,6.715,6.68,E,ATENOLOL,N
302553,INICOX 2 200 MG GEL BT 20,INICOX 2,Gélule,200 MG,BT 20,13.11,12.68,I,CELECOXIB,N
302552,INICOX 2 200 MG GEL BT/10,INICOX 2,Gélule,200 MG,BT/10,8.82,6.34,I,CELECOXIB,N
302554,INICOX 200 MG GEL BT/30,INICOX,Gélule,200 MG,BT/30,19.045,19.02,I,CELECOXIB,N
301791,INIPRAZOL Gelule 15 MG FL 14,INIPRAZOL,Gélule,15 MG,FL 14,10.205,8.82,E,LANSOPRAZOLE,N
301044,INIPRAZOL Gelule 15mg Fl 8,INIPRAZOL,Gélule,15mg,Fl 8,7.645,5.04,E,LANSOPRAZOLE,N
301750,INIPRAZOL Gelule 30 MG BT 30,INIPRAZOL,Gélule,30 MG,BT 30,26.02,26.01,E,LANSOPRAZOLE,N
301045,INIPRAZOL Gelule 30mg Fl 14,INIPRAZOL,Gélule,30mg,Fl 14,19.345,12.138,E,LANSOPRAZOLE,N
101242,INNOHEP 10000 UI AXa /0.5ml Sol Inj  Bt 2,INNOHEP,Solution Injectable,10000 UI/0.5ml,Bt 2,42.651,42.65,E,TINZAPARINE,N
101252,INNOHEP 14000 UI AXa/0.7ml Sol Inj  Bt 2,INNOHEP,Solution Injectable,14000 UI/0.7ml,Bt 2,50.369,50.368,E,TINZAPARINE,N
101244,INNOHEP 18000 UI AXa /0.9 ml Sol Inj  Bt 2,INNOHEP,Solution Injectable,18000 UI/0.9 ml,Bt 2,63.873,63.872,E,TINZAPARINE,N
101248,INNOHEP 2500 UI AXa/0.25ml Sol inj Bt 2,INNOHEP,Solution Injectable,2500 UI/0.25ml,Bt 2,9.652,9.652,E,TINZAPARINE,N
101250,INNOHEP 4500 UI AXa/0.45ml Sol Inj Bt 2,INNOHEP,Solution Injectable,4500 UI/0.45ml,Bt 2,16.864,16.864,E,TINZAPARINE,N
101257,INNOHEP Sol Inj 3500UI AXa/0.35ml  Bt 2,INNOHEP,Solution Injectable,3500UI/0.35ml,Bt 2,13.097,13.096,E,TINZAPARINE,N
303685,INOVIA 10 10mg Comp Pell Bt 90,INOVIA 10,Comprimé Pelliculé,10mg,Bt 90,157.24,155.16,E,DAPAGLIFLOZINE,O
303684,INOVIA 5 5mg Comp Pell Bt 90,INOVIA 5,Comprimé Pelliculé,5mg,Bt 90,157.24,155.16,E,DAPAGLIFLOZINE,O
303635,INOVIA10 10mg Comp Pell Bt 30,INOVIA10,Comprimé Pelliculé,10mg,Bt 30,53.59,51.72,E,DAPAGLIFLOZINE,O
303634,INOVIA5 5mg Comp Pell Bt 30,INOVIA5,Comprimé Pelliculé,5mg,Bt 30,53.59,51.72,E,DAPAGLIFLOZINE,O
101787,INSULINE ACTRAPID HM Inj 100UI Fl 10ml,INSULINE ACTRAPID HM Inj,,100UI/10ml,Fl 10ml,6.753,4.31,V,INSULINE HUMAINE,N
102200,INSULINE ACTRAPID HM Penfill 100UI B/5/3ml,INSULINE ACTRAPID HM Penfill,,100UI/3ml,B/5/3ml,43.506,43.505,V,INSULINE HUMAINE,N
101783,INSULINE INSULATARD HM Inj 100UI Fl 10ml,INSULINE INSULATARD HM Inj,,100UI/10ml,Fl 10ml,6.753,4.31,V,INSULINE HUMAINE,N
102201,INSULINE INSULATARD HM Penfill 100UI Bt 5/3ml,INSULINE INSULATARD HM Penfill,,100UI/3ml,Bt 5/3ml,43.506,43.505,V,INSULINE HUMAINE,N
101795,INSULINE MIXTARD 30HM INJ 100UI Fl 10ml,INSULINE MIXTARD 30HM INJ,,100UI/10ml,Fl 10ml,6.753,4.31,V,INSULINE HUMAINE,N
102202,INSULINE MIXTARD30 HM Penfill 100UI B/5/3ml,INSULINE MIXTARD30 HM Penfill,,100UI/3ml,B/5/3ml,43.506,43.505,V,INSULINE HUMAINE,N
104575,INSUMAN  COMB 30 /70 Susp Inj 100 UI/ML BT 1 FL/10 ML,INSUMAN  COMB 30 /70,Suspension,100 UI/ML,BT 1 FL/10 ML,4.743,4.31,V,INSULINE HUMAINE,N
104373,INSUMAN BASAL 100 UI/ML Sus Inj BT 1 /5 ML,INSUMAN BASAL,,100 UI/ML/5 ML,BT 1 /5 ML,5.835,2.155,V,INSULINE HUMAINE,N
104574,INSUMAN BASAL Susp INJ 100UI/ML BT 1 FL/10 ML,INSUMAN BASAL,Suspension,100UI/ML,BT 1 FL/10 ML,4.743,4.31,V,INSULINE HUMAINE,N
104377,INSUMAN COMB 30/70 100 UI Susp Inj BT 1 FL/5 ML,INSUMAN COMB 30/70,Suspension,100 UI,BT 1 FL/5 ML,5.835,2.155,V,INSULINE HUMAINE,N
104375,INSUMAN RAPID 100 UI/ML Sol INJ BT 1/5ML,INSUMAN RAPID,Solution Injectable,100 UI/ML,BT 1/5ML,5.835,2.155,V,INSULINE HUMAINE,N
104573,INSUMAN RAPID Sol Inj 100 UI/ML BT 1 FL/10 ML,INSUMAN RAPID,Solution Injectable,100 UI/ML,BT 1 FL/10 ML,4.743,4.31,V,INSULINE HUMAINE,N
300157,INTETRIX Gélule Bt 20,INTETRIX,Gélule,,Bt 20,4.185,4.18,I,TILBROQUINOL+TILIQUINOL,N
303459,INTRAMOL 0.5% collyre Fl 5ml,INTRAMOL 0.5%,Collyre,,Fl 5ml,3.305,3.17,E,TIMOLOL,N
102661,IPERTEN Comp 20mg Bt 28,IPERTEN,Comprimé,20mg,Bt 28,18.181,18.172,E,MANIDIPINE,N
300650,IPPROTON Gélule 10mg Bt 16,IPPROTON,Gélule,10mg,Bt 16,10.865,10.08,E,OMEPRAZOLE,N
300651,IPPROTON Gélule 10mg Bt 28,IPPROTON,Gélule,10mg,Bt 28,17.65,17.64,E,OMEPRAZOLE,N
300649,IPPROTON Gélule 10mg Bt 8,IPPROTON,Gélule,10mg,Bt 8,6.22,5.04,E,OMEPRAZOLE,N
300532,IPPROTON Gélule 20mg Bt 16,IPPROTON,Gélule,20mg,Bt 16,20.755,14.384,E,OMEPRAZOLE,N
300534,IPPROTON Gélule 20mg Bt 28,IPPROTON,Gélule,20mg,Bt 28,35.52,25.172,E,OMEPRAZOLE,N
300533,IPPROTON Gélule 20mg Bt 8,IPPROTON,Gélule,20mg,Bt 8,11.295,7.192,E,OMEPRAZOLE,N
301404,IPPSIUM Gelule Gastro Resis 20 mg Fl 7,IPPSIUM,Gélule Gastro-Résistante,20 mg,Fl 7,8.41,4.284,E,ESOMEPRAZOLE,N
301327,IPPSIUM Gelule Gastro resistant 20 mg FL 28,IPPSIUM,Gélule Gastro-Résistante,20 mg,FL 28,30.395,17.136,E,ESOMEPRAZOLE,N
301328,IPPSIUM Gelule Gastroresistant 40 mg Fl 14,IPPSIUM,Gélule Gastro-Résistante,40 mg,Fl 14,26.355,10.22,E,ESOMEPRAZOLE,N
301329,IPPSIUM Gelule Gastroresistant 40 mg Fl 28,IPPSIUM,Gélule Gastro-Résistante,40 mg,Fl 28,48.59,20.44,E,ESOMEPRAZOLE,N
301326,IPPSIUM Geule Gastroresistant 20 mg Fl 14,IPPSIUM Geule Gastroresistant,,20 mg,Fl 14,17.39,8.568,E,ESOMEPRAZOLE,N
301238,IPPZOR  Gelule  15 mg Fl 7,IPPZOR,Gélule,15 mg,Fl 7,5.55,4.41,E,LANSOPRAZOLE,N
301239,IPPZOR  Gelule 15 mg Fl 28,IPPZOR,Gélule,15 mg,Fl 28,17.65,17.64,E,LANSOPRAZOLE,N
301240,IPPZOR Gelule  30 mg Fl 28,IPPZOR,Gélule,30 mg,Fl 28,32.22,24.276,E,LANSOPRAZOLE,N
301115,IPPZOR Gelule 15 mg Fl 15,IPPZOR,Gélule,15 mg,Fl 15,10.515,9.45,E,LANSOPRAZOLE,N
301114,IPPZOR Gelule 30 mg Fl 14,IPPZOR,Gélule,30 mg,Fl 14,17.65,12.138,E,LANSOPRAZOLE,N
103453,IPRATROPIUM AGUETTANT  Ad 0.5 mg/2 ml  Sol inh Bt 10/2 ml,IPRATROPIUM AGUETTANT  Ad,Solution pour Inhalation,0.5 mg/2 ml,Bt 10/2 ml,15.748,14.89,E,BROMURE D'IPRATROPIUM,N
103606,IPRATROPIUM AGUETTANT Enf 0.25mg/1ml Sol Inh Bt 10 /1ml,IPRATROPIUM AGUETTANT Enf,Solution pour Inhalation,0.25mg/1ml,Bt 10 /1ml,11.384,10.51,E,BROMURE D'IPRATROPIUM,N
300535,IPROTON  Pdre/Fl inj 40 mg Bt 1+1,IPROTON,Poudre,,Fl inj 40 mg Bt 1+1,16.88,16.88,E,OMEPRAZOLE,N
301830,IPROVENT Ad Sol P Inh   0.500 MG /2ML BT 10 Unidoses,IPROVENT Ad,Solution pour Inhalation,0.500 MG /2ML,BT 10 Unidoses,14.89,14.89,E,BROMURE D'IPRATROPIUM,N
301829,IPROVENT Enf Sol P Inh  0.250 MG/2ML BT 10 Unidoses,IPROVENT Enf,Solution pour Inhalation,0.250 MG/2ML,BT 10 Unidoses,10.51,10.51,E,BROMURE D'IPRATROPIUM,N
105156,IRBEGEN 150 MG Comp Pell BT 28,IRBEGEN,Comprimé Pelliculé,150 MG,BT 28,23.195,15.148,E,IRBESARTAN,N
105157,IRBEGEN 300 MG Comp Pell BT 28,IRBEGEN,Comprimé Pelliculé,300 MG,BT 28,33.37,22.624,E,IRBESARTAN,N
105158,IRBEGEN PLUS  150/12.5 MG MG Comp Pell BT 30,IRBEGEN PLUS  150/,Comprimé Pelliculé,12.5 MG,BT 30,27.785,20.07,E,IRBESARTAN+HYDROCHLOROTHIAZIDE,N
105159,IRBEGEN PLUS  300/12.5 MG MG Comp Pell BT 30,IRBEGEN PLUS  300/,Comprimé Pelliculé,12.5 MG,BT 30,35.61,24.24,E,IRBESARTAN+HYDROCHLOROTHIAZIDE,N
105160,IRBEGEN PLUS  300/25 MG MG Comp Pell BT 30,IRBEGEN PLUS  300/,Comprimé Pelliculé,25 MG,BT 30,35.61,24.24,E,IRBESARTAN+HYDROCHLOROTHIAZIDE,N
302769,IRBESAR 150 mg COMP. SEC. BT 90,IRBESAR,Comprimé Sécable,150 mg,BT 90,58.635,48.69,E,IRBESARTAN,N
302773,IRBESAR 300 mg COMP. BT 90,IRBESAR,Comprimé,300 mg,BT 90,87.005,72.72,E,IRBESARTAN,N
302086,IRBESAR Comp  300 MG BT 30,IRBESAR,Comprimé,300 MG,BT 30,33.55,24.24,E,IRBESARTAN,N
302085,IRBESAR Comp Sec 150 MG BT 30,IRBESAR,Comprimé Sécable,150 MG,BT 30,21.275,16.23,E,IRBESARTAN,N
303573,IRBEXTRA 150mg Comp Pell Bt 30,IRBEXTRA,Comprimé Pelliculé,150mg,Bt 30,16.24,16.23,E,IRBESARTAN,N
303574,IRBEXTRA 300mg Comp Pell Bt 30,IRBEXTRA,Comprimé Pelliculé,300mg,Bt 30,24.24,24.24,E,IRBESARTAN,N
303575,IRBEXTRA PLUS 150mg/12.5mg Comp Pell Bt 30,IRBEXTRA PLUS,Comprimé Pelliculé,150mg/12.5mg,Bt 30,20.09,20.07,E,IRBESARTAN+HYDROCHLOROTHIAZIDE,N
303576,IRBEXTRA PLUS 300mg/12.5mg Comp Pell Bt 30,IRBEXTRA PLUS,Comprimé Pelliculé,300mg/12.5mg,Bt 30,24.24,24.24,E,IRBESARTAN+HYDROCHLOROTHIAZIDE,N
303577,IRBEXTRA PLUS 300mg/25mg Comp Pell Bt 30,IRBEXTRA PLUS,Comprimé Pelliculé,300mg/25mg,Bt 30,24.24,24.24,E,IRBESARTAN+HYDROCHLOROTHIAZIDE,N
301735,IRBY Comp Pell 150 MG BT 30,IRBY,Comprimé Pelliculé,150 MG,BT 30,21.275,16.23,E,IRBESARTAN,N
301736,IRBY Comp Pell 300 MG BT 30,IRBY,Comprimé Pelliculé,300 MG,BT 30,31.33,24.24,E,IRBESARTAN,N
302810,IRIVEL 150MG Comp Pell Sec BT 90,IRIVEL,Comprimé Pelliculé Sécable,150MG,BT 90,58.02,48.69,E,IRBESARTAN,N
302811,IRIVEL 300MG Comp Pell  BT 90,IRIVEL,Comprimé Pelliculé,300MG,BT 90,86.195,72.72,E,IRBESARTAN,N
302263,IRIVEL Comp Pell 300 MG BT 30,IRIVEL,Comprimé Pelliculé,300 MG,BT 30,30.365,24.24,E,IRBESARTAN,N
302262,IRIVEL Comp Pell Sec 150 MG BT 30,IRIVEL,Comprimé Pelliculé Sécable,150 MG,BT 30,21.275,16.23,E,IRBESARTAN,N
300825,IRYS 1mg Comp pell sec Bt 30,IRYS,Comprimé Pelliculé Sécable,1mg,Bt 30,7.64,4.2,E,GLIMEPIRIDE,N
300826,IRYS 2mg Comp pell sec Bt 30,IRYS,Comprimé Pelliculé Sécable,2mg,Bt 30,11.02,6.96,E,GLIMEPIRIDE,N
300827,IRYS 3mg Comp pell sec Bt 30,IRYS,Comprimé Pelliculé Sécable,3mg,Bt 30,13.295,8.37,E,GLIMEPIRIDE,N
300828,IRYS 4mg Comp pell sec Bt 30,IRYS,Comprimé Pelliculé Sécable,4mg,Bt 30,15.475,9.75,E,GLIMEPIRIDE,N
302760,IRYS 6 mg Comp. Pell. Sec. Bt/30,IRYS,Comprimé Pelliculé Sécable,6 mg,Bt/30,14.745,10.8,E,GLIMEPIRIDE,N
302761,IRYS 6 mg Comp. Pell. Séc. Bt/90,IRYS,Comprimé Pelliculé Sécable,6 mg,Bt/90,35.52,32.4,E,GLIMEPIRIDE,N
301292,IRYS Comp Pell  Sec 1 mg Bt 60,IRYS,Comprimé Pelliculé Sécable,1 mg,Bt 60,10.94,8.4,E,GLIMEPIRIDE,N
301690,IRYS Comp Pell Sec 1 MG BT 90,IRYS,Comprimé Pelliculé Sécable,1 MG,BT 90,13.63,12.6,E,GLIMEPIRIDE,N
301293,IRYS Comp Pell Sec 2 mg Bt 60,IRYS,Comprimé Pelliculé Sécable,2 mg,Bt 60,19.31,13.92,E,GLIMEPIRIDE,N
301691,IRYS Comp Pell Sec 2 MG BT 90,IRYS,Comprimé Pelliculé Sécable,2 MG,BT 90,24.405,20.88,E,GLIMEPIRIDE,N
301294,IRYS Comp Pell Sec 3 mg Bt 60,IRYS,Comprimé Pelliculé Sécable,3 mg,Bt 60,22.52,16.74,E,GLIMEPIRIDE,N
301692,IRYS Comp Pell Sec 3 MG BT 90,IRYS,Comprimé Pelliculé Sécable,3 MG,BT 90,28.135,25.11,E,GLIMEPIRIDE,N
301295,IRYS Comp Pell Sec 4 mg Bt 60,IRYS,Comprimé Pelliculé Sécable,4 mg,Bt 60,26.56,19.5,E,GLIMEPIRIDE,N
301693,IRYS Comp Pell Sec 4 MG BT 90,IRYS,Comprimé Pelliculé Sécable,4 MG,BT 90,32.46,29.25,E,GLIMEPIRIDE,N
307251,ISOBAR Comp Bt 30,ISOBAR,Comprimé,,Bt 30,5.19,5.19,E,METHYCLOTHIAZIDE+TRIAMTERENE,N
301930,ISODIL Comp  Subligual 5 MG BT 40,ISODIL,Comprimé Sublingual,5 MG,BT 40,2.655,1.88,E,ISOSORBIDE DINITRATE,N
103374,ISONIAZIDE Comp 100 mg Bt 100,ISONIAZIDE,Comprimé,100 mg,Bt 100,6.315,6.3,E,ISONIAZIDE,N
103377,ISOPTINE LP 240mg Comp Sec Bt 30,ISOPTINE LP,Comprimé Sécable,240mg,Bt 30,13.328,13.32,E,VERAPAMIL CHLORHYDRATE,N
351350,IV-FER Sol P Perf 100 mg/5 ml Bt 5,IV-FER,Solution pour Perfusion,100 mg/5 ml,Bt 5,29.624,29.624,E,FER,O
106157,JARDIANCE 10mg Comp Pell Bt 30,JARDIANCE,Comprimé Pelliculé,10mg,Bt 30,120.49,52.62,E,EMPAGLIFLOZINE,O
106156,JARDIANCE 25mg Comp Pell Bt 30,JARDIANCE,Comprimé Pelliculé,25mg,Bt 30,120.49,52.62,E,EMPAGLIFLOZINE,O
104439,JUSLINE 30/70 100 UI/ML Susp Inj  FL 10 ML,JUSLINE 30/70,Suspension,100 UI/ML,FL 10 ML,4.319,4.31,V,INSULINE HUMAINE,N
104437,JUSLINE N 100 UI/ML Susp Inj  FL 10 ML,JUSLINE N,Suspension,100 UI/ML,FL 10 ML,4.319,4.31,V,INSULINE HUMAINE,N
104438,JUSLINE R 100 UI/ML Sol Inj FL 10 ML,JUSLINE R,Solution Injectable,100 UI/ML,FL 10 ML,4.319,4.31,V,INSULINE HUMAINE,N
303721,KARDEGIC 160mg Pdre P Sol Or Bt 30 Sach,KARDEGIC,Solution,160mg,Bt 30 Sach,4.335,2.79,E,ACETYLSALICYLATE DE LYSINE,N
300934,KARDEGIC Pdre Sol OR 160MG Bt 20,KARDEGIC,Solution,160MG,Bt 20,1.865,1.86,E,ACETYLSALICYLATE DE LYSINE,N
301289,KARVEX Comp  Sec 12.5 mg Bt 30,KARVEX,Comprimé Sécable,12.5 mg,Bt 30,13.71,13.71,E,CARVEDILOL,N
301290,KARVEX Comp Sec 25 mg Bt 30,KARVEX,Comprimé Sécable,25 mg,Bt 30,18.895,18.87,E,CARVEDILOL,N
301288,KARVEX Comp Sec 6.25 mg Bt 30,KARVEX,Comprimé Sécable,6.25 mg,Bt 30,9.06,9.06,E,CARVEDILOL,N
506393,KAYEXALATE Pdre or/rect 15gr/mes Bt 454gr  #,KAYEXALATE,Poudre pour Suspension Buvable,,Bt 454gr  #,109.82,109.414,E,POLYSTYRENE SULFONATE DE NA,N
302380,KETALGIC 50 Gel 50 MG FL 24,KETALGIC 50,Gélule,50 MG,FL 24,3.54,3.528,E,KETOPROFENE,N
301391,KETAXOL Comp Pell Sec 20 mg Bt 30,KETAXOL,Comprimé Pelliculé Sécable,20 mg,Bt 30,11.04,11.04,E,BETAXOLOL,N
300123,KETIN  Sol Buv 0.2% Fl 150ml,KETIN,Solution Buvable,,Fl 150ml,5.165,5.1,E,KETOTIFENE,N
105571,KETODERM 2% Gel En Sachet 2% Gel Derm Bt 8/6gr,KETODERM 2%,Sachet,,Bt 8/6gr,24.105,24.105,E,KETOCONAZOLE,N
307779,KETODERM Crème derm 2% Tb 15gr,KETODERM,Crème Dermique,,Tb 15gr,6.07,4.68,E,KETOCONAZOLE,N
100108,KETODERM Gel derm 2% dose 6gr Bt 8 sach,KETODERM,Gel Dermique,,Bt 8 sach,25.28,25.28,E,KETOCONAZOLE,N
300974,KETOFEN  Gelule 100mg Bt 15,KETOFEN,Gélule,100mg,Bt 15,6.774,6.225,E,KETOPROFENE,N
300585,KETOFEN Gélule 100mg Bt 30,KETOFEN,Gélule,100mg,Bt 30,12.47,12.45,E,KETOPROFENE,N
300584,KETOFEN Gélule 50mg Bt 24,KETOFEN,Gélule,50mg,Bt 24,4.575,3.528,E,KETOPROFENE,N
300586,KETOFEN Gélule L.P 200mg Bt 14,KETOFEN,Gélule à Libération Prolongée,200mg,Bt 14,12.185,12.18,E,KETOPROFENE,N
301486,KETOFEN Supp 100 mg Bt 10,KETOFEN Supp,,100 mg,Bt 10,5.35,3.25,E,KETOPROFENE,N
300499,KETOGEL Gel Derm 2% Tb 20gr,KETO,Gel Dermique,,Tb 20gr,9.655,7.64,E,KETOCONAZOLE,N
303498,KETOLIN 2% Crème Derm Tb 15gr,KETOLIN 2%,Crème Dermique,,Tb 15gr,4.68,4.68,E,KETOCONAZOLE,N
300630,KETOMED IM Sol  Inj  100mg Bt 2/2ml,KETOMED IM,Solution Injectable,100mg,Bt 2/2ml,3.475,2.366,E,KETOPROFENE,N
300631,KETOMED IM Sol  Inj  100mg Bt 5/2ml,KETOMED IM,Solution Injectable,100mg,Bt 5/2ml,7,5.915,E,KETOPROFENE,N
301408,KETOPROF 100 50 mg/ml  Sol Inj Bt 5/2ml,KETOPROF 100,Solution Injectable,50 mg/ml,Bt 5/2ml,5.915,5.915,E,KETOPROFENE,N
300700,KETOTIFENE SIMED 1mg/5ml sirop .fl/150ml (EX TEFANYL),KETOTIFENE SIMED,Sirop,1mg/5ml,fl/150ml,8.225,8.1,E,KETOTIFENE,N
301753,KETOZOL Gel Moussant 2% tube unidose /20 gr,KETOZOL,Gélule,,,7.65,7.64,E,KETOCONAZOLE,N
301754,KETOZOL Shampooing 2 % FL 60 ML,KETOZOL,Shampooing,,FL 60 ML,8.435,8.4,E,KETOCONAZOLE,N
301246,KEVAL Comp Pell Sec  20 mg Bt 30,KEVAL,Comprimé Pelliculé Sécable,20 mg,Bt 30,11.815,11.04,E,BETAXOLOL,N
300844,KLAROMIN 500mg comp.pell.séc Bt 14,KLAROMIN,Comprimé Pelliculé Sécable,500mg,Bt 14,28.48,19.712,E,CLARITHROMYCINE,N
300588,KLAROMIN Comp 250mg Bt 14,KLAROMIN,Comprimé,250mg,Bt 14,14.54,13.286,E,CLARITHROMYCINE,N
301381,KLIPAL CODEINE 300mg/25mg Comp Bt 16,KLIPAL CODEINE,Comprimé,300mg/25mg,Bt 16,5.375,2.736,E,CODEINE+PARACETAMOL,N
301248,KLIPAL CODEINE 600mg/50mg Comp Bt 12,KLIPAL CODEINE,Comprimé,600mg/50mg,Bt 12,6.89,3.984,E,CODEINE+PARACETAMOL,N
302587,KODERM 2% CREME DERM. TB 15 gr,KODERM 2%,Crème Dermique,,TB 15 gr,7.235,4.68,E,KETOCONAZOLE,N
301322,LACRYMED Collyre 6 mg/0.4 ml Bt 20 unidoses,LACRYMED,Collyre,6 mg/0.4 ml,Bt 20 unidoses,6.9,6.9,E,POLYVIDONE,N
102400,LACRYVISC  Gel Opht  Tb 15gr,LACRYVISC,Gélule,,Tb 15gr,9.9,8.82,E,CARBOMERE,N
100640,LACTEOL FORT Pdre/Susp Or Sachet Bt 10 sach,LACTEOL FORT,Suspension Buvable,,Bt 10 sach,5.203,5.2,I,LACTOBACILLUS ACIDOPHILUS,N
308164,LAMALINE Supp Bt 10,LAMALINE Supp Bt 10,,,Bt 10,4.35,4.35,E,PARACETAMOL+BELLADONA+OPIUM,N
103392,LAMICTAL  Comp Dis 50 mg Bt 30,LAMICTAL,Comprimé Dispersible,50 mg,Bt 30,9,5.58,V,LAMOTRIGINE,N
100923,LAMICTAL Comp Disp 100mg Bt 30,LAMICTAL,Comprimé Dispersible,100mg,Bt 30,10.86,6.69,V,LAMOTRIGINE,N
103171,LAMICTAL Comp Disp 25mg Bt 30,LAMICTAL,Comprimé Dispersible,25mg,Bt 30,7.135,4.53,V,LAMOTRIGINE,N
101844,LAMICTAL Comp Disp 5mg Bt 30,LAMICTAL,Comprimé Dispersible,5mg,Bt 30,13.027,13.02,V,LAMOTRIGINE,N
103174,LAMICTAL Comp Disper 200mg Bt 30,LAMICTAL,Comprimé Dispersible,200mg,Bt 30,17.275,10.2,V,LAMOTRIGINE,N
302805,LAMILEP 100 MG Comp Disp Sec BT 30,LAMILEP,Comprimé Sécable,100 MG,BT 30,6.715,6.69,V,LAMOTRIGINE,N
302806,LAMILEP 200 MG Comp Disp Sec BT 30,LAMILEP,Comprimé Sécable,200 MG,BT 30,10.225,10.2,V,LAMOTRIGINE,N
302803,LAMILEP 25 MG Comp Disp  BT 30,LAMILEP,Comprimé Dispersible,25 MG,BT 30,4.55,4.53,V,LAMOTRIGINE,N
302804,LAMILEP 50 MG Comp Disp Sec BT 30,LAMILEP,Comprimé Sécable,50 MG,BT 30,5.605,5.58,V,LAMOTRIGINE,N
301191,LAMISIL Comp Sec 250 mg  Bt 28,LAMISIL,Comprimé Sécable,250 mg,Bt 28,55.76,43.456,E,TERBINAFINE,N
301018,LAMISIL Comp Sec 250mg  Bt 14,LAMISIL,Comprimé Sécable,250mg,Bt 14,30.29,21.728,E,TERBINAFINE,N
300853,LANSOPRAL 15mg gélule F 30,LANSOPRAL,Gélule,15mg,,19.67,18.9,E,LANSOPRAZOLE,N
300852,LANSOPRAL 15mg gélule F 7,LANSOPRAL,Gélule,15mg,,6.73,4.41,E,LANSOPRAZOLE,N
300851,LANSOPRAL 30mg gélule F 28,LANSOPRAL,Gélule,30mg,,36.42,24.276,E,LANSOPRAZOLE,N
300620,LANSOPRAL Gélule  15mg Fl 15,LANSOPRAL,Gélule,15mg,Fl 15,12.39,9.45,E,LANSOPRAZOLE,N
300416,LANSOPRAL Gélule  30mg Fl 14,LANSOPRAL,Gélule,30mg,Fl 14,21.915,12.138,E,LANSOPRAZOLE,N
102258,LANTUS Sol inj 100 UI/ml Carton.3ml Bt 5,LANTUS,Solution Injectable,100 UI/ml/3ml,Bt 5,137.632,137.625,V,GLARGINE,O
103378,LANTUS SOLOSTAR 100UI/ML Sol Inj Bt 5 Stylos,LANTUS SOLOSTAR,Solution Injectable,100UI/ML,Bt 5 Stylos,144.759,137.625,V,GLARGINE,O
300837,LANZOR 15mg Gélule Fl 7,LANZOR,Gélule,15mg,Fl 7,10.785,4.41,E,LANSOPRAZOLE,N
300026,LANZOR Gélule  30mg Fl 14,LANZOR,Gélule,30mg,Fl 14,36.2,12.138,E,LANSOPRAZOLE,N
300092,LANZOR Gélule 15mg Fl 15,LANZOR,Gélule,15mg,Fl 15,20.02,9.45,E,LANSOPRAZOLE,N
301839,LANZOR Gélule Gastro-Résis 30 MG FL 30,LANZOR,Gélule Gastro-Résistante,30 MG,FL 30,50.62,26.01,E,LANSOPRAZOLE,N
303347,LAPTOR 10mg Comp Pell Bt 90,LAPTOR,Comprimé Pelliculé,10mg,Bt 90,44.04,44.01,E,ATORVASTATINE,N
303348,LAPTOR 20mg Comp Pell Séc Bt 90,LAPTOR,Comprimé Pelliculé Sécable,20mg,Bt 90,58.04,57.96,E,ATORVASTATINE,N
303349,LAPTOR 40mg Comp Pell Sec Bt 90,LAPTOR,Comprimé Pelliculé Sécable,40mg,Bt 90,67.74,67.68,E,ATORVASTATINE,N
302920,LAPTOR 80 80mg COMP PELL SEC BT 30,LAPTOR 80,Comprimé Pelliculé Sécable,80mg,BT 30,39.6,25.08,E,ATORVASTATINE,N
303402,LAPTOR 80 80mg Comp Pell Séc Bt 90,LAPTOR 80,Comprimé Pelliculé Sécable,80mg,Bt 90,101.58,75.24,E,ATORVASTATINE,N
302478,LAPTOR Comp Pell 10 MG BT 30,LAPTOR,Comprimé Pelliculé,10 MG,BT 30,15.785,14.67,E,ATORVASTATINE,N
302479,LAPTOR Comp Pell Sec 20 MG BT 30,LAPTOR,Comprimé Pelliculé Sécable,20 MG,BT 30,20.6,19.32,E,ATORVASTATINE,N
302480,LAPTOR Comp Pell Sec 40 MG BT 30,LAPTOR,Comprimé Pelliculé Sécable,40 MG,BT 30,28.72,22.56,E,ATORVASTATINE,N
106938,LARGACTIL 25mg/5ml Sol Inj Bt 5/5ml,LARGACTIL,Solution Injectable,25mg/5ml,Bt 5/5ml,5.24,2.08,E,CHLORPROMAZINE,N
103479,LARGACTIL Amp inj 25mg 5ml Bt 5,LARGACTIL,Solution Injectable,25mg/5ml,Bt 5,2.082,2.08,E,CHLORPROMAZINE,N
102282,LARGACTIL Comp sec 100mg Bt 30,LARGACTIL,Comprimé Sécable,100mg,Bt 30,2.48,2.1,E,CHLORPROMAZINE,N
102281,LARGACTIL Comp sec 25mg Bt 50,LARGACTIL,Comprimé Sécable,25mg,Bt 50,1.115,0.95,E,CHLORPROMAZINE,N
300662,"LARMES ARTIFICIELLES unimed 1,4% collyre FL/5 ML","LARMES ARTIFICIELLES unimed 1,4%",Collyre,,FL/5 ML,1.82,1.82,E,CHLORURE DE SODIUM,N
103328,LAROXYL Gtte Buv  40mg/ml  Fl  20ml,LAROXYL,Gouttes Buvables,40mg/ml,Fl  20ml,3.531,3.52,E,AMITRIPTYLINE,N
302870,LASICARE 40 mg COMP SEC BT 20,LASICARE,Comprimé Sécable,40 mg,BT 20,2.755,1.94,E,FUROSEMIDE,N
302245,LASICARE 500mg Comp Séc Bt 50,LASICARE,Comprimé Sécable,500mg,Bt 50,49.14,48.9,E,FUROSEMIDE,N
303386,LASILIX Comp 40mg Bt 20,LASILIX,Comprimé,40mg,Bt 20,4.775,1.94,E,FUROSEMIDE,N
102557,LASILIX RETARD Gélule 60mg Bt 30,LASILIX RETARD,Gélule,60mg,Bt 30,4.539,4.53,E,FUROSEMIDE,N
303502,LATA SP 0.05mg Collyre Fl 2.5ml (F),LATA SP,Collyre,0.05mg,Fl 2.5ml,24.26,24.26,E,LATANOPROST,N
301767,LATANOCOL  Collyre 0.005 % FL 2.5 ML,LATANOCOL,Collyre,,FL 2.5 ML,24.905,24.26,E,LATANOPROST,N
303462,LATANOCOL 3M Collyre Fl 2.5ml (F),LATANOCOL 3M,Collyre,,Fl 2.5ml,25.24,24.26,E,LATANOPROST,N
302222,LATANOCOL Collyre 0.005 % BT 30 ophtadoses,LATANOCOL,Collyre,,BT 30 ophtadoses,29.9,24.26,E,LATANOPROST,N
104798,LATANOPROST Collyre 0.005 %  FL 2.5 ML,LATANOPROST,Collyre,,FL 2.5 ML,35.545,24.26,E,LATANOPROST,N
105265,LATAPOL 0.005% COLLYRE FL 2.5 ml (F),LATAPOL 0.005%,Collyre,,FL 2.5 ml,25.43,24.26,E,LATANOPROST,N
105269,LATAZ 0.005% 50µcg/ml Collyre Fl 2.5 ml (F),LATAZ 0.005% 50µcg/ml,Collyre,,Fl 2.5 ml,26.76,24.26,E,LATANOPROST,N
105268,LATAZ-CO 0.5% /0.005% collyre Fl 2.5 ml (F),LATAZ-CO 0.5% /0.005%,Collyre,,Fl 2.5 ml,34.465,26.415,E,LATANOPROST+TIMOLOL,N
302416,LATIFEX 50 Gel 50 MG BT 10,LATIFEX 50,Gélule,50 MG,BT 10,4.4,3.15,E,TRAMADOL,N
302621,LATIFEX PLUS Comp Pell  37.5MG/325MG Comp Pell BT 20,LATIFEX PLUS,Comprimé Pelliculé,37.5MG/325MG,BT 20,5.72,4.48,E,TRAMADOL+PARACETAMOL,N
505452,LEPONEX 100mg Comp Séc Bt 50,LEPONEX,Comprimé Sécable,100mg,Bt 50,181.472,181.472,E,CLOZAPINE,O
505441,LEPONEX 25mg Comp séc Bt 50,LEPONEX,Comprimé Sécable,25mg,Bt 50,44.877,44.877,E,CLOZAPINE,O
103519,LESCOL Comp LP 80 mg Bt 28,LESCOL,Comprimé à Libération Prolongée,80 mg,Bt 28,41.485,41.468,E,FLUVASTATINE,N
103183,LEVEMIR FLEXPEN 100 UI/ml Sol Inj Stylo 3ml Bt 5,LEVEMIR FLEXPEN,Solution Injectable,100 UI/ml/3ml,Bt 5,148.266,148.265,V,DETEMIR,O
301809,LEVET Comp  Pell 500 MG BT 60,LEVET,Comprimé Pelliculé,500 MG,BT 60,47.685,19.74,E,LEVETIRACETAM,N
301810,LEVET Sol Buv 100 MG/ML   FL 300 ML,LEVET,Solution Buvable,100 MG/ML,FL 300 ML,121.94,83.7,E,LEVETIRACETAM,N
300786,LEVOCINE 500 mg comp.pell.séc.Bt/5,LEVOCINE,Comprimé Pelliculé Sécable,500 mg,Bt/5,24.615,14.52,E,LEVOFLOXACINE,N
301039,LEVOCINE Comp Pell 500mg B 10,LEVOCINE,Comprimé Pelliculé,500mg,B 10,39.76,29.04,E,LEVOFLOXACINE,N
301714,LEVODIS Comp Pell  Sec 500 MG BT 10,LEVODIS,Comprimé Pelliculé Sécable,500 MG,BT 10,30.78,29.04,E,LEVOFLOXACINE,N
301733,LEVODIS Comp Pell Sec  500 MG  BT 5,LEVODIS,Comprimé Pelliculé Sécable,500 MG,BT 5,18.615,14.52,E,LEVOFLOXACINE,N
303354,LEVOFAST 5mg Comp Orodisp Bt 15,LEVOFAST,Comprimé Orodispersible,5mg,Bt 15,5.715,5.595,E,LEVOCETIRIZINE,N
300836,LEVOFLOX Comp Pell Sec 500 mg Bt 5,LEVOFLOX,Comprimé Pelliculé Sécable,500 mg,Bt 5,24.595,14.52,E,LEVOFLOXACINE,N
301068,LEVOFLOX Comp Pell Sec 500mg  Bt 10,LEVOFLOX,Comprimé Pelliculé Sécable,500mg,Bt 10,39.59,29.04,E,LEVOFLOXACINE,N
301015,LEVOFLOXACINE 500 mg Comp Pell Sec Bt 5,LEVOFLOXACINE,Comprimé Pelliculé Sécable,500 mg,Bt 5,24.595,14.52,E,LEVOFLOXACINE,N
301858,LEVOFOR Comp Pell Sec 500  MG BT 10,LEVOFOR,Comprimé Pelliculé Sécable,500  MG,BT 10,30.21,29.04,E,LEVOFLOXACINE,N
301859,LEVOFOR Comp Pell Sec 500 MG BT 5,LEVOFOR,Comprimé Pelliculé Sécable,500 MG,BT 5,16.735,14.52,E,LEVOFLOXACINE,N
303720,LEVOMAX 500mg Comp Pell Séc Bt 10,LEVOMAX,Comprimé Pelliculé Sécable,500mg,Bt 10,29.04,29.04,E,LEVOFLOXACINE,N
303641,LEVOMAX 500mg Comp Pell Séc Bt 5,LEVOMAX,Comprimé Pelliculé Sécable,500mg,Bt 5,15.225,14.52,E,LEVOFLOXACINE,N
303075,LEVOMEPROMAZINE Comp 100mg Bt 20,LEVOMEPROMAZINE,Comprimé,100mg,Bt 20,6.75,6.74,E,LEVOMEPROMAZINE,N
303074,LEVOMEPROMAZINE Comp 25mg Bt 20,LEVOMEPROMAZINE,Comprimé,25mg,Bt 20,3.655,3.64,E,LEVOMEPROMAZINE,N
103057,LEVOPHTA Collyre 0.05% Fl/5ml,LEVOPHTA,Collyre,,Fl/5ml,10.931,10.93,E,LEVOCABASTINE,N
303640,LEVOREC 500mg Comp Pell Séc Bt 10,LEVOREC,Comprimé Pelliculé Sécable,500mg,Bt 10,29.04,29.04,E,LEVOFLOXACINE,N
303639,LEVOREC 500mg Comp Pell Séc Bt 5,LEVOREC,Comprimé Pelliculé Sécable,500mg,Bt 5,15.315,14.52,E,LEVOFLOXACINE,N
302512,LEVORGICA Comp Pell 5 MG  BT 15,LEVORGICA,Comprimé Pelliculé,5 MG,BT 15,7.83,5.595,E,LEVOCETIRIZINE,N
302513,LEVORGICA Comp Pell 5 MG  BT 30,LEVORGICA,Comprimé Pelliculé,5 MG,BT 30,11.195,11.19,E,LEVOCETIRIZINE,N
302511,LEVORGICA Comp Pell 5 MG  BT 7,LEVORGICA,Comprimé Pelliculé,5 MG,BT 7,3.805,2.611,E,LEVOCETIRIZINE,N
302940,LEVOSTAMINE 5 MG Comp BT 15,LEVOSTAMINE,Comprimé,5 MG,BT 15,6.435,5.595,E,LEVOCETIRIZINE,N
302956,LEVOSTAMINE 5 MG Comp BT 30,LEVOSTAMINE,Comprimé,5 MG,BT 30,11.19,11.19,E,LEVOCETIRIZINE,N
104464,LEVOTHYROX Comp sec 125 µgr BT 30,LEVOTHYROX,Comprimé Sécable,,BT 30,3.368,3.36,E,LEVOTHYROXINE,N
104185,LEVOTHYROX Comp Sec 25 µG Bt 30,LEVOTHYROX,Comprimé Sécable,25 µG,Bt 30,1.292,1.29,E,LEVOTHYROXINE,N
104463,LEVOTHYROX Comp Sec 75 µGR BT 30,LEVOTHYROX,Comprimé Sécable,,BT 30,2.782,2.76,E,LEVOTHYROXINE,N
301629,LEVOX Comp Pell Sec 500 MG BT 10,LEVOX,Comprimé Pelliculé Sécable,500 MG,BT 10,32.55,29.04,E,LEVOFLOXACINE,N
301628,LEVOX Comp Pell Sec 500 MG BT 5,LEVOX,Comprimé Pelliculé Sécable,500 MG,BT 5,19.28,14.52,E,LEVOFLOXACINE,N
300242,LEXOMIL Comp Sec. 6mg Tb 30,LEXOMIL,Comprimé Sécable,6mg,Tb 30,11.98,3.36,I,BROMAZEPAM,N
101378,LIBRAX Comp Enrobe  Bt30,LIBRAX,Comprimé Enrobé,,,5.956,5.94,I,CLIDINIUM+CHLORDIAZEPOXIDE,N
303599,LIDOCA 10mg/ml Sans Conservateur Sol. inj. Bt 10Amp/5ml,LIDOCA,Solution Injectable,10mg/ml,Bt 10Amp/5ml,4.815,4.81,E,LIDOCAINE,N
303600,LIDOCA 20mg/ml Sans Consevateur Sol. Inj. Bt 10Amp /5ml,LIDOCA,Solution Injectable,20mg/ml,Bt 10Amp /5ml,5.445,5.44,E,LIDOCAINE,N
302521,LIDOCA PLUS 5% CREME DERM. TB/30 GR,LIDOCA PLUS 5%,Crème Dermique,,TB/30 GR,21.355,20.28,E,LIDOCAINE+PRILOCAINE,N
303748,LIDOCA PLUS sans pansement 5% Crème Derm Tb 5 gr,LIDOCA PLUS sans pansement 5%,Crème Dermique,,Tb 5 gr,6.19,3.38,E,LIDOCAINE+PRILOCAINE,N
300794,LINCOCINE 600 mg sol.inj.Bt/1/2 ml,LINCOCINE,Solution Injectable,600 mg,Bt/1/2 ml,2.04,2.04,E,LINCOMYCINE,N
303420,LIOREFEN 10mg Comp Séc Bt 100,LIOREFEN,Comprimé Sécable,10mg,Bt 100,6.215,6,I,BACLOFENE,N
303780,LIOREFEN 10mg Comp Séc Bt 40,LIOREFEN,Comprimé Sécable,10mg,Bt 40,4.4,2.4,I,BACLOFENE,N
103672,LIPANOR Gélule 100mg Bt30,LIPANOR,Gélule,100mg,,7.252,7.23,E,CIPROFIBRATE,N
100429,LIPANTHYL 160mg Comp Pell Bt 30,LIPANTHYL,Comprimé Pelliculé,160mg,Bt 30,26.37,10.77,E,FENOFIBRATE,N
300059,LIPANTHYL Gélule 300mg Bt 30,LIPANTHYL,Gélule,300mg,Bt 30,10.14,10.14,E,FENOFIBRATE,N
300901,LIPICARD Comp Pel Sec 20mg Bt 28,LIPICARD,Comprimé Sécable,20mg,Bt 28,24.09,13.216,E,SIMVASTATINE,N
301518,LIPICARD Comp Pell Sec 20 mg Bt 56,LIPICARD,Comprimé Pelliculé Sécable,20 mg,Bt 56,31.895,26.432,E,SIMVASTATINE,N
301800,LIPICARD Comp Pell Sec 20 MG BT 98,LIPICARD,Comprimé Pelliculé Sécable,20 MG,BT 98,46.27,46.256,E,SIMVASTATINE,N
301100,LIPICARD Comp Pell Sec 40 mg  Bt 28,LIPICARD,Comprimé Pelliculé Sécable,40 mg,Bt 28,31.14,17.78,E,SIMVASTATINE,N
301519,LIPICARD Comp Pell Sec 40 mg Bt 56,LIPICARD,Comprimé Pelliculé Sécable,40 mg,Bt 56,43.77,35.56,E,SIMVASTATINE,N
301801,LIPICARD Comp Pell Sec 40 MG BT 98,LIPICARD,Comprimé Pelliculé Sécable,40 MG,BT 98,62.32,62.23,E,SIMVASTATINE,N
103271,LIPOSIC 0.2 % Gel Oph Tbe 10,LIPOSIC 0.2 %,Gélule,,Tbe 10,4.884,4.88,E,CARBOMERE,N
302498,LIPTA 10 MG/10 MG COMP PELL BT 30,LIPTA,Comprimé Pelliculé,10 MG/10 MG,BT 30,29.155,29.13,E,AMLODIPINE+ATORVASTATINE,N
302497,LIPTA 5 MG/10 MG COMP PELL BT 30,LIPTA,Comprimé Pelliculé,5 MG/10 MG,BT 30,29.155,29.13,E,AMLODIPINE+ATORVASTATINE,N
300104,"LOCACID 0,05% Crème Derm Tb 30gr","LOCACID 0,05%",Crème Dermique,,Tb 30gr,5.47,5.46,I,TRETINOINE,N
307634,LOCAPRED Crème 0.1% Tb 15gr,LOCAPRED,Crème,,Tb 15gr,4.8,4.575,E,DESONIDE,N
300288,LOCATOP 0.1% Crème Derm   Tb 30gr,LOCATOP 0.1%,Crème Dermique,,Tb 30gr,9.155,9.15,E,DESONIDE,N
101288,LOCERYL Sol Ext 5% Fl 2.5ml,LOCERYL,Solution à Usage Topique,,Fl 2.5ml,51.195,51.195,E,AMOROLFINE,N
302162,LODEPINE  Gelule  5 MG BT 90,LODEPINE,Gélule,5 MG,BT 90,28.115,25.2,E,AMLODIPINE,N
300942,LODEPINE 5 mg Gelule Bt 60,LODEPINE,Gélule,5 mg,Bt 60,24.78,16.8,E,AMLODIPINE,N
301120,LODEPINE Comp Sec 10 mg Bt 30,LODEPINE,Comprimé Sécable,10 mg,Bt 30,21.305,11.76,E,AMLODIPINE,N
302163,LODEPINE Comp Sec 10 MG BT 90,LODEPINE,Comprimé Sécable,10 MG,BT 90,39.205,35.28,E,AMLODIPINE,N
300892,LODEPINE Gelu  5mg Bt 30,LODEPINE Gelu,,5mg,Bt 30,16.4,8.4,E,AMLODIPINE,N
303424,LODIPEX 10 10mg Comp Bt 90,LODIPEX 10,Comprimé,10mg,Bt 90,35.34,35.28,E,AMLODIPINE,N
302362,LODIPEX 10 Comp 10 MG BT 30,LODIPEX 10,Comprimé,10 MG,BT 30,13.215,11.76,E,AMLODIPINE,N
302943,LODIPEX 5 5MG Comp BT 90,LODIPEX 5,Comprimé,5MG,BT 90,25.8,25.2,E,AMLODIPINE,N
302361,LODIPEX 5 Comp 5 MG BT 30,LODIPEX 5,Comprimé,5 MG,BT 30,10.85,8.4,E,AMLODIPINE,N
300234,LOPRIL  Comp 25mg Bt 30,LOPRIL,Comprimé,25mg,Bt 30,13.095,4.98,E,CAPTOPRIL,N
300235,LOPRIL  Comp 50mg Bt 30,LOPRIL,Comprimé,50mg,Bt 30,23.29,8.76,E,CAPTOPRIL,N
301181,LORADINE Comp 10 mg Bt 30,LORADINE,Comprimé,10 mg,Bt 30,8.435,8.43,E,LORATADINE,N
300414,LORADINE Comp séc. 10mg Bt 10,LORADINE,Comprimé Sécable,10mg,Bt 10,5.315,2.81,E,LORATADINE,N
300239,LORADINE Sirop 0.1% Fl 60ml,LORADINE,Sirop,,Fl 60ml,4.435,3.6,E,LORATADINE,N
302394,LORINEX Comp Pell 5 MG BT 15,LORINEX,Comprimé Pelliculé,5 MG,BT 15,6.82,4.845,E,DESLORATADINE,N
302395,LORINEX Comp Pell 5 MG BT 30,LORINEX,Comprimé Pelliculé,5 MG,BT 30,11.99,9.69,E,DESLORATADINE,N
300805,LOSAR 50mg comp pell sécable Bt 30,LOSAR,Comprimé Pelliculé Sécable,50mg,Bt 30,26.79,19.92,E,LOSARTAN,N
301261,LOSAR Comp Pell Sec 50 mg Bt 60,LOSAR,Comprimé Pelliculé Sécable,50 mg,Bt 60,46.67,39.84,E,LOSARTAN,N
302170,LOSAR Comp Pell Sec 50 MG BT 90,LOSAR,Comprimé Pelliculé Sécable,50 MG,BT 90,62.925,59.76,E,LOSARTAN,N
302096,LOSAR FORT  Comp Pell Sec 100 MG BT 30,LOSAR FORT,Comprimé Pelliculé Sécable,100 MG,BT 30,29.755,23.07,E,LOSARTAN,N
302124,LOSAR FORT Comp Pell Sec 100 MG BT 90,LOSAR FORT,Comprimé Pelliculé Sécable,100 MG,BT 90,73.85,69.21,E,LOSARTAN,N
301410,LOSARTAN WINTHROP  Comp Pell Sec 50 mg Fl 30,LOSARTAN WINTHROP,Comprimé Pelliculé Sécable,50 mg,Fl 30,24.82,19.92,E,LOSARTAN,N
301411,LOSARTAN WINTHROP Comp Pell  100 mg Fl 30,LOSARTAN WINTHROP,Comprimé Pelliculé,100 mg,Fl 30,26.895,23.07,E,LOSARTAN,N
108488,LOVENOX 2000 UI Sol Inj Bt 2Ser /0.2ml,LOVENOX,Solution Injectable,2000 UI,Bt 2Ser /0.2ml,18.485,8.058,E,ENOXAPARINE,N
108487,LOVENOX 4000 UI Sol Iinj Bt 2Ser /0.4ml,LOVENOX,Solution Injectable,4000 UI,Bt 2Ser /0.4ml,26.845,12.358,E,ENOXAPARINE,N
100015,LOVENOX 6000 UI Sol Inj Bt 2 Ser /0.6ml,LOVENOX,Solution Injectable,6000 UI,Bt 2 Ser /0.6ml,31.955,14.688,E,ENOXAPARINE,N
108527,LOVENOX 8000 UI Sol Inj Bt 2 Ser /08ml,LOVENOX,Solution Injectable,8000 UI,Bt 2 Ser /08ml,37.86,17.326,E,ENOXAPARINE,N
309012,LOWRAC 5 mg gélu. Bt/60,LOWRAC,,5 mg,Bt/60,25.695,16.8,E,AMLODIPINE,N
301627,LOWRAC Gelule 10 MG BT 90,LOWRAC,Gélule,10 MG,BT 90,39.505,35.28,E,AMLODIPINE,N
309021,LOWRAC Gelule 10mg Bt 30,LOWRAC,Gélule,10mg,Bt 30,20.86,11.76,E,AMLODIPINE,N
309113,LOWRAC Gelule 5 mg Bt 90,LOWRAC,Gélule,5 mg,Bt 90,27.61,25.2,E,AMLODIPINE,N
309929,LOWRAC Gélule 5mg Bt 30,LOWRAC,Gélule,5mg,Bt 30,14.75,8.4,E,AMLODIPINE,N
303182,LOWRADIP 10mg Comp Pell Sec Bt 30,LOWRADIP,Comprimé Pelliculé Sécable,10mg,Bt 30,25.66,25.65,E,LERCANIDIPINE,N
303183,LOWRADIP 20mg Comp Pell Sec Bt 30,LOWRADIP,Comprimé Pelliculé Sécable,20mg,Bt 30,25.66,25.65,E,LERCANIDIPINE,N
105521,LOXEN 20mg Com Séc Bt 30 (ex 105094),LOXEN,,20mg,Bt 30,6.218,6.21,E,NICARDIPINE,N
303174,LOXEN LP 50 mg Gél LP Bt 60,LOXEN LP,Gélule à Libération Prolongée,50 mg,Bt 60,27.05,27,E,NICARDIPINE,N
300300,LRJ Collyre Fl 10ml,LRJ,Collyre,,Fl 10ml,8.74,8.74,E,PHENIRAMINE+TETRAHYDROZOLINE,N
104615,LUMIGAN Collyre 0.1 MG/ML FL 3 ML,LUMIGAN,Collyre,0.1 MG/ML,FL 3 ML,38.675,38.673,E,BIMATOPROST,N
107611,LUSOPRESS Comp Pellicule 20mg Bt 28,LUSOPRESS,Comprimé Pelliculé,20mg,Bt 28,12.508,12.488,E,NITRENDIPINE,N
103259,LUVERIS 75 UI P.P.P.Inj Bt 1 + S,LUVERIS,,75 UI,Bt 1 + S,41.429,41.429,E,LUTROPINE ALFA,O
302726,LYDOL 150 mg GEL. BT/56,LYDOL,Gélule,150 mg,BT/56,56.2,53.2,V,PREGABALINE,O
302725,LYDOL 150 mg GELULE BT/14,LYDOL,Gélule,150 mg,BT/14,14.6,13.3,V,PREGABALINE,O
302724,LYDOL 75 mg GEL. BT/56,LYDOL,Gélule,75 mg,BT/56,56.2,50.232,V,PREGABALINE,O
302723,LYDOL 75 mg GELULE BT/14,LYDOL,Gélule,75 mg,BT/14,14.6,12.558,V,PREGABALINE,O
105531,LYRICA 150mg Gél Bt 56 (ex 103290),LYRICA,Gélule,150mg,Bt 56,84.33,53.2,V,PREGABALINE,O
105532,LYRICA 75mg Gél Bt 14 (ex 103291),LYRICA,Gélule,75mg,Bt 14,21.385,12.558,V,PREGABALINE,O
105523,LYRICA 75mg Gél Bt 56 (ex 104781),LYRICA,Gélule,75mg,Bt 56,84.33,50.232,V,PREGABALINE,O
102488,LYSANXIA Comp 10mg Bt 40,LYSANXIA,Comprimé,10mg,Bt 40,5.602,5.6,I,PRAZEPAM,N
102536,LYSANXIA Gttes Buv 1.5% Fl 20ml,LYSANXIA,Gouttes Buvables,,Fl 20ml,5.545,5.54,I,PRAZEPAM,N
301684,MAALOX CONTROLE  (EX OPRAALOX)   Gelule 20 MG FL 14,MAALOX CONTROLE  (EX OPRAALOX),Gélule,20 MG,FL 14,17.855,12.586,E,OMEPRAZOLE,N
301766,MAALOX CONTROLE ( EX OPRAALOX)  Gelule 20 MG FL 28,MAALOX CONTROLE ( EX OPRAALOX),Gélule,20 MG,FL 28,30.81,25.172,E,OMEPRAZOLE,N
103333,MADOPAR Comp Quadrisecable 250mg Bt 100,MADOPAR,Comprimé Sécable,250mg,Bt 100,76.092,76,E,BENSERAZIDE+LEVODOPA,N
100999,MAXIDEX Collyre Fl 5ml,MAXIDEX,Collyre,,Fl 5ml,2.033,2.03,E,DEXAMETHASONE,N
105300,MAXIDROL Collyre Fl 3ml,MAXIDROL,Collyre,,Fl 3ml,2.443,2.442,E,DEXAMETHASONE+NEOMYCINE+POLYMYXINE B,N
104047,MECIR LP Comp 0.4 mg BT 30,MECIR LP,Comprimé,0.4 mg,BT 30,37.04,28.14,I,TAMSULOSINE,N
105110,MECLON 500 MG/100MG Ov BT 10,MECLON,,500 MG/100MG,BT 10,17.794,17.79,I,CLOTRIMAZOLE+METRONIDAZOLE,N
301566,MEDAXON  Sol Inj 4 MG Bt 10,MEDAXON,Solution Injectable,4 MG,Bt 10,8.23,7.33,E,DEXAMETHASONE,N
303660,MEDAXON 4mg/ml Sol. Inj. Bt 10/1ml,MEDAXON,Solution Injectable,4mg/ml,Bt 10/1ml,9.03,7.33,E,DEXAMETHASONE,N
303658,MEDAXON 4mg/ml Sol. lnj. Bt 1 Amp./1ml,MEDAXON,Solution,4mg/ml,Bt 1 Amp./1ml,1.35,0.733,E,DEXAMETHASONE,N
303659,MEDAXON FORT 8mg Sol. lnj. Bt 1/2ml,MEDAXON FORT,Solution,8mg,Bt 1/2ml,1.565,1.25,E,DEXAMETHASONE,N
301943,MEDICLAV Comp Pell 500  MG/62.5 MG   FL 12,MEDICLAV,Comprimé Pelliculé,500  MG/62.5 MG,FL 12,9.03,7.32,E,AMOXICILLINE+ACIDE CLAVULANIQUE,N
301940,MEDICLAV Pdre P  Susp  Orale   100 MG/12.5 MG FL 60 ML,MEDICLAV,Suspension Buvable,100 MG/12.5 MG,FL 60 ML,8.79,8.76,E,AMOXICILLINE+ACIDE CLAVULANIQUE,N
301962,MEDICLAV Pdre P Sus Orale  1 GR/125 MG BT 12 Sachets,MEDICLAV,Poudre pour Suspension Buvable,125 MG,BT 12 Sachets,15.005,14.016,E,AMOXICILLINE+ACIDE CLAVULANIQUE,N
301939,MEDICLAV Pdre P Sus Orale  100 MG/12.5MG FL 30 ML,MEDICLAV,Poudre pour Suspension Buvable,100 MG/12.5MG,FL 30 ML,6.4,4.38,E,AMOXICILLINE+ACIDE CLAVULANIQUE,N
301941,MEDICLAV Pdre P Sus Orale 500 MG/62.5MG  FL 12 Sachets,MEDICLAV,Poudre pour Suspension Buvable,500 MG/62.5MG,FL 12 Sachets,7.815,7.044,E,AMOXICILLINE+ACIDE CLAVULANIQUE,N
302550,MEDIPREX 10 MG COMP PELL SEC BT/15,MEDIPREX,Comprimé Pelliculé Sécable,10 MG,BT/15,13.625,12.69,E,ESCITALOPRAM,N
302551,MEDIPREX 10 MG COMP PELL SEC BT/30,MEDIPREX,Comprimé Pelliculé Sécable,10 MG,BT/30,26.065,25.38,E,ESCITALOPRAM,N
301475,MEDISIUM Sol Inj 75 ml/3 ml  Bt 5,MEDISIUM,Solution Injectable,75 ml/3 ml,Bt 5,5.195,3.24,E,DICLOFENAC,N
101722,MEDROL Comp sec 4mg Bt 30,MEDROL,Comprimé Sécable,4mg,Bt 30,3.627,3.6,E,METHYLPREDNISOLONE,N
106967,MEDROL Comp Seca 16mg Bt 20,MEDROL,Comprimé Sécable,16mg,Bt 20,7.022,7.02,E,METHYLPREDNISOLONE,N
302990,MEDZAR 50mg com pell séc Bt 90,MEDZAR,,50mg,Bt 90,59.785,59.76,E,LOSARTAN,N
300920,MEDZAR Comp Pell Sec 50mg Bt 28,MEDZAR,Comprimé Pelliculé Sécable,50mg,Bt 28,24.715,18.592,E,LOSARTAN,N
302991,MEDZAR FORT 100mg comp pell séc Bt 90,MEDZAR FORT,Comprimé Pelliculé Sécable,100mg,Bt 90,69.22,69.21,E,LOSARTAN,N
301430,MEDZAR FORT Comp Pell Sec  100 mg Bt 28,MEDZAR FORT,Comprimé Pelliculé Sécable,100 mg,Bt 28,26.335,21.532,E,LOSARTAN,N
302284,MEFALGIC Gel 250 MG BT 20,MEFALGIC,Gélule,250 MG,BT 20,2.705,2.5,E,ACIDE MEFENAMIQUE,N
301145,MEFENAL Gelule 250mg Bt 20,MEFENAL,Gélule,250mg,Bt 20,3.315,2.5,E,ACIDE MEFENAMIQUE,N
301146,MEFENAL Sus Buv 1% Fl 150ml,MEFENAL Sus Buv 1% Fl,,150ml,Fl 150ml,6.255,4.8,E,ACIDE MEFENAMIQUE,N
302386,MEFOR Comp Pell  850 MG BT 60,MEFOR,Comprimé Pelliculé,850 MG,BT 60,6.66,5.22,E,METFORMINE,N
302385,MEFOR Comp Pell 1 GR BT 60,MEFOR,Comprimé Pelliculé,,BT 60,7.805,6.06,E,METFORMINE,N
300676,MEGACEF 200 mg gelu.b/8,MEGACEF,,200 mg,b/8,15.145,12.2,E,CEFIXIME,N
300840,MEGACEF 200mg gélule Bt 16,MEGACEF,Gélule,200mg,Bt 16,24.415,24.4,E,CEFIXIME,N
300678,MEGACEF enf.100 mg/5ml pdre/sol.or.FL/60 ml,MEGACEF enf.,Solution,100 mg/5ml,FL/60 ml,17.905,13.56,E,CEFIXIME,N
301651,MEGACEF Enfants Pdre P Sol Or 100 MG/5 ML FL 40 ML,MEGACEF Enfants,Solution,100 MG/5 ML,FL 40 ML,9.06,9.04,E,CEFIXIME,N
300677,MEGACEF nourr.40mg/5ml pdre/sol.or.FL/60ml,MEGACEF nourr.,Solution,40mg/5ml,FL/60ml,9.43,7.32,E,CEFIXIME,N
103283,MENOPUR Pdre P Inj 75 UI Bt 5,MENOPUR,Poudre pour Préparation Injectable,75 UI,Bt 5,166.571,166.57,E,FSH+LH,O
300689,MEPRAZOL 10 mg gélu.FL/14,MEPRAZOL,,10 mg,FL/14,9.92,8.82,E,OMEPRAZOLE,N
300687,MEPRAZOL 20 mg gélu.FL/14,MEPRAZOL,,20 mg,FL/14,14.52,12.586,E,OMEPRAZOLE,N
300688,MEPRAZOL 20 mg gélu.FL/28,MEPRAZOL,,20 mg,FL/28,27.11,25.172,E,OMEPRAZOLE,N
300686,MEPRAZOL 20 mg gélu.FL/7,MEPRAZOL,,20 mg,FL/7,8.665,6.293,E,OMEPRAZOLE,N
303609,MEPROBAMATE Comp 400mg Bt 40,MEPROBAMATE,Comprimé,400mg,Bt 40,3.76,3.76,I,MEPROBAMATE,N
307318,MERCRYL Sol Us Ext  Fl 300ml,MERCRYL,Solution à Usage Topique,,Fl 300ml,2.875,2.7,I,MERCUROBUTOL,N
106064,MERIONAL HG 75 UI/ml Pdre P Prép Inj Bt 1 Fl+Amp Solv/1ml,MERIONAL HG,Poudre pour Préparation Injectable,75 UI/ml,Bt 1 Fl+Amp Solv/1ml,45.96,33.314,E,FSH+LH,O
300841,MESATEC 500mg comp. gastro Bt 120,MESATEC,Comprimé Gastro-Résistant,500mg,Bt 120,66.47,66.36,E,MESALAZINE,N
300413,MESATEC Comp 500mg Gastro-résist. Bt 60,MESATEC,Comprimé Gastro-Résistant,500mg,Bt 60,37.175,33.18,E,MESALAZINE,N
301512,MESONE 0.1% Creme Derm Tb 30gr,MESONE 0.1%,Crème Dermique,,Tb 30gr,10.79,10.77,E,MOMETASONE,N
302344,MESONE Spray Nasal 50 µcg/dose FL 120 doses,MESONE,Spray Nasal,,FL 120 doses,19.55,12.96,E,MOMETASONE,N
301375,MESOPRAL  Gelule Gastro resi 20 mg Fl 16,MESOPRAL,Gélule Gastro-Résistante,20 mg,Fl 16,16.82,9.792,E,ESOMEPRAZOLE,N
301377,MESOPRAL Gelule Gastro resis 40 mg  Fl 16,MESOPRAL,Gélule Gastro-Résistante,40 mg,Fl 16,25.63,11.68,E,ESOMEPRAZOLE,N
301584,MESOPRAL Gelule Gastro-resis 20 MG Fl 28,MESOPRAL,Gélule Gastro-Résistante,20 MG,Fl 28,24.905,17.136,E,ESOMEPRAZOLE,N
301586,MESOPRAL Gelule Gastro-resis 20 MG Fl 7,MESOPRAL,Gélule Gastro-Résistante,20 MG,Fl 7,7.52,4.284,E,ESOMEPRAZOLE,N
301587,MESOPRAL Gelule Gastro-resist 40 MG  Fl 28,MESOPRAL,Gélule Gastro-Résistante,40 MG,Fl 28,41.355,20.44,E,ESOMEPRAZOLE,N
301585,MESOPRAL Gelule Gastro-resist 40 MG FL 7,MESOPRAL,Gélule Gastro-Résistante,40 MG,FL 7,11.25,5.11,E,ESOMEPRAZOLE,N
504044,MESTINON 60 MG Comp Enrob Bt 20,MESTINON,Comprimé Enrobé,60 MG,Bt 20,30.802,30.8,E,PYRIDOSTIGMINE BROMURE,N
308005,METACYCLINE Comp 250mg Bt 20,METACYCLINE,Comprimé,250mg,Bt 20,2.325,2.32,E,TETRACYCLINE,N
108521,METEOSPASMYL Caps 60mg Bt 20,METEOSPASMYL Caps,,60mg,Bt 20,5.131,5.12,I,ALVERINE CITRATE+SIMETICONE,N
103343,METEOXANE Gelule Bt 60,METEOXANE,Gélule,,Bt 60,6.914,6.9,I,PHLOROGLUCINOL+SIMETHICONE,N
309830,METFORAL Comp 850mg Bt 30,METFORAL,Comprimé,850mg,Bt 30,3.925,2.61,E,METFORMINE,N
303378,METFORMINE  SANOFI (ex ZENTIVA) 850 MG Comp Pell  BT 30,METFORMINE  SANOFI (ex ZENTIVA),Comprimé Pelliculé,850 MG,BT 30,3.79,2.61,E,METFORMINE,N
303377,METFORMINE  SANOFI (EX ZENTIVA) Comp Pell 1000 mg Bt 30,METFORMINE  SANOFI (EX ZENTIVA),Comprimé Pelliculé,1000 mg,Bt 30,4.795,3.03,E,METFORMINE,N
300296,METHACIN Suppo 100mg Bt 10,METHACIN,Suppositoire,100mg,Bt 10,3.17,3.17,E,INDOMETACINE,N
300295,METHACIN Suppo 50mg Bt 10,METHACIN,Suppositoire,50mg,Bt 10,1.805,1.68,E,INDOMETACINE,N
103178,METHERGIN Sol Inj 0.2mg/ml Bt 5/1ML,METHERGIN,Solution Injectable,0.2mg/ml,Bt 5/1ML,5.832,5.83,E,METHYLERGOMETRINE,N
105599,METHOTREXATE 2.5mg Comp Bt/100,METHOTREXATE,Comprimé,2.5mg,Bt/100,49.76,49.7,V,METHOTREXATE,N
105663,METHOTREXATE EBEWE 2.5mg Comp Fl 50,METHOTREXATE EBEWE,Comprimé,2.5mg,Fl 50,27.885,24.85,V,METHOTREXATE,N
300582,METHYLDOPA TERIAK  Comp 250mg Bt 30,METHYLDOPA TERIAK,Comprimé,250mg,Bt 30,3.56,3.54,E,METHYLDOPA,N
301386,METROGYL Comp Pell 250 mg Bt 20,METROGYL,Comprimé Pelliculé,250 mg,Bt 20,2.735,2.52,E,METRONIDAZOLE,N
301098,METROL Gtte Buv 0.25 mg/ml Fl 20 ML,METROL,Gouttes Buvables,0.25 mg/ml,Fl 20 ML,7.355,7.34,E,METHYLERGOMETRINE,N
300298,METRONIDAZOLE Susp Buv 4% Fl 120ml,METRONIDAZOLE,Suspension Buvable,,Fl 120ml,5.05,5.04,E,METRONIDAZOLE,N
300173,MEXINE Amp inj 200mg Bt 10/2ml,MEXINE,Solution Injectable,200mg,Bt 10/2ml,7.705,5.94,E,CIMETIDINE,N
301472,MIBRAL 5 COMP Sec 5 mg Bt 90,MIBRAL 5,Comprimé Sécable,5 mg,Bt 90,29.51,25.2,E,AMLODIPINE,N
300740,MIBRAL 5 mg comp.sec.Bt/30,MIBRAL,Comprimé Sécable,5 mg,Bt/30,16.445,8.4,E,AMLODIPINE,N
301682,MIBRAL Comp Sec 10  MG BT 90,MIBRAL,Comprimé Sécable,10  MG,BT 90,41.15,35.28,E,AMLODIPINE,N
300897,MIBRAL Comp Sec 10mg Bt 30,MIBRAL,Comprimé Sécable,10mg,Bt 30,20.26,11.76,E,AMLODIPINE,N
301263,MIBRAL Comp Sec 5 mg Bt 60,MIBRAL,Comprimé Sécable,5 mg,Bt 60,20.445,16.8,E,AMLODIPINE,N
106136,MICARDIS 40mg Comp Bt 28,MICARDIS,Comprimé,40mg,Bt 28,47.605,21.728,E,TELMISARTAN,N
106137,MICARDIS 80mg Comp Bt 28,MICARDIS,Comprimé,80mg,Bt 28,57.08,21.728,E,TELMISARTAN,N
104260,MICARDIS Comp 40 mg Bt 28,MICARDIS,Comprimé,40 mg,Bt 28,39.71,21.728,E,TELMISARTAN,N
104261,MICARDIS Comp 80 mg Bt 28,MICARDIS,Comprimé,80 mg,Bt 28,47.605,21.728,E,TELMISARTAN,N
106138,MICARDIS PLUS 80mg/12.5mg Comp Bt 28,MICARDIS PLUS,Comprimé,80mg/12.5mg,Bt 28,57.02,26.544,E,TELMISARTAN+HYDROCHLOROTHIAZIDE,N
106139,MICARDIS PLUS 80mg/25mg Comp Bt 28,MICARDIS PLUS,Comprimé,80mg/25mg,Bt 28,64.65,26.516,E,TELMISARTAN+HYDROCHLOROTHIAZIDE,N
104262,MICARDIS PLUS Comp 80 MG/12.5MG  Bt 28,MICARDIS PLUS,Comprimé,80 MG/12.5MG,Bt 28,47.555,26.544,E,TELMISARTAN+HYDROCHLOROTHIAZIDE,N
104727,MICARDIS PLUS Comp 80 MG/25MG BT 28,MICARDIS PLUS,Comprimé,80 MG/25MG,BT 28,53.915,26.516,E,TELMISARTAN+HYDROCHLOROTHIAZIDE,N
107817,MICROGYNON Comp 30µG Bt 3.21,MICROGYNON,Comprimé,30µG,Bt 3.21,3.032,3.024,E,ETHINYLESTRADIOL+LEVONORGESTREL,N
104852,MICROLUTON Comp Pell  30 µG BT 3/35,MICROLUTON,Comprimé Pelliculé,30 µG,BT 3/35,7.096,5.145,E,LEVONORGESTREL,N
506413,MICROPAQUE Susp Buv. Bidon 2L  #,MICROPAQUE,Suspension Buvable,,,109.344,108,E,BARYUM SULFATE,N
502387,MICROPAQUE Susp Buv/Rect 100%P/V Fl 150ml,MICROPAQUE,Suspension Buvable,100%,Fl 150ml,16.562,8.1,E,BARYUM SULFATE,N
100096,MICROVAL Comp 30µG Bt3.28,MICROVAL,Comprimé,30µG,,4.19,4.116,E,LEVONORGESTREL,N
300178,MI-DIABENYL Comp 2.5mg Bt 60,MI-DIABENYL,Comprimé,2.5mg,Bt 60,4.04,1.92,E,GLIBENCLAMIDE,N
109706,MIFLASONE Gélule 200µgr/Dose Bt 60,MIFLASONE,Gélule,,Bt 60,11.586,11.58,E,BECLOMETASONE,N
109707,MIFLASONE Gélule 400µgr/Dose Bt 60,MIFLASONE,Gélule,,Bt 60,21.793,21.78,E,BECLOMETASONE,N
103301,MIFLONIDE  200 µg Pdre .Inh Bucc  Gelule Bt 60,MIFLONIDE,Gélule,200 µg,Bt 60,19.345,13.5,E,BUDESONIDE,N
103302,MIFLONIDE 400 µg Pdre .Inh Bucc  Gelule Bt 60,MIFLONIDE,Gélule,400 µg,Bt 60,31.955,22.8,E,BUDESONIDE,N
100833,MIKOSTAT 100000 UI/ML Susp Buv Fl 30ml + Compte goutte,MIKOSTAT,Suspension Buvable,100000 UI/ML,Fl 30ml + Compte goutte,6.85,6.84,I,NYSTATINE,N
105709,MINIRIN 60µg Lyoph Or Bt 30,MINIRIN,Lyophilisat,60µg,Bt 30,72.93,72.93,E,DESMOPRESSINE,N
301160,MIOREL Gelule 4 mg Bt 12,MIOREL,Gélule,4 mg,Bt 12,5.155,4.752,I,THIOCOLCHICOSIDE,N
301620,MIOREL Gelule 4 MG BT 24,MIOREL,Gélule,4 MG,BT 24,10.845,9.504,I,THIOCOLCHICOSIDE,N
303583,MIRAZINE 15mg Comp Pell Séc Bt 30,MIRAZINE,Comprimé Pelliculé Sécable,15mg,Bt 30,16.64,16.62,E,MIRTAZAPINE,N
303608,MIRAZINE 30mg Comp. Pell. Séc. Bt 30,MIRAZINE,Comprimé Pelliculé Sécable,30mg,Bt 30,26.5,26.49,E,MIRTAZAPINE,N
300965,MIZOLEN Comp Pell à liberation modifiée 10mg Bt 14,MIZOLEN,Comprimé à Libération Prolongée,10mg,Bt 14,7.295,7.294,E,MIZOLASTINE,N
103206,MOBIC Sol Inj 15mg Bt 3/1.5 ml,MOBIC,Solution Injectable,15mg,Bt 3/1.5 ml,5.95,4.68,E,MELOXICAM,N
301207,MOLSICOR  Comp Sec 4 mg  Bt 30,MOLSICOR,Comprimé Sécable,4 mg,Bt 30,7.66,7.65,E,MOLSIDOMINE,N
301206,MOLSICOR Comp Sec 2 mg  Bt 30,MOLSICOR,Comprimé Sécable,2 mg,Bt 30,4.35,3.99,E,MOLSIDOMINE,N
300992,MOLSIDOMINE WINTHROP Comp Sec 2mg Bt 30,MOLSIDOMINE WINTHROP,Comprimé Sécable,2mg,Bt 30,4.475,3.99,E,MOLSIDOMINE,N
300993,MOLSIDOMINE WINTHROP Comp Sec 4mg Bt 30,MOLSIDOMINE WINTHROP,Comprimé Sécable,4mg,Bt 30,8.49,7.65,E,MOLSIDOMINE,N
300406,"MOMENT Gttes Buv 200mg/ml Fl 12,5ml",MOMENT,Gouttes Buvables,200mg/ml,"Fl 12,5ml",4.88,4.875,E,IBUPROFEN,N
105931,MONCAS 10mg Comp Pell Bt 28,MONCAS,Comprimé Pelliculé,10mg,Bt 28,36.725,34.132,E,MONTELUKAST,N
105930,MONCAS 5mg Comp à Croquer Bt 28,MONCAS,Comprimé à Croquer,5mg,Bt 28,36.725,34.132,E,MONTELUKAST,N
307539,MONOCLINE Comp 200mg Bt 10,MONOCLINE,Comprimé,200mg,Bt 10,8.905,6.86,E,DOXYCYCLINE,N
302457,MONO-ETIKEN Comp Sec 16 MG BT 30,MONO-ETIKEN,Comprimé Sécable,16 MG,BT 30,30.21,21.63,E,CANDESARTAN CILEXETIL,N
302458,MONO-ETIKEN Comp Sec 32 MG BT 30,MONO-ETIKEN,Comprimé Sécable,32 MG,BT 30,40.535,40.53,E,CANDESARTAN CILEXETIL,N
302455,MONO-ETIKEN Comp Sec 4 MG BT 30,MONO-ETIKEN,Comprimé Sécable,4 MG,BT 30,18.81,17.91,E,CANDESARTAN CILEXETIL,N
302456,MONO-ETIKEN Comp Sec 8 MG BT 30,MONO-ETIKEN,Comprimé Sécable,8 MG,BT 30,20.885,20.01,E,CANDESARTAN CILEXETIL,N
301062,MONOFLOCET Comp Pell 200mg  Bt 2,MONOFLOCET,Comprimé Pelliculé,200mg,Bt 2,5.24,2.734,E,OFLOXACINE,N
105101,MONOPROST Collyre 50 µG/ML BT 30 Récipient Unidoses,MONOPROST,Collyre,50 µG/ML,BT 30 Récipient Unidoses,44.375,24.26,E,LATANOPROST,N
300816,MONOREL 1mg comp sécable Bt 30,MONOREL,Comprimé Sécable,1mg,Bt 30,7.075,4.2,E,GLIMEPIRIDE,N
300817,MONOREL 2mg comp sécable Bt 30,MONOREL,Comprimé Sécable,2mg,Bt 30,11.105,6.96,E,GLIMEPIRIDE,N
300818,MONOREL 3mg comp sécable Bt 30,MONOREL,Comprimé Sécable,3mg,Bt 30,14.715,8.37,E,GLIMEPIRIDE,N
300819,MONOREL 4mg comp sécable Bt 30,MONOREL,Comprimé Sécable,4mg,Bt 30,16.85,9.75,E,GLIMEPIRIDE,N
303066,MONOREL 6mg Comp Séc Bt 90,MONOREL,Comprimé Sécable,6mg,Bt 90,32.415,32.4,E,GLIMEPIRIDE,N
301793,MONOREL Comp Sec 1 MG BT 90,MONOREL,Comprimé Sécable,1 MG,BT 90,13.295,12.6,E,GLIMEPIRIDE,N
301794,MONOREL Comp Sec 2 MG BT 90,MONOREL,Comprimé Sécable,2 MG,BT 90,23.195,20.88,E,GLIMEPIRIDE,N
301795,MONOREL Comp Sec 3 MG BT 90,MONOREL,Comprimé Sécable,3 MG,BT 90,26.745,25.11,E,GLIMEPIRIDE,N
301796,MONOREL Comp Sec 4 MG BT 90,MONOREL,Comprimé Sécable,4 MG,BT 90,31.66,29.25,E,GLIMEPIRIDE,N
302151,MONO-TIAZEM LP Gel LP 200mg Bt 30,MONO-TIAZEM LP,Gélule à Libération Prolongée,200mg,Bt 30,19.075,15.69,E,DILTIAZEM,N
301985,MONO-TIAZEM LP Gel LP 300mg Bt 30,MONO-TIAZEM LP,Gélule à Libération Prolongée,300mg,Bt 30,20.405,17.55,E,DILTIAZEM,N
107895,MONO-TILDIEM Gélule LP 200mg Bt 28,MONO-TILDIEM,Gélule à Libération Prolongée,200mg,Bt 28,31.59,14.644,E,DILTIAZEM,N
301308,MONO-TILDIEM LP 300 MG Gelule LP Bt 28,MONO-TILDIEM LP,Gélule à Libération Prolongée,300 MG,Bt 28,28.77,16.38,E,DILTIAZEM,N
105411,MONTELUKAST MYLAN 5 mg Comp. à Croquer Bt 28,MONTELUKAST MYLAN,Comprimé à Croquer,5 mg,Bt 28,40.845,34.132,E,MONTELUKAST,N
102936,MONURIL Ad Granule/Sus Buv 3gr Bt 1 Sachet,MONURIL Ad,Granulés pour Suspension Buvable,,Bt 1 Sachet,22.765,15.14,E,FOSFOMYCINE,N
105266,MOONIA 75ug Com Pell Bt 28,MOONIA,,75ug,Bt 28,10.612,10.612,E,DESOGESTREL,N
300664,MOPRAL 20 mg gélule Fl 14,MOPRAL,Gélule,20 mg,Fl 14,40,12.586,E,OMEPRAZOLE,N
506781,MORFIA CR 100mg Comp Bt 20,MORFIA CR,Comprimé,100mg,Bt 20,38.694,38.694,V,MORPHINE,N
506779,MORFIA CR 30mg Comp Bt 20,MORFIA CR,Comprimé,30mg,Bt 20,27.397,27.397,V,MORPHINE,N
506780,MORFIA CR 60mg Comp Bt 20,MORFIA CR,Comprimé,60mg,Bt 20,35.092,35.092,V,MORPHINE,N
502042,MORPHINE Fl inj 10mg/ml vrac,MORPHINE Fl inj,,10mg/ml,Fl inj 10mg/ml vrac,2.028,2.028,V,MORPHINE,N
502443,MOSCONTIN Comp enr LP 100mg Bt 14,MOSCONTIN,Comprimé à Libération Prolongée,100mg,Bt 14,110.036,110.036,V,MORPHINE,N
502440,MOSCONTIN Comp enr LP 10mg Bt 14,MOSCONTIN,Comprimé à Libération Prolongée,10mg,Bt 14,14.45,14.45,V,MORPHINE,N
502444,MOSCONTIN Comp enr LP 200mg Bt 14,MOSCONTIN,Comprimé à Libération Prolongée,200mg,Bt 14,222.661,222.656,V,MORPHINE,N
502441,MOSCONTIN Comp enr LP 30mg Bt 14,MOSCONTIN,Comprimé à Libération Prolongée,30mg,Bt 14,35.154,35.154,V,MORPHINE,N
502442,MOSCONTIN Comp enr LP 60mg Bt 14,MOSCONTIN,Comprimé à Libération Prolongée,60mg,Bt 14,69.104,69.104,V,MORPHINE,N
300528,MOTILIUM Comp enr 10mg Bt 40,MOTILIUM,Comprimé Enrobé,10mg,Bt 40,8.34,5.16,I,DOMPERIDONE,N
300527,MOTILIUM Susp buv 1mg/ml Fl 200ml avec pipette,MOTILIUM,Suspension Buvable,1mg/ml,Fl 200ml avec pipette,8.445,6.4,I,DOMPERIDONE,N
301712,MOVEN Gelule 15 MG BT 10,MOVEN,Gélule,15 MG,BT 10,8.715,8.71,E,MELOXICAM,N
301713,MOVEN Gelule 7.5 MG BT 10,MOVEN,Gélule,7.5 MG,BT 10,5.82,5.24,E,MELOXICAM,N
301875,MOVEN Gelule 7.5 MG BT 30,MOVEN,Gélule,7.5 MG,BT 30,15.725,15.72,E,MELOXICAM,N
103104,MOXAL Comp à croquer Bt 30,MOXAL,Comprimé à Croquer,,Bt 30,4.82,4.38,I,ALUMINIUM HYDROXYDE+MAGNESIUM HYDROXYDE,N
302797,MOXONYL 0.2 MG Comp Pell BT 30,MOXONYL,Comprimé Pelliculé,0.2 MG,BT 30,16.15,16.14,E,MOXONIDINE,N
302798,MOXONYL 0.4 MG Comp Pell BT 30,MOXONYL,Comprimé Pelliculé,0.4 MG,BT 30,30.115,29.94,E,MOXONIDINE,N
300393,MP20 Amp inj 20mg Bt 1+Solv/2ml,MP20,Solution Injectable,20mg,Bt 1+Solv/2ml,2.09,2.09,E,METHYLPREDNISOLONE,N
300392,MP40 Pdre P P Inj 40mg Bt 1 +Solv/2ml,MP40,Poudre pour Préparation Injectable,40mg,Bt 1 +Solv/2ml,3.22,3.1,E,METHYLPREDNISOLONE,N
308471,MYCODERM Crème derm 1% Tb 30gr,MYCODERM,Crème Dermique,,Tb 30gr,6.625,5.37,E,ECONAZOLE,N
300111,MYCODERME 1% Lait Derm Fl 30ml,MYCODERME 1% Lait Derm Fl,,30ml,Fl 30ml,6.75,4.29,E,ECONAZOLE,N
107873,MYCOHEAL VAGINAL Ovule  200mg Bt 7,MYCOHEAL VAGINAL Ovule,,200mg,Bt 7,4.513,4.508,I,MICONAZOLE,N
101549,MYCOHEAL VAGINAL Ovule  400mg Bt 3,MYCOHEAL VAGINAL Ovule,,400mg,Bt 3,4.343,4.341,I,MICONAZOLE,N
300911,MYCOPHIL 1% Creme Derm Tb 15gr,MYCOPHIL 1%,Crème Dermique,,Tb 15gr,7.435,6.405,E,TERBINAFINE,N
300813,MYCOPHIL 250mg comp sécable Bt 20,MYCOPHIL,Comprimé Sécable,250mg,Bt 20,36.365,31.04,E,TERBINAFINE,N
300910,MYCOPHIL Comp Sec 250mg Bt 30,MYCOPHIL,Comprimé Sécable,250mg,Bt 30,58.42,46.56,E,TERBINAFINE,N
300134,MYCOREX Crème 1% Tb 30gr,MYCOREX,Crème,,Tb 30gr,5.11,5.1,E,CICLOPIROXOLAMINE,N
300135,MYCOREX Lotion 1% Fl 30ml,MYCOREX,Lotion,,Fl 30ml,4.205,4.2,E,CICLOPIROXOLAMINE,N
307678,MYCOSTER 1% Crème Derm Tb 30gr,MYCOSTER 1%,Crème Dermique,,Tb 30gr,8.845,5.1,E,CICLOPIROXOLAMINE,N
102774,MYCOSTER 1% pdre usage ext gl/30 gr,MYCOSTER 1%,Poudre à Usage Externe,,,7.51,7.5,E,CICLOPIROXOLAMINE,N
307679,MYCOSTER 1% spray sol Fl 30ml,MYCOSTER 1%,Solution,,Fl 30ml,11.045,4.2,E,CICLOPIROXOLAMINE,N
100604,MYCOSTER VERNIS Vernis 8%  Fl 3ml,MYCOSTER VERNIS Vernis 8%  Fl,,3ml,Fl 3ml,21.829,21.828,E,CICLOPIROXOLAMINE,N
300115,MYDRICOL Collyre 0.5% Fl 5ml,MYDRICOL,Collyre,,Fl 5ml,3.24,3.24,E,TROPICAMIDE,N
301957,MYOLAX Comp 4 MG BT 24,MYOLAX,Comprimé,4 MG,BT 24,10.89,9.504,I,THIOCOLCHICOSIDE,N
301019,MYOLAX Comp 4mg  Bt 12,MYOLAX,Comprimé,4mg,Bt 12,6.38,4.752,I,THIOCOLCHICOSIDE,N
103249,NAABAK Collyre 4.9%Fl 10ml,NAABAK,Collyre,,Fl 10ml,12.351,12.35,E,ACIDE N-ACETYL-ASPARTYL-GLUTAMIQUE,N
100572,"NAAXIA Collyre 4,9%/Fl 5ml",NAAXIA,Collyre,,Fl 5ml,6.216,6.175,E,ACIDE N-ACETYL-ASPARTYL-GLUTAMIQUE,N
302537,NAFTOR 100mg Gél Bt 50,NAFTOR,Gélule,100mg,Bt 50,12.635,12.6,I,NAFTIDROFURYL,N
105738,NASACORT 2% (55µG/DOSE) Spray Nasal Fl 120 Doses/16.5gr (ex 101099),NASACORT 2%,,,,19.499,19.44,E,TRIAMCINOLONE,N
303011,NASOMET 50 mcg/Dose Susp Nas Fl 120 Doses,NASOMET,Suspension Nasale,50 mcg,Fl 120 Doses,13.69,12.96,E,MOMETASONE,N
105645,NASONEX 50mcg/Dose Susp Nas Fl 140 Doses (ex 101995),NASONEX,Suspension Nasale,50mcg,Fl 140 Doses,27.875,15.12,E,MOMETASONE,N
105582,NATISPRAY 0.3mg/Dose Sol P Pulv Bucc Fl 18ml/300 Doses,NATI,Solution,0.3mg,Fl 18ml/300 Doses,23.745,23.7,E,TRINITRINE,N
105153,NATRIXAM 1.5MG/10MG Comp à liber modifiee BT 30,NATRIXAM,Comprimé à Libération Prolongée,1.5MG/10MG,BT 30,19.145,19.14,E,INDAPAMIDE+AMLODIPINE,N
105152,NATRIXAM 1.5MG/5MG Comp à liber modifiee BT 30,NATRIXAM,Comprimé à Libération Prolongée,1.5MG/5MG,BT 30,14.44,14.43,E,INDAPAMIDE+AMLODIPINE,N
300648,NAUTAMINE Comp sec 90mg Bt 20,NAUTAMINE,Comprimé Sécable,90mg,Bt 20,4.87,4.86,I,DIPHENHYDRAMINE,N
302785,NEACREST 10 mg COMP. PELL. BT 30,NEACREST,Comprimé Pelliculé,10 mg,BT 30,19.74,16.2,E,ROSUVASTATINE,N
302786,NEACREST 10 mg COMP. PELL. BT 90,NEACREST,Comprimé Pelliculé,10 mg,BT 90,58.24,48.6,E,ROSUVASTATINE,N
302787,NEACREST 20 mg COMP. PELL. BT 30,NEACREST,Comprimé Pelliculé,20 mg,BT 30,38.24,24.3,E,ROSUVASTATINE,N
302788,NEACREST 20 mg COMP. PELL. BT 90,NEACREST,Comprimé Pelliculé,20 mg,BT 90,102.24,72.9,E,ROSUVASTATINE,N
302783,NEACREST 5 mg COMP. PELL. BT 30,NEACREST,Comprimé Pelliculé,5 mg,BT 30,17.67,13.68,E,ROSUVASTATINE,N
302784,NEACREST 5 mg COMP. PELL. BT 90,NEACREST,Comprimé Pelliculé,5 mg,BT 90,51.24,41.04,E,ROSUVASTATINE,N
302966,NEAFORGE 10MG/160MG Comp Pell Bt30,NEAFORGE,Comprimé Pelliculé,10MG/160MG,,44.64,37.8,E,AMLODIPINE+VALSARTAN,N
302967,NEAFORGE 10MG/160MG Comp Pell Bt90,NEAFORGE,Comprimé Pelliculé,10MG/160MG,,126.78,113.4,E,AMLODIPINE+VALSARTAN,N
302964,NEAFORGE 5MG/160MG Comp Pell Bt30,NEAFORGE,Comprimé Pelliculé,5MG/160MG,,44.64,37.8,E,AMLODIPINE+VALSARTAN,N
302965,NEAFORGE 5MG/160MG Comp Pell Bt90,NEAFORGE,Comprimé Pelliculé,5MG/160MG,,126.78,113.4,E,AMLODIPINE+VALSARTAN,N
302962,NEAFORGE 5MG/80MG Comp Pell Bt30,NEAFORGE,Comprimé Pelliculé,5MG/80MG,,39.39,33.36,E,AMLODIPINE+VALSARTAN,N
302963,NEAFORGE 5MG/80MG Comp Pell Bt90,NEAFORGE,Comprimé Pelliculé,5MG/80MG,,111.815,100.08,E,AMLODIPINE+VALSARTAN,N
303323,NEBICARD 5mg Comp Quadrisécable Bt 30,NEBICARD,Comprimé Sécable,5mg,Bt 30,16.54,15.18,E,NEBIVOLOL,N
303397,NEBICOR 5mg Comp Quadrisécable Bt 30,NEBICOR,Comprimé Sécable,5mg,Bt 30,15.66,15.18,E,NEBIVOLOL,N
103452,NEBILET Comp Sec 5 mg Bt 30,NEBILET,Comprimé Sécable,5 mg,Bt 30,35.545,15.18,E,NEBIVOLOL,N
105117,NEBILET PLUS 5MG/12.5 MG Comp Pell BT 28,NEBILET PLUS,Comprimé Pelliculé,5MG/12.5 MG,BT 28,33.875,33.852,E,NEBIVOLOL+HYDROCHLOROTHIAZIDE,N
105118,NEBILET PLUS 5MG/25 MG Comp Pell BT 28,NEBILET PLUS,Comprimé Pelliculé,5MG/25 MG,BT 28,33.875,33.852,E,NEBIVOLOL+HYDROCHLOROTHIAZIDE,N
302482,NEBILUS Comp Quadrisecable 5 MG BT 90,NEBILUS,Comprimé Sécable,5 MG,BT 90,48.785,45.54,E,NEBIVOLOL,N
301908,NEBILUS Comp Sec 5  MG BT 30,NEBILUS,Comprimé Sécable,5  MG,BT 30,19.615,15.18,E,NEBIVOLOL,N
303508,NEBIPRESS 5mg Comp Quadriséc Bt 30,NEBIPRESS,Comprimé Sécable,5mg,Bt 30,16.485,15.18,E,NEBIVOLOL,N
303509,NEBIPRESS 5mg Comp Quadriséc Bt 90,NEBIPRESS,Comprimé Sécable,5mg,Bt 90,45.615,45.54,E,NEBIVOLOL,N
304324,NEFOMED Sol Inj 20 mg Bt 5/2ml,NEFOMED,Solution Injectable,20 mg,Bt 5/2ml,6.055,6.04,E,NEFOPAM,N
303208,NEMACEST 4% Susp Buv Fl 10ml,NEMACEST 4%,Suspension Buvable,,Fl 10ml,4.1,4.1,E,ALBENDAZOLE,N
302885,NEMACEST 400 mg COMP BT 1,NEMACEST,Comprimé,400 mg,BT 1,3.52,3.12,E,ALBENDAZOLE,N
303307,NEMACEST 400mg Comp Bt 2,NEMACEST,Comprimé,400mg,Bt 2,6.24,6.24,E,ALBENDAZOLE,N
107740,NEO HEALAR Pde Rect Tb 30gr,NEO HEALAR,Pommade Rectale,,Tb 30gr,5.971,5.97,I,LIPINUS ALBUS+VATERIA INDICA+MENTHA PIPERITA,N
107741,NEO HEALAR Suppo Bt 10,NEO HEALAR,Suppositoire,,Bt 10,6.394,6.39,I,LIPINUS ALBUS+VATERIA INDICA+MENTHA PIPERITA,N
104734,NEOBRUFEN Comp Pell 400 MG BT 30,NEOBRUFEN,Comprimé Pelliculé,400 MG,BT 30,9.02,7.5,E,IBUPROFEN,N
306661,NEOCILONE Pde Derm Tb 10gr,NEOCILONE,Pommade Dermique,,Tb 10gr,2.75,2.75,E,TRIAMCINOLONE+NEOMYCINE,N
303457,NEOFLOXIN 0.3% collyre Fl 5ml,NEOFLOXIN 0.3%,Collyre,,Fl 5ml,5.7,4.6,E,CIPROFLOXACINE,N
302592,NEOFUNGINE Pde Tbe 10gr,NEOFUNGINE,Pommade,,Tbe 10gr,5.64,5.1,E,TRIAMCINOLONE+NEOMYCINE+NYSTATINE,N
307724,NEOMYCINE UNIMED 0.35% collyre Fl 5ml,NEOMYCINE UNIMED 0.35%,Collyre,,Fl 5ml,2.605,2.605,E,NEOMYCINE,N
300945,NEOPHRINE 10% Collyre  Fl 10ml,NEOPHRINE 10%,Collyre,,Fl 10ml,3.625,3.62,E,PHENYLEPHRINE,N
300608,NEOPHRINE Collyre 10% Fl 5ml,NEOPHRINE,Collyre,,Fl 5ml,2,1.81,E,PHENYLEPHRINE,N
300337,NEOPRED Collyre Fl 5ml,NEOPRED,Collyre,,Fl 5ml,3.24,3.24,E,PREDNISOLONE+NEOMYCINE,N
301706,NEOSTYNE  Pde Derm TBE 10 GR,NEOSTYNE,Pommade Dermique,,TBE 10 GR,5.109,5.1,E,TRIAMCINOLONE+NEOMYCINE+NYSTATINE,N
303336,NERGESIC 150mg Gél Bt 30,NERGESIC,Gélule,150mg,Bt 30,30.84,28.5,V,PREGABALINE,O
303337,NERGESIC 150mg Gél Bt 60,NERGESIC,Gélule,150mg,Bt 60,61.44,57,V,PREGABALINE,O
303334,NERGESIC 75mg Gél Bt 14,NERGESIC,Gélule,75mg,Bt 14,13.74,12.558,V,PREGABALINE,O
303335,NERGESIC 75mg Gél Bt 28,NERGESIC,Gélule,75mg,Bt 28,27.23,25.116,V,PREGABALINE,O
302809,NERVICA 75 MG Gel BT 56,NERVICA,Gélule,75 MG,BT 56,55.68,50.232,V,PREGABALINE,O
302331,NERVICA Gelule 150  MG BT 56,NERVICA,Gélule,150  MG,BT 56,79.715,53.2,V,PREGABALINE,O
302330,NERVICA Gelule 75 MG  BT 14,NERVICA,Gélule,75 MG,BT 14,17.085,12.558,V,PREGABALINE,O
309073,NETRAL 50 Comp Pell 50mg  Bt 30,NETRAL 50,Comprimé Pelliculé,50mg,Bt 30,25.03,20.85,E,SERTRALINE,N
302384,NETRAL Comp Pell Sec 100 MG BT 30,NETRAL,Comprimé Pelliculé Sécable,100 MG,BT 30,37.085,37.08,E,SERTRALINE,N
103704,NETROMICINE Amp Inj 100mg 1ml Bt 1,NETROMICINE,Solution Injectable,100mg/1ml,Bt 1,5.79,5.79,E,NETILMICINE SULFATE,N
106939,NEULEPTIL 4% Gttes Buv Fl 30ml,NEULEPTIL 4%,Gouttes Buvables,,Fl 30ml,10.24,4.47,E,PROPERICIAZINE,N
103564,NEULEPTIL Gttes Buv 4% Fl 30ml,NEULEPTIL,Gouttes Buvables,,Fl 30ml,4.499,4.47,E,PROPERICIAZINE,N
302190,NEURALGIN Gelule 300 MG BT 50,NEURALGIN,Gélule,300 MG,BT 50,35.175,28.3,V,GABAPENTINE,O
301460,NEURALGIN Gelule 300 mg Bt 90,NEURALGIN,Gélule,300 mg,Bt 90,55.98,50.94,V,GABAPENTINE,O
307401,"NEURODOL  Gttes Buv 0,2% Fl 30ml",NEURODOL,Gouttes Buvables,,Fl 30ml,2.545,2.52,E,HALOPERIDOL,N
307400,"NEURODOL FAIBLE Gttes Buv 0,05% Fl 30ml",NEURODOL FAIBLE,Gouttes Buvables,,Fl 30ml,1.495,1.47,E,HALOPERIDOL,N
302745,NEUROMED 150 mg GEL. BT/30,NEUROMED,Gélule,150 mg,BT/30,39.605,28.5,V,PREGABALINE,O
302746,NEUROMED 150 mg GEL. BT/90,NEUROMED,Gélule,150 mg,BT/90,100.5,85.5,V,PREGABALINE,O
302743,NEUROMED 75 mg GEL. BT/15,NEUROMED,Gélule,75 mg,BT/15,16.925,13.455,V,PREGABALINE,O
302744,NEUROMED 75 mg GEL. BT/30,NEUROMED,Gélule,75 mg,BT/30,32.24,26.91,V,PREGABALINE,O
302708,NEURYL 150 mg GEL. BT/60,NEURYL,Gélule,150 mg,BT/60,65.74,57,V,PREGABALINE,O
303451,NEURYL 150mg Gél Bt 30,NEURYL,Gélule,150mg,Bt 30,29.62,28.5,V,PREGABALINE,O
303452,NEURYL 150mg Gél Bt 90,NEURYL,Gélule,150mg,Bt 90,88.38,85.5,V,PREGABALINE,O
302703,NEURYL 75 mg GEL. BT/14,NEURYL,Gélule,75 mg,BT/14,14.1,12.558,V,PREGABALINE,O
303449,NEURYL 75mg Gél Bt 30,NEURYL,Gélule,75mg,Bt 30,27.61,26.91,V,PREGABALINE,O
303450,NEURYL 75mg Gél bt 60,NEURYL,Gélule,75mg,bt 60,53.83,53.82,V,PREGABALINE,O
105910,NEXIUM 20mg 20mg Comp Gastro-résist Bt 28,NEXIUM,Comprimé Gastro-Résistant,20mg/20mg,Bt 28,21.145,17.136,E,ESOMEPRAZOLE,N
105917,NEXIUM 40 40mg Comp Gastro-résist Bt 28,NEXIUM 40,Comprimé Gastro-Résistant,40mg,Bt 28,21.145,20.44,E,ESOMEPRAZOLE,N
302709,NEXUS 40 mg GEL. GASTRO-RESISTANTE BT/28,NEXUS,Gélule Gastro-Résistante,40 mg,BT/28,23.09,20.44,E,ESOMEPRAZOLE,N
302410,NEXUS Gelule Gastro-resis 20 MG BT 14,NEXUS,Gélule Gastro-Résistante,20 MG,BT 14,9.885,8.568,E,ESOMEPRAZOLE,N
302409,NEXUS Gelule Gastro-resis 20 MG BT 7,NEXUS,Gélule Gastro-Résistante,20 MG,BT 7,4.83,4.284,E,ESOMEPRAZOLE,N
302408,NEXUS Gelule Gastro-resis 40 MG BT 14,NEXUS,Gélule Gastro-Résistante,40 MG,BT 14,16.82,10.22,E,ESOMEPRAZOLE,N
303698,NIDAZOL 250mg Comp pell Bt 20,NIDAZOL,Comprimé Pelliculé,250mg,Bt 20,2.52,2.52,E,METRONIDAZOLE,N
308192,NIFLUMIC 400mg Suppo Bt 8,NIFLUMIC,Suppositoire,400mg,Bt 8,2.36,2.36,E,ACIDE NIFLUMIQUE,N
308191,NIFLUMIC 700mg Suppo Bt 8,NIFLUMIC,Suppositoire,700mg,Bt 8,3.12,3.12,E,ACIDE NIFLUMIQUE,N
307532,NIFLURIL Suppo  Enf 400mg Bt 8,NIFLURIL,Suppositoire Pédiatrique,400mg,Bt 8,4.565,2.36,E,ACIDE NIFLUMIQUE,N
307417,NIFLURIL Suppo Ad.  700mg Bt 8,NIFLURIL,Suppositoire Adulte,700mg,Bt 8,6.515,3.12,E,ACIDE NIFLUMIQUE,N
300149,NIFROXID Gélule 200mg Bt 20,NIFROXID,Gélule,200mg,Bt 20,4.04,4.04,I,NIFUROXAZIDE,N
300150,NIFROXID Sol Buv Fl 90ml,NIFROXID,Solution Buvable,,Fl 90ml,4.625,3.69,I,NIFUROXAZIDE,N
302633,NIPRAL 275 275 MG Comp Pell BT 10,NIPRAL 275,Comprimé Pelliculé,275 MG,BT 10,3.18,2.16,E,NAPROXENE,N
302636,NIPRAL 275 275 MG Comp Pell BT 30,NIPRAL 275,Comprimé Pelliculé,275 MG,BT 30,6.49,6.48,E,NAPROXENE,N
302641,NIPRAL 550 550 MG Comp Pell Sec BT 16,NIPRAL 550,Comprimé Pelliculé Sécable,550 MG,BT 16,7.25,7.248,E,NAPROXENE,N
302639,NIPRAL 550 550 MG Comp Pell Sec BT 8,NIPRAL 550,Comprimé Pelliculé Sécable,550 MG,BT 8,4.335,3.624,E,NAPROXENE,N
300653,NOCERTONE Comp 60mg Bt 30,NOCERTONE,Comprimé,60mg,Bt 30,7.61,7.59,E,OXETORONE,N
105410,NOMEGESTROL STRAGEN 5 MG Comp Bt 10,NOMEGESTROL STRAGEN,Comprimé,5 MG,Bt 10,12.22,12.22,E,NOMEGESTROL,N
300882,NOOTROPYL 800mg comp Pel Sec Bt 45,NOOTROPYL,Comprimé Sécable,800mg,Bt 45,16.595,9.855,I,PIRACETAM,N
309943,NORACIN Comp 400mg  Bt 14,NORACIN,Comprimé,400mg,Bt 14,11.89,11.886,E,NORFLOXACINE,N
302731,NORACTONE 50 mg COMP. PELL. SEC. BT/30,NORACTONE,Comprimé Pelliculé Sécable,50 mg,BT/30,13.45,13.44,E,SPIRONOLACTONE,N
102081,NORMIX 200mg Comp Enr Bt 12,NORMIX,Comprimé Enrobé,200mg,Bt 12,20,9.96,I,RIFAXIMINA,N
102082,NORMIX Susp Buv Fl 60ml,NORMIX,Suspension Buvable,,Fl 60ml,8.131,8.1,I,RIFAXIMINA,N
300259,NORMOCARDIL Comp  uadri Sec 40mg Bt 45,NORMOCARDIL,Comprimé Sécable,40mg,Bt 45,5.03,4.995,E,PROPRANOLOL,N
300254,"NORMOPTIC  Collyre 0,5% Fl 5ml",NORMOPTIC,Collyre,,Fl 5ml,3.46,3.17,E,TIMOLOL,N
300404,"NORMOPTIC Collyre 0,25% Fl 5ml",NORMOPTIC,Collyre,,Fl 5ml,3.26,3.12,E,TIMOLOL,N
303401,NOSPASM 160mg Comp Orodisp Bt 12,NOSPASM,Comprimé Orodispersible,160mg,Bt 12,5.8,5.796,I,PHLOROGLUCINOL,N
302762,NOSPASM 80 mg COMP. ORODISP. BT/10,NOSPASM,Comprimé Orodispersible,80 mg,BT/10,3.33,2.46,I,PHLOROGLUCINOL,N
302763,NOSPASM 80 mg COMP. ORODISP. BT/20,NOSPASM,Comprimé Orodispersible,80 mg,BT/20,5.92,4.92,I,PHLOROGLUCINOL,N
302764,NOSPASM 80 mg Comp. Orodisp. Bt/30,NOSPASM,Comprimé Orodispersible,80 mg,Bt/30,7.975,7.38,I,PHLOROGLUCINOL,N
302855,NOTOS COMBI 200µG/12µG Pdre P Inhal Bucc BT 120 Gel.+Inhalateur,NOTOS COMBI,Poudre pour Inhalation,200µG/12µG,BT 120 Gel.+Inhalateur,38.79,38.76,E,BUDESONIDE+FORMOTEROL,N
302816,NOTOS COMBI 400µG/12µG Pdre P Inhal Bucc bt 2 fl (60+ 60Gel) + Inh,NOTOS COMBI,Poudre pour Inhalation,400µG/12µG,bt 2 fl (60+ 60Gel) + Inh,46.89,46.86,E,BUDESONIDE+FORMOTEROL,N
302437,NOTOS EASY FLOW Pdre Inh Bucc 12 µgr BT 60 Gelule,NOTOS EASY FLOW,Poudre pour Inhalation,,BT 60 Gelule,32.015,31.98,E,FORMOTEROL,N
302440,NOTOS EASY FLOW Pdre P Inh Bucc 12 µGR BT 30 Gelule + Inh,NOTOS EASY FLOW,Poudre pour Inhalation,,BT 30 Gelule + Inh,17.365,15.99,E,FORMOTEROL,N
301773,NOVACLAV AD  Pdre P Sus  Or  1GR/125 MG BT 21,NOVACLAV AD,Poudre pour Suspension Buvable,125 MG,BT 21,24.595,24.528,E,AMOXICILLINE+ACIDE CLAVULANIQUE,N
301112,NOVACLAV Ad Pdre PSus Or 1gr/125mg  Bt 12 Sachets,NOVACLAV Ad,Poudre pour Suspension Buvable,125mg,Bt 12 Sachets,18.375,14.016,E,AMOXICILLINE+ACIDE CLAVULANIQUE,N
301107,NOVACLAV Comp Pell 500mg/62.5 mg Bt 16,NOVACLAV,Comprimé Pelliculé,500mg/62.5 mg,Bt 16,11.78,9.76,E,AMOXICILLINE+ACIDE CLAVULANIQUE,N
301108,NOVACLAV Comp Pell 500mg/62.5mg  Bt 24,NOVACLAV,Comprimé Pelliculé,500mg/62.5mg,Bt 24,16.235,14.64,E,AMOXICILLINE+ACIDE CLAVULANIQUE,N
302254,NOVACLAV Enf Pdre P Susp Or 500 MG/62.5 MG  BT 21 Sachets -doses,NOVACLAV Enf,Suspension Buvable,500 MG/62.5 MG,BT 21 Sachets -doses,12.35,12.327,E,AMOXICILLINE+ACIDE CLAVULANIQUE,N
301109,NOVACLAV Enf Pdre P Susp Or 500mg/62.5mg  Bt 12 Sachets-doses,NOVACLAV Enf,Suspension Buvable,500mg/62.5mg,Bt 12 Sachets-doses,9.9,7.044,E,AMOXICILLINE+ACIDE CLAVULANIQUE,N
301111,NOVACLAV Enf Pdre Sus Or 100mg/12.5mg Fl 60ml,NOVACLAV Enf,Poudre pour Suspension Buvable,100mg/12.5mg,Fl 60ml,9.71,8.76,E,AMOXICILLINE+ACIDE CLAVULANIQUE,N
301110,NOVACLAV Nour Pdre Sus Or 100mg/12.5mg  Fl 30ml,NOVACLAV Nour,Poudre pour Suspension Buvable,100mg/12.5mg,Fl 30ml,6.155,4.38,E,AMOXICILLINE+ACIDE CLAVULANIQUE,N
301676,NOVADOL Comp 1000 MG BT 8,NOVADOL,Comprimé,1000 MG,BT 8,2.69,2.336,E,PARACETAMOL,N
301521,NOVADOL Comp 500 mg Bt 12,NOVADOL,Comprimé,500 mg,Bt 12,1.39,0.6,E,PARACETAMOL,N
302223,NOVADOL Comp 500 MG BT 16,NOVADOL,Comprimé,500 MG,BT 16,2.03,0.8,E,PARACETAMOL,N
302808,NOVADOL EXTRA 500 mg/65 mg COMP. BT 16,NOVADOL EXTRA,Comprimé,500 mg/65 mg,BT 16,2.67,2.096,E,PARACETAMOL+CAFEINE,N
301133,NOVADOL Gelule 500 mg Bt 16,NOVADOL,Gélule,500 mg,Bt 16,1.22,0.8,E,PARACETAMOL,N
301520,NOVADOL Pdre P Sol Orale 1 gr Bt 8 Sachets,NOVADOL,Solution,,Bt 8 Sachets,4.33,4.328,E,PARACETAMOL,N
301130,NOVADOL Pdre Sol Or Sachet  200 mg Bt 12,NOVADOL,Solution,200 mg,Bt 12,1.56,1.56,E,PARACETAMOL,N
301131,NOVADOL Pdre Sol Or Sachet  300 mg Bt 12,NOVADOL,Solution,300 mg,Bt 12,2.17,2.16,E,PARACETAMOL,N
301129,NOVADOL Pdre Sol Or Sachet 100 mg  Bt 12,NOVADOL,Solution,100 mg,Bt 12,1.21,1.2,E,PARACETAMOL,N
301132,NOVADOL Pdre Sol ORr Sachet 500 mg Bt  12,NOVADOL,Solution,500 mg,Bt  12,3.205,3.204,E,PARACETAMOL,N
303647,NOVADOL PEDIATRIQUE 3% Susp Buv Fl 100ml,NOVADOL PEDIATRIQUE 3%,Suspension Buvable,,Fl 100ml,3.62,3.6,E,PARACETAMOL,N
302844,NOVAFEN 600 mg Comp. Pell. Bt 20,NOVAFEN,Comprimé Pelliculé,600 mg,Bt 20,6.41,6.4,E,IBUPROFEN,N
301611,NOVAFEN Comp Pell 200 mg Bt 20,NOVAFEN,Comprimé Pelliculé,200 mg,Bt 20,2.95,2.7,E,IBUPROFEN,N
301612,NOVAFEN Comp Pell 400 MG Bt 20,NOVAFEN,Comprimé Pelliculé,400 MG,Bt 20,5.69,5,E,IBUPROFEN,N
301610,NOVAFEN Sus Buv 20MG/ML Fl 125 ML,NOVAFEN Sus Buv,,20MG/ML/125 ML,Fl 125 ML,5.11,4.125,E,IBUPROFEN,N
303767,NOVAMOX 1 gr Comp Disp Bt 21,NOVAMOX 1 gr,Comprimé Dispersible,,Bt 21,12.14,9.975,E,AMOXICILLINE,N
301250,NOVAMOX Comp Dis  1 GR Bt 12,NOVAMOX,Comprimé Dispersible,,Bt 12,9.2,5.7,E,AMOXICILLINE,N
301251,NOVAMOX Comp Dis 500 mg Bt 12,NOVAMOX,Comprimé Dispersible,500 mg,Bt 12,5.48,3.612,E,AMOXICILLINE,N
301367,NOVAMOX Comp Disp 500 mg Bt 24,NOVAMOX,Comprimé Dispersible,500 mg,Bt 24,9.395,7.224,E,AMOXICILLINE,N
301253,NOVAMOX Pdre Sus OR 250 mg Fl 60 ml,NOVAMOX,Poudre pour Suspension Buvable,250 mg,Fl 60 ml,3.38,2.64,E,AMOXICILLINE,N
301252,NOVAMOX Pdre Susp Or 500 mg Fl 60 ml,NOVAMOX,Suspension Buvable,500 mg,Fl 60 ml,6.435,4.5,E,AMOXICILLINE,N
302227,NOVASFON Comp Orodis 160 MG BT 12,NOVASFON,Comprimé Orodispersible,160 MG,BT 12,6.9,5.796,I,PHLOROGLUCINOL,N
301895,NOVASFON Comp Orodispersibe 80 MG BT 20,NOVASFON,Comprimé Orodispersible,80 MG,BT 20,6.57,4.92,I,PHLOROGLUCINOL,N
104866,NOVATRETIN Caps 25 MG BT 60,NOVATRETIN Caps,,25 MG,BT 60,192.725,192.72,E,ACITRETINE,O
104865,NOVATRETIN Capsule 10 MG BT 60,NOVATRETIN Capsule,,10 MG,BT 60,88.115,88.08,E,ACITRETINE,O
102865,NOVOMIX 30 FLEX-PEN  Susp Inj 100UI/ml Bt 5 stylo/3ml,NOVOMIX 30 FLEX-PEN,Suspension,100UI/ml,Bt 5 stylo/3ml,80.069,80.065,V,INSULINE ASPARTATE,O
102829,NOVONORM 2 mg comp.b/30,NOVONORM,Comprimé,2 mg,b/30,17.257,12.42,E,REPAGLINIDE,N
104685,NOVONORM Comp 0.5 MG BT 90,NOVONORM,Comprimé,0.5 MG,BT 90,38.4,38.34,E,REPAGLINIDE,N
104686,NOVONORM Comp 1  MG BT 90,NOVONORM,Comprimé,1  MG,BT 90,54.35,31.59,E,REPAGLINIDE,N
104687,NOVONORM Comp 2 MG BT 90,NOVONORM,Comprimé,2 MG,BT 90,65.85,37.26,E,REPAGLINIDE,N
103314,NOVORAPID FLEXPEN 100 UI/ML Sol Inj Bt 5 Stylo/3ml,NOVORAPID FLEXPEN,Solution Injectable,100 UI/ML,Bt 5 Stylo/3ml,80.966,80.965,V,INSULINE ASPARTATE,O
300508,NOXEN Suppo 500mg Bt 12,NOXEN,Suppositoire,500mg,Bt 12,7.205,6.336,E,NAPROXENE,N
106945,NOZINAN 4% Sol Buv Fl 30ml,NOZINAN 4%,Solution Buvable,,Fl 30ml,5.24,2.01,E,LEVOMEPROMAZINE,N
103478,NOZINAN Amp Inj 25mg 1ml Bt 5,NOZINAN,Solution Injectable,25mg/1ml,Bt 5,3.598,3.595,E,LEVOMEPROMAZINE,N
102296,NOZINAN Gttes Buv 4% Fl 30ml,NOZINAN,Gouttes Buvables,,Fl 30ml,2.012,2.01,E,LEVOMEPROMAZINE,N
302679,NYSTATINE Pde Derm.20mg/g  Tb 25gr,NYSTATINE,Pommade Dermique,20mg/g,Tb 25gr,4.74,4.475,E,NYSTATINE,N
104684,ODRIK Gelule 0.5 MG BT 28,ODRIK,Gélule,0.5 MG,BT 28,9.588,9.576,E,TRANDOLAPRIL,N
104680,ODRIK Gelule 2 MG BT 28,ODRIK,Gélule,2 MG,BT 28,19.586,19.572,E,TRANDOLAPRIL,N
106365,"OESTROGEL Gel derm 0,06% Fl 80gr",OESTRO,Gel Dermique,,Fl 80gr,4.54,4.48,E,ESTRADIOL,N
307349,OFLOCET Comp  pell 200mg Bt 10,OFLOCET,Comprimé Pelliculé,200mg,Bt 10,31.36,13.67,E,OFLOXACINE,N
301495,OFLOCET Comp Pell 200 mg BT 14,OFLOCET,Comprimé Pelliculé,200 mg,BT 14,36.965,19.138,E,OFLOXACINE,N
301938,OFLOCOL  3 M Collyre 0.3% FL 5 ML,OFLOCOL  3 M,Collyre,,FL 5 ML,6.25,4.38,E,OFLOXACINE,N
300782,OFLOCOL 0.3% collyre Fl/5ml,OFLOCOL 0.3%,Collyre,,Fl/5ml,4.38,4.38,E,OFLOXACINE,N
300415,"OFLOCOL 1,5mg/0,5ml Collyre monodose Bt 15 ophtadoses/0.5ml",OFLOCOL,Collyre,"1,5mg/0,5ml",Bt 15 ophtadoses/0.5ml,7.81,7.8,E,OFLOXACINE,N
301175,OFLODIS Comp Pell Sec 200 mg Bt 20,OFLODIS,Comprimé Pelliculé Sécable,200 mg,Bt 20,27.355,27.34,E,OFLOXACINE,N
300887,OFLODIS Comp Pell Sec 200mg Bt 10,OFLODIS,Comprimé Pelliculé Sécable,200mg,Bt 10,18.19,13.67,E,OFLOXACINE,N
300522,OFLOMED Gttes Auric 0.3% Bt 20,OFLOMED,Gouttes Auriculaires,,Bt 20,9.11,9.1,I,OFLOXACINE,N
300994,OFLOXACINE WINTHROP Comp Pell 200mg Bt 10,OFLOXACINE WINTHROP,Comprimé Pelliculé,200mg,Bt 10,17.775,13.67,E,OFLOXACINE,N
309923,OGYL 750 MU/125 mg comp.b/20,OGYL 750 MU/,Comprimé,125 mg,b/20,5.145,4.48,E,METRONIDAZOLE+SPIRAMYCINE,N
302008,OLANZA  5 Comp Pell Sec 5 MG BT 90,OLANZA  5,Comprimé Pelliculé Sécable,5 MG,BT 90,117.19,70.2,E,OLANZAPINE,O
301759,OLANZA 10 10mg Comp Pell Séc BT 30,OLANZA 10,Comprimé Pelliculé Sécable,10mg,BT 30,103.24,57.24,E,OLANZAPINE,O
302009,OLANZA 10 10mg Comp Pell Séc BT 90,OLANZA 10,Comprimé Pelliculé Sécable,10mg,BT 90,310.24,171.72,E,OLANZAPINE,O
301758,OLANZA Comp Pell 5 MG BT 30,OLANZA,Comprimé Pelliculé,5 MG,BT 30,45.24,23.4,E,OLANZAPINE,O
303016,OLANZIA ORO 10 mg Comp Orodisp Bt 30,OLANZIA ORO,Comprimé Orodispersible,10 mg,Bt 30,57.24,57.24,E,OLANZAPINE,O
303017,OLANZIA ORO 20 mg Comp Orodisp Bt 30,OLANZIA ORO,Comprimé Orodispersible,20 mg,Bt 30,120.24,120.24,E,OLANZAPINE,O
303324,OLMECARD 10mg Comp Pell Bt 30,OLMECARD,Comprimé Pelliculé,10mg,Bt 30,16.055,16.05,E,OLMESARTAN MEDOXOMIL,N
303325,OLMECARD 20mg Comp Pell Bt 30,OLMECARD,Comprimé Pelliculé,20mg,Bt 30,24.015,24,E,OLMESARTAN MEDOXOMIL,N
303326,OLMECARD 40mg Comp Pell Bt 30,OLMECARD,Comprimé Pelliculé,40mg,Bt 30,29.28,29.28,E,OLMESARTAN MEDOXOMIL,N
303327,OLMECARD PLUS 20mg/12.5mg Comp Pell Bt 30,OLMECARD PLUS,Comprimé Pelliculé,20mg/12.5mg,Bt 30,27.9,27.9,E,OLMESARTAN MEDOXOMIL+HYDROCHLORTHIAZIDE,N
303328,OLMECARD PLUS 20mg/25mg Comp Pell Bt 30,OLMECARD PLUS,Comprimé Pelliculé,20mg/25mg,Bt 30,28.75,28.74,E,OLMESARTAN MEDOXOMIL+HYDROCHLORTHIAZIDE,N
303329,OLMECARD PLUS 40mg/12.5mg Comp Pell Bt 30,OLMECARD PLUS,Comprimé Pelliculé,40mg/12.5mg,Bt 30,32.84,32.82,E,OLMESARTAN MEDOXOMIL+HYDROCHLORTHIAZIDE,N
303330,OLMECARD PLUS 40mg/25mg Comp Pell Bt 30,OLMECARD PLUS,Comprimé Pelliculé,40mg/25mg,Bt 30,32.84,32.82,E,OLMESARTAN MEDOXOMIL+HYDROCHLORTHIAZIDE,N
106812,OLMESARTAN MEDOXOMIL & AMLODIPINE/GENEPHARM 20mg/5mg Comp Pell BT 30,OLMESARTAN MEDOXOMIL & AMLODIPINE/GENEPHARM,Comprimé Pelliculé,20mg/5mg,BT 30,44.72,44.7,E,AMLODIPINE+OLMESARTAN,N
106814,OLMESARTAN MEDOXOMIL & AMLODIPINE/GENEPHARM 40mg/10mg Comp Pell BT 30,OLMESARTAN MEDOXOMIL & AMLODIPINE/GENEPHARM,Comprimé Pelliculé,40mg/10mg,BT 30,44.72,44.7,E,AMLODIPINE+OLMESARTAN,N
106813,OLMESARTAN MEDOXOMIL & AMLODIPINE/GENEPHARM 40mg/5mg Comp Pell BT 30,OLMESARTAN MEDOXOMIL & AMLODIPINE/GENEPHARM,Comprimé Pelliculé,40mg/5mg,BT 30,44.72,44.7,E,AMLODIPINE+OLMESARTAN,N
103292,OLMETEC Comp Pell 10mg Bt 30,OLMETEC,Comprimé Pelliculé,10mg,Bt 30,28.075,16.05,E,OLMESARTAN MEDOXOMIL,N
103293,OLMETEC Comp Pell 20mg Bt 30,OLMETEC,Comprimé Pelliculé,20mg,Bt 30,41,24,E,OLMESARTAN MEDOXOMIL,N
103294,OLMETEC Comp Pell 40mg Bt 30,OLMETEC,Comprimé Pelliculé,40mg,Bt 30,50.025,29.28,E,OLMESARTAN MEDOXOMIL,N
303466,OLOPAN 0.1% Collyre Fl 5ml,OLOPAN 0.1%,Collyre,,Fl 5ml,9.74,9.74,E,OLOPATADINE,N
301300,OMEPRAZOL WINTHROP Gelule 20 MG FL 14,OMEPRAZOL WINTHROP,Gélule,20 MG,FL 14,17.855,12.586,E,OMEPRAZOLE,N
301301,OMEPRAZOLE WINTHROP Gelule 20 mg Fl 28,OMEPRAZOLE WINTHROP,Gélule,20 mg,Fl 28,30.81,25.172,E,OMEPRAZOLE,N
309011,OMEZOL 20 mg gélule Bt 28,OMEZOL,Gélule,20 mg,Bt 28,25.185,25.172,E,OMEPRAZOLE,N
309010,OMEZOL 20 mg gélule Bt 7,OMEZOL,Gélule,20 mg,Bt 7,8.955,6.293,E,OMEPRAZOLE,N
301934,OMEZOL Gelule 10 MG BT 7,OMEZOL,Gélule,10 MG,BT 7,4.6,4.41,E,OMEPRAZOLE,N
309950,OMEZOL Gélule 10mg Bt 14,OMEZOL,Gélule,10mg,Bt 14,8.955,8.82,E,OMEPRAZOLE,N
309951,OMEZOL Gélule 20mg Bt 14,OMEZOL,Gélule,20mg,Bt 14,13.295,12.586,E,OMEPRAZOLE,N
104611,ONBREZ BREEZHALER Pdre P Inha 150 µG  Gelule BT 30,ONBREZ BREEZHALER,Gélule,150 µG,BT 30,79.215,79.2,E,INDACATEROL,N
105146,ONCEAIR 10 MG COMP PELL. BT/28,ONCEAIR,Comprimé Pelliculé,10 MG,BT/28,54.675,34.132,E,MONTELUKAST,N
105144,ONCEAIR 4 MG Glés P. Sol. Buv. BT/28 SACHETS,ONCEAIR,Solution Buvable,4 MG,BT/28 SACHETS,38.475,38.472,E,MONTELUKAST,N
105145,ONCEAIR 5 MG COMP. A CROQUER BT/28,ONCEAIR,Comprimé à Croquer,5 MG,BT/28,54.675,34.132,E,MONTELUKAST,N
301003,ONYCAL 250mg Comp Sec Bt 28,ONYCAL,Comprimé Sécable,250mg,Bt 28,48.15,43.456,E,TERBINAFINE,N
300921,ONYCAL Comp Sec 250mg  Bt 14,ONYCAL,Comprimé Sécable,250mg,Bt 14,25.115,21.728,E,TERBINAFINE,N
301473,ONYCAL Creme Dermique  1% Tbe 15 gr,ONYCAL,Crème Dermique,,Tbe 15 gr,7.44,6.405,E,TERBINAFINE,N
301474,ONYCAL Spray Sol 1 % Fl 15 ml,ONYCAL,Solution,,Fl 15 ml,9.485,5.175,E,TERBINAFINE,N
105301,OPATANOL Collyre 1mg/ ml  Fl 5 ml,OPATANOL,Collyre,1mg,Fl 5 ml,12.19,9.74,E,OLOPATADINE,N
301660,OPRAALOX Gelule 10 MG  FL 14,OPRAALOX,Gélule,10 MG,FL 14,8.955,8.82,E,OMEPRAZOLE,N
300790,OPRAZOLE 10 mg comp.fl/14,OPRAZOLE,Comprimé,10 mg,fl/14,10.69,8.82,E,OMEPRAZOLE,N
300791,OPRAZOLE 20 mg comp.fl/14,OPRAZOLE,Comprimé,20 mg,fl/14,16.675,12.586,E,OMEPRAZOLE,N
301105,OPRAZOLE Comp Pell 20mg Bt 28,OPRAZOLE,Comprimé Pelliculé,20mg,Bt 28,28.78,25.172,E,OMEPRAZOLE,N
301104,OPRAZOLE Comp Pell 20mg Bt 7,OPRAZOLE,Comprimé Pelliculé,20mg,Bt 7,10.71,6.293,E,OMEPRAZOLE,N
105606,OPTIFUCIN 1% Gel Ophtal Tb 5gr,OPTIFUCIN 1%,Gélule,,Tb 5gr,5.29,5.29,E,ACIDE FUSIDIQUE,N
105270,OPTODROP-CO Collyre Bt 1Fl/5ml,OPTODROP-CO,Collyre,,Bt 1Fl/5ml,21.385,20.61,E,DORZOLAMIDE+TIMOLOL,N
300770,ORACEFAL 125 mg/5 ml pdre/susp.or Fl/60 ml,ORACEFAL,Suspension Buvable,125 mg/5 ml,Fl/60 ml,3.89,3.84,E,CEFADROXIL,N
300771,ORACEFAL 250 mg/5 ml pdre/susp.or Fl/60 ml,ORACEFAL,Suspension Buvable,250 mg/5 ml,Fl/60 ml,6.42,4.74,E,CEFADROXIL,N
300772,ORACEFAL 500 mg/5 ml pdre/susp.or Fl/60 ml,ORACEFAL,Suspension Buvable,500 mg/5 ml,Fl/60 ml,10.305,8.16,E,CEFADROXIL,N
102490,ORACEFAL Comp 1000mg Bt 6,ORACEFAL,Comprimé,1000mg,Bt 6,8.939,8.934,E,CEFADROXIL,N
300382,ORACEFAL Gélule 500mg Bt 12,ORACEFAL,Gélule,500mg,Bt 12,8.785,6.204,E,CEFADROXIL,N
306095,ORACILLINE COMP 1MUI BT 12,ORACILLINE,Comprimé,1MUI,BT 12,4.255,4.248,E,PHENOXYMETHYLPENICILLINE,N
309060,ORADEXAN FORT 8MG Sol Inj Bt 1,ORADEXAN FORT,Solution Injectable,8MG,Bt 1,1.26,1.25,E,DEXAMETHASONE,N
309804,ORADEXAN Sol inj 4mg/ml Bt 10 amp,ORADEXAN,Solution Injectable,4mg/ml,Bt 10 amp,8.02,7.33,E,DEXAMETHASONE,N
309036,ORADEXON Sol Inj Bt 1,ORADEXON,Solution Injectable,,Bt 1,0.91,0.733,E,DEXAMETHASONE,N
300955,ORAMINE 1MG/ML Srp Fl 60 ml,ORAMINE,,1MG/ML/60 ml,Fl 60 ml,6.14,3.6,E,LORATADINE,N
301046,ORAMINE Comp 10mg Bt 20,ORAMINE,Comprimé,10mg,Bt 20,9.53,5.62,E,LORATADINE,N
104849,ORAP Comp 4 MG BT 30,ORAP,Comprimé,4 MG,BT 30,13.183,13.17,E,PIMOZIDE,N
302580,ORECYCLINE  3% Pde derm Tb 15gr,ORECYCLINE  3%,Pommade Dermique,,Tb 15gr,2.58,1.545,E,CHLORTETRACYCLINE,N
302590,ORECYCLINE Pde opht 1% Tb 5gr,ORECYCLINE,Pommade Ophtalmique,,Tb 5gr,2.225,2.225,E,CHLORTETRACYCLINE,N
303705,ORELOX 100mg Comp Pell Bt 10,ORELOX,Comprimé Pelliculé,100mg,Bt 10,22.495,19.06,E,CEFPODOXIME,N
303706,ORELOX 100mg Comp Pell Bt 20,ORELOX,Comprimé Pelliculé,100mg,Bt 20,38.135,38.12,E,CEFPODOXIME,N
301368,ORELOX Comp P ell 100 mg BT 20,ORELOX,Comprimé,100 mg,BT 20,38.135,38.12,E,CEFPODOXIME,N
301212,ORELOX Comp Pell 100 mg  Bt 10,ORELOX,Comprimé Pelliculé,100 mg,Bt 10,22.495,19.06,E,CEFPODOXIME,N
301560,ORELOX Enf et Nou  Grlés.P.Sus .Buv 40 MG/5 ML Fl 50 ML,ORELOX Enf et Nou  Grlés.P.Sus .Buv,,40 MG/5 ML/50 ML,Fl 50 ML,12.66,10.05,E,CEFPODOXIME,N
301561,ORELOX Enf et Nour Grle .P.Sus .Buv 40 MG/5 ML Fl 100 ML,ORELOX Enf et Nour Grle .P.Sus .Buv,,40 MG/5 ML/100 ML,Fl 100 ML,22.26,20.1,E,CEFPODOXIME,N
303707,ORELOX ENFANTS ET NOURRISSONS 40mg/5ml Glés P Susp Buv Fl 100ml,ORELOX ENFANTS ET NOURRISSONS,Suspension Buvable,40mg/5ml,Fl 100ml,22.26,20.1,E,CEFPODOXIME,N
303704,ORELOX ENFANTS ET NOURRISSONS 40mg/5ml Glés P Susp Buv Fl 50ml,ORELOX ENFANTS ET NOURRISSONS,Suspension Buvable,40mg/5ml,Fl 50ml,12.66,10.05,E,CEFPODOXIME,N
301340,ORILYSE Gtte Auri 0.5% Fl 10 ml,ORILYSE,Gouttes,,Fl 10 ml,3.7,3,I,DOCUSATE SODIQUE,N
303612,OROKEN 200mg Comp. Pell. Bt 14,OROKEN,Comprimé Pelliculé,200mg,Bt 14,35.105,21.35,E,CEFIXIME,N
303611,OROKEN 200mg Comp. Pell. Bt 8,OROKEN,Comprimé Pelliculé,200mg,Bt 8,19.725,12.2,E,CEFIXIME,N
301059,OROKEN Comp Pell 200mg Bt8,OROKEN,Comprimé Pelliculé,200mg,,19.725,12.2,E,CEFIXIME,N
303614,OROKEN Enf. 100mg/5ml Pdre. P. Susp. Or. Fl 40ml,OROKEN Enf.,Suspension Buvable,100mg/5ml,Fl 40ml,17.945,9.04,E,CEFIXIME,N
303613,OROKEN NOURRISSONS 40mg/5ml Pdre. P. Susp. Or. Fl 40ml,OROKEN NOURRISSONS,Suspension Buvable,40mg/5ml,Fl 40ml,10.805,4.88,E,CEFIXIME,N
102079,OROMONE Comp pell 1mg Bt 28,OROMONE,Comprimé Pelliculé,1mg,Bt 28,3.099,3.08,E,ESTRADIOL,N
101657,OROMONE Comp pell 2mg Bt 28,OROMONE,Comprimé Pelliculé,2mg,Bt 28,3.038,3.024,E,ESTRADIOL,N
302933,OROPERIDYS 10 MG Comp Orodispers BT 21,OROPERIDYS,Comprimé Orodispersible,10 MG,BT 21,7.205,2.709,I,DOMPERIDONE,N
302049,OROPERIDYS Comp Orodisp 10 MG BT 15,OROPERIDYS,Comprimé Orodispersible,10 MG,BT 15,3.955,1.935,I,DOMPERIDONE,N
302738,OROZA 10 10 MG Comp Orodisp BT 30,OROZA 10,Comprimé Orodispersible,10 MG,BT 30,85.24,57.24,E,OLANZAPINE,O
303346,OROZA 10 10mg Comp Orodisp Bt 90,OROZA 10,Comprimé Orodispersible,10mg,Bt 90,240.24,171.72,E,OLANZAPINE,O
302739,OROZA 20 20 MG Comp Orodisp BT 10,OROZA 20,Comprimé Orodispersible,20 MG,BT 10,99.24,40.08,E,OLANZAPINE,O
302737,OROZA 5 5 MG Comp Orodisp BT 30,OROZA 5,Comprimé Orodispersible,5 MG,BT 30,33.24,23.4,E,OLANZAPINE,O
303581,OROZA 5 5mg Comp orodisp bt 10,OROZA 5,Comprimé Orodispersible,5mg,bt 10,13.18,7.8,E,OLANZAPINE,O
303341,OROZA 5 5mg Comp Orodisp Bt 90,OROZA 5,Comprimé Orodispersible,5mg,Bt 90,90.24,70.2,E,OLANZAPINE,O
309821,OSPEN  Comp 1Mui Bt 12,OSPEN,Comprimé,1Mui,Bt 12,4.36,4.248,E,PHENOXYMETHYLPENICILLINE,N
309820,OSPEN Sirop 400000UI Fl 60ml,OSPEN,Sirop,400000UI,Fl 60ml,3.95,3.9,E,PHENOXYMETHYLPENICILLINE,N
301236,OSTENEL  Comp Pell 35 mg Bt 12,OSTENEL,Comprimé Pelliculé,35 mg,Bt 12,96.55,81.204,E,RISEDRONATE,O
303340,OSTENEL 35mg Comp Pell Bt 24,OSTENEL,Comprimé Pelliculé,35mg,Bt 24,162.43,162.408,E,RISEDRONATE,O
301101,OSTENEL Comp Pell 35mg Bt 4,OSTENEL,Comprimé Pelliculé,35mg,Bt 4,45.18,27.068,E,RISEDRONATE,O
308545,OTIPAX Gttes Auric  Fl 15ml,OTIPAX,Gouttes Auriculaires,,Fl 15ml,4.89,2.16,I,PHENAZONE+LIDOCAINE,N
105007,OTOFA Gttes Auric 2.6% Fl 10ml,OTOFA,Gouttes Auriculaires,,Fl 10ml,4.713,4.71,I,RIFAMYCINE,N
102222,OVITRELLE Amp inj 250µg  Bt1,OVITRELLE,Solution Injectable,250µg,,22.879,22.879,E,GONADOTROPHINE CHORIONIQUE,N
300394,OXACIL IM IV 1gr Pdre P Prép inj Bt 1+S/5ml,OXACIL IM IV 1gr,Poudre pour Préparation Injectable,,Bt 1+S/5ml,2.82,2.82,E,OXACILLINE,N
301178,OXACILLINE  ZENTIVA (EX WINTHROP) 500 mg Gelule Bt 24,OXACILLINE  ZENTIVA (EX WINTHROP),Gélule,500 mg,Bt 24,7.975,7.968,E,OXACILLINE,N
301179,OXACILLINE WINTHROP 500 mg Gelule Bt 12,OXACILLINE WINTHROP,Gélule,500 mg,Bt 12,5.325,3.984,E,OXACILLINE,N
303438,OXIMAL 15 mg Sol Inj Bt 3/1.5ml,OXIMAL,Solution Injectable,15 mg,Bt 3/1.5ml,6.01,4.68,E,MELOXICAM,N
302881,OXIMAL 15 MG Sol Inj BT3/1.5ML,OXIMAL,Solution Injectable,15 MG/1.5ML,,4.68,4.68,E,MELOXICAM,N
301622,OXIMAL Comp Sec 15 MG FL 7,OXIMAL,Comprimé Sécable,15 MG,FL 7,7.57,6.097,E,MELOXICAM,N
309067,OXIMAL Comp Sec 15mg  Fl 14,OXIMAL,Comprimé Sécable,15mg,Fl 14,13.825,12.194,E,MELOXICAM,N
302935,OXYBTAN 5mg Comp Sec Bt 60,OXYBTAN,Comprimé Sécable,5mg,Bt 60,11.745,11.7,I,OXYBUTYNINE,N
302681,OXYTETRACYCLINE 3% Pde derm Tb 15gr,OXYTETRACYCLINE 3%,Pommade Dermique,,Tb 15gr,2.67,2.67,E,OXYTETRACYCLINE,N
306117,OXYTETRACYCLINE Comp enr 250mg Bt 20,OXYTETRACYCLINE,Comprimé Enrobé,250mg,Bt 20,2.755,2.74,E,OXYTETRACYCLINE,N
302682,"OXYTETRACYCLINE Pde opht 0,5% Tb 5gr",OXYTETRACYCLINE,Pommade Ophtalmique,,Tb 5gr,1.815,1.815,E,OXYTETRACYCLINE,N
101042,OZOTHINE DIPROPHYLLINE Suppo Ad Bt 10,OZOTHINE DIPROPHYLLINE,Suppositoire Adulte,,Bt 10,4.28,4.28,E,ESSENCE DE TEREBENTHINE,N
100807,OZOTHINE DIPROPHYLLINE Suppo Enf Bt 10,OZOTHINE DIPROPHYLLINE,Suppositoire Pédiatrique,,Bt 10,2.895,2.89,E,ESSENCE DE TEREBENTHINE,N
300006,P.N.D Collyre  Fl 3 ml,P.N.D,Collyre,,Fl 3 ml,3.07,2.442,E,DEXAMETHASONE+NEOMYCINE+POLYMYXINE B,N
301159,PAINOFEN (EX MOMENT 100)  Enf Nour  100 mg/5ml  Susp Buv Fl 120 ml,PAINOFEN (EX MOMENT 100)  Enf Nour,Suspension Buvable,100 mg/5ml,Fl 120 ml,3.985,3.96,E,IBUPROFEN,N
300148,PAINOXAM  Suppo 20mg Bt 15,PAINOXAM,Suppositoire,20mg,Bt 15,9.965,9.96,E,PIROXICAM,N
301772,PAMISCAN     Sol Inj   370 MG/ML FL 50 ML,PAMISCAN,Solution Injectable,370 MG/ML,FL 50 ML,33.07,32.95,E,IOPAMIDOL,N
301831,PAMISCAN Sol Inj  370 MG/ML FL 100 ML,PAMISCAN,Solution Injectable,370 MG/ML,FL 100 ML,65.905,65.9,E,IOPAMIDOL,N
301832,PAMISCAN Sol Inj 300 MG/ML  FL 100 ML,PAMISCAN,Solution Injectable,300 MG/ML,FL 100 ML,59.17,59.1,E,IOPAMIDOL,N
301771,PAMISCAN Sol Inj 300 MG/ML  FL 50 ML,PAMISCAN,Solution Injectable,300 MG/ML,FL 50 ML,30.49,29.55,E,IOPAMIDOL,N
300580,PANADOL 500 Comp  Bt 8,PANADOL 500,Comprimé,,Bt 8,0.755,0.4,E,PARACETAMOL,N
300576,PANADOL Comp 500mg Bt 16,PANADOL,Comprimé,500mg,Bt 16,2.735,0.8,E,PARACETAMOL,N
301686,PANADOL Comp Pell Sec 1 GR  BT 8,PANADOL,Comprimé Pelliculé Sécable,,BT 8,3.71,2.336,E,PARACETAMOL,N
300581,PANADOL EXTRA  Comp  Bt 8,PANADOL EXTRA,Comprimé,,Bt 8,1.05,1.048,E,PARACETAMOL+CAFEINE,N
300577,PANADOL EXTRA Comp  pell. Bt 16,PANADOL EXTRA,Comprimé Pelliculé,,Bt 16,4.335,2.096,E,PARACETAMOL+CAFEINE,N
103153,PANOTILE Gttes Auri Fl 8ml,PANOTILE,Gouttes,,Fl 8ml,5.345,5.344,I,FLUDROCORTISONE+LIDOCAINE+NEOMYCINE+POLYMIXINE B,N
103324,PANTESTONE Capsule 40mg Fl 60,PANTESTONE Capsule,,40mg,Fl 60,42.298,42.24,E,TESTOSTERONE,N
302506,PANTOPRAL 40 MG COMP GASTRO-RESIST FL 14,PANTOPRAL,Comprimé Gastro-Résistant,40 MG,FL 14,14.92,14,E,PANTOPRAZOLE,N
302505,PANTOPRAL 40 MG COMP GASTRO-RESIST FL 7,PANTOPRAL,Comprimé Gastro-Résistant,40 MG,FL 7,9.06,7,E,PANTOPRAZOLE,N
302474,PANTOPRAL Comp Gastro resistant 20 MG FL 10,PANTOPRAL,Comprimé Gastro-Résistant,20 MG,FL 10,7.59,5.77,E,PANTOPRAZOLE,N
302475,PANTOPRAL Comp Gastro resistant 20 MG FL 20,PANTOPRAL,Comprimé Gastro-Résistant,20 MG,FL 20,11.545,11.54,E,PANTOPRAZOLE,N
302476,PANTOPRAL Comp Gastro resistant 20 MG FL 30,PANTOPRAL,Comprimé Gastro-Résistant,20 MG,FL 30,17.34,17.31,E,PANTOPRAZOLE,N
302477,PANTOPRAL Comp Gastro resistant 40 MG FL 28,PANTOPRAL,Comprimé Gastro-Résistant,40 MG,FL 28,28.015,28,E,PANTOPRAZOLE,N
301217,PARACETAMOL I P S 500 mg Comp  Bt 16,PARACETAMOL I P S,Comprimé,500 mg,Bt 16,1.955,0.8,E,PARACETAMOL,N
301219,PARACETAMOL I P S Nourrissons 80 mg Supp Bt 10,PARACETAMOL I P S Nourrissons,,80 mg,Bt 10,1.975,0.86,E,PARACETAMOL,N
301221,PARACETAMOL I PS Grand Enf 300 mg  Supp Bt 10,PARACETAMOL I PS Grand Enf,,300 mg,Bt 10,2.77,2.77,E,PARACETAMOL,N
301216,PARACETAMOL I500 Comp  Eff  500 mg BT 2T/8,PARACETAMOL I500,Comprimé,500 mg,BT 2T/8,3.59,2.112,E,PARACETAMOL,N
302879,PARACETYL ADULTES ET GRANDS ENFANTS 6.5% SUSP BUV FL 125 ml,PARACETYL ADULTES ET GRANDS ENFANTS 6.5%,Suspension Buvable,,FL 125 ml,6.61,2.125,E,PARACETAMOL,N
300060,PARACETYL Pediatrique  3%   (ex PARADOL Pédiatrique ) Sol Buv Fl 90ml,PARACETYL Pediatrique  3%   (ex PARADOL Pédiatrique ),Solution Buvable,,Fl 90ml,2.886,1.8,E,PARACETAMOL,N
302229,PARACINFO  Sol  Inj P Per 10 MG/ML Poche 50 ML,PARACINFO,Solution Injectable,10 MG/ML/50 ML,,2.08,2.018,E,PARACETAMOL,N
302230,PARACINFO Sol Inj  P Perf 10 MG/ML Poche 100 ML,PARACINFO,Solution pour Perfusion,10 MG/ML/100 ML,,4.15,4.145,E,PARACETAMOL,N
300073,PARADOL Sol Buv 6.5% Fl 120ml,PARADOL,Solution Buvable,,Fl 120ml,2.14,2.04,E,PARACETAMOL,N
301302,PARALGYL 1000 10 mg/ml Sol. P. perf. BT 6/100 ml (Ex PARALGAN 1000 Sol Inj 10mg/ml  fl 100 ml Bt 6),PARALGYL 1000,Solution pour Perfusion,10 mg/ml,BT 6/100 ml,27.1,24.87,E,PARACETAMOL,N
301303,PARALGYL 500 10mg/ml SOL. P. PERF. BT 6/50 ml (Ex PARALGAN 500 Sol Inj 10mg/ml  Fl 50 ml Bt 6),PARALGYL 500,Solution pour Perfusion,10mg/ml,BT 6/50 ml,13.55,12.108,E,PARACETAMOL,N
301215,PARALVIT  VITAMINE C  Comp Eff Bt 2 T/10,PARALVIT  VITAMINE C,Comprimé,,Bt 2 T/10,2.455,2.44,E,PARACETAMOL+VITAMINE C,N
303447,PARALVIT 1000mg Comp Effer Bt 1 Tb/8,PARALVIT,Comprimé Effervescent,1000mg,Bt 1 Tb/8,2.82,2.408,E,PARACETAMOL,N
303718,PARALVIT 1000mg Comp Pell Bt 8,PARALVIT,Comprimé Pelliculé,1000mg,Bt 8,2.79,2.336,E,PARACETAMOL,N
301220,PARALVIT 150 mg Suppo Bt 10,PARALVIT,Suppositoire,150 mg,Bt 10,2.275,2.27,E,PARACETAMOL,N
301222,PARALVIT ADULTE 600 mg Suppo BT 10,PARALVIT ADULTE,Suppositoire,600 mg,BT 10,3.465,3.46,E,PARACETAMOL,N
301896,PARAMED Sol Inj P Per 10 MG/ML BT 6 Poches multicouches  /100 ML,PARAMED,Solution Injectable,10 MG/ML,BT 6 Poches multicouches  /100 ML,24.87,24.87,E,PARACETAMOL,N
301808,PARAMED Sol Inj P Perf 10 MG/ML BT 6 Poches PVC  /50 ML,PARAMED,Solution pour Perfusion,10 MG/ML,BT 6 Poches PVC  /50 ML,12.11,12.108,E,PARACETAMOL,N
301807,PARAMED Sol Inj P Perf 10 MG/ML BT 6 Poches PVC /100ML,PARAMED,Solution pour Perfusion,10 MG/ML,BT 6 Poches PVC /100ML,24.87,24.87,E,PARACETAMOL,N
300985,PAREXAT 20 mg Comp Bt 30,PAREXAT,Comprimé,20 mg,Bt 30,25.135,20.04,E,PAROXETINE,N
300927,PAREXAT Comp Pell Sec 20mg Bt 14,PAREXAT,Comprimé Pelliculé Sécable,20mg,Bt 14,12.55,9.352,E,PAROXETINE,N
307711,PARKIZOL Comp 5mg Bt 50,PARKIZOL,Comprimé,5mg,Bt 50,7,7,E,TRIHEXYPHENIDYLE,N
301218,PARLVIT PEDIATRIQUE  3% Sol Buv Fl 90 ml,PARLVIT PEDIATRIQUE  3%,Solution Buvable,,Fl 90 ml,1.97,1.8,E,PARACETAMOL,N
301417,PAROXINE Comp Pell  Sec 20 mg Bt 28,PAROXINE,Comprimé Pelliculé Sécable,20 mg,Bt 28,21.795,18.704,E,PAROXETINE,N
301416,PAROXINE Comp Pell Sec 20 mg Bt 14,PAROXINE,Comprimé Pelliculé Sécable,20 mg,Bt 14,10.74,9.352,E,PAROXETINE,N
104765,PDP-ISONIAZIDE Comp 100 MG BT 100,PDP-ISONIAZIDE,Comprimé,100 MG,BT 100,10.834,6.3,E,ISONIAZIDE,N
300243,PENAMOX  Pdre susp buv 500mg Fl 100ml,PENAMOX,Suspension Buvable,500mg,Fl 100ml,8.595,7.5,E,AMOXICILLINE,N
300654,PENAMOX Comp enr 1gr Bt 12,PENAMOX,Comprimé Enrobé,,Bt 12,8.475,6.108,E,AMOXICILLINE,N
300568,PENAMOX Gélule 500mg Bt 24,PENAMOX,Gélule,500mg,Bt 24,8.475,5.928,E,AMOXICILLINE,N
300562,PENAMOX Sirop 250mg Fl 100ml,PENAMOX,Sirop,250mg,Fl 100ml,5.205,4.4,E,AMOXICILLINE,N
300708,PENICILLINE G UNIMED 1 MUI Pdre P Prép inj Bt 1Fl+S/5 ml,PENICILLINE G UNIMED,Poudre pour Préparation Injectable,1 MUI,Bt 1Fl+S/5 ml,1.275,1.275,E,BENZYLPENICILLINE,N
104764,PENITARD Pdre P Prep Inj 1.2 MUI BT 1,PENITARD,Poudre pour Préparation Injectable,1.2 MUI,BT 1,3.05,2.155,E,BENZATHINE BENZYLPENICILLINE,N
303042,PENI-V 1000 000 UI Com Pell Séc Bt 12,PENI-V 1000,,000 UI,Bt 12,4.47,4.248,E,PHENOXYMETHYLPENICILLINE,N
100594,PENSORDIL Comp 5mg Bt40,PENSORDIL,Comprimé,5mg,,1.902,1.88,E,ISOSORBIDE DINITRATE,N
102074,PENTASA  Glé Sach 1gr  Bt 2*60,PENTASA  Glé Sach 1gr  Bt 2*60,,,Bt 2*60,180.716,180.6,E,MESALAZINE,N
105234,PENTASA 1GR SUSP.RECT.BT 7FL/100ML,PENTASA 1GR,Suspension Rectale,,BT 7FL/100ML,119.59,108.598,E,MESALAZINE,N
106909,PENTASA Comp sec 500mg Bt 100,PENTASA,Comprimé Sécable,500mg,Bt 100,120.75,100.6,E,MESALAZINE,N
107423,PENTASA Suppo 1gr Bt 15,PENTASA,Suppositoire,,Bt 15,64.905,54.075,E,MESALAZINE,N
303436,PENTOP 20mg Gél Gastro-resistante Bt 8,PENTOP,Gélule Gastro-Résistante,20mg,Bt 8,4.76,4.616,E,PANTOPRAZOLE,N
303437,PENTOP 40mg Gél Gastro-resistante Bt 8,PENTOP,Gélule Gastro-Résistante,40mg,Bt 8,8.17,8,E,PANTOPRAZOLE,N
302468,PENTOP Gel  40 MG BT 16,PENTOP,Gélule,40 MG,BT 16,17.88,16,E,PANTOPRAZOLE,N
302449,PENTOP Gel Gastro resist 20 MG BT 16,PENTOP,Gélule Gastro-Résistante,20 MG,BT 16,10.535,9.232,E,PANTOPRAZOLE,N
308134,PENTOXIPHAT LP 400mg Comp Enr Bt 24,PENTOXIPHAT LP,Comprimé Enrobé,400mg,Bt 24,9.33,9.312,I,PENTOXYFYLLINE,N
103158,PEPSANE Gel Or Bt 30,PEPSANE,Gélule,,Bt 30,6.998,6.99,I,DIMETICONE+GAIAZULENE,N
102449,PERFALGAN Sol inj 10mg/ml Fl 100ml Bt 12,PERFALGAN,Solution Injectable,10mg/ml,Fl 100ml Bt 12,84.33,49.74,E,PARACETAMOL,N
301435,PERIDYS 1mg/ml Susp Buv Fl 200ml + pipette,PERIDYS,Suspension Buvable,1mg/ml,Fl 200ml + pipette,10.07,6.4,I,DOMPERIDONE,N
302591,PERILIUM 10 MG COMP PELL. BT/40,PERILIUM,Comprimé Pelliculé,10 MG,BT/40,9.96,5.16,I,DOMPERIDONE,N
302593,PERILIUM 1MG/ML SUSP. BUV. FL 200 ML + PIPETTE,PERILIUM,Suspension Buvable,1MG/ML,FL 200 ML + PIPETTE,10.93,6.4,I,DOMPERIDONE,N
303064,PERINASE 50µG Spray Nasal Fl 120Doses,PERINASE,Spray Nasal,50µG,Fl 120Doses,13.815,13.44,E,FLUTICASONE,N
303766,PERISPASM 160 mg Comp Orodisp Bt 12,PERISPASM,Comprimé Orodispersible,160 mg,Bt 12,5.8,5.796,I,PHLOROGLUCINOL,N
302226,PERISPASM 80mg Comp Orodisp BT 10,PERISPASM,Comprimé Orodispersible,80mg,BT 10,5.965,2.46,I,PHLOROGLUCINOL,N
302234,PERISPASM 80mg Comp Orodisp BT 30,PERISPASM,Comprimé Orodispersible,80mg,BT 30,10.84,7.38,I,PHLOROGLUCINOL,N
107713,PERMIXON Gélule 160mg Bt 60,PERMIXON,Gélule,160mg,Bt 60,35.495,35.46,I,SERENOA REPENS,N
306118,PEROX Pulvérisateur Fl 120ml,PEROX Pulvérisateur Fl,,120ml,Fl 120ml,4.545,4.44,I,EAU OXYGENEE,N
302586,PEROZYL 1% CREME DERM. TB/30 gr,PEROZYL 1%,Crème Dermique,,TB/30 gr,7.685,5.37,E,ECONAZOLE,N
302721,PEROZYL 1% SPRAY SOL. BT 1 FL/30 gr,PEROZYL 1%,Solution,,BT 1 FL/30 gr,9.535,5.52,E,ECONAZOLE,N
307200,PEVARYL Crème derm 1% Tb 30gr,PEVARYL,Crème Dermique,,Tb 30gr,6.4,5.37,E,ECONAZOLE,N
307319,PEVARYL Lait Derm 1% Fl 30ml,PEVARYL Lait Derm 1% Fl,,30ml,Fl 30ml,5.735,4.29,E,ECONAZOLE,N
307778,PEVARYL Spray Sol Ext. 1% Fl 30gr,PEVARYL,Solution à Usage Topique,,Fl 30gr,7.54,5.52,E,ECONAZOLE,N
303596,PEXOL 0.18mg Comp. Séc. Bt 30,PEXOL,Comprimé Sécable,0.18mg,Bt 30,14.77,14.76,E,PRAMIPEXOLE,O
303597,PEXOL 0.7mg Comp. Séc. Bt 30,PEXOL,Comprimé Sécable,0.7mg,Bt 30,83.26,83.07,E,PRAMIPEXOLE,O
101081,PHARMATEX Ovules 18.9mg Bt 20,PHARMATEX Ovules,,18.9mg,Bt 20,10.608,10.6,I,BENZALKONIUM CHLORURE,N
302717,PHENASPIRINE 1cg Suppo Bt 10,PHENASPIRINE 1cg,Suppositoire,,Bt 10,2.67,2.67,E,ACIDE ACETYLSALICYLIQUE+PHENOBARBITAL,N
302718,PHENASPIRINE 2cg Suppo Bt 10,PHENASPIRINE 2cg,Suppositoire,,Bt 10,2.58,2.58,E,ACIDE ACETYLSALICYLIQUE+PHENOBARBITAL,N
303076,PHENOBARBITAL Comp 50mg Bt 30,PHENOBARBITAL,Comprimé,50mg,Bt 30,3.715,3.69,V,PHENOBARBITAL,N
302742,PHILADERM 1% Crème derm Tb 30 gr,PHILADERM 1%,Crème Dermique,,Tb 30 gr,5.655,5.64,E,ISOCONAZOLE,N
300925,PHILAZOLE SHAMPOOING 2% shamp Fl 100ml,PHILAZOLE,Shampooing,,Fl 100ml,15.31,14,E,KETOCONAZOLE,N
301892,PHLORO ( EX PHLOROGLUCINOL ZENTIVA)  Comp Orodispersible 80MG BT 10,PHLORO ( EX PHLOROGLUCINOL ZENTIVA),Comprimé Orodispersible,80MG,BT 10,3.495,2.46,I,PHLOROGLUCINOL,N
302328,PHLORO Comp Orodi 80 MG  BT 30,PHLORO,Comprimé,80 MG,BT 30,7.47,7.38,I,PHLOROGLUCINOL,N
104550,PHLOROGLUCINOL Comp Orodisp  80 MG BT  10,PHLOROGLUCINOL,Comprimé Orodispersible,80 MG,BT  10,5.28,2.46,I,PHLOROGLUCINOL,N
301556,PHLOROGLUCINOL WINTHROP Comp Orodi 80 MG Bt 10,PHLOROGLUCINOL WINTHROP,Comprimé,80 MG,Bt 10,2.705,2.46,I,PHLOROGLUCINOL,N
103316,PHYSIOTENS Comp Pell 0.2mg Bt 30,PHYSIOTENS,Comprimé Pelliculé,0.2mg,Bt 30,27.915,16.14,E,MOXONIDINE,N
103325,PHYSIOTENS Comp Pell 0.4mg Bt30,PHYSIOTENS,Comprimé Pelliculé,0.4mg,,33.228,29.94,E,MOXONIDINE,N
108506,PHYTOMENADIONE 10mg Sol Inj Bt 6/1ml,PHYTOMENADIONE,Solution Injectable,10mg,Bt 6/1ml,4.755,4.752,E,PHYTOMENADIONE,N
301550,PIDOGREL Comp Pell 75 MG  Bt 90,PIDOGREL,Comprimé Pelliculé,75 MG,Bt 90,111.28,88.02,E,CLOPIDOGREL,O
301282,PIDOGREL Comp Pell 75 mg Bt 60,PIDOGREL,Comprimé Pelliculé,75 mg,Bt 60,129.245,58.68,E,CLOPIDOGREL,O
300885,PIDOGREL Comp Pell 75mg Bt 30,PIDOGREL,Comprimé Pelliculé,75mg,Bt 30,49.7,29.34,E,CLOPIDOGREL,O
300012,PILOLOL Collyre Fl 5ml,PILOLOL,Collyre,,Fl 5ml,9.39,9.39,E,PILOCARPINE+TIMOLOL,N
102308,PIPORTIL Gttes Buv 4% Fl 10ml,PIPORTIL,Gouttes Buvables,,Fl 10ml,15.952,15.95,E,PIPOTIAZINE,N
300702,PIRACET 400 mg Comp Bt 60,PIRACET,Comprimé,400 mg,Bt 60,8.59,8.58,I,PIRACETAM,N
300703,PIRACET 800 mg Comp Bt 60,PIRACET,Comprimé,800 mg,Bt 60,13.16,13.14,I,PIRACETAM,N
300923,PIRACET Sol Buv 20 % FL 125ml,PIRACET,Solution Buvable,,FL 125ml,10.63,10.625,I,PIRACETAM,N
302624,PIRADIUM 10 MG Comp Pell BT 40,PIRADIUM,Comprimé Pelliculé,10 MG,BT 40,6.335,5.16,I,DOMPERIDONE,N
301406,PIRALDENE IM 20 mg/ml Sol Inj  Bt 2/ml,PIRALDENE IM,Solution Injectable,20 mg/ml,Bt 2/ml,3.185,3.184,E,PIROXICAM,N
300405,PIROXEN DISPERSIBLE Comp 20mg Bt 12,PIROXEN DISPERSIBLE,Comprimé,20mg,Bt 12,6.99,6.528,E,PIROXICAM,N
300163,PIROXEN Sol inj 20 mg 1ml Bt 2,PIROXEN,Solution Injectable,20 mg/1ml,Bt 2,3.595,3.184,E,PIROXICAM,N
100771,PIVALONE  Susp Nasal 1% Fl 10ml,PIVALONE,Suspension Nasale,,Fl 10ml,3.963,3.96,E,TIXOCORTOL,N
309860,PIZOFEN Comp 0.5mg Bt 30,PIZOFEN,Comprimé,0.5mg,Bt 30,5.745,5.73,E,PIZOTIFENE,N
300682,"PIZOTIFENE SIMED 0,25 mg/5ml sirorp Fl 150 ml",PIZOTIFENE SIMED,,"0,25 mg/5ml/150 ml",Fl 150 ml,9.04,9,E,PIZOTIFENE,N
302684,PLAGREL 75 mg Comp. Pell. BT/30,PLAGREL,Comprimé Pelliculé,75 mg,BT/30,31.325,29.34,E,CLOPIDOGREL,O
301755,PLAGREL Comp Pell 75 MG BT 90,PLAGREL,Comprimé Pelliculé,75 MG,BT 90,88.06,88.02,E,CLOPIDOGREL,O
102873,PLAQUENIL Comp 200mg Bt 30,PLAQUENIL,Comprimé,200mg,Bt 30,4.113,4.11,E,HYDROXYCHLOROQUINE,N
301424,PLAVIX Comp Pell 75 mg Bt 28,PLAVIX,Comprimé Pelliculé,75 mg,Bt 28,73.525,27.384,E,CLOPIDOGREL,O
102914,PMS CLONAZEPAM Comp Sec 2mg Fl 100,PMS CLONAZEPAM,Comprimé Sécable,2mg,Fl 100,7.391,7.3,V,CLONAZEPAM,N
102492,PMS-BACLOFEN 10 mg Comp Fl 100,PMS-BACLOFEN,Comprimé,10 mg,Fl 100,6.049,6,I,BACLOFENE,N
303226,POLAR 10mg Comp Pell Bt 90,POLAR,Comprimé Pelliculé,10mg,Bt 90,180.24,171.72,E,OLANZAPINE,O
303225,POLAR 5mg Comp Pell Bt 90,POLAR,Comprimé Pelliculé,5mg,Bt 90,70.24,70.2,E,OLANZAPINE,O
301861,POLAR Comp Pell 10 MG BT 30,POLAR,Comprimé Pelliculé,10 MG,BT 30,65.24,57.24,E,OLANZAPINE,O
301860,POLAR Comp Pell 5 MG BT 30,POLAR,Comprimé Pelliculé,5 MG,BT 30,25.24,23.4,E,OLANZAPINE,O
100121,POLYDEXA Sol Auric 10.5ml,POLYDEXA,Solution Auriculaire,10.5ml,,3.928,3.927,I,DEXAMETHASONE+NEOMYCINE+POLYMYXINE B,N
100716,POLYGINAX Caps Gyn Bt 6,POLYGINAX Caps Gyn Bt 6,,,Bt 6,5.108,5.106,I,NEOMYCINE+NYSTATINE+POLYMYXINE B,N
300159,PRADIS  Suppo 10mg Bt 10 (ex MEPRAMIDE),PRADIS,Suppositoire,10mg,Bt 10,2.16,2.16,I,METOCLOPRAMIDE,N
300080,PRADIS 5mg/5ml Sol Buv Fl 200ml (EX MEPRAMIDE),PRADIS,Solution Buvable,5mg/5ml,Fl 200ml,2.865,2.4,I,METOCLOPRAMIDE,N
300097,"PRADIS FORT  0,4% Gttes Buv.Fl 30ml (EX MEPRAMIDE)","PRADIS FORT  0,4%",Gouttes Buvables,,Fl 30ml,2.23,2.22,I,METOCLOPRAMIDE,N
301304,PRAMIDYL 10 Sol Inj 10mg/ml Fl 2ml Bt 4,PRAMIDYL 10,Solution Injectable,10mg/ml,Fl 2ml Bt 4,1.98,1.98,I,METOCLOPRAMIDE,N
301278,PRAMIDYL Per Os Sol Buv 0.1 % fl 200ml,PRAMIDYL Per Os,Solution Buvable,,fl 200ml,2.435,2.4,I,METOCLOPRAMIDE,N
302369,PRANZA Comp Orodip 10 MG BT 30,PRANZA,Comprimé Orodispersible,10 MG,BT 30,105.08,57.24,E,OLANZAPINE,O
302368,PRANZA Comp Orodip 5 MG BT 30,PRANZA,Comprimé Orodispersible,5 MG,BT 30,39.06,23.4,E,OLANZAPINE,O
301984,PRAVAST Comp Sec 20 MG BT 30,PRAVAST,Comprimé Sécable,20 MG,BT 30,35.065,35.04,E,PRAVASTATINE,N
301893,PRAVASTATINE SANOFI (ex ZENTIVA)  20 MG Comp Sec BT 28,PRAVASTATINE SANOFI (ex ZENTIVA),Comprimé Sécable,20 MG,BT 28,42.955,32.704,E,PRAVASTATINE,N
103701,PRAXILENE Comp pell 200mg Bt 20,PRAXILENE,Comprimé Pelliculé,200mg,Bt 20,5.915,5.9,I,NAFTIDROFURYL,N
301443,PRAZOR Gelule 15 mg Bt 16,PRAZOR,Gélule,15 mg,Bt 16,10.94,10.08,E,LANSOPRAZOLE,N
301466,PRAZOR Gelule 30 mg BT 16,PRAZOR,Gélule,30 mg,BT 16,18.81,13.872,E,LANSOPRAZOLE,N
303191,PREDNICORT 20mg Comp Orodisp Bt 10,PREDNICORT,Comprimé Orodispersible,20mg,Bt 10,4.19,2.54,E,PREDNISOLONE,N
303164,PREDNICORT 20mg Comp Orodisp Bt 20,PREDNICORT,Comprimé Orodispersible,20mg,Bt 20,5.08,5.08,E,PREDNISOLONE,N
302204,PREDNISONE Comp 5mg Bt 30,PREDNISONE,Comprimé,5mg,Bt 30,7.42,5.94,E,PREDNISONE,N
302274,PREGAB Gél 75 mg BT 14,PREGAB,Gélule,75 mg,BT 14,18.27,12.558,V,PREGABALINE,O
302102,PREGAB Gelule 150 MG BT 30,PREGAB,Gélule,150 MG,BT 30,50.21,28.5,V,PREGABALINE,O
301874,PREGAB Gelule 150 MG BT 60,PREGAB,Gélule,150 MG,BT 60,101.185,57,V,PREGABALINE,O
301873,PREGAB Gelule 75  MG BT 30,PREGAB,Gélule,75  MG,BT 30,42.635,26.91,V,PREGABALINE,O
303112,PRERICA 150mg Gél Bt 96,PRERICA,Gélule,150mg,Bt 96,91.24,91.2,V,PREGABALINE,O
302983,PRERICA 75 mg Gél Bt 28,PRERICA,Gélule,75 mg,Bt 28,27.95,25.116,V,PREGABALINE,O
302084,PRERICA Gelule 150 MG BT 32,PRERICA,Gélule,150 MG,BT 32,35.24,30.4,V,PREGABALINE,O
301970,PRERICA Gelule 150 MG BT 56,PRERICA,Gélule,150 MG,BT 56,61.24,53.2,V,PREGABALINE,O
301971,PRERICA Gelule 75 MG BT 14,PRERICA,Gélule,75 MG,BT 14,18.57,12.558,V,PREGABALINE,O
302239,PRERICA Gelule 75 MG BT 56,PRERICA,Gélule,75 MG,BT 56,65.775,50.232,V,PREGABALINE,O
303471,PRESSCAND 16mg Comp.Séc. Bt 30,PRESSCAND,Comprimé Sécable,16mg,Bt 30,21.78,21.63,E,CANDESARTAN CILEXETIL,N
303469,PRESSCAND 4mg Comp.Séc.Bt 30,PRESSCAND,Comprimé Sécable,4mg,Bt 30,18.09,17.91,E,CANDESARTAN CILEXETIL,N
303470,PRESSCAND 8mg Comp.Séc.Bt 30,PRESSCAND,Comprimé Sécable,8mg,Bt 30,20.16,20.01,E,CANDESARTAN CILEXETIL,N
303473,PRESSCAND PLUS 16mg/12.5mg Comp.Séc.Bt 30,PRESSCAND PLUS,Comprimé Sécable,16mg/12.5mg,Bt 30,27.12,26.94,E,CANDESARTAN  HYDROCHLOROTHIAZIDE,N
303472,PRESSCAND PLUS 8mg/12.5mg Comp.Séc.Bt 30,PRESSCAND PLUS,Comprimé Sécable,8mg/12.5mg,Bt 30,23.76,23.58,E,CANDESARTAN  HYDROCHLOROTHIAZIDE,N
300979,PREVENSYL Gelule 10mg Bt30,PREVENSYL,Gélule,10mg,,29.64,24.81,E,RAMIPRIL,N
300977,PREVENSYL Gelule 2.5mg Bt 30,PREVENSYL,Gélule,2.5mg,Bt 30,19.515,19.5,E,RAMIPRIL,N
300978,PREVENSYL Gelule 5mg Bt 30,PREVENSYL,Gélule,5mg,Bt 30,23.87,17.91,E,RAMIPRIL,N
303592,PRILIA 5% Créme Derm.Tb Monodose/5gr,PRILIA 5% Créme Derm.Tb Monodose/5gr,,,Tb Monodose/5gr,6.74,3.38,E,LIDOCAINE+PRILOCAINE,N
301369,PRILIA Creme Der 5 % TB /5gr + 2 pansements occlusifs,PRILIA,Crème,,TB /5gr + 2 pansements occlusifs,8.305,3.38,E,LIDOCAINE+PRILOCAINE,N
301264,PRILIA Creme Der 5 % Tbe30 Gr,PRILIA,Crème,,,23.585,20.28,E,LIDOCAINE+PRILOCAINE,N
303725,PRILOCALM 5% Creme Derm Tb 30gr,PRILOCALM 5%,Crème Dermique,,Tb 30gr,20.3,20.28,E,LIDOCAINE+PRILOCAINE,N
303132,PRIMALAN 0.03% Sirop Fl 120ml,PRIMALAN 0.03%,Sirop,,Fl 120ml,8.6,8.52,E,MEQUITAZINE,N
303423,PRIMALAN 5mg Comp Séc Bt 14,PRIMALAN,Comprimé Sécable,5mg,Bt 14,7.04,5.992,E,MEQUITAZINE,N
306016,PRIMALAN Comp 5mg Bt 10,PRIMALAN,Comprimé,5mg,Bt 10,4.285,4.28,E,MEQUITAZINE,N
303445,PRIMALAN FORT 10mg Comp Séc Bt 14,PRIMALAN FORT,Comprimé Sécable,10mg,Bt 14,11.615,11.606,E,MEQUITAZINE,N
302740,PRIMAPRED 20mg Comp Orodisp Bt 20 (Ex OROCORT 20 MG Comp Orodispers BT 20),PRIMAPRED,Comprimé Orodispersible,20mg,Bt 20,9.395,5.08,E,PREDNISOLONE,N
303123,PRIMAPRED 20mg Comp Orodsip Bt 10,PRIMAPRED,Comprimé,20mg,Bt 10,5.195,2.54,E,PREDNISOLONE,N
101405,PRIMOLUT-NOR Comp sec 10mg Bt 30,PRIMOLUT-NOR,Comprimé Sécable,10mg,Bt 30,4.238,4.23,E,NORETHISTERONE,N
301033,PRIMPERAN 10 mg Comp Sec Bt 40,PRIMPERAN,Comprimé Sécable,10 mg,Bt 40,5.23,5.2,I,METOCLOPRAMIDE,N
305064,PRIMPERAN Amp inj 10mg/2ml Bt 4,PRIMPERAN,Solution Injectable,10mg/2ml,Bt 4,2.695,1.98,I,METOCLOPRAMIDE,N
301128,PRIMPERAN Sol Buv 0.1%  Fl 200 ml,PRIMPERAN,Solution Buvable,,Fl 200 ml,4.635,2.4,I,METOCLOPRAMIDE,N
106297,PROCARDIN 75mg Comp B/120,PROCARDIN,Comprimé,75mg,B/120,7.741,7.68,E,DIPYRIDAMOLE,N
104843,PROCORALAN  Comp Pell 5 MG BT 56,PROCORALAN,Comprimé Pelliculé,5 MG,BT 56,65.34,65.296,E,IVABRADINE,N
104816,PROCORALAN Comp Pell 7.5 MG BT 56,PROCORALAN,Comprimé Pelliculé,7.5 MG,BT 56,65.34,65.296,E,IVABRADINE,N
303184,PRODYS 100mg Comp Pell Bt 15,PRODYS,Comprimé Pelliculé,100mg,Bt 15,4.68,3.15,E,FLURBIPROFENE,N
303388,PROFENID Comp 100mg Bt 30,PROFENID,Comprimé,100mg,Bt 30,12.525,12.45,E,KETOPROFENE,N
303370,PROFENID Comp Pell 100mg Bt15,PROFENID,Comprimé Pelliculé,100mg,,8.17,6.225,E,KETOPROFENE,N
301002,PROFENID IM 100mg/2ml Sol Inj Bt 2,PROFENID IM,Solution Injectable,100mg/2ml,Bt 2,3.81,2.366,E,KETOPROFENE,N
303391,PROFENID Inj IM 100mg Bt 5/2ml,PROFENID Inj IM,,100mg/2ml,Bt 5/2ml,10.1,5.915,E,KETOPROFENE,N
303374,PROFENID LP Gelule 200mg Bt14,PROFENID LP,Gélule,200mg,,13.88,12.18,E,KETOPROFENE,N
302981,PROGEST 200 200MG SUPPO. BT 15,PROGEST 200,Suppositoire,200MG,BT 15,16.795,16.785,E,PROGESTERONE,N
302982,PROGEST 400 400MG SUPPO. BT15,PROGEST 400,Suppositoire,400MG,,33.725,33.72,E,PROGESTERONE,N
104551,PROGESTERONE MYLAN Caps  Molle 100 MG  BT 30,PROGESTERONE MYLAN Caps  Molle,,100 MG,BT 30,11.945,11.94,E,PROGESTERONE,N
102754,PROGESTOGEL Gel derm 1% Tb 80gr,PROGESTO,Gel Dermique,,Tb 80gr,4.745,4.72,E,PROGESTERONE,N
302758,PROLACT 0.5 mg Comp. Sec. Fl/8,PROLACT,Comprimé Sécable,0.5 mg,Fl/8,63.14,61.88,E,Cabergoline,N
302439,PROLACT Comp Sec 0.5 MG FL 2,PROLACT,Comprimé Sécable,0.5 MG,FL 2,16.88,15.47,E,Cabergoline,N
303565,PROMETHAZINE Comp 25mg Bt 20,PROMETHAZINE,Comprimé,25mg,Bt 20,2.12,2.12,E,PROMETHAZINE,N
302655,"PROMETHAZINE Sirop 0,1% Fl 125ml",PROMETHAZINE,Sirop,,Fl 125ml,1.275,1.25,E,PROMETHAZINE,N
303754,PROSTALPHA 4mg Gél Bt 30,PROSTALPHA,Gélule,4mg,Bt 30,22.24,22.23,E,SILODOSINE,N
303758,PROSTALPHA 8mg Gél Bt 30,PROSTALPHA,Gélule,8mg,Bt 30,22.24,22.23,E,SILODOSINE,N
303290,PROSTAM LP 0.4mg Gél à Libération Prolongée Bt 90,PROSTAM LP,Gélule à Libération Prolongée,0.4mg,Bt 90,84.44,84.42,I,TAMSULOSINE,N
300903,PROSTAM LP Gelule 0.4mg Bt 30,PROSTAM LP,Gélule,0.4mg,Bt 30,29.775,28.14,I,TAMSULOSINE,N
103284,PROTELOS Pdre Susp Orle /Sachet 2gr Bt 28,PROTELOS,Suspension Buvable,,Bt 28,80.678,80.668,E,RANELATE DE STRONTIUM,O
300204,PROTOGYL 250 mg comp.b/20,PROTOGYL,Comprimé,250 mg,b/20,2.89,2.52,E,METRONIDAZOLE,N
300255,PROTOGYL Ovule 500mg Bt 10,PROTOGYL Ovule,,500mg,Bt 10,3.31,3.31,I,METRONIDAZOLE,N
309802,PROZAC Gélule 20mg Bt 14,PROZAC,Gélule,20mg,Bt 14,22.38,11.508,E,FLUOXETINE,N
303676,PSODERM PLUS 50mcg/0.5mg/gr Pde Derm Tb 60gr,PSODERM PLUS,Pommade Dermique,50mcg/0.5mg,Tb 60gr,72.24,57.12,E,CALCIPOTRIOL+BETAMETHASONE,O
301510,PSORIACORT Creme Dermique 0.05 % Tbe 10 gr,PSORIACORT,Crème Dermique,,Tbe 10 gr,3.315,3.08,E,CLOBETASOL,N
301574,PSORIACORT Gel Capillaire 0.05%  FL 20 GR,PSORIACORT,Gélule,,FL 20 GR,5.245,5.24,E,CLOBETASOL,N
301511,PSORIACORT Pde Dermique 0.05 % Tbe 10 gr,PSORIACORT,Pommade Dermique,,Tbe 10 gr,3.315,3.31,E,CLOBETASOL,N
302116,PSORIASONE  Pde Derm  50  mcg/0.5mg  TBE 60 GR,PSORIASONE,Pommade Dermique,50  mcg/0.5mg,TBE 60 GR,84.125,57.12,E,CALCIPOTRIOL+BETAMETHASONE,O
303318,PSORIASONE 50mcg/0.5mg/gr Pde Derm Bt 2T/60gr,PSORIASONE,Pommade Dermique,50mcg/0.5mg,Bt 2T/60gr,114.24,114.24,E,CALCIPOTRIOL+BETAMETHASONE,O
303701,PSORIS 0.05% Shamp bt 1 Fl/125ml,PSORIS 0.05%,Shampooing,,bt 1 Fl/125ml,31.91,31.875,E,CLOBETASOL,N
503898,PULMICORT  0.5 mg/2 ml  Sol Inh   1 Sachet de 5 unidoses (VRAC),PULMICORT,Solution pour Inhalation,0.5 mg/2 ml,,26.047,26.045,E,BUDESONIDE,N
306594,PURINOL Comp 300mg Bt 50,PURINOL,Comprimé,300mg,Bt 50,10.345,10.3,E,ALLOPURINOL,N
306595,PURINOL Comp Sec 100mg Bt 30,PURINOL,Comprimé Sécable,100mg,Bt 30,5.725,5.7,E,ALLOPURINOL,N
301876,PURLEX Comp Pell 20 MG BT 30,PURLEX,Comprimé Pelliculé,20 MG,BT 30,38.595,36.66,E,ESCITALOPRAM,N
301816,PURLEX Comp Pell Sec  10 MG BT 30,PURLEX,Comprimé Pelliculé Sécable,10 MG,BT 30,29.69,25.38,E,ESCITALOPRAM,N
101512,PYOSTACINE 500 500mg Comp pell sec  Bt 16,PYOSTACINE 500,Comprimé Pelliculé Sécable,500mg,Bt 16,16.009,16,E,PRISTINAMYCINE,N
300385,PYRANTIN Susp Buv 125mg Fl 15ml,PYRANTIN,Suspension Buvable,125mg,Fl 15ml,2.36,2.355,E,PYRANTEL,N
303232,QUETAP 100mg Comp Pell Bt 30,QUETAP,Comprimé Pelliculé,100mg,Bt 30,57.24,55.11,E,QUETIAPINE,O
303233,QUETAP 200mg Comp Pell Bt 30,QUETAP,Comprimé Pelliculé,200mg,Bt 30,67.945,67.92,E,QUETIAPINE,O
303234,QUETAP 300mg Comp Pell Bt 30,QUETAP,Comprimé Pelliculé,300mg,Bt 30,102.24,100.11,E,QUETIAPINE,O
303235,QUETAP 50 50mg Comp Pell Bt 30,QUETAP 50,Comprimé Pelliculé,50mg,Bt 30,40.14,38.13,E,QUETIAPINE,O
302316,QUETAP Comp Pell 100 MG Bt 60,QUETAP,Comprimé Pelliculé,100 MG,Bt 60,110.24,110.22,E,QUETIAPINE,O
302317,QUETAP Comp Pell 200 MG Bt 60,QUETAP,Comprimé Pelliculé,200 MG,Bt 60,139.24,135.84,E,QUETIAPINE,O
302318,QUETAP Comp Pell 300 MG Bt 60,QUETAP,Comprimé Pelliculé,300 MG,Bt 60,200.24,200.22,E,QUETIAPINE,O
302448,QUETAP Comp Pell 50 MG BT 60,QUETAP,Comprimé Pelliculé,50 MG,BT 60,76.27,76.26,E,QUETIAPINE,O
302924,QUINOLOX 500 MG Comp Pell BT 14,QUINOLOX,Comprimé Pelliculé,500 MG,BT 14,10.535,9.156,E,CIPROFLOXACINE,N
302925,QUINOLOX 750 MG Comp Pell BT 14,QUINOLOX,Comprimé Pelliculé,750 MG,BT 14,13.5,10.416,E,CIPROFLOXACINE,N
301149,RAFOREX Sus Inh 12 µG /inh  Fl 100  Doses,RAFOREX Sus Inh,,12 µG,Fl 100  Doses,28.745,28.7,E,FORMOTEROL,N
300997,RAMIPRIL WINTHROP Comp Sec 10mg Bt 28,RAMIPRIL WINTHROP,Comprimé Sécable,10mg,Bt 28,28.53,23.156,E,RAMIPRIL,N
300996,RAMIPRIL WINTHROP Comp Sec 2.5mg Bt 28,RAMIPRIL WINTHROP,Comprimé Sécable,2.5mg,Bt 28,19.01,18.2,E,RAMIPRIL,N
300991,RAMIPRIL WINTHROP Comp Sec 5mg Bt 28,RAMIPRIL WINTHROP,Comprimé Sécable,5mg,Bt 28,22.98,16.716,E,RAMIPRIL,N
301027,RAPRIL Comp Sec 10mg Bt 30,RAPRIL,Comprimé Sécable,10mg,Bt 30,29.255,24.81,E,RAMIPRIL,N
302350,RAPRIL Comp Sec 10MG BT 90,RAPRIL,Comprimé Sécable,10MG,BT 90,74.435,74.43,E,RAMIPRIL,N
301026,RAPRIL Comp Sec 5mg Bt 30,RAPRIL,Comprimé Sécable,5mg,Bt 30,23.555,17.91,E,RAMIPRIL,N
302349,RAPRIL Comp Sec 5MG BT 90,RAPRIL,Comprimé Sécable,5MG,BT 90,53.805,53.73,E,RAMIPRIL,N
303520,RAXIDONE 2 mg Comp.Pell.Séc.BT 90,RAXIDONE,Comprimé Pelliculé Sécable,2 mg,BT 90,89.24,89.19,E,RISPERIDONE,O
303113,RAXIDONE 4mg Comp.Pell.Séc. Bt 30,RAXIDONE,Comprimé Pelliculé Sécable,4mg,Bt 30,56.79,56.79,E,RISPERIDONE,O
309109,RAXIDONE Comp  Pell Sec 2 mg  Bt 30,RAXIDONE,Comprimé Pelliculé Sécable,2 mg,Bt 30,35.49,29.73,E,RISPERIDONE,O
309977,RAXIDONE Comp Pell  Sec  2mg Bt 60,RAXIDONE,Comprimé Pelliculé Sécable,2mg,Bt 60,68.88,59.46,E,RISPERIDONE,O
302285,RAXIDONE Sol Buv 1 MG/ML FL 30,RAXIDONE,Solution Buvable,1 MG/ML,FL 30,26.065,20.58,E,RISPERIDONE,O
302286,RAXIDONE Sol Buv 1 MG/ML FL 60,RAXIDONE,Solution Buvable,1 MG/ML,FL 60,46.29,41.16,E,RISPERIDONE,O
302275,RAXIDONE Sol Buv 1mg/ml  Fl 90 ml,RAXIDONE,Solution Buvable,1mg/ml,Fl 90 ml,61.815,61.74,E,RISPERIDONE,O
309035,RAZON 40mg Comp gastro Bt 14,RAZON,Comprimé Gastro-Résistant,40mg,Bt 14,20.28,14,E,PANTOPRAZOLE,N
309039,RAZON 40MG Comp gastro Bt 28,RAZON,Comprimé Gastro-Résistant,40MG,Bt 28,33.35,28,E,PANTOPRAZOLE,N
309038,RAZON 40mg comp gastro Bt 7,RAZON,Comprimé Gastro-Résistant,40mg,Bt 7,11.255,7,E,PANTOPRAZOLE,N
309081,RAZON Comp Gast 20mg Bt 30,RAZON,Comprimé Gastro-Résistant,20mg,Bt 30,20.825,17.31,E,PANTOPRAZOLE,N
309117,RAZON Comp Gastro-resis 20 mg Bt 10,RAZON,Comprimé Gastro-Résistant,20 mg,Bt 10,8.61,5.77,E,PANTOPRAZOLE,N
309118,RAZON Comp Gastro-resis20 mg Bt 20,RAZON,Comprimé Gastro-Résistant,,Bt 20,14.885,11.54,E,PANTOPRAZOLE,N
301016,REDULIP 40mg  Comp Pell Sec  Bt 30,REDULIP,Comprimé Pelliculé Sécable,40mg,Bt 30,32.49,19.05,E,SIMVASTATINE,N
300643,REDULIP Comp pell  sec 20mg Bt 30,REDULIP,Comprimé Pelliculé Sécable,20mg,Bt 30,31.305,14.16,E,SIMVASTATINE,N
301528,REDULIP Comp Pell Sec 20 mg Bt 90,REDULIP,Comprimé Pelliculé Sécable,20 mg,Bt 90,48.36,42.48,E,SIMVASTATINE,N
301683,REDULIP Comp Pell Sec 40 MG BT 90,REDULIP,Comprimé Pelliculé Sécable,40 MG,BT 90,62.32,57.15,E,SIMVASTATINE,N
300595,RELAXIL  Amp inj 4mg 2ml Bt 6,RELAXIL,Solution Injectable,4mg/2ml,Bt 6,4.965,4.962,I,THIOCOLCHICOSIDE,N
300917,RELAXIL Gelule 4mg Bt 14,RELAXIL,Gélule,4mg,Bt 14,5.55,5.544,I,THIOCOLCHICOSIDE,N
301370,RELAXIL Sol INJ 4 mg/2 ml Bt 5/2 ml,RELAXIL,Solution Injectable,4 mg/2 ml,Bt 5/2 ml,4.49,4.135,I,THIOCOLCHICOSIDE,N
103261,RELPAX Comp Enr 40mg Bt 2,RELPAX,Comprimé Enrobé,40mg,Bt 2,17.087,17.086,E,ELETRIPTAN,N
104621,RENNIE SANS SUCRE Comp à Croquer  BT 36,RENNIE SANS SUCRE,Comprimé à Croquer,,BT 36,5.539,5.508,I,CALCIUM CARBONATE+MAGNESIUM CARBONATE,N
101007,REQUIP Comp pell 2mg Bt 21,REQUIP,Comprimé Pelliculé,2mg,Bt 21,25.91,25.893,E,ROPINIROLE,O
303185,RESPIROX 2 mg Comp Pell Séc Bt 20,RESPIROX,Comprimé Pelliculé Sécable,2 mg,Bt 20,21.81,19.82,E,RISPERIDONE,O
305218,RESPIROX 4 mg Comp Bt 30,RESPIROX,Comprimé,4 mg,Bt 30,59.8,56.79,E,RISPERIDONE,O
303797,RESPYFOR 12ug Pdre P Inhal Bucc Bt 30 +Inhalateur,RESPYFOR,Poudre pour Inhalation,12ug,Bt 30 +Inhalateur,17.365,15.99,E,FORMOTEROL,N
303798,RESPYFOR 12ug Pdre P Inhal Bucc Bt 60 +Inhalateur,RESPYFOR,Poudre pour Inhalation,12ug,Bt 60 +Inhalateur,32.015,32.015,E,FORMOTEROL,N
303796,RESPYVA 18ug Pdre P Inhal Bucc Bt 30 Gél + Inhalateur,RESPYVA,Poudre pour Inhalation,18ug,Bt 30 Gél + Inhalateur,63.44,63.44,E,TIOTROPIUM,N
301231,RESTAMINE Comp 10 mg Bt 20,RESTAMINE,Comprimé,10 mg,Bt 20,6.985,5.62,E,LORATADINE,N
302973,RETA 160 MG Comp Pell Séc Bt 30,RETA,Comprimé Pelliculé Sécable,160 MG,Bt 30,31.035,26.22,E,VALSARTAN,N
302972,RETA 80 MG Comp Pell Séc Bt 30,RETA,Comprimé Pelliculé Sécable,80 MG,Bt 30,20.155,17.13,E,VALSARTAN,N
301870,RETABLISS  Comp Pell 20 MG BT 30,RETABLISS,Comprimé Pelliculé,20 MG,BT 30,42.635,36.66,E,ESCITALOPRAM,N
303122,RETABLISS 20mg/ml Sol Buv Fl 15ml,RETABLISS,Solution Buvable,20mg/ml,Fl 15ml,21.795,21.795,E,ESCITALOPRAM,N
301813,RETABLISS Comp Pell 10  MG BT 30,RETABLISS,Comprimé Pelliculé,10  MG,BT 30,29.675,25.38,E,ESCITALOPRAM,N
103949,RETARPEN 0.6 MUI p.p.i Bt 1 + s 2 ml,RETARPEN,Poudre pour Préparation Injectable,0.6 MUI,Bt 1 + s 2 ml,1.645,1.645,E,BENZATHINE BENZYLPENICILLINE,N
302974,RETAZID 160MG/25MG Comp Pell Bt 30,RETAZID,Comprimé Pelliculé,160MG/25MG,Bt 30,33.115,32.25,E,VALSARTAN+HYDROCHLOROTHIAZIDE,N
302975,RETAZID 160MG/25MG Comp Pell Bt 90,RETAZID,Comprimé Pelliculé,160MG/25MG,Bt 90,96.82,96.75,E,VALSARTAN+HYDROCHLOROTHIAZIDE,N
302976,RETAZID 80MG/12.5 MG Comp Pell Bt 30,RETAZID,Comprimé Pelliculé,80MG/12.5 MG,Bt 30,21.8,20.94,E,VALSARTAN+HYDROCHLOROTHIAZIDE,N
302977,RETAZID 80MG/12.5 MG Comp Pell Bt 90,RETAZID,Comprimé Pelliculé,80MG/12.5 MG,Bt 90,62.82,62.82,E,VALSARTAN+HYDROCHLOROTHIAZIDE,N
108525,RETISOL A Crème Derm 0.05% Tb 25gr,RETI,Solution Dermique,,Tb 25gr,8.095,4.55,I,TRETINOINE,N
303795,RGEO 40mg Gél Gastro-résist Bt 7,RGEO,Gélule Gastro-Résistante,40mg,Bt 7,5.805,5.11,E,ESOMEPRAZOLE,N
303352,RGEO 40mg Gél Gastro-resistant Bt 14,RGEO,Gélule Gastro-Résistante,40mg,Bt 14,11.37,10.22,E,ESOMEPRAZOLE,N
303353,RGEO 40mg Gél Gastro-resistant Bt 28,RGEO,Gélule Gastro-Résistante,40mg,Bt 28,22.5,20.44,E,ESOMEPRAZOLE,N
102954,RHINOCORT 64 µgr/dose susp.nas Fl/120 doses,RHINOCORT 64 µgr/dose,Suspension Nasale,,Fl/120 doses,18.929,14.16,E,BUDESONIDE,N
301041,RHUTA Supp  100mg Bt 10,RHUTA Supp,,100mg,Bt 10,6.06,3.25,E,KETOPROFENE,N
300227,RIABAL Enf Sol Buv Fl 50ml,RIABAL Enf,Solution Buvable,,Fl 50ml,5.215,5.2,I,PRIFINIUM,N
301555,RICARDYL Comp Sec 200 mg Bt 20,RICARDYL,Comprimé Sécable,200 mg,Bt 20,6.405,5.14,E,AMIODARONE,N
506389,RIFADIN Pdre/prép inj 600mg/Fl Bt 1+1(10ml),RIFADIN,Poudre pour Préparation Injectable,600mg,Fl Bt 1+1,19.024,19.024,E,RIFAMPICINE,N
857805,RIFADINE Sirop 2% Fl 120ml,RIFADINE,Sirop,,Fl 120ml,26.555,26.52,E,RIFAMPICINE,N
102973,RIFAMYCINE 1% pom.opht. Tb 5 g,RIFAMYCINE 1%,Pommade Ophtalmique,,Tb 5 g,3.885,3.885,E,RIFAMYCINE,N
102431,RIFAMYCINE Collyre 1% Fl 10ml,RIFAMYCINE,Collyre,,Fl 10ml,4.772,4.77,E,RIFAMYCINE,N
302414,RIFIXINE 200 Comp Pell 200 MG BT 40,RIFIXINE 200,Comprimé Pelliculé,200 MG,BT 40,33.22,33.2,I,RIFAXIMINA,N
301900,RIFIXINE Comp Pell 200 MG BT 12,RIFIXINE,Comprimé Pelliculé,200 MG,BT 12,11.425,9.96,I,RIFAXIMINA,N
100877,RIFOCINE 250 IM Amp inj 3ml Bt 1,RIFOCINE 250 IM,Solution Injectable,3ml,Bt 1,2.489,2.489,E,RIFAMYCINE,N
105587,RILAMIG 2.5mg Comp Pell Bt 2,RILAMIG,Comprimé Pelliculé,2.5mg,Bt 2,17.435,16.96,E,FROVATRIPTAN,N
105475,RILAMIG 2.5mg Comp Pell Bt 6,RILAMIG,Comprimé Pelliculé,2.5mg,Bt 6,50.88,50.88,E,FROVATRIPTAN,N
102663,RINOCLENIL Susp Nasal 100µgr/Inhl Fl 200 Doses,RINOCLENIL,Suspension Nasale,,Fl 200 Doses,12.142,12,E,BECLOMETASONE,N
301127,RINOSAL Spray Nasal 50 µgr  Fl 120 Doses,RINOSAL,Spray Nasal,,Fl 120 Doses,15.84,13.44,E,FLUTICASONE,N
303628,RISDONE 2 2mg Comp Pell Bt 20,RISDONE 2,Comprimé Pelliculé,2mg,Bt 20,21.16,19.82,E,RISPERIDONE,O
303630,RISDONE 4 4mg Comp Pell Bt 20,RISDONE 4,Comprimé Pelliculé,4mg,Bt 20,40.16,37.86,E,RISPERIDONE,O
104432,RISDONE Sol Buv 1 MG/ML  FL 100 ML,RISDONE,Solution Buvable,1 MG/ML,FL 100 ML,137.84,68.6,E,RISPERIDONE,O
104399,RISEK Pdre P Pre Inj 40  MG BT 1 Fl SS,RISEK,Poudre pour Préparation Injectable,40  MG,BT 1 Fl SS,23.96,16.88,E,OMEPRAZOLE,N
105224,RISOMAX 0.05% SUSP. NASALE FL 140 DOSES,RISOMAX 0.05%,Suspension Nasale,,FL 140 DOSES,16.625,15.12,E,MOMETASONE,N
303213,RISONEL 35mg Comp Pell Bt 12,RISONEL,Comprimé Pelliculé,35mg,Bt 12,89.94,81.204,E,RISEDRONATE,O
303212,RISONEL 35mg Comp Pell Bt 4,RISONEL,Comprimé Pelliculé,35mg,Bt 4,35.14,27.068,E,RISEDRONATE,O
303222,RISPER ORO 2mg Comp Orodisp Bt 30,RISPER ORO,Comprimé Orodispersible,2mg,Bt 30,35.815,32.49,E,RISPERIDONE,O
303393,RISPER ORO 2mg Comp Orodisp Bt 60,RISPER ORO,Comprimé Orodispersible,2mg,Bt 60,64.98,64.98,E,RISPERIDONE,O
103053,RISPERDAL 1mg/ml sol.buv. Fl 60 ml,RISPERDAL,Solution Buvable,1mg/ml,Fl 60 ml,121.35,41.16,E,RISPERIDONE,O
101346,RISPERDAL Comp sec 2mg Bt 60,RISPERDAL,Comprimé Sécable,2mg,Bt 60,166.675,59.46,E,RISPERIDONE,O
301126,RISPERIDONE Comp Pell 2 mg  Bt 60,RISPERIDONE,Comprimé Pelliculé,2 mg,Bt 60,67.87,59.46,E,RISPERIDONE,O
302499,RISPERIDONE TERIAK 4 MG COMP PELL SEC BT 30,RISPERIDONE TERIAK,Comprimé Pelliculé Sécable,4 MG,BT 30,59.795,56.79,E,RISPERIDONE,O
301668,RISPERIDONE- TERIAK Comp Pell 2 MG BT 20,RISPERIDONE- TERIAK,Comprimé Pelliculé,2 MG,BT 20,22.385,19.82,E,RISPERIDONE,O
301723,RISPERIDONE TERIAK Sol Buv 1MG/ML FL 60 ML,RISPERIDONE TERIAK,Solution Buvable,1MG/ML,FL 60 ML,53.66,41.16,E,RISPERIDONE,O
104837,ROCGEL Susp Buv 1.2 GR BT  24 Sachets,ROC,Gélule,,BT  24 Sachets,12.775,10.632,I,ALUMINIUM OXYDE,N
303355,ROCOR 10 10mg Comp Pell Bt 30,ROCOR 10,Comprimé Pelliculé,10mg,Bt 30,16.92,16.2,E,ROSUVASTATINE,N
303777,ROCOR 10 10mg Comp Pell Bt 90,ROCOR 10,Comprimé Pelliculé,10mg,Bt 90,48.24,48.24,E,ROSUVASTATINE,N
303356,ROCOR 20 20mg Comp Pell Bt 30,ROCOR 20,Comprimé Pelliculé,20mg,Bt 30,25.23,24.3,E,ROSUVASTATINE,N
303778,ROCOR 20 20mg Comp Pell Bt 90,ROCOR 20,Comprimé Pelliculé,20mg,Bt 90,70.24,70.24,E,ROSUVASTATINE,N
303368,RODOGYL 750 MU/125 mg comp.pell.Bt/20,RODOGYL 750 MU/,Comprimé Pelliculé,125 mg,Bt/20,8.265,4.48,E,METRONIDAZOLE+SPIRAMYCINE,N
105056,ROLENIUM  Pdre P Inhal Bucc 250µg/50µg  BT 60 Blisters+Inhal,ROLENIUM,Poudre pour Inhalation,250µg/50µg,BT 60 Blisters+Inhal,51.79,51.78,E,SALMETEROL+FLUTICASONE,N
105057,ROLENIUM  Pdre P Inhal Bucc 500µg/50µg  BT 60 Blisters+Inhal,ROLENIUM,Poudre pour Inhalation,500µg/50µg,BT 60 Blisters+Inhal,68.9,68.88,E,SALMETEROL+FLUTICASONE,N
309953,ROMAC Comp 100mg Bt 12,ROMAC,Comprimé,100mg,Bt 12,7.36,7.356,E,ROXITHROMYCINE,N
309954,ROMAC Comp 150mg Bt 12,ROMAC,Comprimé,150mg,Bt 12,9.93,8.82,E,ROXITHROMYCINE,N
302842,ROMPALGINE 400mg/50mg/20mg Comp Bt 20,ROMPALGINE,Comprimé,400mg/50mg/20mg,Bt 20,5.125,5.12,E,PARACETAMOL+CAFEINE+CODEINE,N
300807,"RONALIN 2,5mg comp.séc.b/30",RONALIN,Comprimé Sécable,"2,5mg",b/30,10.485,8.01,E,BROMOCRIPTINE,N
303265,ROSACT 10mg Comp Pell Bt 30,ROSACT,Comprimé Pelliculé,10mg,Bt 30,18.96,16.2,E,ROSUVASTATINE,N
303266,ROSACT 20mg Comp Pell Bt 30,ROSACT,Comprimé Pelliculé,20mg,Bt 30,32.59,24.3,E,ROSUVASTATINE,N
300596,ROSAL Gélule 20mg Bt 30,ROSAL,Gélule,20mg,Bt 30,27.435,24.66,E,FLUOXETINE,N
303189,ROSULIP 10mg Comp Pell Bt 30,ROSULIP,Comprimé Pelliculé,10mg,Bt 30,18.79,16.2,E,ROSUVASTATINE,N
303190,ROSULIP 20mg Comp Pell Bt 30,ROSULIP,Comprimé Pelliculé,20mg,Bt 30,28.47,24.3,E,ROSUVASTATINE,N
303188,ROSULIP 5mg Comp Pell Bt 30,ROSULIP,Comprimé Pelliculé,5mg,Bt 30,15.23,13.68,E,ROSUVASTATINE,N
303395,ROSUVANS 10mg Comp Pell Bt 30,ROSUVANS,Comprimé Pelliculé,10mg,Bt 30,16.89,16.2,E,ROSUVASTATINE,N
303396,ROSUVANS 20mg Comp Pell Bt 30,ROSUVANS,Comprimé Pelliculé,20mg,Bt 30,25.23,24.3,E,ROSUVASTATINE,N
303394,ROSUVANS 5mg Comp Pell Bt 30,ROSUVANS,Comprimé Pelliculé,5mg,Bt 30,14.28,13.68,E,ROSUVASTATINE,N
303085,ROSUVASCOR 10 mg Comp Pell Bt/30,ROSUVASCOR,Comprimé Pelliculé,10 mg,Bt/30,18.79,16.2,E,ROSUVASTATINE,N
303292,ROSUVASCOR 10mg Comp Pell Bt 90,ROSUVASCOR,Comprimé Pelliculé,10mg,Bt 90,50.24,48.6,E,ROSUVASTATINE,N
303086,ROSUVASCOR 20 mg Comp Pell Bt/30,ROSUVASCOR,Comprimé Pelliculé,20 mg,Bt/30,28.47,24.3,E,ROSUVASTATINE,N
303293,ROSUVASCOR 20mg Comp Pell Bt 90,ROSUVASCOR,Comprimé Pelliculé,20mg,Bt 90,75.24,72.9,E,ROSUVASTATINE,N
303084,ROSUVASCOR 5 mg Comp Pell Bt/30,ROSUVASCOR,Comprimé Pelliculé,5 mg,Bt/30,15.23,13.68,E,ROSUVASTATINE,N
303291,ROSUVASCOR 5mg Comp Pell Bt 90,ROSUVASCOR,Comprimé Pelliculé,5mg,Bt 90,42.44,41.04,E,ROSUVASTATINE,N
302603,ROSUVAST 10 10 mg COMP. PELL. BT/30,ROSUVAST 10,Comprimé Pelliculé,10 mg,BT/30,19.66,16.2,E,ROSUVASTATINE,N
302604,ROSUVAST 20 20 mg COMP. PELL. BT/30,ROSUVAST 20,Comprimé Pelliculé,20 mg,BT/30,34.16,24.3,E,ROSUVASTATINE,N
302602,ROSUVAST 5 5 mg COMP. PELL. BT/30,ROSUVAST 5,Comprimé Pelliculé,5 mg,BT/30,15.555,13.68,E,ROSUVASTATINE,N
303380,ROSUVASTATINE SANOFI 10 MG (EX ZENTIVA)  Comp Pell Sec  BT 30,ROSUVASTATINE SANOFI,Comprimé Pelliculé Sécable,10 MG,BT 30,21.72,16.2,E,ROSUVASTATINE,N
307295,ROVAMYCINE Comp 3Mui  Bt 10,ROVAMYCINE,Comprimé,3Mui,Bt 10,11.385,7.71,E,SPIRAMYCINE,N
306136,ROVAMYCINE Comp 750000 UI Bt 20,ROVAMYCINE,Comprimé,750000 UI,Bt 20,3.955,3.94,E,SPIRAMYCINE,N
306089,"ROVAMYCINE Comp pell 1,5 Mui Bt 16",ROVAMYCINE,Comprimé Pelliculé,"1,5 Mui",Bt 16,8.725,7.136,E,SPIRAMYCINE,N
303552,ROVASTINE 10mg Comp Pell Bt 30,ROVASTINE,Comprimé Pelliculé,10mg,Bt 30,16.89,16.2,E,ROSUVASTATINE,N
303723,ROVASTINE 10mg Comp Pell Bt 90,ROVASTINE,Comprimé Pelliculé,10mg,Bt 90,48.66,48.6,E,ROSUVASTATINE,N
303553,ROVASTINE 20mg Comp Pell Bt 30,ROVASTINE,Comprimé Pelliculé,20mg,Bt 30,25.23,24.3,E,ROSUVASTATINE,N
303724,ROVASTINE 20mg Comp Pell Bt 90,ROVASTINE,Comprimé Pelliculé,20mg,Bt 90,72.96,72.9,E,ROSUVASTATINE,N
303551,ROVASTINE 5mg Comp Pell Bt 30,ROVASTINE,Comprimé Pelliculé,5mg,Bt 30,14.28,13.68,E,ROSUVASTATINE,N
303722,ROVASTINE 5mg Comp Pell Bt 90,ROVASTINE,Comprimé Pelliculé,5mg,Bt 90,41.1,41.04,E,ROSUVASTATINE,N
303514,ROXAM 20mg/ml Sol Inj Bt 2/1ml,ROXAM,Solution Injectable,20mg/ml,Bt 2/1ml,4.88,3.184,E,PIROXICAM,N
309100,ROXAM Gélule 20 mg BT 15,ROXAM,Gélule,20 mg,BT 15,7.985,6.345,E,PIROXICAM,N
309963,ROXAM Sachet  20mg Bt 8,ROXAM,Sachet,20mg,Bt 8,6.085,6.08,E,PIROXICAM,N
300471,ROXAM Suppo 20mg Bt 15,ROXAM,Suppositoire,20mg,Bt 15,11.63,9.96,E,PIROXICAM,N
309604,ROXAMED Comp Pell 150mg Bt 12,ROXAMED,Comprimé Pelliculé,150mg,Bt 12,9.475,8.82,E,ROXITHROMYCINE,N
300984,ROXIMAX 150 mg Comp Pell Sec Bt 12,ROXIMAX,Comprimé Pelliculé Sécable,150 mg,Bt 12,9.94,8.82,E,ROXITHROMYCINE,N
301190,ROXIMAX Comp Pell Sec 150 mg Bt 16,ROXIMAX,Comprimé Pelliculé Sécable,150 mg,Bt 16,11.765,11.76,E,ROXITHROMYCINE,N
301021,ROXITHROMYCINE  WINTHROP  Comp Pel 150mg Bt 12,ROXITHROMYCINE  WINTHROP,Comprimé,150mg,Bt 12,10.295,8.82,E,ROXITHROMYCINE,N
302732,ROZUVIE 10 10 mg COMP. PELL. BT/30,ROZUVIE 10,Comprimé Pelliculé,10 mg,BT/30,19.455,16.2,E,ROSUVASTATINE,N
303192,ROZUVIE 10 10mg Comp Pell Bt 90,ROZUVIE 10,Comprimé Pelliculé,10mg,Bt 90,50.24,48.6,E,ROSUVASTATINE,N
302733,ROZUVIE 20 20 mg COMP. PELL. BT/30,ROZUVIE 20,Comprimé Pelliculé,20 mg,BT/30,28.555,24.3,E,ROSUVASTATINE,N
303193,ROZUVIE 20 20mg Comp Pell Bt 90,ROZUVIE 20,Comprimé Pelliculé,20mg,Bt 90,75.24,72.9,E,ROSUVASTATINE,N
302747,ROZUVIE 5 5 MG Comp Pell BT 30,ROZUVIE 5,Comprimé Pelliculé,5 MG,BT 30,15.545,13.68,E,ROSUVASTATINE,N
302557,RUGDAL 20 MG GEL. GASTRO-RESISTANTE FL 30,RUGDAL,Gélule Gastro-Résistante,20 MG,FL 30,19.89,18.36,E,ESOMEPRAZOLE,N
302556,RUGDAL 20 MG GEL. GASTRO-RESISTANTE FL 8,RUGDAL,Gélule Gastro-Résistante,20 MG,FL 8,6.01,4.896,E,ESOMEPRAZOLE,N
302702,RUGDAL 20 mg GEL. GASTRO-RESISTANTE FL/16,RUGDAL,Gélule Gastro-Résistante,20 mg,FL/16,10.635,9.792,E,ESOMEPRAZOLE,N
302353,RUGDAL Gel Gastro-résistante 40 MG FL 30,RUGDAL,Gélule Gastro-Résistante,40 MG,FL 30,43.78,21.9,E,ESOMEPRAZOLE,N
302352,RUGDAL Gel Gastro-résistante 40 MG FL 8,RUGDAL,Gélule Gastro-Résistante,40 MG,FL 8,10.76,5.84,E,ESOMEPRAZOLE,N
302411,RUGDAL Gel Gastro-résistante 40 MG FL16,RUGDAL,Gélule Gastro-Résistante,40 MG,,21.92,11.68,E,ESOMEPRAZOLE,N
307462,RULID Comp 150mg Bt 12,RULID,Comprimé,150mg,Bt 12,17.68,8.82,E,ROXITHROMYCINE,N
300673,RUSCOLOG crème rect. T/20 g,RUSCOLOG,Crème,20 g,,5.465,5.46,I,RUSCOGENINES+TETRACAINE,N
100370,RYTHMODAN Géule 100mg Bt40,RYTHMODAN Géule,,100mg,,4.32,4.32,E,DISOPYRAMIDE PHOSPHATE,N
100371,RYTHMODAN LP Comp enr sec 250mg Bt 20,RYTHMODAN LP,Comprimé Sécable,250mg,Bt 20,6.406,6.4,E,DISOPYRAMIDE PHOSPHATE,N
105698,RYZODEG FLEX TOUCH 100U/ml Sol Inj Bt 5 Stylos pré-remplis/3ml (F),RYZODEG FLEX TOUCH,Solution Injectable,100U/ml,Bt 5 Stylos pré-remplis/3ml,216.815,216.815,V,INSULINE ASPARTE+INSULINE DEGLUDEC,O
500270,SABRIL Comp 500mg Bt 60,SABRIL,Comprimé,500mg,Bt 60,205.632,205.62,V,VIGABATRIN,O
309845,SAIFORAL  Pdre Susp Buv 500mg/5ml  Fl 60ml,SAIFORAL,Suspension Buvable,500mg/5ml,Fl 60ml,8.755,8.16,E,CEFADROXIL,N
309827,SAIFORAL  Pdre susp Or 250mg Fl 60ml,SAIFORAL,Suspension Buvable,250mg,Fl 60ml,6.12,4.74,E,CEFADROXIL,N
309846,SAIFORAL Gélule 500mg Bt 12,SAIFORAL,Gélule,500mg,Bt 12,7.185,6.204,E,CEFADROXIL,N
309942,SAIFORAL Gélule 500mg Bt 24,SAIFORAL,Gélule,500mg,Bt 24,12.76,12.408,E,CEFADROXIL,N
309020,SAIFOXYL 1 g Comp.disp Bt 14,SAIFOXYL,Comprimé Dispersible,1 g,Bt 14,10.11,6.65,E,AMOXICILLINE,N
303054,SAIFOXYL 1g Comp Disp Séc Bt/24,SAIFOXYL,Comprimé Sécable,1g,Bt/24,11.41,11.4,E,AMOXICILLINE,N
303351,SAIFOXYL 500mg Pdre P Susp Or Fl 100ml,SAIFOXYL,Suspension Buvable,500mg,Fl 100ml,7.595,7.5,E,AMOXICILLINE,N
309825,SAIFOXYL Comp 1gr  Bt 12,SAIFOXYL,Comprimé,,Bt 12,6.115,6.108,E,AMOXICILLINE,N
309823,SAIFOXYL Comp 500mg Bt 12,SAIFOXYL,Comprimé,500mg,Bt 12,4.43,2.964,E,AMOXICILLINE,N
309944,SAIFOXYL Comp 500mg Bt 24,SAIFOXYL,Comprimé,500mg,Bt 24,5.935,5.928,E,AMOXICILLINE,N
309047,SAIFOXYL Comp Sec  disper 500mg  Bt 24,SAIFOXYL,Comprimé Sécable,500mg,Bt 24,8.77,7.224,E,AMOXICILLINE,N
309822,SAIFOXYL Glé/Susp Or 250mg Fl 60ml,SAIFOXYL Glé/,Suspension Buvable,250mg,Fl 60ml,3.445,2.64,E,AMOXICILLINE,N
309824,SAIFOXYL Pdre/Susp Or 500mg Fl 60ml,SAIFOXYL,Suspension Buvable,500mg,Fl 60ml,6.905,4.5,E,AMOXICILLINE,N
101079,SALAZOPYRINE 500mg Comp Gastro-résist Ft 100,SALAZOPYRINE,Comprimé Gastro-Résistant,500mg,,15.24,10.2,E,SULFASALAZINE,N
100673,SALBUMOL Amp inj 0.5mg/ml Bt 6,SALBUMOL,Solution Injectable,0.5mg/ml,Bt 6,2.278,2.274,E,SALBUTAMOL,N
100672,SALBUMOL Suppo 1mg Bt 12,SALBUMOL,Suppositoire,1mg,Bt 12,2.352,2.352,E,SALBUTAMOL,N
300194,SALBUTAMOL SIMED 2MG/5ML SIROP FL 150 ML (Ex ALBUTOL Sirop 2mg/5ml Fl 150ml),SALBUTAMOL SIMED,Sirop,2MG/5ML,FL 150 ML,5.15,5.1,E,SALBUTAMOL,N
302415,SCITOPLEX 10 Comp Pell Sec 10 MG BT 30,SCITOPLEX 10,Comprimé Pelliculé Sécable,10 MG,BT 30,29.675,25.38,E,ESCITALOPRAM,N
102658,"SEBIPROX Schampooing 1,5% Fl 100ml","SEBIPROX Schampooing 1,5% Fl",,100ml,Fl 100ml,16.48,16.4,E,CICLOPIROXOLAMINE,N
307434,SECTRAL Comp 200mg Bt 20,SECTRAL,Comprimé,200mg,Bt 20,6.24,3.46,E,ACEBUTOLOL,N
307435,SECTRAL Comp 400 mg Bt 30,SECTRAL,Comprimé,400 mg,Bt 30,17.375,7.08,E,ACEBUTOLOL,N
104122,SEDACORON Amp inj 150mg/3ml  Bt 5,SEDACORON,Solution Injectable,150mg/3ml,Bt 5,3.512,3.51,E,AMIODARONE,N
300690,SEDATYL 100 mg sol.inj.b/4/2 ml,SEDATYL,Solution Injectable,100 mg,b/4/2 ml,2.025,2.024,E,SULPIRIDE,N
104975,SEEBRI BREEZHALER Pdre P Inh Bucc BT 30+Inh,SEEBRI BREEZHALER,Poudre pour Inhalation,,BT 30+Inh,89.82,89.82,E,GLYCOPYRRONIUM BROMIDE,N
106051,SEMGLEE 100 UI/ml Sol Inj Bt 5 Stylos Pré-remplies (F),SEMGLEE,Solution Injectable,100 UI/ml,Bt 5 Stylos Pré-remplies,123.9,123.9,V,GLARGINE,O
306992,SEPTEAL 0.5% Sol Ext Fl 250ml,SEPTEAL 0.5%,Solution à Usage Topique,,Fl 250ml,3.835,3.75,I,CHLORHEXIDINE,N
300384,"SEPTISAN  Sol Us Ext 0,5% Fl 500ml",SEPTISAN,Solution à Usage Topique,,Fl 500ml,5.7,5.5,I,TRICHLOCARBAN,N
300383,SEPTISAN 0.5% Sol Ext Fl 250ml,SEPTISAN 0.5%,Solution à Usage Topique,,Fl 250ml,3.19,2.75,I,TRICHLOCARBAN,N
105584,SERESTA 10mg Comp Bt/30,SERESTA,Comprimé,10mg,Bt/30,5.03,5.01,I,OXAZEPAM,N
105585,SERESTA 50mg Comp Séc Bt/20,SERESTA,Comprimé Sécable,50mg,Bt/20,8.24,8.24,I,OXAZEPAM,N
104793,SERETIDE DISKUS Pdre P Inh  Bucc 250/50  FL 60  Doses,SERETIDE DISKUS,Poudre pour Inhalation,,FL 60  Doses,55.75,51.78,E,SALMETEROL+FLUTICASONE,N
104792,SERETIDE DISKUS Pdre P Inh Bucc 100/50 FL 60 Doses,SERETIDE DISKUS,Poudre pour Inhalation,,FL 60 Doses,44.25,44.22,E,SALMETEROL+FLUTICASONE,N
104794,SERETIDE DISKUS Pdre P Inha Bucc  500/50 FL 60 Doses,SERETIDE DISKUS,Poudre pour Inhalation,,FL 60 Doses,78.3,68.88,E,SALMETEROL+FLUTICASONE,N
104915,SERETIDE SusP Inh 50µG/25 µG /Dose FL120 Doses,SERETIDE,Suspension pour Inhalation,50µG/25 µG,,52.21,17.16,E,SALMETEROL+FLUTICASONE,N
103525,SEROPLEX Comp Pell Sec 10 mg  Bt 14,SEROPLEX,Comprimé Pelliculé Sécable,10 mg,Bt 14,28.119,11.844,E,ESCITALOPRAM,N
103231,SEROPLEX Comp Pell Sec 10mg Bt 28,SEROPLEX,Comprimé Pelliculé Sécable,10mg,Bt 28,55.5,23.688,E,ESCITALOPRAM,N
103989,SEROQUEL Comp Pell 100 mg Bt 60,SEROQUEL,Comprimé Pelliculé,100 mg,Bt 60,216.88,110.22,E,QUETIAPINE,O
103990,SEROQUEL Comp Pell 200 mg BT 60,SEROQUEL,Comprimé Pelliculé,200 mg,BT 60,271.15,135.84,E,QUETIAPINE,O
103993,SEROQUEL Comp Pell 300 mg Bt 60,SEROQUEL,Comprimé Pelliculé,300 mg,Bt 60,445.68,200.22,E,QUETIAPINE,O
303392,SEROTONYL 20mg Comp Pell Séc Bt 30,SEROTONYL,Comprimé Pelliculé Sécable,20mg,Bt 30,36.66,36.66,E,ESCITALOPRAM,N
300796,SEROTYL 20 mg gélu.Bt 20,SEROTYL,,20 mg,Bt 20,18.195,16.44,E,FLUOXETINE,N
300800,SEROTYL 20 mg/5 ml sol.buv.fl 90 ml + cuil,SEROTYL,Solution Buvable,20 mg/5 ml,fl 90 ml + cuil,14.605,14.58,E,FLUOXETINE,N
300919,SEROTYL Gelule 20mg Bt 30,SEROTYL,Gélule,20mg,Bt 30,25.375,24.66,E,FLUOXETINE,N
106260,SERPAFAR Comp 50mg Bt 20,SERPAFAR,Comprimé,50mg,Bt 20,12.569,12.56,E,CLOMIFENE,N
301969,SERTRALINE SANOFI (EX ZENTIVA)  Comp Pell Sec  50 MG BT 15,SERTRALINE SANOFI (EX ZENTIVA),Comprimé Pelliculé Sécable,50 MG,BT 15,10.56,10.425,E,SERTRALINE,N
301912,SERVAL Gelule 100 MG BT 30,SERVAL,Gélule,100 MG,BT 30,39.61,37.08,E,SERTRALINE,N
301397,SERVAL Gelule 25 mg Bt 30,SERVAL,Gélule,25 mg,Bt 30,11.425,11.4,E,SERTRALINE,N
301398,SERVAL Gelule 50 mg Bt 30,SERVAL,Gélule,50 mg,Bt 30,20.865,20.85,E,SERTRALINE,N
103909,SEVIKAR Comp Pell  40mg/10 mg   Bt 30,SEVIKAR,Comprimé Pelliculé,40mg/10 mg,Bt 30,57.08,44.7,E,AMLODIPINE+OLMESARTAN,N
103903,SEVIKAR Comp Pell 20mg/5mg Bt 30,SEVIKAR,Comprimé Pelliculé,20mg/5mg,Bt 30,57.08,44.7,E,AMLODIPINE+OLMESARTAN,N
103906,SEVIKAR Comp Pell 40mg/5mg Bt  30,SEVIKAR,Comprimé Pelliculé,40mg/5mg,Bt  30,57.08,44.7,E,AMLODIPINE+OLMESARTAN,N
102985,SICCAFLUID 0.25 % gel.opht. fl 10 g,SICCAFLUID 0.25 %,Gélule,,fl 10 g,5.542,5.54,E,CARBOMERE,N
300186,SIFLOKS Comp 500mg Bt 14,SIFLOKS,Comprimé,500mg,Bt 14,14.615,9.156,E,CIPROFLOXACINE,N
300909,SIFLOKS Comp Pell Sec 750mg Bt 28,SIFLOKS,Comprimé Pelliculé Sécable,750mg,Bt 28,25.01,20.832,E,CIPROFLOXACINE,N
300876,SIFLOX Comp Pell Séc 500mg Bt28,SIFLOX,Comprimé Pelliculé Sécable,500mg,,20.445,18.312,E,CIPROFLOXACINE,N
300873,SIFLOX Comp Pell Séc 750mg Bt 14,SIFLOX,Comprimé Pelliculé Sécable,750mg,Bt 14,17.855,10.416,E,CIPROFLOXACINE,N
104239,SIFROL Comp 0.18 mg BT 100,SIFROL,Comprimé,0.18 mg,BT 100,69.45,49.2,E,PRAMIPEXOLE,O
104236,SIFROL Comp 0.18 mg Bt 30,SIFROL,Comprimé,0.18 mg,Bt 30,21.547,14.76,E,PRAMIPEXOLE,O
104238,SIFROL Comp 0.70  mg Bt 100,SIFROL,Comprimé,0.70  mg,Bt 100,276.925,276.9,E,PRAMIPEXOLE,O
301414,SIMVASTATINE  ZENTIVA ( EX WINTHROP )Comp Pell 20 mg Bt 30,SIMVASTATINE  ZENTIVA ( EX WINTHROP ),Comprimé Pelliculé,20 mg,Bt 30,19.85,14.16,E,SIMVASTATINE,N
301242,SIMVAX Comp Pell Sec 20 mg Bt 30,SIMVAX,Comprimé Pelliculé Sécable,20 mg,Bt 30,18.065,14.16,E,SIMVASTATINE,N
301243,SIMVAX Comp Pell Sec 40 mg Bt 30,SIMVAX,Comprimé Pelliculé Sécable,40 mg,Bt 30,24.595,19.05,E,SIMVASTATINE,N
300812,SINAPRID 200mg comp sécable Bt 10,SINAPRID,Comprimé Sécable,200mg,Bt 10,7.435,7.43,E,SULPIRIDE,N
300151,SINAPRID Gélule 50mg Bt 30,SINAPRID,Gélule,50mg,Bt 30,7.06,4.29,E,SULPIRIDE,N
300152,SINAPRID Sol Buv 0.5% Fl 150ml,SINAPRID,Solution Buvable,,Fl 150ml,4.025,2.1,E,SULPIRIDE,N
105636,SINGULAIR 10mg Comp Pell Bt 28 (ex 104417),SINGULAIR,Comprimé Pelliculé,10mg,Bt 28,57.035,34.132,E,MONTELUKAST,N
105637,SINGULAIR 4mg Glés LP Bt 28 Sachets (ex 103303),SINGULAIR,,4mg,Bt 28 Sachets,48.785,38.472,E,MONTELUKAST,N
105638,SINGULAIR 5 mg Comp à Croquer Bt 28 (ex 104418),SINGULAIR,Comprimé à Croquer,5 mg,Bt 28,57.17,34.132,E,MONTELUKAST,N
105687,SINOCORT 50mcg/Dose (0.05%) Susp Nasale Fl 12ml,SINOCORT,Suspension Nasale,50mcg,Fl 12ml,15.465,12.96,E,MOMETASONE,N
105233,SINTROM 4 mg COMP. SEC. Bt 20,SINTROM,Comprimé Sécable,4 mg,Bt 20,1.803,1.8,E,ACENOCOUMAROL,N
303486,SIPRODIS 500mg Comp Pell Séc Bt 14,SIPRODIS,Comprimé Pelliculé Sécable,500mg,Bt 14,9.34,9.156,E,CIPROFLOXACINE,N
303487,SIPRODIS 750mg Comp Pell Bt 14,SIPRODIS,Comprimé Pelliculé,750mg,Bt 14,10.43,10.416,E,CIPROFLOXACINE,N
303010,SIVASTYN 40 mg Comp Pell Séc Bt 30,SIVASTYN,Comprimé Pelliculé Sécable,40 mg,Bt 30,19.735,19.05,E,SIMVASTATINE,N
504845,SKENAN LP 10 mg GEL. A LIBERATION PROLONGEE BT 14,SKENAN LP,Gélule à Libération Prolongée,10 mg,BT 14,14.406,14.406,V,MORPHINE,N
504880,SKENAN LP 30 mg GEL. A LIBERATION PROLONGEE BT 14,SKENAN LP,Gélule à Libération Prolongée,30 mg,BT 14,35.063,35.063,V,MORPHINE,N
504831,SKENAN LP 60 mg  GEL. LIBERATION PROLONGEE BT 14,SKENAN LP,Gélule à Libération Prolongée,60 mg,BT 14,68.898,68.898,V,MORPHINE,N
302895,SMACTYL 3 gr Pdre P Susp Or BT 30 Sachets,SMACTYL 3 gr,Suspension Buvable,,BT 30 Sachets,11.13,7.71,I,DIOSMECTITE,N
303231,SMACTYL 3gr Pdre P Susp Or Bt 12 sachets,SMACTYL 3gr,Suspension Buvable,,Bt 12 sachets,6,3.084,I,DIOSMECTITE,N
105786,SMECTA 3g ORANGE-VANILLE Pdre P Susp Or Bt 30 Sach,SMECTA,Suspension Buvable,3g,Bt 30 Sach,9.28,7.71,I,DIOSMECTITE,N
102798,SMECTA Sach Bt 30,SMECTA Sach Bt 30,,,Bt 30,7.735,7.71,I,DIOSMECTITE,N
302446,SOLARID 100 Comp Sec  100 MG BT 30,SOLARID 100,Comprimé Sécable,100 MG,BT 30,26.15,26.13,E,AMISULPRIDE,O
302447,SOLARID 400 Comp Pell  Sec  400 MG BT 30,SOLARID 400,Comprimé Pelliculé Sécable,400 MG,BT 30,73.925,64.5,E,AMISULPRIDE,O
301981,SOLARID Comp Sec 200 MG  BT 30,SOLARID,Comprimé Sécable,200 MG,BT 30,36.58,32.88,E,AMISULPRIDE,O
302404,SOLARID Comp Sec 200 MG BT 60,SOLARID,Comprimé Sécable,200 MG,BT 60,65.775,65.76,E,AMISULPRIDE,O
303678,SOLFICINE 10mg Comp Pell Bt 30,SOLFICINE,Comprimé Pelliculé,10mg,Bt 30,35.14,35.13,E,SOLIFENACINE SUCCINATE,N
303677,SOLFICINE 5mg Comp Pell Bt 30,SOLFICINE,Comprimé Pelliculé,5mg,Bt 30,35.14,35.13,E,SOLIFENACINE SUCCINATE,N
103164,SOLIAN  Comp Sec 100mg Bt 30,SOLIAN,Comprimé Sécable,100mg,Bt 30,59.885,26.13,E,AMISULPRIDE,O
102415,SOLIAN Comp Pell Sec 400mg Bt 30,SOLIAN,Comprimé Pelliculé Sécable,400mg,Bt 30,173.055,64.5,E,AMISULPRIDE,O
105649,SOLICARE 10mg Comp Pell Bt 30,SOLICARE,Comprimé Pelliculé,10mg,Bt 30,51.04,35.13,E,SOLIFENACINE SUCCINATE,N
105648,SOLICARE 5mg Comp Pell Bt 30,SOLICARE,Comprimé Pelliculé,5mg,Bt 30,51.04,35.13,E,SOLIFENACINE SUCCINATE,N
301198,SOLOTIK  Comp Pell Sec  50 MG fL 15,SOLOTIK,Comprimé Pelliculé Sécable,50 MG,fL 15,12.065,10.425,E,SERTRALINE,N
301199,SOLOTIK  Comp Pell Sec 50 mg Fl 30,SOLOTIK,Comprimé Pelliculé Sécable,50 mg,Fl 30,21.7,20.85,E,SERTRALINE,N
301200,SOLOTIK Comp Pell Se  100 mg  Fl 15,SOLOTIK,Comprimé Pelliculé,100 mg,Fl 15,21.7,18.54,E,SERTRALINE,N
300757,SOLU-MEDROL 20 mg/2 ml p.p.i Bt/1 + s/2ml,SOLU-MEDROL,Poudre pour Préparation Injectable,20 mg/2 ml,Bt/1 + s/2ml,2.13,2.09,E,METHYLPREDNISOLONE,N
300758,SOLU-MEDROL 40 mg/2 ml p.p.i Bt/1 + s/2 ml,SOLU-MEDROL,Poudre pour Préparation Injectable,40 mg/2 ml,Bt/1 + s/2 ml,3.1,3.1,E,METHYLPREDNISOLONE,N
302232,SOLUPRED Comp Effer 20 MG FL 20,SOLUPRED,Comprimé Effervescent,20 MG,FL 20,10.255,5.08,E,PREDNISOLONE,N
302231,SOLUPRED Comp Effev 5 MG  FL 30,SOLUPRED,Comprimé Effervescent,5 MG,FL 30,6.47,6.33,E,PREDNISOLONE,N
103983,SOTALOL MYLAN Comp Sec 160 mg Bt 30,SOTALOL MYLAN,Comprimé Sécable,160 mg,Bt 30,10.645,10.62,E,SOTALOL,N
301305,SOULADOL 100 Sol  Inj 100mg/2ml Bt 5,SOULADOL 100,Solution Injectable,100mg/2ml,Bt 5,9.085,8.44,E,TRAMADOL,N
302099,SPACINOL Comp  Orodisp 80 MG BT 10,SPACINOL,Comprimé Orodispersible,80 MG,BT 10,3.23,2.46,I,PHLOROGLUCINOL,N
302339,SPACINOL Comp Orodisprs 80 MG BT 20,SPACINOL,Comprimé Orodispersible,80 MG,BT 20,7.175,4.92,I,PHLOROGLUCINOL,N
303021,SPASCARE 160mg Comp. orodisp. Bt 10,SPASCARE,Comprimé Orodispersible,160mg,Bt 10,6.29,4.83,I,PHLOROGLUCINOL,N
303020,SPASCARE 80mg Comp. Orodisp. Bt 20,SPASCARE,Comprimé Orodispersible,80mg,Bt 20,6.24,4.92,I,PHLOROGLUCINOL,N
300982,SPASMED Sol Inj Bt 6 (4ml),SPASMED,Solution Injectable,,Bt 6,7.97,7.968,I,PHLOROGLUCINOL+TRIMETHYLPHLOROGLUCINOL,N
104210,SPASMOCALM Comp Orodispersible 80 mg Bt 20,SPASMOCALM,Comprimé Orodispersible,80 mg,Bt 20,10.56,4.92,I,PHLOROGLUCINOL,N
303345,SPASMOLAX 80mg Comp Orodisp Bt 10,SPASMOLAX,Comprimé Orodispersible,80mg,Bt 10,2.705,2.46,I,PHLOROGLUCINOL,N
103451,SPASMOMEN Comp Dra 40 mg Bt 30,SPASMOMEN,Comprimé Enrobé,40 mg,Bt 30,14.21,9.63,I,OTYLONIUM BROMURE,N
303106,SPASMOSTOP 160mg Comp.Orodisp. Bt 10,SPASMOSTOP,Comprimé Orodispersible,160mg,Bt 10,6.54,4.83,I,PHLOROGLUCINOL,N
302897,SPASMOSTOP 80 mg Comp Orodisp BT 15,SPASMOSTOP,Comprimé Orodispersible,80 mg,BT 15,5.45,3.69,I,PHLOROGLUCINOL,N
302579,SPASTOP 40 MG COMP PELL. BT/30,SPASTOP,Comprimé Pelliculé,40 MG,BT/30,9.69,9.63,I,OTYLONIUM BROMURE,N
303562,SPASTOP 40mg Comp Pell Bt 10,SPASTOP,Comprimé Pelliculé,40mg,Bt 10,3.21,3.21,I,OTYLONIUM BROMURE,N
105330,SPIOLTO RESPIMAT 2.5ug/2.5ug Sol P inhal Bt/1 cartouche de 60 bouffées+inhal respimat,SPIOLTO RESPIMAT,Solution pour Inhalation,2.5ug/2.5ug,Bt/1 cartouche de 60 bouffées+inhal respimat,126.355,126.3,E,TIOTROPIUM+OLODATEROL,N
308185,SPIRA Comp 3MUI  Bt 10,SPIRA,Comprimé,3MUI,Bt 10,8.28,7.71,E,SPIRAMYCINE,N
308139,"SPIRA Comp Pell 1,5Mui Bt 16",SPIRA,Comprimé Pelliculé,"1,5Mui",Bt 16,7.14,7.136,E,SPIRAMYCINE,N
303488,SPIRAMIZOLE 1.5 MUI/250MG Comp Pell Séc Bt 10,SPIRAMIZOLE,Comprimé Pelliculé Sécable,1.5 MUI/250MG,Bt 10,5.46,5.34,E,METRONIDAZOLE+SPIRAMYCINE,N
303549,SPIRAMIZOLE 1.5 MUI/250MG Comp Pell Séc Bt 20,SPIRAMIZOLE,Comprimé Pelliculé Sécable,1.5 MUI/250MG,Bt 20,10.68,10.68,E,METRONIDAZOLE+SPIRAMYCINE,N
301185,SPIRAZOL Comp Pell  750 MUI/125 MG  Bt 20,SPIRAZOL,Comprimé Pelliculé,750 MUI/125 MG,Bt 20,4.495,4.48,E,METRONIDAZOLE+SPIRAMYCINE,N
106115,SPIRIVA 18mcg Pdre P Inhalation Bucc Bt 30 Gél + Inhalateur,SPIRIVA,Poudre pour Inhalation,18mcg,Bt 30 Gél + Inhalateur,108.58,70.56,E,TIOTROPIUM,N
103402,SPIRIVA Pdre Inh Bucc 18µgr Bt 30 Gelule,SPIRIVA,Poudre pour Inhalation,,Bt 30 Gelule,90.525,70.56,E,TIOTROPIUM,N
308161,SPIROGYL Comp pell 750 M UI 125mg Bt 20,SPIROGYL,Comprimé Pelliculé,125mg,Bt 20,5.74,4.48,E,METRONIDAZOLE+SPIRAMYCINE,N
300765,SPIROX 3 MUI comp pell Bt/10,SPIROX,Comprimé Pelliculé,3 MUI,Bt/10,7.71,7.71,E,SPIRAMYCINE,N
306904,SPORILIM  Lotion Derm 10mg/ml (1%)Fl 30ml,SPORILIM,Lotion,10mg/ml,Fl 30ml,3.245,3.24,E,TOLNAFTATE,N
105405,STABLON 12.5mg comp. enr. Bt 28,STABLON,Comprimé Enrobé,12.5mg,Bt 28,24.997,24.976,E,TIANEPTINE,N
303455,STAFLOX 500mg Gél Bt 12,STAFLOX,Gélule,500mg,Bt 12,5.98,5.544,E,FLUCLOXACILLINE,N
303456,STAFLOX 500mg Gél Bt 24,STAFLOX,Gélule,500mg,Bt 24,11.11,11.088,E,FLUCLOXACILLINE,N
303125,STAGID 700mg Comp Séc Bt 30,STAGID,Comprimé Sécable,700mg,Bt 30,5.89,5.88,E,METFORMINE,N
571377,STALORAL 5 GRAMINEES C/3F/10ml (300 IR) (F) coffret de 3 flacons d'entretien,STALORAL 5 GRAMINEES C/3F/,,10ml,,412.857,412.857,E,POLLENS GRAMINEES -5 GRAMINEES,O
571293,STALORAL CUPRESSACEES CT 10-100-300 IR,STALORAL CUPRESSACEES CT 10-100-300 IR,,,,179.793,179.793,E,CUPRESSACEE,O
571294,STALORAL CUPRESSACEES FL 300 IR,STALORAL CUPRESSACEES FL 300 IR,,,FL 300 IR,153.156,153.156,E,CUPRESSACEE,O
570064,STALORAL DPT + DF  Coffret Traitement initial (3 Fl :10/100/300 IR),STALORAL DPT + DF  Coffret Traitement initial,,,,179.793,179.793,E,MELANGE ACARIENS DERMATOPHAGOIDES(PTERONYSSINUS+FARINAE),O
570065,STALORAL DPT +DF Coffret Entretien 300 IR Bt 1,STALORAL DPT +DF Coffret Entretien 300 IR Bt 1,,,Bt 1,153.156,137.619,E,MELANGE ACARIENS DERMATOPHAGOIDES(PTERONYSSINUS+FARINAE),O
571306,STALORAL DPT CT INITIAL (10-100-300 IR) (F),STALORAL DPT CT INITIAL,,,,166.889,166.887,E,D. PTERONYSSINUS (100% DPT),O
571305,STALORAL DPT FL ENTRETIEN (1x300 IR) (F),STALORAL DPT FL ENTRETIEN,,,FL ENTRETIEN,142.162,142.162,E,D. PTERONYSSINUS (100% DPT),O
571376,STALORAL DPT/DF C/3F/10ml (300 IR) (F) coffret de 3 flacons d'entretien,STALORAL DPT/DF C/3F/,,10ml,,412.857,412.857,E,MELANGE ACARIENS DERMATOPHAGOIDES(PTERONYSSINUS+FARINAE),O
571378,STALORAL OLIVIER C/3F/10ml (300IR) (F) coffret de 3 flacons d'entretien,STALORAL OLIVIER C/3F/,,10ml,,412.857,412.857,E,POLLENS ARBRES ET ARBUSTES - OLIVIER,O
570117,STALORAL P 5 GRAMINEES Coffret Entretien 300 IR Bt 1,STALORAL P 5 GRAMINEES Coffret Entretien 300 IR Bt 1,,,Bt 1,153.156,137.619,E,POLLENS GRAMINEES -5 GRAMINEES,O
570116,STALORAL P 5 GRAMINEES Coffret Traitement (10/100/300 IR) Bt 3,STALORAL P 5 GRAMINEES Coffret Traitement (10/100/300 IR) Bt 3,,,Bt 3,179.793,179.793,E,POLLENS GRAMINEES -5 GRAMINEES,O
570121,STALORAL P OLIVIER Coffret Entretien 300 IR Bt 1,STALORAL P OLIVIER Coffret Entretien 300 IR Bt 1,,,Bt 1,153.156,137.619,E,POLLENS ARBRES ET ARBUSTES - OLIVIER,O
570120,STALORAL P OLIVIER Coffret Traitement (10/100/300 IR) Bt 3,STALORAL P OLIVIER Coffret Traitement (10/100/300 IR) Bt 3,,,Bt 3,179.793,179.793,E,POLLENS ARBRES ET ARBUSTES - OLIVIER,O
571314,STALORAL PARIETAIRE Bt 1 Fl 300 IR (F),STALORAL PARIETAIRE Bt 1 Fl 300 IR,,,Bt 1 Fl 300 IR,141.625,141.625,E,PARIETAIRE,O
571313,STALORAL PARIETAIRE CT (10-100-300) IR (F),STALORAL PARIETAIRE CT,,,,153.769,153.768,E,PARIETAIRE,O
302868,STATINOR 80 mg COMP PELL BT 30,STATINOR,Comprimé Pelliculé,80 mg,BT 30,37.62,25.08,E,ATORVASTATINE,N
301514,STATINOR Comp Pell 10 mg  Bt 30,STATINOR,Comprimé Pelliculé,10 mg,Bt 30,26.045,14.67,E,ATORVASTATINE,N
301515,STATINOR Comp Pell 10 mg Bt 60,STATINOR,Comprimé Pelliculé,10 mg,Bt 60,33.895,29.34,E,ATORVASTATINE,N
301516,STATINOR Comp Pell 10 mg Bt 90,STATINOR,Comprimé Pelliculé,10 mg,Bt 90,48.3,44.01,E,ATORVASTATINE,N
301551,STATINOR Comp Pell 20 MG  BT 30,STATINOR,Comprimé Pelliculé,20 MG,BT 30,32.865,19.32,E,ATORVASTATINE,N
301552,STATINOR Comp Pell 20 MG Bt 60,STATINOR,Comprimé Pelliculé,20 MG,Bt 60,47.92,38.64,E,ATORVASTATINE,N
301553,STATINOR Comp Pell 20 MG Bt 90,STATINOR,Comprimé Pelliculé,20 MG,Bt 90,64.895,57.96,E,ATORVASTATINE,N
301852,STATINOR Comp Pell 40 MG BT 30,STATINOR,Comprimé Pelliculé,40 MG,BT 30,32.76,22.56,E,ATORVASTATINE,N
302793,STELAR 10 MG Glés P Susp Buv BT 14 sachets,STELAR,Suspension Buvable,10 MG,BT 14 sachets,10.915,10.78,E,ESOMEPRAZOLE,N
302406,STELAR 10mg Glés P Susp Buv BT 28 Sachets,STELAR,Suspension Buvable,10mg,BT 28 Sachets,21.56,21.56,E,ESOMEPRAZOLE,N
302289,STELAR 20mg Gel .Gastro-resist BT 14,STELAR,Gélule Gastro-Résistante,20mg,BT 14,10.345,8.568,E,ESOMEPRAZOLE,N
302290,STELAR 20mg Gel .Gastro-resist BT 28,STELAR,Gélule Gastro-Résistante,20mg,BT 28,20.41,17.136,E,ESOMEPRAZOLE,N
302288,STELAR Gel .Gastro-resist  20  MG BT 7,STELAR,Gélule Gastro-Résistante,20  MG,BT 7,4.83,4.284,E,ESOMEPRAZOLE,N
302292,STELAR Gel .Gastro-resist 40 MG BT 14,STELAR,Gélule Gastro-Résistante,40 MG,BT 14,19.205,10.22,E,ESOMEPRAZOLE,N
302293,STELAR Gel .Gastro-resist 40 MG BT 28,STELAR,Gélule Gastro-Résistante,40 MG,BT 28,37.18,20.44,E,ESOMEPRAZOLE,N
302291,STELAR Gel .Gastro-resist 40 MG BT 7,STELAR,Gélule Gastro-Résistante,40 MG,BT 7,9.735,5.11,E,ESOMEPRAZOLE,N
103916,STER-DEX Pde Opth Bt 12 Recipients Unidoses,STER-DEX,Pommade Ophtalmique,,Bt 12 Recipients Unidoses,2.298,2.292,E,HYDROCORTISONE+OXYTETRACYCLINE,N
102485,STEROGYL Gttes Buv 0.05% Fl 20ml,STEROGYL,Gouttes Buvables,,Fl 20ml,3.025,3.02,E,ERGOCALCIFEROL,N
303702,STEZA 10mg Comp Séc Bt 30,STEZA,Comprimé Sécable,10mg,Bt 30,7.62,1.65,E,HYDROCORTISONE,N
302748,STOPALGIC 1000 MG Comp Sec BT 8,STOPALGIC,Comprimé Sécable,1000 MG,BT 8,2.68,2.336,E,PARACETAMOL,N
302750,STOPALGIC CODEINE 300/25 300MG/25MG  Comp BT 16,STOPALGIC CODEINE 300/25,Comprimé,300MG/25MG,BT 16,3.15,2.736,E,CODEINE+PARACETAMOL,N
302751,STOPALGIC CODEINE 600/50 600MG/50MG  Comp BT 12,STOPALGIC CODEINE 600/50,Comprimé,600MG/50MG,BT 12,4.31,3.984,E,CODEINE+PARACETAMOL,N
301972,STOPALGIC Comp Sec 500 MG BT 20,STOPALGIC,Comprimé Sécable,500 MG,BT 20,1.82,1,E,PARACETAMOL,N
302749,STOPALGIC EXTRA 500MG/65MG  Comp Pell  BT 14,STOPALGIC EXTRA,Comprimé Pelliculé,500MG/65MG,BT 14,2.46,1.834,E,PARACETAMOL+CAFEINE,N
301997,STOPALGIC Sol Inj P Per 10 MG/ML  BT 1 FL /100 ML,STOPALGIC,Solution Injectable,10 MG/ML,BT 1 FL /100 ML,4.565,4.145,E,PARACETAMOL,N
106988,SUCRAZIDE Comp 5mg Bt 30,SUCRAZIDE,Comprimé,5mg,Bt 30,2.338,2.31,E,GLIPIZIDE,N
302646,SULFAGUANIDINE Comp 500mg Bt 20,SULFAGUANIDINE,Comprimé,500mg,Bt 20,2.04,2.04,I,SULFAGUANIDINE,N
300175,SULFATRIM Comp 480mg  Bt 20,SULFATRIM,Comprimé,480mg,Bt 20,4.83,2.58,E,COTRIMOXAZOLE,N
300169,SULFATRIM Susp Or 240mg/5ml Fl 100ml,SULFATRIM,Suspension Buvable,240mg/5ml,Fl 100ml,5.28,3,E,COTRIMOXAZOLE,N
300905,SULPIRIL Gelule 50mg Bt 30,SULPIRIL,Gélule,50mg,Bt 30,4.32,4.29,E,SULPIRIDE,N
300023,SULPIRIL Sol Buv 0.5% Fl 200ml,SULPIRIL,Solution Buvable,,Fl 200ml,3.56,2.8,E,SULPIRIDE,N
301508,SUPERSTAT Comp Pell 10 mg Bt 30,SUPERSTAT,Comprimé Pelliculé,10 mg,Bt 30,35.37,16.2,E,ROSUVASTATINE,N
301780,SUPERSTAT Comp Pell 10 MG BT 90,SUPERSTAT,Comprimé Pelliculé,10 MG,BT 90,72.19,48.6,E,ROSUVASTATINE,N
301509,SUPERSTAT Comp Pell 20 mg Bt 30,SUPERSTAT,Comprimé Pelliculé,20 mg,Bt 30,50.565,24.3,E,ROSUVASTATINE,N
301781,SUPERSTAT Comp Pell 20 MG BT 90,SUPERSTAT,Comprimé Pelliculé,20 MG,BT 90,103.365,72.9,E,ROSUVASTATINE,N
301798,SUPERSTAT Comp Pell 5 MG BT 30,SUPERSTAT,Comprimé Pelliculé,5 MG,BT 30,18.895,13.68,E,ROSUVASTATINE,N
301237,SUPRADOL Gelule 37.5 mg/325 mg  Bt 16,SUPRADOL,Gélule,37.5 mg/325 mg,Bt 16,8.18,3.584,E,TRAMADOL+PARACETAMOL,N
301140,SUPRASONE Creme Drque 0.05% Tbe 15,SUPRASONE,Crème,,Tbe 15,4.055,2.79,E,BETAMETHASONE,N
301205,SUPRASONE Lotion 0.05% Fl 30 gr,SUPRASONE,Lotion,,Fl 30 gr,4.635,1.8,E,BETAMETHASONE,N
300975,SUPRASONE Pde Der 0.05 % Tb 15,SUPRASONE,Pommade Dermique,,Tb 15,4.21,2.895,E,BETAMETHASONE,N
301148,SUPRASTENE 0.05% Gtte Buv Fl 30 ml,SUPRASTENE 0.05%,Gouttes Buvables,,Fl 30 ml,6.13,5.16,E,BETAMETHASONE,N
303398,SURANIL 10mg Comp Bt 60,SURANIL,Comprimé,10mg,Bt 60,15.78,3.3,E,HYDROCORTISONE,N
303610,SURGAM 200mg Comp. Séc. Bt 20,SURGAM,Comprimé Sécable,200mg,Bt 20,11.035,6.64,E,ACIDE TIAPROFENIQUE,N
106956,SURMONTIL 4% Gttes Buv Fl 30ml,SURMONTIL 4%,Gouttes Buvables,,Fl 30ml,7.24,7.24,E,TRIMIPRAMINE,N
101526,SURMONTIL Comp Sec 25mg Bt 50,SURMONTIL,Comprimé Sécable,25mg,Bt 50,3.135,3.1,E,TRIMIPRAMINE,N
301604,SYBROL Susp P Inh 25 µG  FL 60 Doses,SYBROL,Suspension pour Inhalation,25 µG,FL 60 Doses,17.53,16.14,E,SALMETEROL,N
301603,SYBROL Susp P Inha FL 120 Doses,SYBROL,Suspension pour Inhalation,,FL 120 Doses,32.32,32.28,E,SALMETEROL,N
102518,SYMBICORT TURBUHALER 100 µg / 6 µg pdre/inhalation bucc. FL 120 Doses,SYMBICORT TURBUHALER,Poudre pour Inhalation,100 µg / 6 µg,FL 120 Doses,59.627,59.52,E,BUDESONIDE+FORMOTEROL,N
103000,SYMBICORT TURBUHALER 200 µg / 6 µg pdre/inhalation bucc. FL 120 Doses,SYMBICORT TURBUHALER,Poudre pour Inhalation,200 µg / 6 µg,FL 120 Doses,76.594,76.56,E,BUDESONIDE+FORMOTEROL,N
102519,SYMBICORT TURBUHALER 400 µg / 12 µg pdre/inhalation bucc. FL 60 Doses,SYMBICORT TURBUHALER,Poudre pour Inhalation,400 µg / 12 µg,FL 60 Doses,110.19,46.86,E,BUDESONIDE+FORMOTEROL,N
302002,SYNALVIC Comp Pell  37.5 MG/325 MG BT 20,SYNALVIC,Comprimé Pelliculé,37.5 MG/325 MG,BT 20,4.92,4.48,E,TRAMADOL+PARACETAMOL,N
300095,T 12/8 Gttes Buv Fl 20ml,T 12/8,Gouttes Buvables,,Fl 20ml,2.58,2.58,I,HEPTAMINOL,N
300789,TAHOR 10 mg comp.pell.Bt/28,TAHOR,Comprimé Pelliculé,10 mg,Bt/28,32.55,13.692,E,ATORVASTATINE,N
105535,TAHOR 80mg Comp Pell Bt 28 (ex 103416),TAHOR,Comprimé Pelliculé,80mg,Bt 28,24.105,23.408,E,ATORVASTATINE,N
302206,TAHOR Comp Pell  20 MG Bt 91,TAHOR,Comprimé Pelliculé,20 MG,Bt 91,94.12,58.604,E,ATORVASTATINE,N
301151,TAHOR Comp Pell 10mg  Bt 91,TAHOR,Comprimé Pelliculé,10mg,Bt 91,94.12,44.499,E,ATORVASTATINE,N
301685,TAHOR Comp Pell 20 MG BT 28,TAHOR,Comprimé Pelliculé,20 MG,BT 28,45.275,18.032,E,ATORVASTATINE,N
301164,TAHOR Comp Pell 40 mg BT 28,TAHOR,Comprimé Pelliculé,40 mg,BT 28,55.355,21.056,E,ATORVASTATINE,N
301632,TAHOR Comp Pell 40 MG BT 91,TAHOR,Comprimé Pelliculé,40 MG,BT 91,94.12,68.432,E,ATORVASTATINE,N
309872,"TALIN Comp 2,5mg Bt 60",TALIN,Comprimé,"2,5mg",Bt 60,3.61,3.6,E,TERBUTALINE,N
300672,TALLIS 1% créme derm.Tb 15 g,TALLIS 1% créme derm.Tb,,15 g,Tb 15 g,8.315,6.405,E,TERBINAFINE,N
303602,TALLIS 250 mg Comp.Séc.Bt 28,TALLIS,Comprimé Sécable,250 mg,Bt 28,46.74,43.456,E,TERBINAFINE,N
300811,TALLIS 250mg comp.b/14,TALLIS,Comprimé,250mg,b/14,24.74,21.728,E,TERBINAFINE,N
301385,TALLIS Comp 250 mg Bt 42,TALLIS,Comprimé,250 mg,Bt 42,70.97,65.184,E,TERBINAFINE,N
300924,TALLIS Spray 1% FL 15ml,TALLIS,Spray,,FL 15ml,7.65,5.175,E,TERBINAFINE,N
107642,TAMIFEN Comp 10mg Bt 30,TAMIFEN,Comprimé,10mg,Bt 30,13.585,13.56,V,TAMOXIFENE,N
105999,TAMIFEN DS 20mg Comp Bt 30,TAMIFEN DS,Comprimé,20mg,Bt 30,20.845,19.98,V,TAMOXIFENE,N
301581,TAMIZOL Comp Pell 250 MG BT 20,TAMIZOL,Comprimé Pelliculé,250 MG,BT 20,3.64,2.52,E,METRONIDAZOLE,N
301582,TAMIZOL Susp Buv 4 % FL 125 ML,TAMIZOL,Suspension Buvable,,FL 125 ML,6.04,5.25,E,METRONIDAZOLE,N
105469,TAMOXIFENE MYLAN 20mg Comp Bt 30,TAMOXIFENE MYLAN,Comprimé,20mg,Bt 30,19.981,19.98,V,TAMOXIFENE,N
301076,TANAKAN  Comp Enr 40 mg Bt 90,TANAKAN,Comprimé Enrobé,40 mg,Bt 90,27.63,18.99,I,GINKGO BILOBA,N
300188,TANAKAN Comp Bt 30,TANAKAN,Comprimé,,Bt 30,10.05,6.33,I,GINKGO BILOBA,N
307464,TANAKAN Sol Buv Fl 30ml,TANAKAN,Solution Buvable,,Fl 30ml,11.96,5.73,I,GINKGO BILOBA,N
306608,TANIDINA Comp enr 150mg Bt 20,TANIDINA,Comprimé Enrobé,150mg,Bt 20,11.04,11.04,E,RANITIDINE,N
301320,TARDIPEN 0.6 MUI Pdre P Prép Inj  Bt 1Fl+Solv/2ml,TARDIPEN,Poudre pour Préparation Injectable,0.6 MUI,Bt 1Fl+Solv/2ml,1.795,1.645,E,BENZATHINE BENZYLPENICILLINE,N
301321,TARDIPEN Pdre P Inj 1.200 MUI Bt 1,TARDIPEN,Poudre pour Préparation Injectable,1.200 MUI,Bt 1,2.155,2.155,E,BENZATHINE BENZYLPENICILLINE,N
301193,TARDYFERON 80mg Comp Enr Bt 30,TARDYFERON,Comprimé Enrobé,80mg,Bt 30,8.36,4.74,E,FER,N
301673,TARDYFERON B9 50mg Comp Pell BT 30,TARDYFERON B9,Comprimé Pelliculé,50mg,BT 30,6.685,3.39,E,FER+ACIDE FOLIQUE,N
302115,TARDYFERON B9 Comp Pell 50 MG BT 90,TARDYFERON B9,Comprimé Pelliculé,50 MG,BT 90,12.1,10.17,E,FER+ACIDE FOLIQUE,N
301674,TARDYFERON B9 Comp Pell BT 105,TARDYFERON B9,Comprimé Pelliculé,,BT 105,11.89,11.865,E,FER+ACIDE FOLIQUE,N
301765,TARDYFERON Comp pell 80 MG BT 100,TARDYFERON,Comprimé Pelliculé,80 MG,BT 100,15.82,15.8,E,FER,N
302282,TAREG 160 Comp Pell 160 MG BT 30,TAREG 160,Comprimé Pelliculé,160 MG,BT 30,59.755,26.22,E,VALSARTAN,N
301708,TAREG Comp Pell  80 MG  BT 90,TAREG,Comprimé Pelliculé,80 MG,BT 90,92.705,51.39,E,VALSARTAN,N
301709,TAREG Comp Pell 160 MG BT 90,TAREG,Comprimé Pelliculé,160 MG,BT 90,142.995,78.66,E,VALSARTAN,N
302273,TAREG Comp pell 80 MG BT 30,TAREG,Comprimé Pelliculé,80 MG,BT 30,38.955,17.13,E,VALSARTAN,N
301428,TAVAFLOX Comp Pell Sec 500 mg Bt 10,TAVAFLOX,Comprimé Pelliculé Sécable,500 mg,Bt 10,37.425,29.04,E,LEVOFLOXACINE,N
301427,TAVAFLOX Comp Pell Sec 500 mg Bt 5,TAVAFLOX,Comprimé Pelliculé Sécable,500 mg,Bt 5,22.775,14.52,E,LEVOFLOXACINE,N
301167,TAVANIC Comp Pell 500mg Bt 10,TAVANIC,Comprimé Pelliculé,500mg,Bt 10,50.375,29.04,E,LEVOFLOXACINE,N
300888,TAVANIC Comp Pell 500mg Bt 5,TAVANIC,Comprimé Pelliculé,500mg,Bt 5,33.71,14.52,E,LEVOFLOXACINE,N
302004,TAVASTOR  Comp Pell Sec 20 mg FL 30,TAVASTOR,Comprimé Pelliculé Sécable,20 mg,FL 30,22,19.32,E,ATORVASTATINE,N
303090,TAVASTOR 40mg Comp Pell Fl 90,TAVASTOR,Comprimé Pelliculé,40mg,Fl 90,67.74,67.68,E,ATORVASTATINE,N
302313,TAVASTOR Comp Pell 10 MG Fl 90,TAVASTOR,Comprimé Pelliculé,10 MG,Fl 90,45.665,44.01,E,ATORVASTATINE,N
302007,TAVASTOR Comp Pell 80 MG FL 30,TAVASTOR,Comprimé Pelliculé,80 MG,FL 30,39.61,25.08,E,ATORVASTATINE,N
302003,TAVASTOR Comp Pell Sec 10 MG FL 30,TAVASTOR,Comprimé Pelliculé Sécable,10 MG,FL 30,19.41,14.67,E,ATORVASTATINE,N
302314,TAVASTOR Comp Pell Sec 20 MG Fl 90,TAVASTOR,Comprimé Pelliculé Sécable,20 MG,Fl 90,59.795,57.96,E,ATORVASTATINE,N
302006,TAVASTOR Comp Pell Sec 40 MG FL  30,TAVASTOR,Comprimé Pelliculé Sécable,40 MG,FL  30,28.74,22.56,E,ATORVASTATINE,N
106248,TAVER Comp 200mg Bt 50,TAVER,Comprimé,200mg,Bt 50,2.489,2.45,V,CARBAMAZEPINE,N
301171,TEDEMA Comp Pell 25 mg Bt 30,TEDEMA,Comprimé Pelliculé,25 mg,Bt 30,10.24,10.23,E,VENLAFAXINE,N
301173,TEDEMA Comp Pell 50 mg Bt 30,TEDEMA,Comprimé Pelliculé,50 mg,Bt 30,14.93,14.91,E,VENLAFAXINE,N
301172,TEDEMA Geule LP 37.5 MG Bt 30,TEDEMA Geule LP,,37.5 MG,Bt 30,15.95,15.66,E,VENLAFAXINE,N
303784,TEDEMA LP 75mg Gél à libération prolongée Bt 30,TEDEMA LP,Gélule à Libération Prolongée,75mg,Bt 30,30.24,22.89,E,VENLAFAXINE,N
309862,TEFANYL Comp 1mg Bt 60,TEFANYL,Comprimé,1mg,Bt 60,11.79,11.76,E,KETOTIFENE,N
103110,TEGRETOL  LP Comp Sec 200mg Bt 50,TEGRETOL  LP,Comprimé Sécable,200mg,Bt 50,15.042,15,V,CARBAMAZEPINE,N
103332,TEGRETOL 2% Susp Buv Fl 250ml,TEGRETOL 2%,Suspension Buvable,,Fl 250ml,12.411,12.25,V,CARBAMAZEPINE,N
103111,TEGRETOL L P Comp 400mg Bt30,TEGRETOL L P,Comprimé,400mg,,17.072,17.07,V,CARBAMAZEPINE,N
508234,TELEBRIX 35 % Sol Inj  FL 50 ml,TELEBRIX 35 %,Solution Injectable,,FL 50 ml,39.604,32.85,E,ACIDE IOXITALAMIQUE,N
508233,TELEBRIX 35 Sol Inj 35 % FL 200 ml,TELEBRIX 35,Solution Injectable,,FL 200 ml,131.452,131.4,E,ACIDE IOXITALAMIQUE,N
508232,TELEBRIX 35 Sol Inj 35% Fl 100ml  #,TELEBRIX 35,Solution Injectable,,Fl 100ml  #,67.839,65.7,E,ACIDE IOXITALAMIQUE,N
105739,TELFAST 120mg Comp Pell Bt 15 (ex 101168),TELFAST,Comprimé Pelliculé,120mg,Bt 15,10.735,7.65,E,FEXOFENADINE,N
105740,TELFAST 180mg Comp Pell Bt 15 (ex 101169),TELFAST,Comprimé Pelliculé,180mg,Bt 15,11.355,7.995,E,FEXOFENADINE,N
105413,TELMISARTAN MYLAN 40mg Comp Bt 30,TELMISARTAN MYLAN,Comprimé,40mg,Bt 30,16.13,16.13,E,TELMISARTAN,N
105414,TELMISARTAN MYLAN 80mg Comp Bt 30,TELMISARTAN MYLAN,Comprimé,80mg,Bt 30,25.615,23.28,E,TELMISARTAN,N
302904,TELMYCOR 40 mg Comp BT 30,TELMYCOR,Comprimé,40 mg,BT 30,25.565,23.28,E,TELMISARTAN,N
302911,TELMYCOR 80 mg Comp BT 30,TELMYCOR,Comprimé,80 mg,BT 30,28.46,23.28,E,TELMISARTAN,N
302912,TELMYCOR PLUS 40 mg/12.5mg  Comp BT 30,TELMYCOR PLUS,Comprimé,40 mg/12.5mg,BT 30,25.565,25.56,E,TELMISARTAN+HYDROCHLOROTHIAZIDE,N
302913,TELMYCOR PLUS 80 mg/25mg  Comp BT 30,TELMYCOR PLUS,Comprimé,80 mg/25mg,BT 30,28.42,28.41,E,TELMISARTAN+HYDROCHLOROTHIAZIDE,N
302921,TELMYCOR PLUS 80MG/12.5 MG Comp BT 30,TELMYCOR PLUS,Comprimé,80MG/12.5 MG,BT 30,28.46,28.44,E,TELMISARTAN+HYDROCHLOROTHIAZIDE,N
303559,TELMYCOR-AM 40mg/10mg Comp Bt 30,TELMYCOR-AM,Comprimé,40mg/10mg,Bt 30,29.285,29.28,E,TELMISARTAN+AMLODIPINE,N
303558,TELMYCOR-AM 40mg/5mg Comp Bt 30,TELMYCOR-AM,Comprimé,40mg/5mg,Bt 30,29.285,29.28,E,TELMISARTAN+AMLODIPINE,N
303561,TELMYCOR-AM 80mg/10mg Comp Bt 30,TELMYCOR-AM,Comprimé,80mg/10mg,Bt 30,33.395,33.39,E,TELMISARTAN+AMLODIPINE,N
303560,TELMYCOR-AM 80mg/5mg Comp Bt 30,TELMYCOR-AM,Comprimé,80mg/5mg,Bt 30,33.395,33.39,E,TELMISARTAN+AMLODIPINE,N
102718,TEMESTA 1 mg comp B/30,TEMESTA,Comprimé,1 mg,B/30,3.381,3.36,I,LORAZEPAM,N
102717,TEMESTA 2.5 mg comp B/30,TEMESTA,Comprimé,2.5 mg,B/30,4.61,4.59,I,LORAZEPAM,N
302794,TENAR 0.2 MG Comp Pell BT 30,TENAR,Comprimé Pelliculé,0.2 MG,BT 30,16.865,16.14,E,MOXONIDINE,N
302792,TENAR 0.4 MG Comp Pell BT 30,TENAR,Comprimé Pelliculé,0.4 MG,BT 30,29.94,29.94,E,MOXONIDINE,N
301038,TENDINYL Gelule 25mg Bt 30,TENDINYL,Gélule,25mg,Bt 30,3.73,3.72,E,INDOMETACINE,N
301043,TENDINYL Supp 100mg Bt 10,TENDINYL Supp,,100mg,Bt 10,4.18,3.17,E,INDOMETACINE,N
301042,TENDINYL Supp 50mg Bt10,TENDINYL Supp,,50mg,,2.435,1.68,E,INDOMETACINE,N
103430,TENORETIC Comp Pell  50mg/12.5mg  Bt 30,TENORETIC,Comprimé Pelliculé,50mg/12.5mg,Bt 30,10.434,10.41,E,ATENOLOL+CHLORTALIDONE,N
300106,TENORMINE Comp sec 100mg Bt 28,TENORMINE,Comprimé Sécable,100mg,Bt 28,13.15,9.408,E,ATENOLOL,N
301630,TENSIOL Comp Pell 200 MG BT 30,TENSIOL,Comprimé Pelliculé,200 MG,BT 30,5.19,5.19,E,ACEBUTOLOL,N
301437,TENSIOL Comp Pell 400 MG BT 30,TENSIOL,Comprimé Pelliculé,400 MG,BT 30,7.09,7.08,E,ACEBUTOLOL,N
302451,TENSIOVALS 160 Comp Pell 160 MG BT 30,TENSIOVALS 160,Comprimé Pelliculé,160 MG,BT 30,31.245,26.22,E,VALSARTAN,N
302450,TENSIOVALS 80 Comp Pell 80 MG BT 30,TENSIOVALS 80,Comprimé Pelliculé,80 MG,BT 30,20.885,17.13,E,VALSARTAN,N
302424,TENSIOVALS DUO Comp Pell 10 MG/160MG BT 30,TENSIOVALS DUO,Comprimé Pelliculé,10 MG/160MG,BT 30,47.1,37.8,E,AMLODIPINE+VALSARTAN,N
302423,TENSIOVALS DUO Comp Pell 5 MG/160MG BT 30,TENSIOVALS DUO,Comprimé Pelliculé,5 MG/160MG,BT 30,47.1,37.8,E,AMLODIPINE+VALSARTAN,N
302422,TENSIOVALS DUO Comp Pell 5 MG/80MG BT 30,TENSIOVALS DUO,Comprimé Pelliculé,5 MG/80MG,BT 30,41.995,33.36,E,AMLODIPINE+VALSARTAN,N
300229,TENSOPRIL Comp 25mg Bt 30,TENSOPRIL,Comprimé,25mg,Bt 30,10.11,4.98,E,CAPTOPRIL,N
300230,TENSOPRIL Comp 50mg Bt 30,TENSOPRIL,Comprimé,50mg,Bt 30,15.78,8.76,E,CAPTOPRIL,N
301395,TENSYNEL 10mg Gelule Bt 90,TENSYNEL,Gélule,10mg,Bt 90,37.59,35.28,E,AMLODIPINE,N
301162,TENSYNEL Gelule 10 mg Bt 30,TENSYNEL,Gélule,10 mg,Bt 30,19.1,11.76,E,AMLODIPINE,N
301161,TENSYNEL Gelule 5 mg  Bt 30,TENSYNEL,Gélule,5 mg,Bt 30,12.675,8.4,E,AMLODIPINE,N
301396,TENSYNEL Gelule 5 mg Bt 90,TENSYNEL,Gélule,5 mg,Bt 90,30.08,25.2,E,AMLODIPINE,N
101682,TERALITHE Comp 250mg Bt 100,TERALITHE,Comprimé,250mg,Bt 100,3.237,3.2,E,LITHIUM CARBONATE,N
301476,TERBINAFINE  ZENTIVA (ex WINTHROP) Comp Sec 250 mg Bt 30,TERBINAFINE  ZENTIVA (ex WINTHROP),Comprimé Sécable,250 mg,Bt 30,46.57,46.56,E,TERBINAFINE,N
308199,TERBISIL Comp Sec 250mg Bt 14,TERBISIL,Comprimé Sécable,250mg,Bt 14,30.45,21.728,E,TERBINAFINE,N
308200,TERBISIL Creme Der 1% Tbe 15 gr,TERBISIL,Crème,,Tbe 15 gr,6.405,6.405,E,TERBINAFINE,N
300098,TERBUTALINE SIMED  Sirop 0.03% 1.5mg/5ml Fl 300ml (EX TALIN),TERBUTALINE SIMED,Sirop,1.5mg/5ml,Fl 300ml,9.66,9.6,E,TERBUTALINE,N
300590,TERCYD  Crème 1% Tb 15gr,TERCYD,Crème,,Tb 15gr,8.22,6.405,E,TERBINAFINE,N
302791,TERCYD 1% Sol P Application cutanée Fl 30 ML,TERCYD 1%,Solution,,Fl 30 ML,10.365,10.35,E,TERBINAFINE,N
300513,TERCYD Comp 250mg Bt 15,TERCYD,Comprimé,250mg,Bt 15,33.295,23.28,E,TERBINAFINE,N
300883,TERCYD Comp Sec 250mg Bt 30,TERCYD,Comprimé Sécable,250mg,Bt 30,63.865,46.56,E,TERBINAFINE,N
102716,TERGYNAN Comp Gyn. Bt 10,TERGYNAN,Comprimé Vaginal,,Bt 10,5.414,5.41,I,METRONIDAZOLE+NEOMYCINE+NYSTATINE,N
300184,TETRADOX 100 mg Comp Bt 10 ( EX DOXAMICINE ),TETRADOX,Comprimé,100 mg,Bt 10,4.255,4.07,E,DOXYCYCLINE,N
300183,TETRADOX 200 mg Comp Bt 10 ( DOXAMYCINE ),TETRADOX,Comprimé,200 mg,Bt 10,6.865,6.86,E,DOXYCYCLINE,N
550024,TETRAXIM FL/1 DOSE,TETRAXIM FL/1 DOSE,,,FL/1 DOSE,66.59,66.59,E,VACCIN : DIPHTERIE + VACCIN : TETANOS + VACCIN : COQUELUCHE + VACCIN : POLIOMYELITE,N
308016,THEOPHYLLINE Suppo Ad. Bt 10,THEOPHYLLINE,Suppositoire Adulte,,Bt 10,2.87,2.87,E,THEOPHYLLINE,N
303426,THERADIAM 60mg Comp Séc LM Bt 30,THERADIAM,Comprimé Sécable,60mg,Bt 30,13.54,11.58,E,GLICLAZIDE,N
303427,THERADIAM 60mg Comp Séc LM Bt 60,THERADIAM,Comprimé Sécable,60mg,Bt 60,23.19,23.16,E,GLICLAZIDE,N
302507,THERAPRIL 10 MG COMP BT 30,THERAPRIL,Comprimé,10 MG,BT 30,34.885,33.15,E,PERINDOPRIL,N
302596,THERAPRIL 5 mg COMP. SEC. BT/30,THERAPRIL,Comprimé Sécable,5 mg,BT/30,20.01,19.02,E,PERINDOPRIL,N
105575,THIAMAZOLE UNI-PHARMA 5 mg Comp Séc Bt 100,THIAMAZOLE UNI-PHARMA,Comprimé Sécable,5 mg,Bt 100,16.16,16.1,E,THIAMAZOLE,N
102001,THIOBACTIN Comp enr 500mg Bt 24,THIOBACTIN,Comprimé Enrobé,500mg,Bt 24,12.084,12.072,E,THIAMPHENICOL,N
300509,THIOMED Amp inj 4mg/2ml Bt 6,THIOMED,Solution Injectable,4mg/2ml,Bt 6,6.35,4.962,I,THIOCOLCHICOSIDE,N
107215,THYRO-4 Comp Sec 100 µg FL 100,THYRO-4,Comprimé Sécable,100 µg,FL 100,7.545,7.5,E,LEVOTHYROXINE,N
105712,THYROFIX 25µg Comp Bt 30,THYROFIX,Comprimé,25µg,Bt 30,2.43,1.29,E,LEVOTHYROXINE,N
105711,THYROFIX 75µg Comp Bt 30,THYROFIX,Comprimé,75µg,Bt 30,5.56,2.76,E,LEVOTHYROXINE,N
104860,THYROZOL Comp Pell 10 MG BT 30,THYROZOL,Comprimé Pelliculé,10 MG,BT 30,8.921,8.91,E,THIAMAZOLE,N
104859,THYROZOL Comp Pell 5 MG BT 30,THYROZOL,Comprimé Pelliculé,5 MG,BT 30,5.834,4.83,E,THIAMAZOLE,N
300418,TIAGAM Comp 200mg Bt 20,TIAGAM,Comprimé,200mg,Bt 20,10.075,6.64,E,ACIDE TIAPROFENIQUE,N
300417,TIAGAM Comp Sec. 100mg Bt 30,TIAGAM,Comprimé Sécable,100mg,Bt 30,7,5.01,E,ACIDE TIAPROFENIQUE,N
308188,TIAPRAM Comp Sec 100  mg Bt30,TIAPRAM,Comprimé Sécable,100  mg,,5.015,5.01,E,ACIDE TIAPROFENIQUE,N
106946,TIAPRIDAL 100mg Sol Inj Bt 12/2ml,TIAPRIDAL,Solution Injectable,100mg,Bt 12/2ml,10.24,5.016,E,TIAPRIDE,N
100435,TIAPRIDAL Amp inj 100mg/2ml Bt 12,TIAPRIDAL,Solution Injectable,100mg/2ml,Bt 12,5.018,5.016,E,TIAPRIDE,N
100436,TIAPRIDAL Comp sec 100mg Bt 20,TIAPRIDAL,Comprimé Sécable,100mg,Bt 20,5.438,5.42,E,TIAPRIDE,N
306609,TILDIEM Comp 60mg Bt 30,TILDIEM,Comprimé,60mg,Bt 30,7.025,7.02,E,DILTIAZEM,N
308433,TILL Sol 0.3% Fl 200ml,TILL,Solution,,Fl 200ml,4.445,4.4,I,TRICLOSAN,N
303461,TIMOPROST 3M Collyre Fl 2.5ml (F),TIMOPROST 3M,Collyre,,Fl 2.5ml,26.415,26.415,E,LATANOPROST+TIMOLOL,N
105119,TINASIL 1% CREME DERM TB 15 GR,TINASIL 1%,Crème Dermique,,TB 15 GR,8.575,6.405,E,TERBINAFINE,N
105120,TINASIL 250 MG COMP BT 10,TINASIL,Comprimé,250 MG,BT 10,25.02,15.52,E,TERBINAFINE,N
102474,TIORFAN Enf Pdre oral Sachet  30 mg Bt 30,TIORFAN Enf,Poudre pour Suspension Buvable,30 mg,Bt 30,22.44,12.03,I,RACECADOTRIL,N
102572,TIORFAN Gélule  100mg Bt 20,TIORFAN,Gélule,100mg,Bt 20,19.145,19.14,I,RACECADOTRIL,N
102473,TIORFAN Nour Pdre oral Sachet  10mg Bt 16,TIORFAN Nour,Poudre pour Suspension Buvable,10mg,Bt 16,22.44,11.648,I,RACECADOTRIL,N
302238,TIORTEC Enfant Pdre P Sol Or  30 MG BT 30,TIORTEC Enfant,Solution,30 MG,BT 30,13.63,12.03,I,RACECADOTRIL,N
302237,TIORTEC NOURISSON  Pdre P Sol Or 10 MG BT 16,TIORTEC NOURISSON,Solution,10 MG,BT 16,13.63,11.648,I,RACECADOTRIL,N
100786,TITANOREINE LIDOCAINE Pde rectale T/20 g,TITANOREINE LIDOCAINE,Pommade Rectale,20 g,,4.987,4.98,I,CARRAGHAHEEN+LIDOCAINE,N
100248,TITANOREINE Suppo 300mg Bt 12,TITANOREINE,Suppositoire,300mg,Bt 12,5.5,5.496,I,CARRAGHENATES+ZINC SULFATE,N
303503,TOBRA SP 15mg/5ml Collyre Fl 5ml,TOBRA SP,Collyre,15mg/5ml,Fl 5ml,3.63,3.63,E,TOBRAMYCINE,N
302338,TOBRACOL 3M Collyre 0.3% Fl 5ml,TOBRACOL 3M,Collyre,,Fl 5ml,3.63,3.63,E,TOBRAMYCINE,N
304326,TOBRACOL Collyre 0.3% Fl 5 ml,TOBRACOL,Collyre,,Fl 5 ml,3.63,3.63,E,TOBRAMYCINE,N
302240,TOBRACORT 3 M Collyre FL 5 ML,TOBRACORT 3 M,Collyre,,FL 5 ML,4.39,4.39,E,DEXAMETHASONE+TOBRAMYCINE,N
304325,TOBRACORTcOLLYRE  Fl 5 ml,TOBRACORT,Collyre,,Fl 5 ml,4.39,4.39,E,DEXAMETHASONE+TOBRAMYCINE,N
105302,TOBRADEX Collyre Fl 5ml,TOBRADEX,Collyre,,Fl 5ml,6.39,4.39,E,DEXAMETHASONE+TOBRAMYCINE,N
105303,TOBRADEX Pde Opht Tbe 3.5gr,TOBRADEX,Pommade Ophtalmique,,Tbe 3.5gr,6.395,6.395,E,DEXAMETHASONE+TOBRAMYCINE,N
105304,TOBREX Collyre 3mg/ml Fl 5ml,TOBREX,Collyre,3mg/ml,Fl 5ml,4.585,3.63,E,TOBRAMYCINE,N
307558,TOMYCOSE Lotion 10mg Fl 25ml,TOMYCOSE,Lotion,10mg,Fl 25ml,5.475,2.7,E,TOLNAFTATE,N
301645,TONUCAL Comp à Croquer 500 MG BT 30,TONUCAL,Comprimé à Croquer,500 MG,BT 30,5.235,4.47,E,CALCIUM,N
303390,TORENTAL Comp Ret. 400mg Bt 20,TORENTAL,Comprimé à Libération Prolongée,400mg,Bt 20,10.89,7.76,I,PENTOXYFYLLINE,N
309033,TORVA 10mg comp.pell Bt 30,TORVA,Comprimé Pelliculé,10mg,Bt 30,15.67,14.67,E,ATORVASTATINE,N
309048,TORVA 20mg comp.pell Bt 30,TORVA,Comprimé Pelliculé,20mg,Bt 30,20.455,19.32,E,ATORVASTATINE,N
303047,TORVA 80mg Comp Pell Bt 30,TORVA,Comprimé Pelliculé,80mg,Bt 30,34.025,25.08,E,ATORVASTATINE,N
309119,TORVA Comp Pell 10 mg Bt 90,TORVA,Comprimé Pelliculé,10 mg,Bt 90,47.08,44.01,E,ATORVASTATINE,N
309121,TORVA Comp Pell 20 mg Bt 90,TORVA,Comprimé Pelliculé,20 mg,Bt 90,68.295,57.96,E,ATORVASTATINE,N
309088,TORVA Comp Pell 40 mg Bt 30,TORVA,Comprimé Pelliculé,40 mg,Bt 30,28.555,22.56,E,ATORVASTATINE,N
309123,TORVA Comp Pell 40 mg Bt 90,TORVA,Comprimé Pelliculé,40 mg,Bt 90,85.035,67.68,E,ATORVASTATINE,N
105697,TOUJEO SOLOSTAR 300Unités/ml Sol Inj Bt 3Stylos/1.5ml (F),TOUJEO SOLOSTAR 300Unités/ml,Solution Injectable,,Bt 3Stylos/1.5ml,154.09,154.089,V,GLARGINE,O
300604,TRAMADIS Gélule 50mg Bt 10,TRAMADIS,Gélule,50mg,Bt 10,4.64,3.15,E,TRAMADOL,N
300510,TRAMADIS Sol inj 100mg/2ml Bt 5,TRAMADIS,Solution Injectable,100mg/2ml,Bt 5,9.96,8.44,E,TRAMADOL,N
300755,TRAMAL 100 mg sol.inj Bt/5/2 ml,TRAMAL,Solution Injectable,100 mg,Bt/5/2 ml,10.83,8.44,E,TRAMADOL,N
300717,TRAMAL 100mg/ml gttes buv fl/10ml,TRAMAL,Gouttes Buvables,100mg/ml,fl/10ml,11.69,7.87,E,TRAMADOL,N
300716,TRAMAL 50 mg gél b/10,TRAMAL,Gélule,50 mg,b/10,5.34,3.15,E,TRAMADOL,N
301152,TRAMAL RETARD Comp LP 100 mg Bt 10,TRAMAL RETARD,Comprimé à Libération Prolongée,100 mg,Bt 10,10.44,7.71,E,TRAMADOL,N
301211,TRAMAL Supp 100 mg Bt 5,TRAMAL Supp,,100 mg,Bt 5,4.6,4.6,E,TRAMADOL,N
102625,TRANXENE Gélule 10mg Bt 30,TRANXENE,Gélule,10mg,Bt 30,3.392,3.39,I,CLORAZEPATE DIPOTASSIQUE,N
105305,TRAVATAN Collyre 40 µg/ml  Fl 2.5ml,TRAVATAN,Collyre,40 µg/ml,Fl 2.5ml,31.268,31.268,E,TRAVOPROST,N
303055,TRIATEC 10mg Comp Séc Bt 30,TRIATEC,Comprimé Sécable,10mg,Bt 30,48.28,24.81,E,RAMIPRIL,N
303025,TRIATEC 2.5mg Comp. Séc. Bt 30,TRIATEC,Comprimé Sécable,2.5mg,Bt 30,34.03,19.5,E,RAMIPRIL,N
303026,TRIATEC 5mg Comp. Séc. Bt 30,TRIATEC,Comprimé Sécable,5mg,Bt 30,42.79,17.91,E,RAMIPRIL,N
301245,TRICIDINE 2 % Creme Der Tbe 15 gr,TRICIDINE 2 %,Crème,,Tbe 15 gr,6.29,4.71,E,ACIDE FUSIDIQUE,N
300936,TRICIDINE Pde Derm 2 % Tb 15,TRICIDINE,Pommade Dermique,,Tb 15,5.98,4.605,E,ACIDE FUSIDIQUE,N
303781,TRICIDINE PLUS 2%/0.1% Crème Derm Tb 15g,TRICIDINE PLUS 2%/0.1%,Crème Dermique,,Tb 15g,4.81,4.81,E,BETAMETHASONE+ACIDE FUSIDIQUE,N
300190,TRICLOBACTER Sol Ext 1% 200ml,TRICLOBACTER,Solution à Usage Topique,200ml,,3.885,2.8,I,TRICHLOCARBAN,N
300248,TRICLOBACTER Solution Fl 400ml,TRICLOBACTER Solution Fl,,400ml,Fl 400ml,5.85,5.6,I,TRICHLOCARBAN,N
307095,TRICLOSAN Pdre us ext 1% Bt 80gr,TRICLOSAN,Poudre à Usage Externe,,Bt 80gr,3.2,3.2,I,TRICHLOCARBAN,N
302378,TRIMAX 500 Comp Pell  Sec 500 MG BT 3,TRIMAX 500,Comprimé Pelliculé Sécable,500 MG,BT 3,11.63,7.929,E,AZITHROMYCINE,N
303163,TRIMAX UNO 500mg Comp pell Séc Bt 2,TRIMAX UNO,Comprimé Pelliculé Sécable,500mg,Bt 2,6.385,5.286,E,AZITHROMYCINE,N
300803,TRIMEDINE 100 mg gélu.b/30,TRIMEDINE,,100 mg,b/30,4.58,4.41,I,TRIMEBUTINE,N
300694,TRIMEGAM 100 mg Comp Bt 30,TRIMEGAM,Comprimé,100 mg,Bt 30,4.43,4.41,I,TRIMEBUTINE,N
303439,TRIPAKINE LP SAIPH 500mg Comp Pell LP Bt30,TRIPAKINE LP SAIPH,Comprimé à Libération Prolongée,500mg,,15.59,15.57,V,VALPROATE DE SODIUM+ACIDE VALPROIQUE,N
303257,TRIPLIXAM 10mg/2.5mg/10mg Comp Pell Bt 30,TRIPLIXAM,Comprimé Pelliculé,10mg/2.5mg/10mg,Bt 30,64.24,64.23,E,PERINDOPRIL+INDAPAMIDE+AMLODIPINE,N
303256,TRIPLIXAM 10mg/2.5mg/5mg Comp Pell Bt 30,TRIPLIXAM,Comprimé Pelliculé,10mg/2.5mg/5mg,Bt 30,59.816,59.79,E,PERINDOPRIL+INDAPAMIDE+AMLODIPINE,N
303255,TRIPLIXAM 5mg/1.25mg/10mg Comp Pell Bt 30,TRIPLIXAM,Comprimé Pelliculé,5mg/1.25mg/10mg,Bt 30,49.119,49.11,E,PERINDOPRIL+INDAPAMIDE+AMLODIPINE,N
303254,TRIPLIXAM 5mg/1.25mg/5mg Comp Pell Bt 30,TRIPLIXAM,Comprimé Pelliculé,5mg/1.25mg/5mg,Bt 30,46.067,46.05,E,PERINDOPRIL+INDAPAMIDE+AMLODIPINE,N
303057,TRITAZIDE 10mg/12.5mg Comp Séc Bt/30,TRITAZIDE,Comprimé Sécable,10mg/12.5mg,Bt/30,50.32,29.91,E,RAMIPRIL+HYDROCHLOROTHIZIDE,N
303019,TRITAZIDE 10mg/25mg Comp Séc Bt 30,TRITAZIDE,Comprimé Sécable,10mg/25mg,Bt 30,50.32,29.91,E,RAMIPRIL+HYDROCHLOROTHIZIDE,N
100027,TRITAZIDE 5MG/25MG  Comp Bt 28,TRITAZIDE,Comprimé,5MG/25MG,Bt 28,43.785,18.62,E,RAMIPRIL+HYDROCHLOROTHIZIDE,N
101425,TRIVASTAL RET Comp enr 50mg Bt 30,TRIVASTAL RET,Comprimé Enrobé,50mg,Bt 30,10.045,10.02,I,PIRIBEDIL,N
300212,"TUNOLOL  0,25% Collyre Bt 15 Ophtadoses/0.45ml","TUNOLOL  0,25%",Collyre,,Bt 15 Ophtadoses/0.45ml,5.225,5.22,E,TIMOLOL,N
307129,"TUNOLOL  Collyre 0,25% Fl 5ml",TUNOLOL,Collyre,,Fl 5ml,3.12,3.12,E,TIMOLOL,N
307130,"TUNOLOL  Collyre 0,5% Fl 5ml",TUNOLOL,Collyre,,Fl 5ml,3.17,3.17,E,TIMOLOL,N
300213,"TUNOLOL 0,5% Collyre  Bt 15 Ophtadoses/0.45ml","TUNOLOL 0,5%",Collyre,,Bt 15 Ophtadoses/0.45ml,6.94,6.93,E,TIMOLOL,N
104988,TWYNSTA 40 MG/ 10 MG COMP BT 28,TWYNSTA,Comprimé,40 MG/ 10 MG,BT 28,41.73,27.328,E,TELMISARTAN+AMLODIPINE,N
106149,TWYNSTA 40mg/10mg Comp Bt 28,TWYNSTA,Comprimé,40mg/10mg,Bt 28,45.08,27.328,E,TELMISARTAN+AMLODIPINE,N
106148,TWYNSTA 40mg/5mg Comp Bt 28,TWYNSTA,Comprimé,40mg/5mg,Bt 28,45.08,27.328,E,TELMISARTAN+AMLODIPINE,N
106153,TWYNSTA 80mg/10mg Comp Bt 28,TWYNSTA,Comprimé,80mg/10mg,Bt 28,51.435,31.164,E,TELMISARTAN+AMLODIPINE,N
106150,TWYNSTA 80mg/5mg Comp Bt 28,TWYNSTA,Comprimé,80mg/5mg,Bt 28,51.435,31.164,E,TELMISARTAN+AMLODIPINE,N
104987,TWYNSTA Comp 40MG/5MG BT 28,TWYNSTA,Comprimé,40MG/5MG,BT 28,41.73,27.328,E,TELMISARTAN+AMLODIPINE,N
104990,TWYNSTA Comp 80MG/10MG BT 28,TWYNSTA,Comprimé,80MG/10MG,BT 28,47.605,31.164,E,TELMISARTAN+AMLODIPINE,N
104989,TWYNSTA Comp 80MG/5MG BT 28,TWYNSTA,Comprimé,80MG/5MG,BT 28,47.605,31.164,E,TELMISARTAN+AMLODIPINE,N
301469,U-CEF Comp Pell 250 MG  Fl 14,U-CEF,Comprimé Pelliculé,250 MG,Fl 14,19.025,12.026,E,CEFUROXIME,N
301470,U-CEF Comp Pell 500 MG Fl 14,U-CEF,Comprimé Pelliculé,500 MG,Fl 14,32.685,32.676,E,CEFUROXIME,N
300402,UCIDERM Crème Derm 2% Tb 15gr,UCIDERM,Crème Dermique,,Tb 15gr,8.015,4.71,E,ACIDE FUSIDIQUE,N
300403,UCIDERM Pde Derm 2% Tb 15gr,UCIDERM,Pommade Dermique,,Tb 15gr,8.015,4.605,E,ACIDE FUSIDIQUE,N
300681,UCIDERM PLUS créme derm.t/15 g,UCIDERM PLUS créme derm.t/,,15 g,,7.85,5.04,E,BETAMETHASONE+ACIDE FUSIDIQUE,N
107224,ULCAR pdre susp orale 1gr Sach Bt 30,ULCAR,Suspension Buvable,,Bt 30,10.905,9.33,I,SUCRALFATE,N
300282,ULCEFIX Comp Bt 30,ULCEFIX,Comprimé,,Bt 30,8.9,8.88,I,SUCRALFATE,N
300129,ULCEFIX Pdre Or Sach 1gr Bt 30,ULCEFIX,Poudre pour Suspension Buvable,,Bt 30,9.345,9.33,I,SUCRALFATE,N
309813,ULDINE Comp 10mg Bt 20,ULDINE,Comprimé,10mg,Bt 20,5.16,4.88,E,FAMOTIDINE,N
309863,ULDINE Comp 20mg Bt 30,ULDINE,Comprimé,20mg,Bt 30,13.92,13.23,E,FAMOTIDINE,N
104976,ULTIBRO BREEZHALER  Pdr PInh Bucc  85 µg/43 µg BT 30 Gelule + Inh,ULTIBRO BREEZHALER  Pdr PInh Bucc,Gélule,85 µg/43 µg,,139.805,139.8,E,GLYCOPYRRONIUM BROMIDE+INDACATEROL,N
105704,UN-ALFA 1µg Caps Molle Fl 30,UN-ALFA,,1µg,Fl 30,53.455,38.73,E,ALFACALCIDOL,N
103604,"UN-ALFA Caps 0,25µg Bt 30",UN-ALFA Caps,,"0,25µg",Bt 30,5.696,5.67,E,ALFACALCIDOL,N
307697,UNICAINE 1% Sol Inj  Bt 10/5ml,UNICAINE 1%,Solution Injectable,,Bt 10/5ml,4.96,4.81,E,LIDOCAINE,N
307698,UNICAINE Sol Inj 2% Bt 10/5ml,UNICAINE,Solution Injectable,,Bt 10/5ml,6.12,5.44,E,LIDOCAINE,N
301917,UNICROM 3 M Collyre  4 % FL 5 ML,UNICROM 3 M,Collyre,,FL 5 ML,7.18,5.45,E,CROMOGLYCATE DE SODIUM,N
301916,UNICROM 3 M Collyre 2 % FL 5 ML,UNICROM 3 M,Collyre,,FL 5 ML,6.29,4.19,E,CROMOGLYCATE DE SODIUM,N
300660,UNICROM 4% collyre fl/ 5 ml,UNICROM 4%,Collyre,,fl/ 5 ml,5.45,5.45,E,CROMOGLYCATE DE SODIUM,N
307358,UNICROM Collyre 2% Fl 5ml,UNICROM,Collyre,,Fl 5ml,4.19,4.19,E,CROMOGLYCATE DE SODIUM,N
300293,UNICROM OPHTADOSE Collyre 2% Bt 15,UNICROM OPHTADOSE,Collyre,,Bt 15,8.64,4.19,E,CROMOGLYCATE DE SODIUM,N
307792,UNIDEX Amp inj 4mg/ml Bt 10/1ml,UNIDEX,Solution Injectable,4mg/ml,Bt 10/1ml,7.335,7.33,E,DEXAMETHASONE,N
308363,UNIDEX Amp inj 4mg/ml Bt 1vrac,UNIDEX,Solution Injectable,4mg/ml,Bt 1vrac,0.924,0.733,E,DEXAMETHASONE,N
300179,UNIDEX FORT Sol Inj 8mg/2ml Bt 1,UNIDEX FORT,Solution Injectable,8mg/2ml,Bt 1,1.45,1.25,E,DEXAMETHASONE,N
307725,"UNIGENTA  Collyre 0,3% Fl 5ml",UNIGENTA,Collyre,,Fl 5ml,2.94,2.94,E,GENTAMICINE,N
300777,UNIGENTA 10 mg sol.inj.Bt/2/1 ml,UNIGENTA,Solution Injectable,10 mg,Bt/2/1 ml,2.08,2.078,E,GENTAMICINE,N
300781,UNIGENTA 160 mg sol.inj.Bt/2/2ml,UNIGENTA,Solution Injectable,160 mg,Bt/2/2ml,6.26,6.26,E,GENTAMICINE,N
300778,UNIGENTA 20 mg sol.inj.Bt/2/2 ml,UNIGENTA,Solution Injectable,20 mg,Bt/2/2 ml,2.39,2.158,E,GENTAMICINE,N
300779,UNIGENTA 40 mg sol.inj. Bt/2/2ml,UNIGENTA,Solution Injectable,40 mg,Bt/2/2ml,2.835,2.148,E,GENTAMICINE,N
300780,UNIGENTA 80 mg sol.inj.Bt/2/2ml,UNIGENTA,Solution Injectable,80 mg,Bt/2/2ml,3.78,3.504,E,GENTAMICINE,N
301883,UNIGENTA Sol INJ 160 MG BT /2ML,UNIGENTA,Solution Injectable,160 MG,BT /2ML,3.88,3.13,E,GENTAMICINE,N
307515,UNIPHRINE 0.5% Collyre Fl 5ml,UNIPHRINE 0.5%,Collyre,,Fl 5ml,1.45,1.45,I,BENZALKONIUM CHLORURE+BORATE DE SOUDE+SYNEPHRINE,N
302759,UNISIA 8 mg/5 mg COMP. BT 30,UNISIA,Comprimé,8 mg/5 mg,BT 30,28.535,28.53,E,CANDESARTAN+AMLODIPINE,N
300691,UNITAG 200 mg/2 ml sol.inj.b/10/2 ml,UNITAG,Solution Injectable,200 mg/2 ml,b/10/2 ml,5.945,5.94,E,CIMETIDINE,N
300665,UPFEN 200 mg comp.efferv.t/2/10,UPFEN,Comprimé Effervescent,200 mg,,6.28,4.78,E,IBUPROFEN,N
107074,URBANYL 10mg Comp Séc Bt 30,URBANYL,Comprimé Sécable,10mg,Bt 30,11.115,8.22,I,CLOBAZAM,N
303387,URBANYL Comp Sec 10mg Bt 30,URBANYL,Comprimé Sécable,10mg,Bt 30,8.24,8.22,I,CLOBAZAM,N
303675,URICARE 10mg Comp. Pell. Bt 30,URICARE,Comprimé Pelliculé,10mg,Bt 30,35.14,35.13,E,SOLIFENACINE SUCCINATE,N
303674,URICARE 5mg Comp. Pell. Bt 30,URICARE,Comprimé Pelliculé,5mg,Bt 30,35.14,35.13,E,SOLIFENACINE SUCCINATE,N
104715,UROREC Gelule 4 MG  BT 30,UROREC,Gélule,4 MG,BT 30,34.175,22.23,E,SILODOSINE,N
104716,UROREC Gelule 8 MG BT 30,UROREC,Gélule,8 MG,BT 30,34.175,22.23,E,SILODOSINE,N
303018,URPEX 5% Crème Derm Tb 5 gr,URPEX 5%,Crème Dermique,,Tb 5 gr,6.135,6.135,I,ACICLOVIR,N
104932,URSOBILANE 300 mg GEL. BT 60,URSOBILANE,Gélule,300 mg,BT 60,75.405,75.36,E,URSODESOXYCHOLIQUE ACIDE,O
106963,URSOLVAN Gel 200 MG Bt 30,URSOLVAN,Gélule,200 MG,Bt 30,22.626,22.62,E,URSODESOXYCHOLIQUE ACIDE,O
102130,UTROGESTAN Caps 200mg Bt 15,UTROGESTAN Caps,,200mg,Bt 15,10.551,10.545,E,PROGESTERONE,N
300565,VAAMOX IV Enf et Nour 500mg/50mg Pdre P Prép inj B/1,VAAMOX IV Enf et Nour,Poudre pour Préparation Injectable,500mg/50mg,B/1,3.7,3.7,E,AMOXICILLINE+ACIDE CLAVULANIQUE,N
300503,VAAMOX Pdre inj IV 1gr Bt 1,VAAMOX,Poudre pour Préparation Injectable,,Bt 1,7.17,7.17,E,AMOXICILLINE+ACIDE CLAVULANIQUE,N
307824,VAGILEN Ovule 500mg Bt 10,VAGILEN Ovule,,500mg,Bt 10,3.44,3.31,I,METRONIDAZOLE,N
302923,VAINCOR 10 MG Comp Pell Sec  Bt 91,VAINCOR,Comprimé Pelliculé Sécable,10 MG,Bt 91,240.24,173.628,E,OLANZAPINE,O
302922,VAINCOR 5 MG Comp Pell Sec  Bt 91,VAINCOR,Comprimé Pelliculé Sécable,5 MG,Bt 91,135.94,70.98,E,OLANZAPINE,O
300871,VAINCOR Comp Enro Séc 5mg Bt 28,VAINCOR,Comprimé Sécable,5mg,Bt 28,46.44,21.84,E,OLANZAPINE,O
300872,VAINCOR Comp Pell Séca 10mg Bt 28,VAINCOR,Comprimé Pelliculé Sécable,10mg,Bt 28,88.24,53.424,E,OLANZAPINE,O
302109,VAL Comp Pell 160 MG BT 30,VAL,Comprimé Pelliculé,160 MG,BT 30,31.94,26.22,E,VALSARTAN,N
302108,VAL Comp Pell 80 MG  BT 30,VAL,Comprimé Pelliculé,80 MG,BT 30,21.375,17.13,E,VALSARTAN,N
302871,VALCYVIR 500 mg comp enr BT 10,VALCYVIR,Comprimé Enrobé,500 mg,BT 10,25.76,22.23,E,VALACICLOVIR,N
302872,VALCYVIR 500 mg COMP PELL BT 42,VALCYVIR,Comprimé Pelliculé,500 mg,BT 42,103.705,93.366,E,VALACICLOVIR,N
308389,"VALECORT Crème Derm 0,1% Tb 10gr",VALECORT,Crème Dermique,,Tb 10gr,3.995,3.99,E,BETAMETHASONE,N
300379,"VALECORT Lotion 0,1% Fl 15gr",VALECORT,Lotion,,Fl 15gr,2.9,2.895,E,BETAMETHASONE,N
300381,"VALECORT NEO Lotion 0,1% Fl 15gr",VALECORT NEO,Lotion,,Fl 15gr,3.325,3.315,E,BETAMETHASONE+NEOMYCINE,N
308479,"VALECORT NEO. Crème Derm.0,1% Tb 10gr",VALECORT NEO.,Crème Dermique,,Tb 10gr,3.325,2.03,E,BETAMETHASONE+NEOMYCINE,N
308480,"VALECORT NEO. Pde Derm 0,1% Tb 10 gr",VALECORT NEO.,Pommade Dermique,,Tb 10 gr,3.05,2.03,E,BETAMETHASONE+NEOMYCINE,N
308388,"VALECORT Pde Derm 0,1% Tb 10gr",VALECORT,Pommade Dermique,,Tb 10gr,4.16,4.16,E,BETAMETHASONE,N
301490,VALOXINE Sirop 57.64 mg/ml  Fl 150 ml,VALOXINE,Sirop,57.64 mg/ml,Fl 150 ml,9.705,9.6,V,ACIDE VALPROIQUE,N
301539,VALOXINE Sol Buv 200 MG/ML FL 60 ML,VALOXINE,Solution Buvable,200 MG/ML,FL 60 ML,9.035,9,V,ACIDE VALPROIQUE,N
104607,VALPROATE DE SODIUM MYLAN Comp Pell Sec LP 500 MG  FL 30,VALPROATE DE SODIUM MYLAN,Comprimé à Libération Prolongée,500 MG,FL 30,19.465,15.57,V,VALPROATE DE SODIUM+ACIDE VALPROIQUE,N
303049,VALUE PLUS 10mg/160mg Comp Pell Bt 30,VALUE PLUS,Comprimé Pelliculé,10mg/160mg,Bt 30,38.25,37.8,E,AMLODIPINE+VALSARTAN,N
303050,VALUE PLUS 5mg/160mg Comp Pell Bt 30,VALUE PLUS,Comprimé Pelliculé,5mg/160mg,Bt 30,38.25,37.8,E,AMLODIPINE+VALSARTAN,N
303048,VALUE PLUS 5mg/80mg Comp Pell Bt 30,VALUE PLUS,Comprimé Pelliculé,5mg/80mg,Bt 30,33.76,33.36,E,AMLODIPINE+VALSARTAN,N
300599,VASCOR  Comp enr sec 10mg Bt 30,VASCOR,Comprimé Sécable,10mg,Bt 30,15.525,15.51,E,SIMVASTATINE,N
300600,VASCOR  Comp enr sec 20mg Bt 30,VASCOR,Comprimé Sécable,20mg,Bt 30,33,14.16,E,SIMVASTATINE,N
301489,VASCOR Comp Pell Sec  40 mg Bt 90,VASCOR,Comprimé Pelliculé Sécable,40 mg,Bt 90,68.64,57.15,E,SIMVASTATINE,N
301488,VASCOR Comp Pell Sec 20 mg Bt 90,VASCOR,Comprimé Pelliculé Sécable,20 mg,Bt 90,50.87,42.48,E,SIMVASTATINE,N
302277,VASCOR Comp Pell Sec 40 mg Bt 30,VASCOR,Comprimé Pelliculé Sécable,40 mg,Bt 30,36.58,19.05,E,SIMVASTATINE,N
301096,VASOCARD LP Comp Sec  200mg  Bt 30,VASOCARD LP,Comprimé Sécable,200mg,Bt 30,10.84,10.83,E,METOPROLOL,N
303569,VENTAXX 100µg/ Dose Susp. P.Inh. Fl/200 Doses,VENTAXX,Suspension pour Inhalation,100µg,Fl/200 Doses,5.88,5.8,E,SALBUTAMOL,N
300878,VERAX Supp Ad 100mg Bt10,VERAX Supp Ad,,100mg,,2.95,2.95,E,BENZYDAMINE,N
300877,VERAX SUPP Enf 25 mg Bt10,VERAX SUPP Enf,,25 mg,,2.19,2.19,E,BENZYDAMINE,N
300195,VERMOX Comp 100mg Bt 6,VERMOX,Comprimé,100mg,Bt 6,2.525,2.52,E,MEBENDAZOLE,N
300168,VERMOX Comp 500mg Bt 1,VERMOX,Comprimé,500mg,Bt 1,1.89,1.89,E,MEBENDAZOLE,N
300161,VERMOX Susp Buv Fl 30ml,VERMOX,Suspension Buvable,,Fl 30ml,4.53,4.53,E,MEBENDAZOLE,N
302598,VERMOZOL 100/5 ML SUSP. BUV. FL/30 ml,VERMOZOL 100/,Suspension Buvable,5 ML,FL/30 ml,5.7,4.53,E,MEBENDAZOLE,N
303405,VERMOZOL 100mg Comp Bt 6,VERMOZOL,Comprimé,100mg,Bt 6,5.875,2.52,E,MEBENDAZOLE,N
105124,VESICARE 10 MG COMP PELL BT 30,VESICARE,Comprimé Pelliculé,10 MG,BT 30,65.155,35.13,E,SOLIFENACINE SUCCINATE,N
105123,VESICARE 5 MG COMP PELL BT 30,VESICARE,Comprimé Pelliculé,5 MG,BT 30,65.155,35.13,E,SOLIFENACINE SUCCINATE,N
303155,VETIRA 250mg Comp Pell Bt 60,VETIRA,Comprimé Pelliculé,250mg,Bt 60,23.96,13.32,E,LEVETIRACETAM,N
303156,VETIRA 500mg Comp Pell Bt 60,VETIRA,Comprimé Pelliculé,500mg,Bt 60,47.68,19.74,E,LEVETIRACETAM,N
306064,VIBRA  Comp 200mg Bt 8,VIBRA,Comprimé,200mg,Bt 8,8.405,5.488,E,DOXYCYCLINE,N
306068,VIBRAMYCINE N Comp 100mg Bt 10,VIBRAMYCINE N,Comprimé,100mg,Bt 10,5.48,4.07,E,DOXYCYCLINE,N
302210,VIGASPIR Comp Bt 20,VIGASPIR,Comprimé,,Bt 20,2.94,2.94,E,PARACETAMOL+ACIDE ACETYLSALICYLIQUE+CODEINE,N
303312,VILDA 50mg Comp Bt 30,VILDA,Comprimé,50mg,Bt 30,30.33,19.38,E,VILDAGLIPTINE,N
303491,VILDA 50mg Comp Bt 60,VILDA,Comprimé,50mg,Bt 60,54.24,38.76,E,VILDAGLIPTINE,N
303623,VILDAMET 50mg/1000mg Comp Pell Bt 30,VILDAMET,Comprimé Pelliculé,50mg/1000mg,Bt 30,33.48,23.61,E,VILDAGLIPTINE+METFORMINE,N
303313,VILDAMET 50mg/1000mg Comp Pell Bt 60,VILDAMET,Comprimé Pelliculé,50mg/1000mg,Bt 60,66.74,47.22,E,VILDAGLIPTINE+METFORMINE,N
302926,VILDYNE 50 MG Comp BT 60,VILDYNE,Comprimé,50 MG,BT 60,55.02,38.76,E,VILDAGLIPTINE,N
302600,VILDYNE 50 mg COMP. BT/30,VILDYNE,Comprimé,50 mg,BT/30,31.99,19.38,E,VILDAGLIPTINE,N
102430,VIRGAN Gel Opht 0.15% Tb 5gr,VIRGAN,Gélule,,Tb 5gr,15.287,15.285,E,GANCICLOVIR,N
300370,VIRLIX Comp 10mg Bt 15,VIRLIX,Comprimé,10mg,Bt 15,9.62,3.75,E,CETIRIZINE,N
300290,"VISIODIS Collyre 0,01% Fl 10ml",VISIODIS,Collyre,,Fl 10ml,1.485,1.48,I,CETHOXINIUM,N
301658,VISSEN Comp Pell  20 mg BT 30,VISSEN,Comprimé Pelliculé,20 mg,BT 30,38.44,24.3,E,ROSUVASTATINE,N
301657,VISSEN Comp Pell 10 MG BT 30,VISSEN,Comprimé Pelliculé,10 MG,BT 30,27.595,16.2,E,ROSUVASTATINE,N
301778,VISSEN Comp Pell 10 MG BT 90,VISSEN,Comprimé Pelliculé,10 MG,BT 90,72.19,48.6,E,ROSUVASTATINE,N
301779,VISSEN Comp Pell 20 mg  BT  90,VISSEN,Comprimé Pelliculé,20 mg,BT  90,103.365,72.9,E,ROSUVASTATINE,N
301656,VISSEN Comp Pell 5 MG BT 30,VISSEN,Comprimé Pelliculé,5 MG,BT 30,19.825,13.68,E,ROSUVASTATINE,N
301777,VISSEN Comp Pell 5 MG BT 90,VISSEN,Comprimé Pelliculé,5 MG,BT 90,51.72,41.04,E,ROSUVASTATINE,N
303259,VIT D3 200 000UI/ML SOL INJ IM ET ORALE BT 1 AMP/1ML,VIT D3 200,Solution Injectable,000UI/ML,BT 1 AMP/1ML,5.17,3.74,E,VITAMINE D,N
303165,VITA B/12 1000ug/ml Sol Inj IM Bt 4Amp De 1ml (ex B12 INJECT),VITA B/12,Solution Injectable,1000ug,Bt 4Amp De 1ml,6.11,5.92,E,CYANOCOBALAMINE,N
104374,VITABACT  Collyre 0.05 %  FL 10 ML,VITABACT,Collyre,,FL 10 ML,4.349,4.34,I,PICLOXYDINE,N
105805,VITAMINE  D3 B.O.N Sol inj  Bt 1Amp/1ml,VITAMINE  D3 B.O.N,Solution Injectable,,Bt 1Amp/1ml,4.7,3.74,E,VITAMINE D,N
102887,VITAMINE A FAURE collyre Fl/10 ml,VITAMINE A FAURE,Collyre,,Fl/10 ml,5.195,5.19,I,VITAMINE A,N
308004,VITAMINE B12 Amp inj 1000µG Bt 4/1ml,VITAMINE B12,Solution Injectable,1000µG,Bt 4/1ml,5.92,5.92,E,CYANOCOBALAMINE,N
104317,VITAMINE E 100 Capsule Molle 100 mg  Bt 50,VITAMINE E 100 Capsule Molle,,100 mg,Bt 50,5.707,5.7,E,VITAMINE E,N
104318,VITAMINE E 200 Capsule Molle 200mg  Bt 60,VITAMINE E 200 Capsule Molle,,200mg,Bt 60,8.562,8.52,E,VITAMINE E,N
302377,VITAPRED 20  Comp Orodisp 20 MG BT 18,VITAPRED 20,Comprimé Orodispersible,20 MG,BT 18,8.53,4.572,E,PREDNISOLONE,N
301979,VITAPRED 20 20mg Comp Orodipersible BT 10,VITAPRED 20,Comprimé Orodispersible,20mg,BT 10,5.89,2.54,E,PREDNISOLONE,N
303295,VITAPRED 20 20mg Comp Orodisp Bt 30,VITAPRED 20,Comprimé Orodispersible,20mg,Bt 30,12.9,7.62,E,PREDNISOLONE,N
303648,VITAPRED 5 5mg Comp Orodisp Bt 10,VITAPRED 5,Comprimé Orodispersible,5mg,Bt 10,2.695,2.11,E,PREDNISOLONE,N
303294,VITAPRED 5 5mg Comp Orodisp Bt 30,VITAPRED 5,Comprimé Orodispersible,5mg,Bt 30,8.03,6.33,E,PREDNISOLONE,N
301978,VITAPRED 5 Comp Orodispersible 5 MG BT 20,VITAPRED 5,Comprimé Orodispersible,5 MG,BT 20,6.01,4.22,E,PREDNISOLONE,N
301898,VITAPRED Coimp Orodis 20 MG FL 20,VITAPRED Coimp Orodis,,20 MG,FL 20,10.38,5.08,E,PREDNISOLONE,N
301897,VITAPRED Comp Orodis 5 MG FL 30,VITAPRED,Comprimé Orodispersible,5 MG,FL 30,8.03,6.33,E,PREDNISOLONE,N
301077,VOCOZOLE 1% Creme Der Tbe 15gr,VOCOZOLE 1%,Crème,,Tbe 15gr,3.14,2.82,E,ISOCONAZOLE,N
300899,VOLFENAC SUPP A 100mg  Bt 8,VOLFENAC SUPP A,,100mg,Bt 8,5.05,2.992,E,DICLOFENAC,N
301028,VOLTARENE Comp Gastroresis 25mg Bt 30,VOLTARENE,Comprimé Gastro-Résistant,25mg,Bt 30,3.95,2.82,E,DICLOFENAC,N
301029,VOLTARENE Comp Gastroresis 50mg Bt 30,VOLTARENE,Comprimé Gastro-Résistant,50mg,Bt 30,6.92,5.1,E,DICLOFENAC,N
301285,VOLTARENE ENFANT Supp 25 mg Bt 10,VOLTARENE ENFANT Supp,,25 mg,Bt 10,3.44,3.44,E,DICLOFENAC,N
101899,VOLTARENE LP Comp LP 75mg Bt 30,VOLTARENE LP,Comprimé à Libération Prolongée,75mg,Bt 30,11.311,11.31,E,DICLOFENAC,N
301287,VOLTARENE Supp 100 mg B 10,VOLTARENE Supp,,100 mg,B 10,5.43,3.74,E,DICLOFENAC,N
301284,VOLTARENE Supp 12.5 mg Bt 10,VOLTARENE Supp,,12.5 mg,Bt 10,3.325,3.32,E,DICLOFENAC,N
301286,VOLTARENE Supp 50 mg Bt 10,VOLTARENE Supp,,50 mg,Bt 10,4.19,4.19,E,DICLOFENAC,N
301623,VOMICALM Susp Buv 1 MG/ML  FL 200 ML +Pipette,VOMICALM,Suspension Buvable,1 MG/ML,FL 200 ML +Pipette,6.955,6.4,I,DOMPERIDONE,N
301201,VOTREX Comp Gastroresis 25 mg Bt 30,VOTREX,Comprimé Gastro-Résistant,25 mg,Bt 30,2.845,2.82,E,DICLOFENAC,N
301202,VOTREX Comp Gastroresis 50 mg BT 20,VOTREX,Comprimé Gastro-Résistant,50 mg,BT 20,3.76,3.4,E,DICLOFENAC,N
301055,VOTREX LP Comp à L P 100mg  Bt 10,VOTREX LP,Comprimé,100mg,Bt 10,3.76,3.76,E,DICLOFENAC,N
303180,VOTRIL 0.3mg/0.3ml Collyre Bt /24 Unidoses/0.3 ml,VOTRIL,Collyre,0.3mg/0.3ml,Bt /24 Unidoses/0.3 ml,6.655,6.653,E,DICLOFENAC,N
303651,VOTRIL 75mg/3ml Sol.Inj.Bt 5/3ml,VOTRIL,Solution Injectable,75mg/3ml,Bt 5/3ml,4.18,3.24,E,DICLOFENAC,N
300147,WAXSOL Gttes Auric 0.5%  Fl 10ml,WAX,Solution Auriculaire,,Fl 10ml,3,3,I,DOCUSATE SODIQUE,N
105533,XALACOM colllyre Fl 2.5ml (F) (ex 102097),XALACOM colllyre Fl,,2.5ml,Fl 2.5ml,32.015,26.415,E,LATANOPROST+TIMOLOL,N
303458,XALANOL 50ug/5mg Collyre Fl 2.5ml (F),XALANOL,Collyre,50ug/5mg,Fl 2.5ml,29.24,26.415,E,LATANOPROST+TIMOLOL,N
105527,XALATAN 50mcg/ml Collyre Fl 2.5ml (F) (ex 103318),XALATAN,Collyre,50mcg/ml,Fl 2.5ml,37.49,24.26,E,LATANOPROST,N
106742,XANAX RETARD 0.5 mg Comp LP Bt/30,XANAX RETARD,Comprimé à Libération Prolongée,0.5 mg,Bt/30,6.175,6.15,I,ALPRAZOLAM,N
105424,XANAX RETARD 1mg Comp LP Bt/30,XANAX RETARD,Comprimé à Libération Prolongée,1mg,Bt/30,8.105,8.1,I,ALPRAZOLAM,N
106743,XANAX RETARD 1mg Comp LP Bt/30,XANAX RETARD,Comprimé à Libération Prolongée,1mg,Bt/30,8.105,8.1,I,ALPRAZOLAM,N
302820,XAPROST LP 10 mg COMP. LP BT 30,XAPROST LP,Comprimé à Libération Prolongée,10 mg,BT 30,33.78,33.78,I,ALFUZOSINE,N
106044,XARACTAN 20mg Caps Molle Bt 30,XARACTAN,,20mg,Bt 30,41.18,31.95,I,ISOTRETINOINE,N
102000,XATRAL Comp LP 10mg Bt 30,XATRAL,Comprimé à Libération Prolongée,10mg,Bt 30,64.325,33.78,I,ALFUZOSINE,N
106674,XATRAL Comp pell 2.5mg Bt 30,XATRAL,Comprimé Pelliculé,2.5mg,Bt 30,13.701,13.68,I,ALFUZOSINE,N
303197,X-BACK 100mg Gél Bt 20,X-BACK,Gélule,100mg,Bt 20,7.24,7.24,I,CELECOXIB,N
303194,X-BACK 200 200mg Gél Bt 10,X-BACK 200,Gélule,200mg,Bt 10,6.57,6.34,I,CELECOXIB,N
303195,X-BACK 200 200mg Gél Bt 20,X-BACK 200,Gélule,200mg,Bt 20,12.88,12.68,I,CELECOXIB,N
303196,X-BACK 200 200mg Gél Bt 30,X-BACK 200,Gélule,200mg,Bt 30,19.24,19.02,I,CELECOXIB,N
301117,XEDOL  Supp 100 mg  Bt 10,XEDOL  Supp,,100 mg,Bt 10,3.745,3.74,E,DICLOFENAC,N
500141,XENETIX 300 Sol Inj 30 GR/100 ML FL 100 ML,XENETIX 300,Solution Injectable,100 ML,FL 100 ML,127.593,127.5,E,IOBITRIDOL,N
500152,XENETIX 350 Sol Inj  35 GR /100 ML  FL 100 ML,XENETIX 350,Solution Injectable,100 ML,FL 100 ML,143.042,143,E,IOBITRIDOL,N
500154,XENETIX 350 Sol Inj  7 GR/20 ML FL 20 ML,XENETIX 350,Solution Injectable,20 ML,FL 20 ML,38.832,28.6,E,IOBITRIDOL,N
500169,XENETIX 350 Sol. Inj. 17.5 gr/50 ml Fl 50 ml,XENETIX 350,Solution Injectable,50 ml,Fl 50 ml,71.649,71.5,E,IOBITRIDOL,N
106043,XERACTAN 10mg Caps Molle Bt 30,XERACTAN,,10mg,Bt 30,25.18,18.06,I,ISOTRETINOINE,N
303181,XTIOVA EASY FLOW 18mcg Pdre P Inhal Bucc Bt 30 Gél + Inhal,XTIOVA EASY FLOW,Poudre pour Inhalation,18mcg,Bt 30 Gél + Inhal,70.58,70.56,E,TIOTROPIUM,N
301296,XYLAR 250 Comp Pell 250 mg Bt 14,XYLAR 250,Comprimé Pelliculé,250 mg,Bt 14,15.42,13.286,E,CLARITHROMYCINE,N
300866,XYLAR Comp Pel 500mg Bt 14,XYLAR,Comprimé,500mg,Bt 14,29.205,19.712,E,CLARITHROMYCINE,N
301095,XYLAR Comp Pell Sec 250 mg Bt 10,XYLAR,Comprimé Pelliculé Sécable,250 mg,Bt 10,11.04,9.49,E,CLARITHROMYCINE,N
301734,XYLIX Comp Pell  5 MG BT 15,XYLIX,Comprimé Pelliculé,5 MG,BT 15,7.815,5.595,E,LEVOCETIRIZINE,N
301886,XYLIX Comp Pell 5 MG BT30,XYLIX,Comprimé Pelliculé,5 MG,,13.63,11.19,E,LEVOCETIRIZINE,N
104692,XYZALL Comp Pell 5 MG BT 28,XYZALL,Comprimé Pelliculé,5 MG,BT 28,17.365,10.444,E,LEVOCETIRIZINE,N
103255,XYZALL Comp Pell 5mg Bt 14,XYZALL,Comprimé Pelliculé,5mg,Bt 14,12.215,5.222,E,LEVOCETIRIZINE,N
100340,YOHIMBINE Comp 2mg Bt 50,YOHIMBINE,Comprimé,2mg,Bt 50,2.52,2.5,I,YOHIMBINE CHLORHYDRATE,N
300854,Z ZOLE 400mg comp.pell.séc Bt 1,Z ZOLE,Comprimé Pelliculé Sécable,400mg,Bt 1,3.785,3.12,E,ALBENDAZOLE,N
302110,Z ZOLE Susp Buv 4 % BT 2 Sachets /5 ML,Z ZOLE,Suspension Buvable,,BT 2 Sachets /5 ML,4.655,4.1,E,ALBENDAZOLE,N
300164,Z ZOLE Susp Or 4gr/100ml Fl 10ml,Z ZOLE,Suspension Buvable,100ml,Fl 10ml,4.455,4.1,E,ALBENDAZOLE,N
103401,ZALDIAR Comp Pell 37.5mg/325 mg Bt 20,ZALDIAR,Comprimé Pelliculé,37.5mg/325 mg,Bt 20,19.32,4.48,E,TRAMADOL+PARACETAMOL,N
104633,ZALERG Collyre 0.25MG/ML FL 5 ML,ZALERG,Collyre,0.25MG/ML,FL 5 ML,13.187,13.185,E,KETOTIFENE,N
104342,ZANEXTRA Comp Pell 20 MG /10 MG Bt 30,ZANEXTRA,Comprimé Pelliculé,20 MG /10 MG,Bt 30,39.04,39.03,E,ENALAPRIL+LERCANIDIPINE,N
104992,ZANEXTRA Comp Pell 20 MG /20 MG Bt 30,ZANEXTRA,Comprimé Pelliculé,20 MG /20 MG,Bt 30,51.03,51.03,E,ENALAPRIL+LERCANIDIPINE,N
302873,ZANIDIP 20 mg COMP PELL  BT 30,ZANIDIP,Comprimé Pelliculé,20 mg,BT 30,35.24,25.65,E,LERCANIDIPINE,N
104606,ZANIDIP Comp Pell Sec 10 mg BT 30,ZANIDIP,Comprimé Pelliculé Sécable,10 mg,BT 30,39.415,25.65,E,LERCANIDIPINE,N
300028,ZANTAC Comp 150mg Bt 20,ZANTAC,Comprimé,150mg,Bt 20,17.535,11.04,E,RANITIDINE,N
300027,ZANTAC Comp 300mg Bt 10,ZANTAC,Comprimé,300mg,Bt 10,16.845,16.84,E,RANITIDINE,N
105017,ZANTIPRES 7.5 MG COMP. PELL. BT 12,ZANTIPRES,Comprimé Pelliculé,7.5 MG,BT 12,12.956,12.948,E,ZOFENOPRIL,N
104631,ZANTIPRES Comp Pell 30 MG BT 28,ZANTIPRES,Comprimé Pelliculé,30 MG,BT 28,20.346,20.328,E,ZOFENOPRIL,N
104589,ZANTIPRIDE Comp Pell  30 MG/12.5MG BT 28,ZANTIPRIDE,Comprimé Pelliculé,30 MG/12.5MG,BT 28,20.247,20.244,E,ZOFENOPRIL+HYDROCHLORTHIAZIDE,N
302355,ZARTAN Comp Pell Séc 50 MG BT 90,ZARTAN,Comprimé Pelliculé Sécable,50 MG,BT 90,67.315,59.76,E,LOSARTAN,N
300629,ZARTAN Comp sec 50mg Bt 30,ZARTAN,Comprimé Sécable,50mg,Bt 30,26.665,19.92,E,LOSARTAN,N
302356,ZARTAN FORT Comp Pell Séc 100 100 MG BT 90,ZARTAN FORT,Comprimé Pelliculé Sécable,100 MG,BT 90,72.85,69.21,E,LOSARTAN,N
302111,ZARTAN FORT Comp Pell Sec 100 MG BT 30,ZARTAN FORT,Comprimé Pelliculé Sécable,100 MG,BT 30,33,23.07,E,LOSARTAN,N
302491,ZARTEG Comp Pell  160 MG BT 30,ZARTEG,Comprimé Pelliculé,160 MG,BT 30,32.845,26.22,E,VALSARTAN,N
302492,ZARTEG Comp Pell  160 MG BT 90,ZARTEG,Comprimé Pelliculé,160 MG,BT 90,78.735,78.66,E,VALSARTAN,N
302489,ZARTEG Comp Pell Sec  80 MG BT 30,ZARTEG,Comprimé Pelliculé Sécable,80 MG,BT 30,22.075,17.13,E,VALSARTAN,N
302490,ZARTEG Comp Pell Sec  80 MG BT 90,ZARTEG,Comprimé Pelliculé Sécable,80 MG,BT 90,51.44,51.39,E,VALSARTAN,N
309083,ZECLAR  Enf Sus Buv /gran  50mg/ml Fl 60 ml + pip dos,ZECLAR  Enf Sus Buv /gran,,50mg/ml/60 ml,Fl 60 ml + pip dos,21.6,19.38,E,CLARITHROMYCINE,N
309952,ZECLAR Comp 250mg Bt 10,ZECLAR,Comprimé,250mg,Bt 10,16.82,9.49,E,CLARITHROMYCINE,N
309992,ZECLAR Comp 500mg Bt 14,ZECLAR,Comprimé,500mg,Bt 14,38.715,19.712,E,CLARITHROMYCINE,N
309071,ZECLAR Comp Pell 250mg Bt 14,ZECLAR,Comprimé Pelliculé,250mg,Bt 14,18.96,13.286,E,CLARITHROMYCINE,N
309082,ZECLAR Enf Pdre Sus Or 25mg/ml Fl 60 ml,ZECLAR Enf,Poudre pour Suspension Buvable,25mg/ml,Fl 60 ml,13.18,12.18,E,CLARITHROMYCINE,N
103032,ZELDOX 20mg/ml p.p.i Bt/1 Fl,ZELDOX,Poudre pour Préparation Injectable,20mg/ml,Bt/1 Fl,43.371,43.371,E,ZIPRASIDONE,N
105534,ZELDOX 40mg Gél Bt 30 (ex 103033),ZELDOX,Gélule,40mg,Bt 30,88.27,88.26,E,ZIPRASIDONE,N
303175,ZELID 250 250mg Comp Pell Bt 14,ZELID 250,Comprimé Pelliculé,250mg,Bt 14,14.645,13.286,E,CLARITHROMYCINE,N
303176,ZELID 500 500mg Comp Pell Bt 14,ZELID 500,Comprimé Pelliculé,500mg,Bt 14,26.04,19.712,E,CLARITHROMYCINE,N
303310,ZELID 500 500mg Comp Pell Bt 28,ZELID 500,Comprimé Pelliculé,500mg,Bt 28,39.44,39.424,E,CLARITHROMYCINE,N
102666,ZELITREX Comp Enro 500 mg Bt 10,ZELITREX,Comprimé Enrobé,500 mg,Bt 10,50.72,22.23,E,VALACICLOVIR,N
104048,ZELITREX Comp Enro 500 mg Bt 42,ZELITREX,Comprimé Enrobé,500 mg,Bt 42,201.71,93.366,E,VALACICLOVIR,N
302727,ZELIVIR 500 mg COMP. PELL. SEC. BT/10,ZELIVIR,Comprimé Pelliculé Sécable,500 mg,BT/10,25.525,22.23,E,VALACICLOVIR,N
302729,ZELIVIR 500 mg COMP. PELL. SEC. BT/90,ZELIVIR,Comprimé Pelliculé Sécable,500 mg,BT/90,202.045,200.07,E,VALACICLOVIR,N
302728,ZELIVIR 500 mg COMP. PELL. SEC. BT42,ZELIVIR,Comprimé Pelliculé Sécable,500 mg,,101.91,93.366,E,VALACICLOVIR,N
301867,ZENDIS Sus Buv 4 % FL 10 ML  (EX ZENTIS ),ZENDIS Sus Buv 4 % FL,,10 ML,FL 10 ML,6.97,4.1,E,ALBENDAZOLE,N
301388,ZENEXOR LP Gelule LP 37.5 mg Bt 30,ZENEXOR LP,Gélule à Libération Prolongée,37.5 mg,Bt 30,15.68,15.66,E,VENLAFAXINE,N
301389,ZENEXOR LP Gelule LP 75 MG Bt 30,ZENEXOR LP,Gélule à Libération Prolongée,75 MG,Bt 30,31.225,22.89,E,VENLAFAXINE,N
102981,ZINNAT 125 mg/5 ml pdre/susp.or.fl/70 ml,ZINNAT,Suspension Buvable,125 mg/5 ml,fl/70 ml,14.022,14,E,CEFUROXIME,N
105454,ZINNAT 500mg Comp Pell Bt 10,ZINNAT,Comprimé Pelliculé,500mg,Bt 10,27.57,23.34,E,CEFUROXIME,N
101909,ZINNAT Comp 125mg Bt 14,ZINNAT,Comprimé,125mg,Bt 14,11.663,11.662,E,CEFUROXIME,N
101910,ZINNAT Comp 250mg Bt 14,ZINNAT,Comprimé,250mg,Bt 14,24.985,12.026,E,CEFUROXIME,N
103193,ZINNAT IM/IV  Pdre P Inj 250mg Bt1,ZINNAT IM/IV,Poudre pour Préparation Injectable,250mg,,6.895,6.895,E,CEFUROXIME,N
103195,ZINNAT IM/IV Pdre P Inj 750mg Bt 1 Fl,ZINNAT IM/IV,Poudre pour Préparation Injectable,750mg,Bt 1 Fl,14.434,14.434,E,CEFUROXIME,N
309076,ZINOX Comp Pell 250mg Bt 14,ZINOX,Comprimé Pelliculé,250mg,Bt 14,16.3,12.026,E,CEFUROXIME,N
302276,ZINOX Comp Pell 250mg Bt 28,ZINOX,Comprimé Pelliculé,250mg,Bt 28,24.075,24.052,E,CEFUROXIME,N
302735,ZITHROCARE 500 MG Comp Pell BT 3,ZITHROCARE,Comprimé Pelliculé,500 MG,BT 3,9,7.929,E,AZITHROMYCINE,N
300669,ZITHROMAX 500 mg comp.séc.b/3,ZITHROMAX,Comprimé Sécable,500 mg,b/3,18.755,7.929,E,AZITHROMYCINE,N
300801,ZITHROMAX 600 mg 40mg/ml pdre/susp.or.fl/15 ml,ZITHROMAX,Suspension Buvable,600 mg/40mg/ml,fl/15 ml,9.385,4.695,E,AZITHROMYCINE,N
300802,"ZITHROMAX 900mg 40mg/ml pdre/susp.or.fl/22,5 ml",ZITHROMAX,Suspension Buvable,900mg/40mg/ml,"fl/22,5 ml",13.575,7.043,E,AZITHROMYCINE,N
104652,ZITHROMAX Pdre Susp Or  1500 MG/37.5 ML FL 37.5 ML,ZITHROMAX,Suspension Buvable,1500 MG/37.5 ML,FL 37.5 ML,24.75,11.738,E,AZITHROMYCINE,N
300670,ZITHROMAX UNO 500mg comp.séc.b/2,ZITHROMAX UNO,Comprimé Sécable,500mg,b/2,15.045,5.286,E,AZITHROMYCINE,N
303162,ZITRO 500mg Comp Pell Bt 3,ZITRO,Comprimé Pelliculé,500mg,Bt 3,8.64,7.929,E,AZITHROMYCINE,N
302402,ZOFRID Comp Pell Sec 400 MG BT 30,ZOFRID,Comprimé Pelliculé Sécable,400 MG,BT 30,64.515,64.5,E,AMISULPRIDE,O
302400,ZOFRID Comp Sec 100 MG BT 30,ZOFRID,Comprimé Sécable,100 MG,BT 30,30.29,26.13,E,AMISULPRIDE,O
302401,ZOFRID Comp Sec 200 MG BT 30,ZOFRID,Comprimé Sécable,200 MG,BT 30,34.765,32.88,E,AMISULPRIDE,O
300795,ZOLEN 200 mg comp.Bt 20,ZOLEN,Comprimé,200 mg,Bt 20,30.705,21.92,E,AMISULPRIDE,O
300754,ZOLEN 200 mg comp.sec. Bt/60,ZOLEN,Comprimé Sécable,200 mg,Bt/60,85.035,65.76,E,AMISULPRIDE,O
301121,ZOLEN Comp Pell Sec 100 mg Bt 30,ZOLEN,Comprimé Pelliculé Sécable,100 mg,Bt 30,32.035,26.13,E,AMISULPRIDE,O
301122,ZOLEN Comp Pell Sec 400 mg Bt 30,ZOLEN,Comprimé Pelliculé Sécable,400 mg,Bt 30,90.42,64.5,E,AMISULPRIDE,O
301069,ZOLIT Comp  Pell Sec 50 mg Bt 15,ZOLIT,Comprimé Pelliculé Sécable,50 mg,Bt 15,12.04,10.425,E,SERTRALINE,N
301060,ZOLIT Comp Pell Sec 50mg  Bt 30,ZOLIT,Comprimé Pelliculé Sécable,50mg,Bt 30,22.84,20.85,E,SERTRALINE,N
302548,ZOLOFT 50 MG COMP PELL SEC BT/30,ZOLOFT,Comprimé Pelliculé Sécable,50 MG,BT/30,22.52,20.85,E,SERTRALINE,N
301493,ZOLOFT Comp Pell Sec 50 MG  Bt 15,ZOLOFT,Comprimé Pelliculé Sécable,50 MG,Bt 15,16.075,10.425,E,SERTRALINE,N
301976,ZOLOL 3 M Collyre 100 MG/25MG  FL 5 ML,ZOLOL 3 M,Collyre,100 MG/25MG,FL 5 ML,20.61,20.61,E,DORZOLAMIDE+TIMOLOL,N
301249,ZOLOL Collyre 100mg/25mg Fl 5 ml,ZOLOL,Collyre,100mg/25mg,Fl 5 ml,20.61,20.61,E,DORZOLAMIDE+TIMOLOL,N
302481,ZOLOLCollyre 20 MG/5MG/ML BT 30 récipients Ophta,ZOLOL,Collyre,20 MG/5MG/ML,BT 30 récipients Ophta,22,20.61,E,DORZOLAMIDE+TIMOLOL,N
303091,ZOMAX 1500 40mg/ml Pdre P Susp Or Fl 37.5ml,ZOMAX 1500,Suspension Buvable,40mg/ml,Fl 37.5ml,12.24,11.738,E,AZITHROMYCINE,N
303171,ZOMAX 600mg Pdre P Susp Or Fl 15ml,ZOMAX,Suspension Buvable,600mg,Fl 15ml,6.16,4.695,E,AZITHROMYCINE,N
303172,ZOMAX 900mg Pdre P Susp Or Fl 22.5ml,ZOMAX,Suspension Buvable,900mg,Fl 22.5ml,9.12,7.043,E,AZITHROMYCINE,N
301453,ZOMAX Comp Pell 500 mg Bt 3,ZOMAX,Comprimé Pelliculé,500 mg,Bt 3,9.375,7.929,E,AZITHROMYCINE,N
301144,ZOMAX Gelule 250m mg Bt 6,ZOMAX,Gélule,,Bt 6,8.545,8.544,E,AZITHROMYCINE,N
301461,ZOVATIN 20 Comp Pell Sec 20 mg Bt 60,ZOVATIN 20,Comprimé Pelliculé Sécable,20 mg,Bt 60,34.31,28.32,E,SIMVASTATINE,N
301462,ZOVATIN 20 Comp Pell Sec 20 MG Bt 90,ZOVATIN 20,Comprimé Pelliculé Sécable,20 MG,Bt 90,46.27,42.48,E,SIMVASTATINE,N
301463,ZOVATIN 40 Comp Pell Sec 40 mg Bt 60,ZOVATIN 40,Comprimé Pelliculé Sécable,40 mg,Bt 60,45.665,38.1,E,SIMVASTATINE,N
301464,ZOVATIN 40 Comp Pell Sec 40 MG Bt 90,ZOVATIN 40,Comprimé Pelliculé Sécable,40 MG,Bt 90,62.42,57.15,E,SIMVASTATINE,N
300659,ZOVATIN Comp 20mg Bt 30,ZOVATIN,Comprimé,20mg,Bt 30,17.835,14.16,E,SIMVASTATINE,N
300658,ZOVATIN Comp 40mg Bt 30,ZOVATIN,Comprimé,40mg,Bt 30,24.385,19.05,E,SIMVASTATINE,N
103608,ZOVIRAX Comp  200 mg Bt 25,ZOVIRAX,Comprimé,200 mg,Bt 25,56.965,25.675,E,ACICLOVIR,N
102868,ZOVIRAX Pde Opht 3% Tb 4.5gr,ZOVIRAX,Pommade Ophtalmique,,Tb 4.5gr,11.185,11.183,E,ACICLOVIR,N
300306,ZYRTEC Comp 10mg Bt 15,ZYRTEC,Comprimé,10mg,Bt 15,11.725,3.75,E,CETIRIZINE,N