NAME_MAIN,STRENGTH,FORM,PACKAGE,DCI,LABO,PAYS,CODE_PCT,DATE AMM,G/P
5-FLUOROURACILE EBEWE,1000 mg/20 ml,Solution injectable pour perfusion,B/1/20 ml,FLUOROURACILE,EBEWE Pharma,AUTRICHE,6943093H,2012-04-30,Générique
5-FLUOROURACILE EBEWE,500 mg/10 ml,Solution injectable pour perfusion,B/5/10 ml,FLUOROURACILE,EBEWE Pharma,AUTRICHE,6943092H,2012-04-30,Générique
ABEVMY,100 mg(25mg/ml),Solution à diluer pour perfusion,B/1FL/4ml,BEVACIZUMAB,BIOCON BIOLOGICS LIMITED,Inde,25263011H,2024-02-07,Biosimilaire
ABEVMY,400 mg(25mg/ml),Solution à diluer pour perfusion,B/1FL/16ml,BEVACIZUMAB,BIOCON BIOLOGICS LIMITED,Inde,25263012H,2024-02-07,Biosimilaire
ABIRATERONE ACETATE NEAPOLIS,250 mg,Comprimé,B/120,ABIRATERONE,NEAPOLIS PHARMA,Tunisie,9393191H,2021-07-12,Générique
ABREMIA,250 mg,Comprimé,B/120,ABIRATERONE,HIKMA Pharmaceuticals Co Ltd,JORDANIE,6653771H,2022-09-09,Générique
ABSTRAL,100 µg,Comprimé sublingual,B/10,FENTANYL,KYOWA KIRIN INC,Rayaume uni,16213011H,2024-05-23,Princeps
ABSTRAL,200 µg,Comprimé sublingual,B/10,FENTANYL,KYOWA KIRIN INC,Rayaume uni,16213012H,2024-05-23,Princeps
ACACIPRO 500,500 mg,Comprimé pelliculé sécable,B/10,CIPROFLOXACINE,SAIPH,Tunisie,9163911,2011-10-27,Générique
ACAMANTINE 625,500 mg/125mg,Comprimé pelliculé,B/12,AMOXICILLINE+ACIDE CLAVULANIQUE,SAIPH,Tunisie,9163901,2011-11-16,Générique
ACCOFIL,30 MU,Solution injectable,B/5/0.5 ml,FILGRASTIM,ACCORD HEALTHCARE LTD,Rayaume uni,16923101H,2017-06-28,Biosimilaire
ACCOFIL,48 MU,Solution injectable,B/5/0.5 ml,FILGRASTIM,ACCORD HEALTHCARE LTD,Rayaume uni,16923102H,2017-06-28,Biosimilaire
ACEBUTOLOL MYLAN,400 MG,Comprimé pelliculé,B/30,ACEBUTOLOL,MYLAN S.A.S,FRANCE,4923031,2001-04-07,Générique
ACETETE DE TERLIPRESSINE EVER PHARMA,0.2 mg/ml,Solution injectable,B/5,TERLIPRESSINE,EVER Valinject GmbH,AUTRICHE,23033011H,2022-06-17,Générique
ACETYLSALICYLATE DE LYSINE LABESFAL,900 MG,Pdre p.prep.injectable,B/6+6 Solvant/5ML,ACETYLSALICYLATE DE LYSINE,LABESFAL - Laboratorios Almiro S.A,PORTUGAL,4333041,2004-06-30,Générique
ACETYLSALICYLATE DE LYSINE LABESFAL,900 MG,Pdre p.prep.injectable,B/50+50 Solvant/5ML,ACETYLSALICYLATE DE LYSINE,LABESFAL - Laboratorios Almiro S.A,PORTUGAL,4333042,2005-04-05,Générique
ACICLOVIR VIATRIS,250 MG,Pdre p.prep.injectable,B/5 FL Sans solvant,ACICLOVIR,VIATRIS SANTE,FRANCE,4923101H,2001-08-10,Générique
ACIDE ACETYLSALICILIQUE OPELLA,0.500 GR,Pdre p.prep.injectable,B/20 FL,ACETYLSALICYLATE DE LYSINE,OPELLA HEALTHACARE FRANCE SAS,FRANCE,26883011H,2023-01-19,Princeps
ACIDE ACETYLSALICILIQUE PANPARMA,1 GR,Pdre p.prep.injectable,B/6+S/5ML,ACETYLSALICYLATE DE LYSINE,PANMEDICA,FRANCE,29943012,2024-12-27,Princeps
ACIDE ACETYLSALICILIQUE PANPHARMA,500 mg,Pdre p.prep.injectable,B/20 FL,ACETYLSALICYLATE DE LYSINE,PANMEDICA,FRANCE,29943011H,2024-12-27,Princeps
ACIDE ASCORBIQUE A 10 POUR CENT RENAUDIN,500 MG/5ML,Solution injectable,B/100/5ML,ACIDE ASCORBIQUE,RENAUDIN,FRANCE,7713011H,1996-11-22,Générique
ACIDE ZOLÉDRONIQUE ACCORD,4 MG/5 ML,Solution injectable,B/1 flacon,ACIDE ZOLÉDRONIQUE,ACCORD HEALTHCARE LTD,Rayaume uni,16923081H,2017-06-16,Générique
ACLASTA,5mg / 100ml,Solution injectable pour perfusion,FL/100ml,ACIDE ZOLÉDRONIQUE,Sandoz Pharmaceuticals AG,SUISSE,28583021,2023-08-24,Princeps
ACNETA 20,20 mg,Gélule,B/30,ISOTRETINOINE,TAHA PHARMA,Tunisie,9373223,2017-03-02,Générique
ACNETA 20,20 mg,Gélule,B/10,ISOTRETINOINE,TAHA PHARMA,Tunisie,9373227,2017-07-18,Générique
ACNETA5,5 MG,Gélule,B/30,ISOTRETINOINE,TAHA PHARMA,Tunisie,9373221,2017-03-02,Générique
ACNETA5,5 mg,Gélule,B/10,ISOTRETINOINE,TAHA PHARMA,Tunisie,9373225,2017-07-18,Générique
ACNODERM,0.1%,Creme dermique,T/30 g,ADAPALENE,SIMED,Tunisie,9083802,2025-05-12,Générique
ACNODERM,0.1%,Gel dermique,T/30 g,ADAPALENE,SIMED,Tunisie,9083801,2021-09-14,Générique
ACTAPULGITE,3 GR,Poudre pour suspension orale,B/16 sachets,ATTAPULGITE DE MORMOIRON ACTIVEE,TERIAK,Tunisie,9253012,2000-03-14,Princeps
ACTAPULGITE ENFANTS ET ADULTES,3 GR,Poudre pour suspension orale,B/100 sachets,ATTAPULGITE DE MORMOIRON ACTIVEE,TERIAK,Tunisie,925303H,2001-01-08,Princeps
ACTAPULGITE NOURRISSONS,1 GR,Poudre pour suspension orale,B/20 sachets,ATTAPULGITE DE MORMOIRON ACTIVEE,TERIAK,Tunisie,9253011,2000-03-14,Princeps
ACTEMRA,80 mg/4 ml,Solution injectable pour perfusion,B/1FL/4 ml,TACILIZUMAB,Roche Pharma (Schweiz) AG,SUISSE,6993201H,2013-03-18,Princeps
ACTEMRA,400 mg/20 ml,Solution injectable pour perfusion,B/1FL/20 ml,TACILIZUMAB,Roche Pharma (Schweiz) AG,SUISSE,6993203H,2013-03-18,Princeps
ACTEMRA,200 mg/10 ml,Solution injectable pour perfusion,B/1FL/10 ml,TACILIZUMAB,Roche Pharma (Schweiz) AG,SUISSE,6993202H,2013-03-18,Princeps
ACTEMRA,162 mg/0.9 ml,Solution injectable,sous cutanée B/4 seringues Pré-remplis,TOCILIZUMAB,Roche Pharma (Schweiz) AG,SUISSE,6993204H,2019-08-22,Princeps
ACTHEANE,250 mg,Comprimé,B/120,ACTAEA RACEMOSA-ARNICA MONTANA-GLONOINUM-LACHESIS MUTUS-SANG,BOIRON,FRANCE,6873631,2018-01-15,Princeps
ACTICIL,0.6%,Solution buvable,FL/150 ml,AMBROXOL,GALPHARMA,Tunisie,9223452,2021-06-16,Générique
ACTICIL,30 mg,Comprimé,B/30,AMBROXOL,GALPHARMA,Tunisie,9223451,2018-03-07,Générique
ACTIFED RHUME,,Comprimé,B/20,PSEUDOEPHEDRINE+TRIPROLIDINE,TERIAK,Tunisie,9253262,2005-03-16,Princeps
ACTIFED RHUME ET FIEVRE,,Comprimé,B/16,PARACETAMOL+PSEUDOEPHEDRINE+TRIPROLIDINE,TERIAK,Tunisie,9253263,2005-03-16,Générique
ACTIFED VITAMINE C,,Comprimé pelliculé,B/20,PARACETAMOL+PSEUDOEPHEDRINE+VITAMINE C,TERIAK,Tunisie,9253261,2005-03-16,Générique
ACTILYSE,20 mg,Pdre p.prep.injectable,B/1 FL+FL/20ML,ALTEPLASE,BOEHRINGER INGELHEIM FRANCE,FRANCE,5253112H,2003-01-14,Princeps
ACTILYSE,10 mg,Pdre p.prep.injectable,B/1 FL+FL/10ML,ALTEPLASE,BOEHRINGER INGELHEIM FRANCE,FRANCE,5253111H,2003-01-14,Princeps
ACTILYSE,50 mg,Pdre p.prep.injectable,B/1 FL+FL/50ML,ALTEPLASE,BOEHRINGER INGELHEIM FRANCE,FRANCE,5253113H,2003-01-14,Princeps
ACTISOUFRE,4mg/50mg/10 ml,Suspension buvable ou nasale,B/30Ampoules/10 ml,MONOSULFURE DE SODIUM+LEVURES,GRIMBERG,FRANCE,10173042,2017-03-14,Princeps
ACTISOUFRE,,Solution pour pulvérisation buccale,FL/100 ml,MONOSULFURE DE SODIUM+LEVURES,GRIMBERG,FRANCE,10173041,2008-04-22,Princeps
ACTIVEX ADULTE,,Granulés pour solution buvable,B/8 sachets,PARACETAMOL+PHENIRAMINE+VITAMINE C,TERIAK,Tunisie,9253871,2016-05-17,Générique
ACTRAPID,100 UI/ML,Solution injectable,FL/10 ML,INSULINE HUMAINE,NOVO NORDISK A/S Bagsvaerd,Denemark,5993016,2001-11-28,Princeps
ACTRAPID PENFILL,100 UI/ML,Suspension injectable,FL/5/3 ML,INSULINE HUMAINE,NOVO NORDISK A/S Bagsvaerd,Denemark,5993024,2001-12-10,Princeps
ADENAFIL,50 MG,Comprimé pelliculé sécable,B/2,SILDENAFIL,IBN AL BAYTAR,Tunisie,9073652,2017-02-07,Générique
ADENAFIL,50 mg,Comprimé pelliculé sécable,B/1,SILDENAFIL,IBN AL BAYTAR,Tunisie,9073651,2017-02-16,Générique
ADENAFIL,50 MG,Comprimé pelliculé sécable,B/4,SILDENAFIL,IBN AL BAYTAR,Tunisie,9073653,2017-02-07,Générique
ADOFEN MENTHOL,5% / 3%,Gel dermique,T/ 50g,IBUPROFENE + LEVOMENTHOL,PHARMADERM,Tunisie,9053321,2018-02-22,Générique
ADOLINE EXTRA,500 mg/65 mg,Comprimé pelliculé,B/20,PARACETAMOL+CAFEINE,ALLIANCE PHARMA,Tunisie,9303151,2015-06-01,Générique
ADOLINJECT,10 mg/ml,Solution injectable pour perfusion,B/1FL/ 100ML,PARACETAMOL,STERIPHARM,Tunisie,9443261,2025-10-03,Générique
ADOLINJECT,10 mg/ml,Solution injectable pour perfusion,B/6FL de 100ML,PARACETAMOL,STERIPHARM,Tunisie,9443262,2025-10-03,Générique
ADRENALINE 0.1%,1 MG/ML,Solution injectable,B/100/1ML,EPINEPHRINE,RENAUDIN,FRANCE,7713041H,2002-06-12,Générique
ADRENALINE AGUETTANT SANS SULFITES,1 mg/ml,Solution injectable,B/10/5ml,EPINEPHRINE,LABORATOIRE AGUETTANT,FRANCE,7093023H,2013-09-12,Générique
ADRENALINE MEDIS sans conservateur,5 mg/5ml,Solution injectable,B/10/5ml,EPINEPHRINE,LES LABORATOIRES MEDIS,Tunisie,9233902H,2017-06-28,Générique
ADRENALINE MEDIS sans conservateur,1 mg/1ml,Solution injectable,B/10/1ml,EPINEPHRINE,LES LABORATOIRES MEDIS,Tunisie,9233901H,2017-06-28,Générique
ADRENALINE RENAUDIN 0.1%,1 MG/ML,Solution injectable,B/10/1ML,EPINEPHRINE,RENAUDIN,FRANCE,7713042H,2019-06-10,Générique
ADRENALINE SOPHARMA,1 mg/ml,Solution injectable,B/10/1ml,EPINEPHRINE,SOPHARMA SA,BULGARIE,10793012H,2009-08-24,Générique
ADRENOL 1 (SANS SULFITES),1 mg/ml,Solution injectable,B/100/1ml,EPINEPHRINE,DORCAS,Tunisie,9313141H,2012-12-26,Générique
ADRENOL 1(Avec sulfite),1 mg/ml,Solution injectable,B/100 Ampoules/1ML,EPINEPHRINE,DORCAS,Tunisie,9313142H,2017-04-21,Générique
ADRIBLASTINE,50 mg/25 ml,Solution injectable pour perfusion,B/1 flacon/25ml,DOXORUBICINE,PFIZER HOLDING FRANCE,FRANCE,10803202H,2010-07-23,Générique
ADRIBLASTINE,10 mg/5 ml,Solution injectable pour perfusion,B/1 flacon/5ml,DOXORUBICINE,PFIZER HOLDING FRANCE,FRANCE,10803201H,2010-07-23,Princeps
ADVAGRAF LP,0.5 mg,Gélule à libération prolongée,B/100,TACROLIMUS,HIKMA Pharmaceuticals Co Ltd,JORDANIE,6653661H,2017-01-23,Princeps
ADVAGRAF LP,1 mg,Gélule à libération prolongée,B/100,TACROLIMUS,HIKMA Pharmaceuticals Co Ltd,JORDANIE,6653662H,2017-01-23,Princeps
ADVAGRAF LP,5 mg,Gélule à libération prolongée,B/100,TACROLIMUS,HIKMA Pharmaceuticals Co Ltd,JORDANIE,6653663H,2017-01-23,Princeps
ADYFLU,30 mg,Gélule,B/10,OSELTAMIVIR,ADWYA,Tunisie,9043992,2010-01-13,Générique
ADYFLU,45 mg,Gélule,B/10,OSELTAMIVIR,ADWYA,Tunisie,9043993,2010-01-13,Générique
ADYFLU,75 mg,Gélule,B/10,OSELTAMIVIR,ADWYA,Tunisie,9043991,2009-10-06,Générique
ADYS,100 mg,Comprimé pelliculé,B/10,FLURBIPROFENE,SIPHAT,Tunisie,9003971,2017-05-03,Générique
AEROL,100 µG,Aérosol,FL/200 DOSES,SALBUTAMOL,BERG LIFE SCIENCES,Tunisie,9283011,2006-10-16,Générique
AERRANE,,Solution pour inhalation,FL/100ML,ISOFLURANE,BAXTER SA Belgique,BELGIQUE,10153011H,2006-11-01,Princeps
AFINITOR,10 mg,Comprimé,B/30,EVEROLIMUS,NOVARTIS PHARMA SCHWEIZ AG,SUISSE,10283342H,2016-04-25,Princeps
AFSTYLA,250 UI,Poudre et solvant pour solution injectable,B/1FL +Solvant /2.5ml +Set de transfert,FACTEUR VIII,CSL BEHRING GmbH,Allemagne,8143121H,2025-06-02,Princeps
AFSTYLA,1000 UI,Poudre et solvant pour solution injectable,B/1FL+ solvant /2.5 ml + Set de transfert,FACTEUR VIII,CSL BEHRING GmbH,Allemagne,8143123H,2025-06-02,Princeps
AFSTYLA,500 UI,Poudre et solvant pour solution injectable,B/1FL +Solvant /2.5ml +Set de transfert,FACTEUR VIII,CSL BEHRING GmbH,Allemagne,8143122H,2025-06-02,Princeps
AFTAGEL,,Gel buccal,Tube/15 ml,LIDOCAINE+SULFATE DE ZINC,COOPERATION PHARMACEUTIQUE FRANCAISE,FRANCE,7623081,2015-07-06,Princeps
AFUSIDIC PLUS,2%,Creme dermique,TUBE/15 gr,ACIDE FUSIDIQUE+BETAMETHASONE,OPALIA PHARMA,Tunisie,9023791,2007-05-09,Générique
AGREGEX,75 mg,Comprimé pelliculé,B/30,CLOPIDOGREL,ACTAVIS Group PTC ehf,Islande,10243101,2013-04-16,Générique
AGRIPPAL S1,,Suspension injectable,B/1 Ser/0.5ML,VACCIN ANTIGRIPPE,NOVARTIS INFLUENZA VACCINES S.R.L,ITALIE,13263012,2010-07-23,Princeps
AGYRAX,25 MG,Comprimé sécable,B/15,MECLOZINE,VEDIM,FRANCE,6510021,1995-03-15,Princeps
AIMAFIX,500 UI/ 10 ml,Pdre p.prep.injectable,1flacon de poudre +solv /10ml +kit,FACTEUR IX,KEDRION S.p.A,ITALIE,13043041H,2013-08-20,Princeps
AIRGIX,10 mg,Comprimé pelliculé,B/10,CETIRIZINE,SAIPH,Tunisie,9163694,2020-02-03,Générique
AIRGIX,10 mg,Comprimé pelliculé,B/30,CETIRIZINE,SAIPH,Tunisie,9163695,2020-02-03,Générique
AIRGIX,10 mg,Comprimé pelliculé,B/20,CETIRIZINE,SAIPH,Tunisie,9163691,2008-01-26,Générique
AIRGIX,5 mg/5 ml,Sirop,FL/100 ml,CETIRIZINE,SAIPH,Tunisie,ST9163693,2008-01-23,Générique
AKYNZEO,300mg/ 0.5mg,Gélule,B/1,NETUPITANT+PALONOSETRON,HELSINN BIREX Pharmaceuticals Ltd,Irelande,4843011,2020-08-25,Princeps
ALBIOMIN,20%,Solution injectable,FL/50 ML,ALBUMINE HUMAINE PLASMATIQUE,BIOTEST PHARMA GmbH,Allemagne,8153091H,2015-04-28,Princeps
ALBUMIN-GCC,20%,Solution injectable,FL/50ML,ALBUMINE HUMAINE PLASMATIQUE,GREEN CROSS CORPORATION,Corée du Sud,3883021,2003-08-07,Générique
ALBUMINATIV,20%,Solution injectable pour perfusion,FL/50 ML,ALBUMINE HUMAINE PLASMATIQUE,OCTAPHARMA AB,SUEDE,2103011,2002-10-15,Princeps
ALBUMINE HUMAINE TAKEDA,200 gr/l,Solution injectable,flacon/50 ml,ALBUMINE HUMAINE PLASMATIQUE,Takeda Manufacturing Austria AG,Australie,10623071H,2012-05-24,Princeps
ALCOOL BENZYLIQUE,150 mg,Solution injectable,b/1/5 ml,ALCOOL BENZYLIQUE,UNIMED,Tunisie,9093411,2003-12-23,Générique
ALDACTONE 75,75 MG,Comprimé pelliculé sécable,B/30,SPIRONOLACTONE,PFIZER HOLDING FRANCE,FRANCE,4133031,2002-06-20,Princeps
ALDARA,5%,Creme dermique,B/12 Sachets Unidoses/250 mg,IMIQUIMOD,MEDA AB,SUEDE,23763011,2020-07-20,Princeps
ALDARA,5%,Creme dermique,B/12 Sachets Unidoses/250 mg,IMIQUIMOD,Viatris Healthcare Limited,Irelande,2773021,2024-10-30,Princeps
ALDURAZYME,100U/ML,Solution injectable pour perfusion,B/1FL/5ML,LARONIDASE,SANOFI B.V.,HOLLANDE,3843021H,2022-02-04,Princeps
ALECENSA,150 MG,Gélule,B/224,ALECTINIB,ROCHE PHARMA (SCHWEIZ) LTD SUISSE,SUISSE,6993241H,2021-10-26,Princeps
ALEXAN,100 mg/5ml,Solution injectable,B/1 fl/5 ML,CYTARABINE,EBEWE Pharma,AUTRICHE,6943111,2007-04-05,Générique
ALEXAN,1 gr/20 ml,Solution injectable,B/1fl/20 ml,CYTARABINE,EBEWE Pharma,AUTRICHE,6943112,2007-04-24,Générique
ALFAFERONE,3000 000 UI/ML,Solution injectable,B/1/1 ML,INTERFERON ALFA NATURELLE LEUCOCYTAIRE,ALFASIGMA S.p.A.,ITALIE,6683111H,2009-08-26,Princeps
ALGESAL SURACTIVE,,Baume,T/60 GR,MYRTECAINE+SALICYLATE DE DIETHYLAMINE,SIPHAT,Tunisie,9003431,1994-11-09,Princeps
ALGESIC 1000 MG,1000 mg,Comprimé sécable,B/8,PARACETAMOL,DAR-ESSAYDALI.,Tunisie,9213352,2011-07-18,Générique
ALGESIC PEDIATRIQUE,3%,Solution buvable,FL/ 90 ml,PARACETAMOL,DAR-ESSAYDALI.,Tunisie,9213357,2021-08-20,Générique
ALGESIC PLUS,500 mg/12.8 mg,Comprimé sécable,B/16,PARACETAMOL+CODEINE,DAR-ESSAYDALI.,Tunisie,9213356,2018-03-15,Générique
ALGÉSIC RHUME,500 mg/25 mg/5 mg,Comprimé pelliculé,B/16,PARACETAMOL+PHENYLEPHRINE+CAFEINE,DAR-ESSAYDALI.,Tunisie,9213355,2018-02-22,Princeps
ALGIX,5% - 2.67%,Suspension buvable,FL/250ML,ALGINATE DE SODIUM + BICARBONATE DE SODIUM,ADWYA,Tunisie,9044511,2022-08-31,Générique
ALGO BUSCOPAN,20 MG,Solution injectable,B/6/5 ML,N-BUTYLHYOSCINE BROMURE+NORAMIDOPYRINE,SIPHAT,Tunisie,9003421,1994-11-09,Princeps
ALIMTA,100 mg,Pdre p.prep.injectable,B/1Flacon/20 ml,PEMETREXED,ELI LILLY NEDERLAND BV,HOLLANDE,4323032H,2011-11-12,Princeps
ALLERGIFLASH,0.05%,Collyre,B/10 récipients unidoses/0.3ml,LEVOCABASTINE,CHAUVIN,FRANCE,5283181,2017-04-10,Princeps
ALLERGITYL,0.5 mg/100ml,Sirop,FL/125 ML,MEQUITAZINE,GALPHARMA,Tunisie,9223651,2022-08-12,Générique
ALLERGODIL,0.05%,Collyre,FL/6ML,AZELASTINE,MEDA PHARMA .,FRANCE,6313042,2020-08-06,Princeps
ALLERGODIL,127 µG/DOSE,Spray nasal,FL/17ML avec pompe doseuse,AZELASTINE,MEDA PHARMA .,FRANCE,6313041,2000-09-18,Princeps
ALLERGYFAST,180 MG,Comprimé pelliculé,B/15,FEXOFENADINE,SAIPH,Tunisie,9163552,2005-05-17,Générique
ALLERGYFAST,120 MG,Comprimé pelliculé,B/15,FEXOFENADINE,SAIPH,Tunisie,9163551,2005-05-17,Générique
ALMIDE,0.1%,Collyre,FL/5ML,LODOXAMIDE TROMETHAMINE,ALCON FRANCE,FRANCE,6643101,1993-05-26,Princeps
ALOPEXY,5%,Solution externe,FL/120 ml+ pipette+pompe,MINOXIDIL,PIERRE FABRE MEDICAMENT PRODUCTION TUNISIE,Tunisie,ST9323122,2012-12-26,Générique
ALOPEXY,2%,Solution externe,FL/120 ml+ pipette +pompe,MINOXIDIL,PIERRE FABRE MEDICAMENT PRODUCTION TUNISIE,Tunisie,ST9323121,2012-12-26,Générique
ALUSTAL,0.01 à 10IR ou IC/ml,Suspension injectable,FL/5ML,EXTRAITS ALLERGENIQUES,STALLERGENES,FRANCE,3653011,2000-09-05,Princeps
ALVE-ONE,160 µg/dose,Solution pour inhalation,FL/60 Doses,CICLESONIDE,BERG LIFE SCIENCES,Tunisie,9283082,2019-05-02,Générique
ALVE-ONE,80 µg/dose,Solution pour inhalation,FL/60 Doses,CICLESONIDE,BERG LIFE SCIENCES,Tunisie,9283081,2019-05-02,Générique
ALYOSTAL PRICK,100 IR/ML ou 100 IC/ML ou 1000,Solution glycéro-saline d'extrais allergéniques,à usage diagnostique B/1FL/3ML,EXTRAITS ALLERGENIQUES,STALLERGENES,FRANCE,3653053,2020-06-29,Princeps
ALYOSTAL PRICK CONTRÔLE NÉGATIF,,Solution pour prick-test cutané,B/1FL/3ML,GLYCERINE + CHLORURE DE SODIUM,STALLERGENES,FRANCE,3653051,2019-06-28,Princeps
ALYOSTAL PRICK CONTRÔLE POSITIF,10 mg/mL,Solution pour prick-test cutané,B/1FL/3ML,HISTAMINE,STALLERGENES,FRANCE,3653052,2019-08-22,Princeps
ALZHECEPT,10 mg,Comprimé pelliculé,B/30,DONEPEZIL,TAHA PHARMA,Tunisie,9373442,2017-11-20,Générique
ALZHECEPT,5 mg,Comprimé pelliculé,B/30,DONEPEZIL,TAHA PHARMA,Tunisie,9373441,2017-11-20,Générique
ALZOR,2%,Collyre,FL/5ML,DORZOLAMIDE,UNIMED,Tunisie,9093521,2005-04-02,Générique
ALZOR 3M,2%,Collyre,FL/5ML,DORZOLAMIDE,UNIMED,Tunisie,9093522,2015-03-30,Générique
AMARYL M,2 mg/500 mg,Comprimé pelliculé,B/30,GLIMEPIRIDE+METFORMINE,"HANDOK PHARMACEUTICALS Co., LTD",Corée du Sud,11613011,2010-09-17,Princeps
AMBROGAM,0.6%,Solution buvable,FL/150ML,AMBROXOL,PHARMAGHREB,Tunisie,9013492,2004-05-18,Générique
AMBROGAM 0.3%,0.3%,Solution buvable,Fl/150 ml,AMBROXOL,PHARMAGHREB,Tunisie,9013491,2004-06-29,Générique
AMINOVEN,10%,Solution injectable pour perfusion,FL/500 ml,ACIDES AMINES,FRESENIUS KABI FRANCE,FRANCE,3153052H,2010-09-22,Princeps
AMINOVEN,5%,Solution injectable pour perfusion,FL/500 ml,ACIDES AMINES,FRESENIUS KABI FRANCE,FRANCE,3153051H,2010-09-22,Princeps
AMINOVEN,10%,Solution injectable pour perfusion,B/10 FL/500 ml,ACIDES AMINES,FRESENIUS KABI FRANCE,FRANCE,31530510H,2018-01-31,Princeps
AMIPRIDE400,400 mg,Comprimé pelliculé sécable,B/30,AMISULPRIDE,TAHA PHARMA,Tunisie,9373302,2017-04-28,Générique
AMLODIN,5 MG,Comprimé,B/30,AMLODIPINE,TERIAK,Tunisie,9253401,2007-09-03,Générique
AMLODIN,10 mg,Comprimé,B/30,AMLODIPINE,TERIAK,Tunisie,9253402,2007-09-03,Générique
AMLODIPINE ZENTIVA,10 MG,Comprimé sécable,B/30,AMLODIPINE,WINTHROP PHARMA TUNISIE,Tunisie,9103662,2008-12-18,Générique
AMLOPRESS,10 mg,Comprimé,B/30,AMLODIPINE,DAR-ESSAYDALI.,Tunisie,9213512,2025-11-03,Générique
AMLOPRESS,5 mg,Comprimé,B/30,AMLODIPINE,DAR-ESSAYDALI.,Tunisie,9213511,2025-11-03,Générique
AMOXI PLUS,1.2 gr,Pdre p.prep.injectable,B/50 FL sans solvant,AMOXICILLINE+ACIDE CLAVULANIQUE,ANTIBIOTICE S.A,ROMANIE,4223071,2015-07-13,Générique
AMOXI-CLAV SANOFI ADULTE,500 mg/62.5mg,Comprimé pelliculé,B/24,AMOXICILLINE+ACIDE CLAVULANIQUE,WINTHROP PHARMA TUNISIE,Tunisie,9103714,2015-07-29,Générique
AMOXI-CLAV SANOFI ADULTE,500 mg/62.5mg,Comprimé pelliculé,B/24,AMOXICILLINE+ACIDE CLAVULANIQUE,SANOFI AVENTIS PHARMA TUNISIE,Tunisie,9263415,2021-09-14,Générique
AMOXI-CLAV SANOFI,1000 mg/125 mg,Poudre pour suspension orale,B/12 Sachets,AMOXICILLINE+ACIDE CLAVULANIQUE,WINTHROP PHARMA TUNISIE,Tunisie,9103713,2010-08-11,Générique
AMOXI-CLAV SANOFI,1000 mg/125 mg,Poudre pour suspension orale,B/24 Sachets,AMOXICILLINE+ACIDE CLAVULANIQUE,WINTHROP PHARMA TUNISIE,Tunisie,9103715,2016-11-30,Générique
AMOXI-CLAV SANOFI,1000 mg/125 mg,Poudre pour suspension orale,B/24 Sachets,AMOXICILLINE+ACIDE CLAVULANIQUE,SANOFI AVENTIS PHARMA TUNISIE,Tunisie,9263414,2021-09-14,Générique
AMOXI-CLAV SANOFI,1000 mg/125 mg,Poudre pour suspension orale,B/12 Sachets,AMOXICILLINE+ACIDE CLAVULANIQUE,SANOFI AVENTIS PHARMA TUNISIE,Tunisie,9263413,2021-09-14,Générique
AMOXI-CLAV SANOFI ENFANTS,100 mg/12.5mg/ml,Poudre pour suspension orale,FL/60 ml + pipette doseuse,AMOXICILLINE+ACIDE CLAVULANIQUE,WINTHROP PHARMA TUNISIE,Tunisie,9103712,2009-08-22,Générique
AMOXI-CLAV SANOFI ENFANTS,100 mg/12.5mg/ml,Poudre pour suspension orale,FL/60 ml + pipette doseuse,AMOXICILLINE+ACIDE CLAVULANIQUE,SANOFI AVENTIS PHARMA TUNISIE,Tunisie,9263412,2021-09-14,Générique
AMOXI-CLAV SANOFI NOURRISSONS,100 mg/12.5mg/ml,Poudre pour suspension orale,FL/30 ml + pipette doseuse,AMOXICILLINE+ACIDE CLAVULANIQUE,WINTHROP PHARMA TUNISIE,Tunisie,9103711,2009-08-22,Générique
AMOXI-CLAV SANOFI NOURRISSONS,100 mg/12.5mg/ml,Poudre pour suspension orale,FL/30 ml + pipette doseuse,AMOXICILLINE+ACIDE CLAVULANIQUE,SANOFI AVENTIS PHARMA TUNISIE,Tunisie,9263411,2023-09-14,Générique
AMOXICILLINE/ACIDE CLAVULANIQUE PANPHARMA ADULTES,2gr/200 mg,Pdre p.prep.injectable,B/10 FL sans solvant,AMOXICILLINE+ACIDE CLAVULANIQUE,PANPHARMA,FRANCE,7233123,2016-06-02,Générique
AMOXICILLINE/ACIDE CLAVULANIQUE PANPHARMA ADULTES,1 gr/200 mg,Pdre p.prep.injectable,B/10 FL sans solvant,AMOXICILLINE+ACIDE CLAVULANIQUE,PANPHARMA,FRANCE,7233121,2016-06-02,Générique
AMOXICILLINE/ACIDE CLAVULANIQUE PANPHARMA ADULTES,1 gr/200 mg,Pdre p.prep.injectable,B/25 FL sans solvant,AMOXICILLINE+ACIDE CLAVULANIQUE,PANPHARMA,FRANCE,7233122,2016-06-02,Générique
AMOXIL IM IV,0.5 gr,Pdre p.prep.injectable,B/1flacon +solvant/5ml,AMOXICILLINE,UNIMED,Tunisie,9093353,2011-06-07,Générique
AMPICIL IM IV,0.5 gr,Pdre p.prep.injectable,B/1 flacon+solvant/5ml,AMPICILLINE,UNIMED,Tunisie,9093344,2011-05-17,Générique
AMPICILLINE,1 GR,Pdre p.prep.injectable,B/10 sans solvant,AMPICILLINE,BALKANPHARMA-RAZGRAD AD,BULGARIE,4663011,2000-09-01,Générique
AMVISC PLUS,16 mg/ml,Préparation Viscoélastique,B/1 Seringue /0.8ml,HYALURONATE DE SODIUM,BAUSCH AND LOMB,Etats Unis d'Amérique,11793021H,2018-01-31,Princeps
AMYTRIL 10,10 mg,Comprimé pelliculé,B/100,AMITRIPTYLINE,PHARMACARE,Tunisie,9343041,2013-03-27,Générique
AMYTRIL 10,10 mg,Comprimé pelliculé,B/40,AMITRIPTYLINE,PHARMACARE,Tunisie,9343043,2014-05-14,Générique
AMYTRIL 10,10 mg,Comprimé pelliculé,B/500,AMITRIPTYLINE,PHARMACARE,Tunisie,9343045H,2014-09-29,Générique
AMYTRIL 25,25 mg,Comprimé pelliculé,B/100,AMITRIPTYLINE,PHARMACARE,Tunisie,9343042,2013-03-27,Générique
AMYTRIL 25,25 mg,Comprimé pelliculé,B/40,AMITRIPTYLINE,PHARMACARE,Tunisie,9343044,2014-05-14,Générique
AMYTRIL 25,25 mg,Comprimé pelliculé,B/500,AMITRIPTYLINE,PHARMACARE,Tunisie,9343046H,2014-09-29,Générique
ANAERYL,250 mg,Comprimé pelliculé,B/20,METRONIDAZOLE,SAIPH,Tunisie,9163361,2000-10-31,Générique
ANAFRANIL 75 MG,75 MG,Comprimé pelliculé sécable,B/20,CLOMIPRAMINE,ALFASIGMA FRANCE,FRANCE,17543013,2016-03-01,Princeps
ANALGAN ENFANT ET NOURRISSON,10 mg/ml,Solution injectable pour perfusion,B/ 12FL/ /50ml,PARACETAMOL,SIPHAT,Tunisie,9003017,2011-12-14,Générique
ANALGAN JEUNE ENFANT,170 MG,Suppositoire,B/10,PARACETAMOL,SIPHAT,Tunisie,9003013,1994-08-27,Générique
ANALGAN NOURRISSONS,80 MG,Suppositoire,B/10,PARACETAMOL,SIPHAT,Tunisie,9003012,1994-08-27,Générique
ANASTRA,1 mg,Comprimé pelliculé,B/30,ANASTROZOLE,TAHA PHARMA,Tunisie,9373361H,2017-07-03,Générique
ANASTRAZOLE ACCORD,1 mg,Comprimé pelliculé,B/28,ANASTROZOLE,ACCORD HEALTHCARE LTD,Rayaume uni,16923091H,2017-06-28,Générique
ANASTRAZOLE GERDA,1 mg,Comprimé pelliculé,B/30,ANASTROZOLE,GERDA,FRANCE,6663011H,2019-07-19,Générique
ANASTRAZOLE NEAPOLIS,1 mg,Comprimé pelliculé,B/30,ANASTROZOLE,NEAPOLIS PHARMA,Tunisie,9393131H,2020-07-20,Générique
ANASTRAZOLE ZAPHYR PHARMACEUTICALS,1 mg,Comprimé pelliculé,B/28,ANASTROZOLE,ZAPHYR PHARMACEUTICALS IRELAND LIMITED,Irelande,16413011H,2017-01-23,Générique
ANASTRODEX,1 mg,Comprimé pelliculé,B/30,ANASTROZOLE,ADVANS PHARMA,Tunisie,9413091H,2020-09-28,Générique
ANASTROZOLE PHARMACARE,1 mg,Comprimé pelliculé,B/30,ANASTROZOLE,PHARMACARE PREMIUM LIMITED,MALTE,24973031H,2026-02-09,Générique
ANAXERYL,,Pommade dermique,T/38.5GR,DIOXYANTHRANOL+ICHTHYOLAMMONIUM+RESORCINE,BAILLY-CREAT,FRANCE,5023011,1994-01-12,Princeps
ANGIPAX,,Comprimé orodispersible,B/40,HOMEOPATHIE,LEHNING,FRANCE,7053111,2021-11-03,Princeps
ANORO,55µg/22µg,Poudre pour inhalation buccale,B/1Inhalateur/30 doses,UMECLIDINUM+VILANTEROL,GLAXO GROUP Ltd,Rayaume uni,2883031,2017-03-14,Princeps
ANTAGONINE,300 MG,Comprimé,B/10,RANITIDINE,SAIPH,Tunisie,9163182,1998-10-21,Générique
ANTAGONINE,150 MG,Comprimé,B/20,RANITIDINE,SAIPH,Tunisie,9163181,1998-10-21,Générique
ANTAGONINE,150 MG,Comprimé,B/10,RANITIDINE,SAIPH,Tunisie,9163184,2001-12-11,Générique
ANTAGONINE 50,50 mg /2ml,Solution injectable,B/5/2 ML,RANITIDINE,SAIPH,Tunisie,9163185,2008-06-25,Générique
ANTAGONINE 75,75 mg,Granules effervescents,B/14 sachets,RANITIDINE,SAIPH,Tunisie,9163186,2008-06-25,Générique
ANTIBACIN,2 gr,Pdre p.prep.injectable,B/1 FLACON,CEFTRIAXONE,ELPEN Pharmaceutical CO .INC,GRECE,8983021H,2005-06-01,Générique
ANTIOMAL,750 mg,Comprimé pelliculé,B/60,LEVETIRACETAM,TAHA PHARMA,Tunisie,9373153,2018-12-12,Générique
ANTIOMAL,750 mg,Comprimé pelliculé,B/30,LEVETIRACETAM,TAHA PHARMA,Tunisie,9373155,2021-04-20,Générique
ANTIOMAL 1000,1000 mg,Comprimé pelliculé sécable,B/30,LEVETIRACETAM,TAHA PHARMA,Tunisie,9373157,2023-03-01,Générique
ANTIXA,5 mg,Comprimé pelliculé,B/20,APIXABAN,SAIPH,Tunisie,9164343,2024-01-09,Générique
ANTIXA,2.5 mg,Comprimé pelliculé,B/20,APIXABAN,SAIPH,Tunisie,9164341,2024-01-09,Générique
ANTIXA,2.5 mg,Comprimé pelliculé,B/60,APIXABAN,SAIPH,Tunisie,9164342,2024-01-09,Générique
ANTIXA,5 mg,Comprimé pelliculé,B/60,APIXABAN,SAIPH,Tunisie,9164344,2024-01-09,Générique
ANTIXA,5 mg,Comprimé pelliculé,B/180,APIXABAN,SAIPH,Tunisie,9164346,2025-07-22,Générique
ANTIXA,2.5 mg,Comprimé pelliculé,B/180,APIXABAN,SAIPH,Tunisie,9164345,2025-07-22,Générique
APHRODIS,20 mg,Comprimé pelliculé,B/4,TADALAFIL,PHARMACARE,Tunisie,9343202,2017-05-23,Générique
APHRODIS,10 mg,Comprimé pelliculé,B/4,TADALAFIL,PHARMACARE,Tunisie,9343201,2017-07-11,Générique
APHRODIS,20 mg,Comprimé pelliculé,B/8,TADALAFIL,PHARMACARE,Tunisie,9343203,2017-11-29,Générique
APIXADIS,2.5 mg,Comprimé pelliculé,B/14,APIXABAN,LES LABORATOIRES MEDIS,Tunisie,9234111,2022-12-22,Générique
APIXADIS,5 mg,Comprimé pelliculé,B/60,APIXABAN,LES LABORATOIRES MEDIS,Tunisie,9234114,2022-12-22,Générique
APIXADIS,5 mg,Comprimé pelliculé,B/14,APIXABAN,LES LABORATOIRES MEDIS,Tunisie,9234113,2022-12-22,Générique
APIXADIS,2.5 mg,Comprimé pelliculé,B/60,APIXABAN,LES LABORATOIRES MEDIS,Tunisie,9234112,2022-12-22,Générique
APIXADIS,2.5 mg,Comprimé pelliculé,B/180,APIXABAN,LES LABORATOIRES MEDIS,Tunisie,9234115,2025-03-03,Générique
APIXADIS,5 mg,Comprimé pelliculé,B/180,APIXABAN,LES LABORATOIRES MEDIS,Tunisie,9234116,2025-03-03,Générique
APIXAN,2.5 mg,Comprimé pelliculé,B/20,APIXABAN,PHARMACARE,Tunisie,9343471,2022-10-24,Générique
APIXAN,5 mg,Comprimé pelliculé sécable,B/60,APIXABAN,PHARMACARE,Tunisie,9343472,2022-10-24,Générique
APIXAN,2.5 mg,Comprimé pelliculé,B/60,APIXABAN,PHARMACARE,Tunisie,9343473,2023-07-28,Générique
APIXAN,5 mg,Comprimé pelliculé sécable,B/15,APIXABAN,PHARMACARE,Tunisie,9343474,2025-04-02,Générique
APIXAN,2.5 mg,Comprimé pelliculé,B/180,APIXABAN,PHARMACARE,Tunisie,9343475,,Générique
APIXAN,5 mg,Comprimé pelliculé sécable,B/180,APIXABAN,PHARMACARE,Tunisie,9343476,,Générique
APOKINON,30 MG/ 3ML (1%),Solution injectable,B/ 5 Stylos pré-remplis /3ml,APOMORPHINE,LABORATOIRE AGUETTANT,FRANCE,7093331,2019-02-23,Princeps
APPELOM,20 mg,Comprimé pelliculé,B/30,MEMANTINE,ACT PHARMA,Tunisie,9363102,2019-09-06,Générique
APPELOM,10 mg,Comprimé pelliculé,B/30,MEMANTINE,ACT PHARMA,Tunisie,9363101,2019-09-06,Générique
APRANAX 275,275 MG,Comprimé pelliculé,B/10,NAPROXENE,TERIAK,Tunisie,9253113,2008-08-09,Générique
APRANAX 275,275 MG,Comprime enrobé,B/30,NAPROXENE,TERIAK,Tunisie,9253111,2002-08-03,Princeps
APRANAX 550,550 MG,Comprime enrobe secable,B/8,NAPROXENE,TERIAK,Tunisie,9253114,2008-09-01,Générique
APRANAX 550,550 MG,Comprime enrobe secable,B/16,NAPROXENE,TERIAK,Tunisie,9253112,2002-08-03,Princeps
APRIVA,10mg/20mg/30mg,Comprimé pelliculé,B/28 (4/10 mg+4/20 mg+20/30 mg),APREMILAST,IBN AL BAYTAR,Tunisie,9073772H,2024-06-18,Générique
APRIVA,30 mg,Comprimé pelliculé,B/60,APREMILAST,IBN AL BAYTAR,Tunisie,9073771H,2024-06-18,Générique
APROKAM,50 mg,Pdre p.prep.injectable,B/10Fl +10 AIGUILLES,CEFUROXIME,THEA,FRANCE,8443142H,2018-09-12,Princeps
APYROSIS DOUBLE ACTION CITRON,500 mg/213mg/325 mg,Suspension buvable,B/20 sachet-dose/10ML,ALGINATES+CARBONATE DE CALCIUM+BICARBONATE DE SODIUM,OPALIA PHARMA,Tunisie,9023785,2023-02-09,Générique
APYROSIS DOUBLE ACTION MENTHE,500 mg/213mg/325 mg,Suspension buvable,B/20 sachets-dose/10ML,ALGINATES+CARBONATE DE CALCIUM+BICARBONATE DE SODIUM,OPALIA PHARMA,Tunisie,9023786,2023-02-09,Générique
APYROSIS NOURRISSONS,,Suspension buvable,FL/150 ml,ALGINATES,OPALIA PHARMA,Tunisie,9023782,2008-05-21,Générique
ARACYTINE,100 MG,Pdre p.prep.injectable,B/1+S/5 ML,CYTARABINE,PFIZER HOLDING FRANCE,FRANCE,6530011,1995-07-07,Princeps
ARACYTINE,1 gr,Pdre p.prep.injectable,B/1 flacon,CYTARABINE,PFIZER HOLDING FRANCE,FRANCE,10803071H,2009-06-20,Princeps
ARADEUX PLUS,300 mg/10 mg,Comprimé pelliculé,B/90,IRBESARTAN+AMLODIPINE,SAIPH,Tunisie,9164146,2019-11-12,Générique
ARANESP,30 mcg/0.3ml,Solution injectable,B/4 Seringues pré-remplies/0.3ml,DARBEPOETIN ALFA,AMGEN EUROPE B.V,HOLLANDE,1693018H,2017-11-27,Princeps
ARANESP,40 mcg/0.4ml,Solution injectable,B/4 Seringues Seringues pré-remplies/0.4ml,DARBEPOETIN ALFA,AMGEN EUROPE B.V,HOLLANDE,1693015H,2017-11-27,Princeps
ARANESP,20 mcg/0.5ml,Solution injectable,B/4 Seringues pré-remplies/0.5ml,DARBEPOETIN ALFA,AMGEN EUROPE B.V,HOLLANDE,1693017H,2017-11-27,Princeps
ARCHIFAR,1 gr,Pdre p.prep.injectable,B/1 flacon de lyophilisat,MEROPENEME,MEDOCHEMIE LTD,CHYPRE,6973231H,2022-01-26,Générique
ARGINO B,,Comprimé pelliculé,B/24,ARGININE CHLORHYDRATE+VITAMINE B1+VITAMINE B6,ADWYA,Tunisie,9043591,1998-03-16,Princeps
ARISAIPH,1 mg/ml,Solution buvable,FL/150 ml,ARIPIPRAZOLE,SAIPH,Tunisie,9164451,2025-11-03,Générique
ARIXTRA,7.5mg/0.6ml (12.5mg/ml),Solution injectable,B/10 seringues pré-remplies,FONDAPARINUX SODIUM,ASPEN PHARMA TRADING Limited,Irelande,15493082,2024-01-09,Princeps
ARIXTRA,2.5mg/0.5ml (5mg/ml),Solution injectable,B/10 Seringues pré-remplies,FONDAPARINUX SODIUM,ASPEN PHARMA TRADING Limited,Irelande,15493081,2024-01-09,Princeps
ARIZIL,10 mg,Comprimé pelliculé,B/90,DONEPEZIL,PHARMAGHREB,Tunisie,9013823,2013-08-22,Générique
ARIZIL,10 mg,Comprimé pelliculé,B/30,DONEPEZIL,PHARMAGHREB,Tunisie,9013822,2013-10-09,Générique
ARIZIL,5 mg,Comprimé pelliculé,B/30,DONEPEZIL,PHARMAGHREB,Tunisie,9013821,2013-10-09,Générique
ARKOGELULE AUBELINE,,Gélule,FL/45,AUBEPINE,ARKOPHARMA,FRANCE,8953013,2008-04-23,Princeps
ARNICA COMPLEXE N°1,,Gouttes buvables,FL/30 ml,ARNICA,LEHNING,FRANCE,7053101,2020-03-16,Princeps
ARNIGEL,,Gel dermique,T/45 GR,ARNICA TM,BOIRON,FRANCE,6873532,2017-07-18,Princeps
AROMAPLEX,25 mg,Comprimé pelliculé,B/30,EXEMESTANE,GENEPHARM S.A,GRECE,7573071,2016-09-05,Générique
AROMASINE,25 mg,Comprime enrobé,B/30,EXEMESTANE,PFIZER HOLDING FRANCE,FRANCE,10803021,2006-02-15,Princeps
ARTHROX,15 mg,Comprimé sécable,B/14,MELOXICAM,ADWYA,Tunisie,9044201,2015-02-17,Générique
ARTICAINE MEDIS ADRÉNALINÉE,1/100 000,Solution injectable,B/50 carpules/1.8 ml,ARTICAINE+ADRENALINE,LES LABORATOIRES MEDIS,Tunisie,9233961,2018-05-30,Générique
AS-ONE,100 MG,Comprimé pelliculé,B/4,SILDENAFIL,TAHA PHARMA,Tunisie,9373453,2018-03-15,Générique
AS-ONE,25 mg,Comprimé pelliculé,B/4,SILDENAFIL,TAHA PHARMA,Tunisie,9373451,2018-02-22,Générique
AS-ONE,50 MG,Comprimé pelliculé,B/4,SILDENAFIL,TAHA PHARMA,Tunisie,9373452,2018-03-15,Générique
ASCAPOUDRE,0.4%,Poudre a usage externe,FL/100 GR,LINDANE,PHARMAGHREB,Tunisie,9013061,1990-12-20,Générique
ASPEGIC ADULTES,1000 mg,Poudre pour solution orale,B/16 sachets,ACETYLSALICYLATE DE LYSINE,SANOFI AVENTIS PHARMA TUNISIE,Tunisie,92630112,2019-07-31,Princeps
ASPEGIC ADULTES,1000 mg,Poudre pour solution orale,B/20,ACETYLSALICYLATE DE LYSINE,WINTHROP PHARMA TUNISIE,Tunisie,9103964,2021-09-14,Princeps
ASPIRINE PH 8,500 MG,Comprimé pelliculé,B/20,ACIDE ACETYLSALICYLIQUE,SAIPH,Tunisie,9163011,1996-11-05,Princeps
ASPIRYL,75 mg,Comprimé,FL/100,ACIDE ACETYLSALICYLIQUE,ADVANS PHARMA,Tunisie,9413151,2023-12-01,Générique
ASPIRYL,500 mg,Comprimé,B/20,ACIDE ACETYLSALICYLIQUE,ADVANS PHARMA,Tunisie,9413152,2023-12-01,Générique
ASTRADOL LP,100 MG,Comprimé à libération prolongée,B/10,TRAMADOL,ADWYA,Tunisie,9043662,2004-07-08,Générique
ATACURE,50 mg/5ml,Solution injectable,B/5/5 ml,ATRACURIUM,HIKMA Pharmaceuticals Co Ltd,JORDANIE,6653461H,2004-12-20,Générique
ATENAD,100 mg,Comprimé pelliculé sécable,B/30,ATENOLOL,ADWYA,Tunisie,9044062,2010-11-25,Générique
ATENAD,50 mg,Comprimé pelliculé sécable,B/30,ATENOLOL,ADWYA,Tunisie,9044061,2010-11-25,Générique
ATEPADENE,30 mg,Gélule,B/30,ADENOSINE,X.O,FRANCE,19843011,2018-11-29,Princeps
ATOSIBAN EVER Pharma,75 mg/10ml,Solution injectable pour perfusion,B/1 flacon/10ml,ATOSIBAN,EVER Valinject GmbH,AUTRICHE,23033042,2024-11-22,Générique
ATOSIBAN EVER Pharma,6.75 mg/0.9 ml,Solution injectable pour perfusion,B/1 flacon,ATOSIBAN,EVER Valinject GmbH,AUTRICHE,23033043,2024-12-27,Générique
ATOSIBAN EVER Pharma,37.5 mg/ 5 ml,Solution injectable pour perfusion,B/1 flacon / 5ml,ATOSIBAN,EVER Valinject GmbH,AUTRICHE,23033041,2024-07-30,Générique
ATRACURIUM MÉDIS 25,25 mg,Solution injectable,B/50/2.5 ml,ATRACURIUM,LES LABORATOIRES MEDIS,Tunisie,9233401H,2005-12-31,Générique
ATRACURIUM MEDIS 25,25 mg,Solution injectable,B/10/2.5 ml,ATRACURIUM,LES LABORATOIRES MEDIS,Tunisie,9233403H,2006-02-04,Générique
ATRACURIUM MÉDIS 50,50 mg,Solution injectable,B/50/5 ml,ATRACURIUM,LES LABORATOIRES MEDIS,Tunisie,9233402H,2005-12-31,Générique
ATRACURIUM MÉDIS 50,50 mg,Solution injectable,B/10/5 ml,ATRACURIUM,LES LABORATOIRES MEDIS,Tunisie,9233404H,2006-02-04,Générique
ATRICAN,250 MG,Capsule molle,B/8,TENONITROZOLE,INNOTECH INTERNATIONAL,FRANCE,5690012,1999-12-08,Princeps
ATROALDO,20 mcg/doses,Solution pour inhalation,fl/10 ml/200 doses,BROMURE D'IPRATROPIUM,ALDO-UNION S.L,ESPAGNE,3013061,2015-12-23,Générique
ATROPINE SAIPH,0.25 mg/ ml,Solution injectable,B/10/1 ML,ATROPINE,SAIPH,Tunisie,9163801H,2010-05-06,Générique
ATROPINE SULFATE AGUETTANT,0.250 mg/1 ml,Solution injectable,B/10/1 ML,ATROPINE,LABORATOIRE AGUETTANT,FRANCE,7093062H,2008-07-15,Générique
ATROPINE UNIMED,0.5%,Collyre,FL/5 ml,ATROPINE,UNIMED,Tunisie,9093442,2004-08-05,Générique
ATROPINE UNIMED,1%,Collyre,FL/5 ml,ATROPINE,UNIMED,Tunisie,9093441,2004-08-05,Générique
ATROPINUM SULFURICUM,1 mg/ml,Solution injectable,B/10/1 ml,ATROPINE,SOPHARMA SA,BULGARIE,10793011H,2009-08-24,Générique
ATROVAST10,10 mg,Comprimé pelliculé,B/30,ATORVASTATINE,PHARMACARE,Tunisie,9343321,2019-04-23,Générique
ATROVAST10,10 mg,Comprimé pelliculé,B/90,ATORVASTATINE,PHARMACARE,Tunisie,9343325,2022-04-25,Générique
ATROVAST20,20 mg,Comprimé pelliculé sécable,B/30,ATORVASTATINE,PHARMACARE,Tunisie,9343322,2019-04-23,Générique
ATROVAST20,20 mg,Comprimé pelliculé sécable,B/90,ATORVASTATINE,PHARMACARE,Tunisie,9343326,2022-06-17,Générique
ATROVAST40,40 mg,Comprimé pelliculé sécable,B/30,ATORVASTATINE,PHARMACARE,Tunisie,9343323,2019-04-23,Générique
ATROVAST40,40 mg,Comprimé pelliculé sécable,B/90,ATORVASTATINE,PHARMACARE,Tunisie,9343327,2022-04-25,Générique
ATROVAST80,80 mg,Comprimé pelliculé sécable,B/30,ATORVASTATINE,PHARMACARE,Tunisie,9343324,2019-04-23,Générique
ATROVENT,20 µG,Aérosol,FL/200 DOS,BROMURE D'IPRATROPIUM,BOEHRINGER INGELHEIM FRANCE,FRANCE,5213074,1997-01-29,Princeps
ATYFOR,12 µg,Solution pour inhalation,B/1 FL/100 doses,FORMOTEROL,VAGA LABORATORIES,Tunisie,9473031,2024-06-28,Générique
AUBAGIO,14 mg,Comprimé pelliculé,B/28,TERIFLUNOMIDE,SANOFI Winthrop Industrie.,FRANCE,16283011H,2020-10-08,Princeps
AUGMENTIN 8/1 ADULTE,500 mg/62.5 mg,Comprimé pelliculé,B/24,AMOXICILLINE+ACIDE CLAVULANIQUE,ADWYA,Tunisie,9043568,2008-10-25,Princeps
AUGMENTIN 8/1 ADULTE,500 mg/62.5 mg,Comprimé pelliculé,B/16,AMOXICILLINE+ACIDE CLAVULANIQUE,ADWYA,Tunisie,9043565,2004-10-20,Princeps
AUGMENTIN ADULTE,1 gr/125 mg,Poudre pour suspension orale,B/12 Sachets-doses,AMOXICILLINE+ACIDE CLAVULANIQUE,ADWYA,Tunisie,9043564,2004-08-05,Princeps
AUGMENTIN ENFANT,500 mg/62.5 mg,Poudre pour suspension orale,B/24Sachets-doses,AMOXICILLINE+ACIDE CLAVULANIQUE,ADWYA,Tunisie,9043569,2010-05-12,Princeps
AUGMENTIN ENFANT,500 mg/62.5 mg,Poudre pour suspension orale,B/12 Sachets-doses,AMOXICILLINE+ACIDE CLAVULANIQUE,ADWYA,Tunisie,9043566,2006-07-26,Princeps
AUGMENTIN NOURRISSONS,100 mg/12.5mg/ml,Poudre pour suspension orale,FL/30 ml + pipette,AMOXICILLINE+ACIDE CLAVULANIQUE,ADWYA,Tunisie,9043567,2008-05-21,Princeps
AVAMYS,27.5 µg/pulvérisation,Spray nasal,FL/120 Doses,FLUTICASONE,GlaxoSmithKline (Ireland) Limited,Irelande,24833011,2021-06-09,Princeps
AVASTIN,400 mg,Solution injectable pour perfusion,B/1FL/16ml,BEVACIZUMAB,Roche Pharma (Schweiz) AG,SUISSE,6993192H,2010-09-22,Princeps
AVASTIN,100 mg,Solution injectable pour perfusion,B/1FL/4ml,BEVACIZUMAB,Roche Pharma (Schweiz) AG,SUISSE,6993191H,2010-09-22,Princeps
AVAXIM 80 U PEDIATRIQUE,,Suspension injectable,B/1SER pré-remplie/0.5ML,VACCIN CONTRE DE L'HEPATITE A,SANOFI Winthrop Industrie.,FRANCE,12063101,2017-04-26,Princeps
AVENOC,,Pommade rectale,T/30 GR,PRODUITS HOMEOPATHIQUES,BOIRON,FRANCE,6873161,1991-06-27,Princeps
AVENOC,,Suppositoire,B/10,PRODUITS HOMEOPATHIQUES,BOIRON,FRANCE,6873162,1991-06-27,Princeps
AVLOCARDYL,5 MG,Solution injectable,B/5/5 ML,PROPRANOLOL,ASTRA ZENECA,FRANCE,5680011,1994-10-17,Princeps
AVLOCARDYL RETARD,160 mg,Gélule à libération prolongée,B/30,PROPRANOLOL,ASTRA ZENECA,FRANCE,5680014,2008-08-06,Princeps
AVODART,0.5 mg,Capsule molle,B/30,DUTASTERIDE,GlaxoSmithKline France,FRANCE,2113101,2006-05-10,Princeps
AVOMIN,1 mg,Comprimé pelliculé,B/28,ANASTROZOLE,GENEPHARM S.A,GRECE,7573081H,2016-09-05,Générique
AVONEX,30 µg/0.5 ml,Solution injectable,B/4 stylos pré-remplis,INTERFERON BETA-1A,BIOGEN NETHERLANDS B.V.,HOLLANDE,28763011H,2025-07-03,Princeps
AVONEX,6 MUI,Solution injectable,B/4ser/0.5 ml,INTERFERON BETA-1A,BIOGEN Idec Ltd,Rayaume uni,10913012H,2007-08-27,Princeps
AZACITIDINE NEAPOLIS,100 mg,Poudre pour solution injectable,B/1 flacon,AZACITIDINE,NEAPOLIS PHARMA,Tunisie,9393061H,2019-04-01,Générique
AZATHIOPRINE VIATRIS,50 mg,Comprimé pelliculé sécable,B/100,AZATHIOPRINE,VIATRIS SANTE,FRANCE,4923221,2014-04-24,Générique
AZEAL,0.05%,Collyre,FL/6ml,AZELASTINE,UNIMED,Tunisie,9093951,2016-08-17,Générique
AZITHROCINE 250,250 mg,Gélule,B/6,AZITHROMYCINE,SIPHAT,Tunisie,9003781,2003-04-14,Générique
AZOMYCINE,500 mg,Comprimé pelliculé sécable,B/3,AZITHROMYCINE,PIERRE FABRE MEDICAMENT PRODUCTION TUNISIE,Tunisie,9323221,2021-10-08,Générique
AZRO 600 MG,40 mg/ ml,Poudre pour suspension orale,FL/15 ml,AZITHROMYCINE,TERIAK,Tunisie,9253222,2004-10-07,Générique
AZRO 900 MG,40 mg/ ml,Poudre pour suspension orale,FL/22.5 ml,AZITHROMYCINE,TERIAK,Tunisie,9253223,2006-06-01,Générique
B.C.G VACCINE SSI,,Pdre p.prep.injectable,FL/10DOS+S/1ML,VACCIN BCG,STATENS SERUM INSTITUT,Denemark,3223011,1999-10-08,Princeps
BACTALL,500 mg,Comprimé pelliculé sécable,B/70,CIPROFLOXACINE,SAIPH,Tunisie,9163683H,2013-08-21,Générique
BACTALL,500 mg,Comprimé pelliculé sécable,B/10,CIPROFLOXACINE,SAIPH,Tunisie,ST9163682,2008-01-23,Générique
BACTRIM FORTE,800 mg/160 mg,Comprimé,B/10,SULFAMETOPYRAZINE+TRIMETHOPRIME,TERIAK,Tunisie,9253082,2002-04-04,Princeps
BACTRIM NOURRISSONS ET ENFANTS.,240 mg/5ml,Suspension buvable,FL/100 ML,COTRIMOXAZOLE,TERIAK,Tunisie,9253083,2002-04-04,Princeps
BALKAPROFEN,100 MG/5ML,Suspension buvable,FL/100ML,IBUPROFEN,APM,JORDANIE,5063042,2002-10-02,Générique
BALSAFINE,40 MG,Gouttes nasales,FL/20ML,CHLOROBUTANOL+MENTHOL PUR,PHARMAGHREB,Tunisie,9013161,1993-01-30,Générique
BARACLUDE,0.5 mg,Comprimé pelliculé,FL/30,ENTECAVIR,BRISTOL MYERS SQUIBB Company USA,Etats Unis d'Amérique,11033011H,2008-04-15,Princeps
BARACLUDE,1 mg,Comprimé pelliculé,FL/30,ENTECAVIR,BRISTOL MYERS SQUIBB Company USA,Etats Unis d'Amérique,11033012H,2008-04-15,Princeps
BAUME CALMOL ADULTES,,Baume,T/60 GR,CAMPHRE+EUCALYPTOL+MENTHOL PUR,PHARMADERM,Tunisie,9053011,1990-05-03,Générique
BECAVIR,0.5 mg,Comprimé pelliculé,FL/30,ENTECAVIR,SIPHAT,Tunisie,9003982H,2020-06-29,Générique
BECAVIR,1 mg,Comprimé pelliculé,FL/30,ENTECAVIR,SIPHAT,Tunisie,9003981H,2017-07-10,Générique
BECLO-ASMA,250 µG,Aérosol,FL/200 doses,BECLOMETASONE,ALDO-UNION S.L,ESPAGNE,3013022,2004-05-12,Générique
BECLOJET 250,250 µG,Solution pour inhalation,FL/200 DOSES,BECLOMETASONE,CHIESI S.A.S,FRANCE,1263011,2001-07-23,Princeps
BECLOSPIN,400 µg/ml,Suspension pour inhalation,B/20 récipients unidose conditionnés par plaquettes de 5 unidose en sachet,BECLOMETASONE,CHIESI S.A.S,FRANCE,1263092,2017-07-18,Princeps
BECLOSPIN,800 µg/2ml,Suspension pour inhalation,B/20 récipients unidose,BECLOMETASONE,CHIESI S.A.S,FRANCE,1263091,2017-07-18,Princeps
BEMUX,100 MG,Poudre pour solution injectable,B/1FL,CHLORHYDRATE DE BENDAMUSTINE,LABORATORIOS RICHMOND S.A.C.I.F.,Argentina,12213062H,2021-09-09,Générique
BEMUX,25 mg,Poudre pour solution injectable,B/1 FL,BENDAMUSTINE,LABORATORIOS RICHMOND S.A.C.I.F.,Argentina,12213061H,2021-09-09,Générique
BENDAMUSTINE HYDROCHLORIDE NEAPOLIS,25 mg,Poudre lyophilisée à diluer pour perfusion,B/5 FL,CHLORHYDRATE DE BENDAMUSTINE,NEAPOLIS PHARMA,Tunisie,9393282H,2023-09-05,Générique
BENDAMUSTINE HYDROCHLORIDE NEAPOLIS,25 mg,Poudre lyophilisée à diluer pour perfusion,B/1 FL,CHLORHYDRATE DE BENDAMUSTINE,NEAPOLIS PHARMA,Tunisie,9393281H,2023-09-05,Générique
BENDAMUSTINE HYDROCHLORIDE NEAPOLIS,100 mg,Poudre lyophilisée à diluer pour perfusion,B/5 FL,CHLORHYDRATE DE BENDAMUSTINE,NEAPOLIS PHARMA,Tunisie,9393284H,2023-09-05,Générique
BENDAMUSTINE HYDROCHLORIDE NEAPOLIS,100 mg,Poudre lyophilisée à diluer pour perfusion,B/ 1FL,CHLORHYDRATE DE BENDAMUSTINE,NEAPOLIS PHARMA,Tunisie,9393283H,2023-09-05,Générique
BENDAVIVAL,100 MG,Poudre pour solution pour perfusion,B/1FL/20ML,CHLORHYDRATE DE BENDAMUSTINE,HIKMA Pharmaceuticals Co Ltd,JORDANIE,6653691H,2018-06-21,Princeps
BENDAVIVAL,25 MG,Poudre pour solution pour perfusion,B/1FL/5ML,CHLORHYDRATE DE BENDAMUSTINE,HIKMA Pharmaceuticals Co Ltd,JORDANIE,6653692H,2019-09-05,Princeps
BENEFIX,250 UI,Pdre p.prep.injectable,B/1 FL+ ser/5ml+kit de transfert,FACTEUR IX,PFIZER Europe MA EEIG,BELGIQUE,8013181H,2024-06-18,Princeps
BENEFIX,500 UI,Pdre p.prep.injectable,B/1 FL+ ser/5ml+kit de transfert,FACTEUR IX,PFIZER Europe MA EEIG,BELGIQUE,8013182H,2024-06-18,Princeps
BENEFIX,1000 UI,Pdre p.prep.injectable,B/1 FL+ ser/5ml+kit de transfert,FACTEUR IX,PFIZER Europe MA EEIG,BELGIQUE,8013183H,2024-06-18,Princeps
BENMAK,25 MG (2.5mg/ml),Poudre pour solution pour perfusion,B/5FL/10ML,CHLORHYDRATE DE BENDAMUSTINE,MAKPHARM D.O.O,Croatie,20353011H,2020-08-06,Générique
BENMAK,100 MG (2.5mg/ml),Poudre pour solution pour perfusion,B/5FL/40ML,CHLORHYDRATE DE BENDAMUSTINE,MAKPHARM D.O.O,Croatie,20353012H,2020-08-06,Générique
BENZACILLINE,1.200 MU,Pdre p.prep.injectable,B/10 FL Sans solvant,BENZATHINE BENZYLPENICILLINE,BALKANPHARMA-RAZGRAD AD,BULGARIE,4663032,2001-01-27,Générique
BENZYDEX,0.15%,Solute buccal,Fl/ 120 ml,BENZYDAMINE,ADWYA,Tunisie,9044501,2021-11-19,Générique
BERIATE,250 UI,Poudre pour solution injectable,B/1FL Pdre+Solvant+Set de Transfert,FACTEUR VIII,CSL BEHRING GmbH,Allemagne,8143111H,2018-03-02,Princeps
BERIATE,500 UI,Poudre pour solution injectable,B/1FL Pdre+Solvant+Set de Transfert,FACTEUR VIII,CSL BEHRING GmbH,Allemagne,8143112H,2018-03-02,Princeps
BERIPLEX P/N 500,,Pdre p.prep.injectable,B/1FL+S/20 ML +SET DE TRANSFERT AVEC FILTRE 20/20,FACTEUR IX II VII X,CSL BEHRING GmbH,Allemagne,8143081H,2013-08-20,Princeps
BETABLOK,20 mg,Comprimé pelliculé sécable,B/28,BETAXOLOL,OPALIA PHARMA,Tunisie,ST9024021,2014-09-29,Générique
BETACOL LP,2 %,Collyre,FL/3ML,CARTEOLOL,UNIMED,Tunisie,9093972,2021-09-23,Générique
BETADIS,2 mg,Comprime dispersible,B/20,BETAMETHASONE,ACT PHARMA,Tunisie,9363161,2023-12-01,Générique
BETAFACT,250 UI/ 5 ML,Pdre p.prep.injectable,1FL+S /5 ML+ kit de perfusion,FACTEUR IX,LFB-Biomédicaments,FRANCE,3163032H,2013-08-20,Princeps
BETAFACT,500 UI,Pdre p.prep.injectable,1FL+S/10ML+ kit de perfusion,FACTEUR IX,LFB-Biomédicaments,FRANCE,3163031H,1998-06-10,Princeps
BETAFERON,250 mcg/ml,Pdre p.prep.injectable,B/15 Unidoses+Ser+Adapatateur+2 tampons,INTERFERON BETA 1 B,BAYER AG,Allemagne,12853031H,2010-09-17,Princeps
BETAGAM,8 MG,Comprimé,B/90,BETAHISTINE,PHARMAGHREB,Tunisie,9013531,2004-11-11,Générique
BETASEPTINE,10%,Solution gynecologique,FL/20 ml,POLYVIDONE IODEE,PHARMADERM,Tunisie,9053165,2010-06-12,Générique
BETASEPTINE,10%,Solute buccal,FL/125 ML,POLYVIDONE IODEE,PHARMADERM,Tunisie,9053167,2014-08-12,Générique
BETASEPTINE,10%,Solution gynecologique,FL/500 ml,POLYVIDONE IODEE,PHARMADERM,Tunisie,9053166,2013-03-12,Générique
BETASEPTINE,10%,Solution externe,FL/500 ml,POLYVIDONE IODEE,PHARMADERM,Tunisie,9053162,2007-07-04,Générique
BETASEPTINE,10%,Solution externe,FL/125 ml,POLYVIDONE IODEE,PHARMADERM,Tunisie,9053161,2007-07-04,Générique
BETASEPTINE,10%,Solution gynecologique,FL/125 ML,POLYVIDONE IODEE,PHARMADERM,Tunisie,9053163,2007-07-04,Générique
BETASEPTINE,10%,Solution externe,FL/20 ml,POLYVIDONE IODEE,PHARMADERM,Tunisie,9053164,2008-12-18,Générique
BETASERC,24 mg,Comprimé sécable,B/30,BETAHISTINE,TERIAK,Tunisie,9253072,2007-09-03,Princeps
BETASONE,0.05%,Pommade dermique,T/15 GR,BETAMETHASONE,SIMED,Tunisie,9083562,2011-12-30,Générique
BETASONE,0.05%,Creme dermique,T/15 GR,BETAMETHASONE,SIMED,Tunisie,9083561,2011-12-30,Générique
BETOPTIC,0.5%,Collyre,FL/3ML,BETAXOLOL,ALCON FRANCE,FRANCE,6643041,1989-11-09,Princeps
BI-AMDOL,37.5 mg/325 mg,Gélule,B/20,PARACETAMOL+TRAMADOL,PHARMAGHREB,Tunisie,9013841,2014-10-08,Générique
BIAFINE,,Emulsion,T/93 g,TROLAMINE,JOHNSON & JOHNSON SANTE BEAUTE FRANCE,FRANCE,11283011,2007-08-24,Princeps
BIAFINE,,Emulsion,T/186 gr,TROLAMINE,JOHNSON & JOHNSON SANTE BEAUTE FRANCE,FRANCE,11283012,2007-08-24,Princeps
BICALOX,50 MG,Comprimé pelliculé,B/28,BICALUTAMIDE,ERIS PHARMACEUTICALS PTY LTD,Australie,17083021,2017-06-28,Générique
BICALUTAMIDE ACCORD,50 MG,Comprimé pelliculé,B/28,BICALUTAMIDE,ACCORD HEALTHCARE LTD,Rayaume uni,16923121,2019-07-19,Générique
BICAMIDE,50 MG,Comprimé pelliculé,B/28,BICALUTAMIDE,GENEPHARM S.A,GRECE,7573051,2015-07-13,Générique
BICARBONATE MONOSODIQUE,1.4%,Solution injectable pour perfusion,FL/500 ml,BICARBONATE DE SODIUM,SIPHAT,Tunisie,9003721,2000-06-22,Générique
BICNU IV,100 MG,Pdre p.prep.injectable,B/1+S,CARMUSTINE,BRISTOL MYERS SQUIBB,FRANCE,5253011H,1988-04-07,Princeps
BIDORZO SP 2% /0.5%,20 MG/ML + 5MG/ML,Collyre,B/01FL/5ML,DORZOLAMIDE+TIMOLOL,STERIPHARM,Tunisie,9443201,2023-12-22,Générique
BILATA SP,50µg/ 5mg,Collyre,FL/2.5 ml,LATANOPROST+TIMOLOL,STERIPHARM,Tunisie,9443061,2022-04-25,Générique
BIOMAG AGRUMES,,Comprimé à croquer,B/90,PRODUITS HOMEOPATHIQUES,LEHNING,FRANCE,7053042,2012-12-21,Princeps
BiTOBRA SP,15 mg/ 5ml,Collyre,FL/5ML,DEXAMETHASONE+TOBRAMYCINE,STERIPHARM,Tunisie,9443112,2022-10-12,Générique
BLASTOFERON,22 µg (6 M I.U),Solution injectable,B/12 seringues pré-remplies /0.5 ml,INTERFERON BETA-1A,BIO SIDUS S.A,Argentina,4593041H,2025-07-03,Biosimilaire
BLASTOFERON,44 µg (12 M U.I),Solution injectable,B/12 seringues pré-remplies /0.5 ml,INTERFERON BETA-1A,BIO SIDUS S.A,Argentina,4593042H,2025-07-03,Biosimilaire
BLISSEL,50µg/gr,Gel vaginal,T/10gr+10 canules,ESTRIOL,ITALFARMACO ESPAGNE,ESPAGNE,8813011,2020-06-29,Princeps
BONEFOS,800 mg,Comprimé pelliculé,B/100,CLODRONATE,BAYER OY,FINLANDE,7243011,2009-11-23,Princeps
BONTALIS,20 mg,Comprimé pelliculé,B/4,TADALAFIL,WINTHROP PHARMA TUNISIE,Tunisie,9104011,2018-07-31,Générique
BOOSTRIX,,Suspension injectable,B/1 seringue pré-remplie/ 0.5ml,VACCIN DIPHTERIQUE TETANIQUE COQUELUCHEUX,Glaxo Smith KLine Biologicals S.A (RIXENSART),BELGIQUE,7063161,2017-05-10,Princeps
BORTEZOMIB NEAPOLIS,3.5 mg,Pdre p.prep.injectable,B/1 FL/10ML,BORTEZOMIB,NEAPOLIS PHARMA,Tunisie,9393051H,2019-02-06,Générique
BOTOX,100 UI,Pdre p.prep.injectable,B/1 flacon,TOXINE BOTULINIQUE,ABBVIE LIMITED.,Irelande,22543021H,2025-12-18,Princeps
BRAVAL 10,10 mg,Comprimé pelliculé,B/30,DONEPEZIL,SAIPH,Tunisie,9163872,2011-10-27,Générique
BRAVAL 5,5 mg,Comprimé pelliculé,B/30,DONEPEZIL,SAIPH,Tunisie,9163871,2011-10-27,Générique
BRICANYL,0.500 MG,Solution injectable,B/8/1ML,TERBUTALINE,ASTRA ZENECA,FRANCE,5100012,1994-03-15,Princeps
BRIDION 200 MG,100 mg/ml,Solution injectable,B/10/2 ml,SUGAMMADEX,ORGANON N.V HOLLLANDE,HOLLANDE,6023131H,2017-04-26,Princeps
BRIDION 200 MG,100 mg/ml,Solution injectable,B/10/2 ml,SUGAMMADEX,MERCK SHARP & DOHME BV,HOLLANDE,7013181H,2022-08-09,Princeps
BRILIQUE,90 mg,Comprimé pelliculé,B/60,TICAGRELOR,AstraZeneca AB SUEDE,SUEDE,8233041,2017-02-20,Princeps
BRILOR,90 MG,Comprimé pelliculé,B/60,TICAGRELOR,DAR-ESSAYDALI.,Tunisie,,,Générique
BROMHEXINE,4 MG,Comprimé pelliculé,B/500,BROMHEXINE,SIPHAT,Tunisie,9003141H,1994-11-22,Générique
BROMHEXINE,4 mg,Comprimé pelliculé,B/1000,BROMHEXINE,SIPHAT,Tunisie,9003142H,2013-05-20,Générique
BROMHEXINE,4 MG,Comprimé pelliculé,B/40,BROMHEXINE,SIPHAT,Tunisie,9003141,1989-09-22,Générique
BROMISOL,0.2%,Solution buvable,FL/60ML,BROMHEXINE,OPALIA PHARMA,Tunisie,9023461,1998-03-16,Générique
BROMOLACTOBIONATE DE CALCIUM,,Sirop,FL/200 ML,BROMOLACTOBIONATE DE CA,SIPHAT,Tunisie,9003531,1996-11-29,Générique
BRONCHOFYLINE LP,200 mg,Comprimé à libération prolongée,B/30,THEOPHYLLINE,DAR-ESSAYDALI.,Tunisie,9213042,1999-11-01,Générique
BRONCHOFYLINE LP,300 mg,Comprimé à libération prolongée,B/30,THEOPHYLLINE,DAR-ESSAYDALI.,Tunisie,9213041,1999-11-01,Générique
BRONCHOFYLINE LP,200 mg,Comprimé à libération prolongée,B/345,THEOPHYLLINE,DAR-ESSAYDALI.,Tunisie,9213044H,2000-10-13,Générique
BRONCHOFYLINE LP,300 mg,Comprimé à libération prolongée,B/150,THEOPHYLLINE,DAR-ESSAYDALI.,Tunisie,9213043H,2000-10-26,Générique
BRONCHOKOD,5%,Sirop,FL/300 ML,CARBOCISTEINE,SIMED,Tunisie,9083021,1992-12-05,Générique
BRONCHOKOD,2%,Sirop,FL/125 ML,CARBOCISTEINE,SIMED,Tunisie,9083022,1992-12-05,Générique
BRONCHOKOD,5%,Sirop,FL/125 ML,CARBOCISTEINE,SIMED,Tunisie,9083021B,1994-06-06,Générique
BRONCHOKOD SANS SUCRE,5%,Sirop,FL/125 ML,CARBOCISTEINE,SIMED,Tunisie,9083023B,1994-06-06,Princeps
BRONCHOKOD SANS SUCRE,5%,Solution buvable,FL/300 ML,CARBOCISTEINE,SIMED,Tunisie,9083023,1993-07-09,Princeps
BRONCHOTHIOL,2%,Sirop,FL/125 ML,CARBOCISTEINE,SIPHAT,Tunisie,9003111,1989-08-30,Générique
BRONCHOTHIOL,5%,Sirop,FL/200 ML,CARBOCISTEINE,SIPHAT,Tunisie,9003112,1989-08-30,Générique
BRONCHOTUX,5%,Sirop,FL/180 ml,CARBOCISTEINE,WEST PHARMA,Tunisie,9293231,2016-07-12,Générique
BRONCHOTUX,5%,Sirop,FL/125 ml,CARBOCISTEINE,WEST PHARMA,Tunisie,9293232,2018-04-20,Générique
BROT,850 MG,Comprimé pelliculé,B/100,METFORMINE,MEDOCHEMIE LTD,CHYPRE,6973221H,2018-03-02,Générique
BRUNAC,5%,Collyre,FL/5ML,ACETYLCYSTEINE,BRUSCHETTINI,ITALIE,7583061,2006-04-27,Générique
BUCOSEPTYL,0.1%,Solute buccal,FL/90 ml,CHLORHEXIDINE+CHLOROBUTANOL,GALPHARMA,Tunisie,9223591,2019-09-26,Générique
BUDIAIR,200 µG/dose,Aérosol,FL/200 doses,BUDESONIDE,CHIESI FARMACEUTICI S.p.A,ITALIE,7133061,2007-03-22,Princeps
BUDIAIR JET,200 µG/dose,Aérosol,FL/200 doses + inhalateur,BUDESONIDE,CHIESI FARMACEUTICI S.p.A,ITALIE,7133062,2007-03-22,Princeps
BUPICAINE,0.25%,Solution injectable,B/10/20 ML,BUPIVACAINE,UNIMED,Tunisie,9093233,2008-07-30,Générique
BUPICAINE,0.5%,Solution injectable,B/10/20 ML,BUPIVACAINE,UNIMED,Tunisie,9093234,2008-07-30,Générique
BUPICAINE,0.5%,Solution injectable,B/10/10 ML,BUPIVACAINE,UNIMED,Tunisie,9093232,2000-03-01,Générique
BUPICAINE,0.25%,Solution injectable,B/10/10 ML,BUPIVACAINE,UNIMED,Tunisie,9093231,2000-03-01,Générique
BUPICAINE RACHIANESTHESIE,20 MG/4ML,Solution injectable,B/20/4ML,BUPIVACAINE,UNIMED,Tunisie,9093235H,2009-01-20,Générique
BUPIVACAINE AGUETTANT,2.5 mg/ml,Solution injectable,B/10/20ML,BUPIVACAINE,LABORATOIRE AGUETTANT,FRANCE,7093082H,1996-05-06,Générique
BUPIVACAINE AGUETTANT,5 mg/ml,Solution injectable,B/10/20ML,BUPIVACAINE,LABORATOIRE AGUETTANT,FRANCE,7093081H,1996-05-06,Générique
BUPIVACAINE RACHIANESTHESIE AGUETTANT,5 mg/ml,Solution injectable,B/5/4ML,BUPIVACAINE,LABORATOIRE AGUETTANT,FRANCE,7093084H,2024-07-01,Générique
BUPIVACAINE RACHIANESTHESIE AGUETTANT,5MG/ML,Solution injectable,B/20/4ML,BUPIVACAINE,LABORATOIRE AGUETTANT,FRANCE,7093083H,2006-10-30,Générique
BUTALIN,2 MG,Comprimé,B/20,SALBUTAMOL,JULPHAR,Emirats Arabes Unis,7473071,1993-01-26,Générique
BUTALIN(SANS SUCRE),2 MG/5 ML,Sirop,FL/120 ML,SALBUTAMOL,JULPHAR,Emirats Arabes Unis,7473074,2005-12-21,Générique
BUTO-ASMA,100 µg/dose,Aérosol,FL/200 doses,SALBUTAMOL,ALDO-UNION S.L,ESPAGNE,3013031,2006-02-16,Générique
BUTRANS,5µG/H,Dispositif trans-dermique,B/4 Patchs,BUPRENORPHINE,Napp Pharmaceuticals Limited,Rayaume uni,16263032,2021-03-15,Princeps
BUTRANS,10µG/H,Dispositif trans-dermique,B/4 Patchs,BUPRENORPHINE,Napp Pharmaceuticals Limited,Rayaume uni,1626301,2021-03-15,Princeps
BUTRANS,20µG/H,Dispositif trans-dermique,B/4 Patchs,BUPRENORPHINE,Napp Pharmaceuticals Limited,Rayaume uni,16263033,2021-03-15,Princeps
CALCIBOIZE,500 MG,Granules effervescents,B/20 Sachets,CALCIUM,SAIPH,Tunisie,9163441,2003-07-04,Générique
CALCIBRONAT,2 gr,Comprimé effervescent,T/20,CALCIUMBRMOLACTOBIONATE,EQUILIBRE ATTITUDE,FRANCE,11273011,2007-07-26,Princeps
CALCIFAST D3,500 mg/400 UI,Comprimé à croquer,B/30,CALCIUM+VITAMINE D,WEST PHARMA,Tunisie,9293123,2017-04-21,Générique
CALCIFORTE VITAMINE D3,500 mg/400 ui,Comprimé à sucer,B/60,CALCIUM+VITAMINE D,GRIMBERG,FRANCE,10173061,2015-02-03,Générique
CALCIPRAT,500 MG,Comprimé à sucer,B/60,CALCIUM,IPRAD,FRANCE,1563011,2003-01-15,Princeps
CALCIPRAT VITAMINE D3,1000MG/ 800 UI,Comprimé à sucer,FL/30,CALCIUM+VITAMINE D,IPRAD,FRANCE,1563013,2008-02-23,Princeps
CALCIUM D3 IAB,500MG/ 400 UI,Comprimé à sucer,FL/60,CALCIUM+VITAMINE D,IBN AL BAYTAR,Tunisie,9073481,2011-01-13,Générique
CALCIUM TERIAK,500 mg,Comprimé à sucer,B/28,CALCIUM,TERIAK,Tunisie,9253811,2014-12-04,Générique
CALIDRON,70 mg,Comprimé,B/4,ALENDRONATE,IBN AL BAYTAR,Tunisie,9073581,2014-09-17,Générique
CALMATUX,,Comprimé pelliculé,B/20,CODEINE+CODETHYLINE+ESPECES PECTORALES,SIPHAT,Tunisie,9000054,1993-12-20,Générique
CALMATUX ADULTE,,Sirop,FL/200 ML,CODEINE+ACIDE ASCORBIQUE+ESPECES PECTORALES,SIPHAT,Tunisie,9000051,1993-12-20,Générique
CALMATUX ENFANT,,Sirop,FL/125 ML,CODEINE+CODETHYLINE+ESPECES PECTORALES,SIPHAT,Tunisie,9000052,1993-12-20,Générique
CALMATUX NOURRISSONS,,Sirop,FL/90 ML,VITAMINE C+ESPECES PECTORALES+SODIUM BENZOATE,SIPHAT,Tunisie,9000053,1997-02-07,Générique
CALMIXENE,,Sirop,FL/150 ml,PIMETHIXENE,JUVISE PHARMACEUTICALS,FRANCE,14703011,2012-08-14,Princeps
CALYPTINE ENFANTS DE PLUS DE 30 MOIS,,Creme dermique,T/40 GR,EUCALYPTOL+MENTHOL PUR+SALICYLATE DE METHYLE+HUILE ESSENTIEL,PHARMADERM,Tunisie,9053012,1990-05-03,Générique
CAMILIA,,Solution buvable,B/30 récipients unidoses/1ml,PRODUITS HOMEOPATHIQUES,BOIRON,FRANCE,6873592,2015-08-31,Princeps
CAMILIA,,Solution buvable,B/10 récipients unidoses/1ml,PRODUITS HOMEOPATHIQUES,BOIRON,FRANCE,6873591,2009-06-01,Princeps
CAMYSTEN,1%,Creme dermique,T/30 GR,CLOTRIMAZOLE,OPALIA PHARMA,Tunisie,9023131,1994-03-30,Générique
CANCIDAS,50 mg,Pdre p.prep.injectable,B/1 flacon,CASPOFUNGINE,MERCK SHARP & DOHME BV,HOLLANDE,7013132H,2020-12-23,Princeps
CANCIDAS IV,70 mg,Pdre p.prep.injectable,B/1 flacon,CASPOFUNGINE,MERCK SHARP & DOHME B.V,HOLLANDE,7013131H,2020-12-23,Princeps
CANDESAR PLUS,8 mg/12.5 mg,Comprimé,B/90,CANDESARTAN CILEXETIL+HYDROCHLOROTHIAZIDE,DAR-ESSAYDALI.,Tunisie,9213402,2021-01-06,Générique
CANDESAR PLUS,8 mg/12.5 mg,Comprimé,B/30,CANDESARTAN CILEXETIL+HYDROCHLOROTHIAZIDE,DAR-ESSAYDALI.,Tunisie,9213401,2021-01-06,Générique
CANDESAR PLUS,16 mg/12.5 mg,Comprimé,B/90,CANDESARTAN CILEXETIL+HYDROCHLOROTHIAZIDE,DAR-ESSAYDALI.,Tunisie,9213404,2021-01-06,Générique
CANDESAR PLUS,16 mg/12.5 mg,Comprimé,B/30,CANDESARTAN CILEXETIL+HYDROCHLOROTHIAZIDE,DAR-ESSAYDALI.,Tunisie,9213403,2021-01-06,Générique
CANDISTOP,100 mg,Poudre pour solution à diluer pour perfusion,B/ 1FL,ANIDULAFUNGINE,LES LABORATOIRES MEDIS,Tunisie,ST923414H,2023-10-31,Générique
CANTALENE,,Comprimé à sucer,B/24,CHLORHEXIDINE+LYSOZYME+TETRACAINE,COOPERATION PHARMACEUTIQUE FRANCAISE,FRANCE,7623071,2013-11-07,Princeps
CAPECITABINE ACCORD,500 mg,Comprimé pelliculé,B/120,CAPECITABINE,ACCORD HEALTHCARE LTD,Rayaume uni,16923011H,2016-07-14,Générique
CAPECITABINE NEAPOLIS,500 mg,Comprimé pelliculé,B/120,CAPECITABINE,NEAPOLIS PHARMA,Tunisie,9393151H,2020-09-28,Générique
CAPECITABINE PHARMACARE,500 mg,Comprimé pelliculé,B/120,CAPECITABINE,PHARMACARE PREMIUM LIMITED,MALTE,24923021H,2024-07-09,Générique
CAPECITABINE VIATRIS,500 mg,Comprimé pelliculé,B/120,CAPECITABINE,VIATRIS SANTE,FRANCE,4923341H,2019-08-02,Générique
CAPOCARD 50,50 mg,Comprimé,B/20,CAPTOPRIL,Dar Al Dawa Development and Investment Co.Ltd,JORDANIE,5403203,2005-08-05,Générique
CARBAGLU,200 mg,Comprime dispersible,B/60,ACIDE CARGLUMIQUE,RECORDATI RARE DISEASES,FRANCE,24423012,2025-06-05,Princeps
CARBAGLU,200 mg,Comprime dispersible,B/5,ACIDE CARGLUMIQUE,RECORDATI RARE DISEASES,FRANCE,24423011,2025-06-05,Princeps
CARBODIAL,50 MG,Comprimé,B/90,ACARBOSE,NEAPOLIS PHARMA,Tunisie,ST9393111,2023-08-14,Générique
CARBODIAL,100 MG,Comprimé sécable,B/90,ACARBOSE,NEAPOLIS PHARMA,Tunisie,ST9393112,2023-08-14,Générique
CARBOGAM ADULTES SANS SUCRE,5%,Solution buvable,FL/300 ML,CARBOCISTEINE,PHARMAGHREB,Tunisie,9013471,2003-10-29,Générique
CARBOLESS 100,100 MG,Comprimé sécable,B/90,ACARBOSE,TAHA PHARMA,Tunisie,9373052,2015-05-29,Générique
CARBOLESS 50,50 mg,Comprimé,B/90,ACARBOSE,TAHA PHARMA,Tunisie,9373051,2015-05-29,Générique
CARBOPLATIN EBEWE,150 mg,Solution injectable,FL/15 ML,CARBOPLATINE,EBEWE Pharma,AUTRICHE,6943101H,2001-01-20,Générique
CARBOPLATIN MYLAN,150 mg,Solution injectable,FL/15 ML,CARBOPLATINE,MYLAN S.A.S,FRANCE,4923061H,2001-05-07,Générique
CARBOPLATINE ACTAVIS,50mg/5ml,Solution injectable pour perfusion,FL/5 ml,CARBOPLATINE,ACTAVIS Group PTC ehf,Islande,10243033H,2015-03-25,Générique
CARBOSTINE ADULTES,5%,Sirop,FL/125 ML,CARBOCISTEINE,PHARMADERM,Tunisie,9053101,1996-11-26,Générique
CARBOSTINE ENFANT,2%,Sirop,FL/125 ML,CARBOCISTEINE,PHARMADERM,Tunisie,9053103,1996-11-26,Générique
CARBOSTINE SANS SUCRE ADULTE,5%,Solution buvable,FL/200 ML,CARBOCISTEINE,PHARMADERM,Tunisie,9053102,1996-11-25,Générique
CARBOSYLANE ENFANT,70 mg/22.5 mg,Gélule,B/48 (B/24 doses de 2 gélules jumelées),CHARBON+SIMETHICONE,GRIMBERG,FRANCE,10173023,2009-07-15,Princeps
CARBUTOL,200 mg,Comprimé pelliculé,B/30,ACEBUTOLOL,ADWYA,Tunisie,9044051,2010-07-30,Générique
CARBUTOL,400 mg,Comprimé pelliculé sécable,B/30,ACEBUTOLOL,ADWYA,Tunisie,9044052,2010-07-30,Générique
CARDIOCINE,100 mg,Comprimé,B/30,ACIDE ACETYLSALICYLIQUE,ACT PHARMA,Tunisie,9363121,2020-04-14,Générique
CARDIOCINE,160 mg,Comprimé sécable,B/30,ACIDE ACETYLSALICYLIQUE,ACT PHARMA,Tunisie,9363123,2024-01-22,Générique
CARDIOCINE,100 mg,Comprimé,B/90,ACIDE ACETYLSALICYLIQUE,ACT PHARMA,Tunisie,9363122,2022-12-07,Générique
CARDULAR PP URO,4 mg,Comprimé à libération prolongée,B/30,DOXAZOSINE,Viatris Pharma GmbH Allemagne,Allemagne,26333011,2022-01-26,Princeps
CARPILO,,Collyre,Fl/3 ML,PILOCARPINE+CARTEOL,CHAUVIN,FRANCE,5283092,2001-01-13,Princeps
CARTEOL LP,2% (2gr/100ml),Collyre,B/30/0.2ml,CARTEOLOL,CHAUVIN,FRANCE,5283025,2016-05-25,Princeps
CARTEOL LP,1%,Collyre,FL/3ML,CARTEOLOL,CHAUVIN,FRANCE,5283023,2005-03-16,Princeps
CARTEOL LP,2%,Collyre,FL/3ML,CARTEOLOL,CHAUVIN,FRANCE,5283024,2005-03-09,Princeps
CARTIFOR,500 mg,Gélule,B/60,CHONDROITINE,PHARMAGHREB,Tunisie,9014101,2021-03-22,Générique
CARTILUM,500 mg,Gélule,B/60,CHONDROITINE,ACT PHARMA,Tunisie,9363051,2016-04-12,Générique
CATACOL,0.1%,Collyre,FL/10ML,INOSINE,ALCON FRANCE,FRANCE,6643081,1992-02-04,Princeps
CATAFLAM,25 mg,Comprimé drageifié,B/20,DICLOFENAC,TERIAK,Tunisie,9253671,2011-03-14,Princeps
CATAFLAM,50 mg,Comprimé drageifié,B/20,DICLOFENAC,TERIAK,Tunisie,9253672,2011-03-14,Princeps
CEBEMYXINE,,Pommade ophtalmique,T/5GR,NEOMYCINE+POLYMYXINE B,CHAUVIN,FRANCE,5280042,1992-05-23,Princeps
CEBEMYXINE,,Collyre,FL/10 ML,NEOMYCINE+POLYMYXINE B,CHAUVIN,FRANCE,5280043,2000-06-14,Princeps
CEBESINE,0.4%,Collyre,FL/5ML,OXYBUPROCAINE,CHAUVIN,FRANCE,5283052,2020-03-16,Princeps
CEBESINE,0.4%,Collyre,FL/10ML,OXYBUPROCAINE,CHAUVIN,FRANCE,5283051,1992-02-13,Princeps
CEBUTOL 400,400 MG,Comprimé pelliculé,B/32,ACEBUTOLOL,SIPHAT,Tunisie,9003482,1997-03-05,Générique
CEFAPOR IV,2 GR,Pdre p.prep.injectable,B/1 Flacon de lyophilisat,CEFTRIAXONE,LABESFAL - Laboratorios Almiro S.A,PORTUGAL,4333012H,2001-05-16,Générique
CEFAXONE IM,1 gr,Pdre p.prep.injectable,B/1FL + S/4 ML,CEFTRIAXONE,UNIMED,Tunisie,9093502,2005-10-28,Générique
CEFAXONE IM IV SC,0.5 GR,Pdre p.prep.injectable,B/1FL+Slvt/5 ML,CEFTRIAXONE,UNIMED,Tunisie,9093504,2010-07-30,Générique
CEFAXONE IM IV SC,250 mg,Pdre p.prep.injectable,B/1FL+Slvt/5 ML,CEFTRIAXONE,UNIMED,Tunisie,9093503,2010-07-30,Générique
CEFAXONE IM/IV,1 gr,Pdre p.prep.injectable,B/10 flacons sans solvant,CEFTRIAXONE,UNIMED,Tunisie,9093505H,2012-11-19,Générique
CEFAXONE IV,1 GR,Pdre p.prep.injectable,FL+S/10 ML,CEFTRIAXONE,UNIMED,Tunisie,9093501H,2005-01-06,Générique
CEFAZOL IM,1 gr,Pdre p.prep.injectable,B/1Fl + s/5ml,CEFAZOLINE,UNIMED,Tunisie,9093371,2003-07-01,Générique
CEFAZOL IM IV,1 GR,Pdre p.prep.injectable,B/1 fl+s/5ml,CEFAZOLINE,UNIMED,Tunisie,9093271,2002-12-27,Générique
CEFAZOL IM IV,1 GR,Pdre p.prep.injectable,B/25 flacons sans solvant,CEFAZOLINE,UNIMED,Tunisie,9093272H,2002-12-27,Générique
CEFORT,1 GR,Pdre p.prep.injectable,B/50 FL sans solvant,CEFTRIAXONE,ANTIBIOTICE S.A,ROMANIE,4223021H,2001-05-15,Générique
CEFOTIM IM,1 gr,Pdre p.prep.injectable,B/1+ Solvant/4 ML,CEFOTAXIME,UNIMED,Tunisie,9093361,2003-07-01,Générique
CEFRIN,125 MG/5ML,Poudre pour suspension orale,FL/100ML,CEFALEXINE,JULPHAR,Emirats Arabes Unis,7473013,1992-05-19,Générique
CEFRIN,250 MG,Poudre pour suspension orale,FL/100ML,CEFALEXINE,JULPHAR,Emirats Arabes Unis,7473011,1992-05-19,Générique
CEFTAZIDIME LABESFAL 1000 MG IM-IV,1000 mg,Pdre p.prep.injectable,B/50 FL+ 50 amp/ solvant/3 ml,CEFTAZIDIME,LABESFAL - Laboratorios Almiro S.A,PORTUGAL,4333063H,2013-03-13,Générique
CEFTAZIDIME LABESFAL 1000 MG IM-IV,1000 mg,Pdre p.prep.injectable,B/1 FL+ 1 amp. solvant/3 ml,CEFTAZIDIME,LABESFAL - Laboratorios Almiro S.A,PORTUGAL,4333062H,2013-03-13,Générique
CEFTAZIDIME LABESFAL 2 GR IM-IV,2000 mg,Pdre p.prep.injectable,B/1 FLACON,CEFTAZIDIME,LABESFAL - Laboratorios Almiro S.A,PORTUGAL,4333064H,2013-03-13,Générique
CEFTAZIDIME LABESFAL 500 MG IM-IV,500 mg,Pdre p.prep.injectable,B/1 FL+ 1 amp. solvt/1.5 ml,CEFTAZIDIME,LABESFAL - Laboratorios Almiro S.A,PORTUGAL,4333061H,2013-03-13,Générique
CEFTAZIM IM IV,1 gr,Pdre p.prep.injectable,B/1 fl s/solvant,CEFTAZIDIME,UNIMED,Tunisie,9093562H,2006-07-26,Générique
CEFTAZIM IM IV,0.5 gr,Pdre p.prep.injectable,B/1 fl s/solvant,CEFTAZIDIME,UNIMED,Tunisie,9093561H,2006-07-26,Générique
CEFTAZIM IV,2 gr,Pdre p.prep.injectable,B/1FL/ 20 ML+ set de transfert,CEFTAZIDIME,UNIMED,Tunisie,9093563H,2011-03-14,Générique
CEFTRIAXONE LABESFAL IV,1 GR,Pdre p.prep.injectable,B/1FL+S/10ML,CEFTRIAXONE,LABESFAL - Laboratorios Almiro S.A,PORTUGAL,4333011H,2001-05-16,Générique
CEFUROXIME KABI,1500 mg,Pdre p.prep.injectable,B/10 flacons/50 ml,CEFUROXIME,FRESENIUS KABI FRANCE,FRANCE,3153082,2015-12-23,Générique
CEFUROXIME KABI,750 mg,Pdre p.prep.injectable,B/10 flacons/15ml,CEFUROXIME,FRESENIUS KABI FRANCE,FRANCE,3153081,2015-11-04,Générique
CELASONE,0.05%,Lotion,FL/15 gr,BETAMETHASONE,DORCAS,Tunisie,9313201,2015-06-01,Générique
CELASONE,5 mg/ 100ml,Solution rectale,B/1 Flacon/100ml,BETAMETHASONE,DORCAS,Tunisie,9313202,2016-05-02,Générique
CELASONE4,(4 mg/1 ml),Solution injectable,B/3/1 ML,BETAMETHASONE,DORCAS,Tunisie,9313203,2016-07-12,Générique
CELLCEPT,500 MG,Comprimé,B/150,MYCOPHENOLATE MOFETIL,ROCHE PHARMA (SCHWEIZ) LTD SUISSE,SUISSE,6993132H,2002-06-12,Princeps
CELLCEPT,250 MG,Gélule,B/300,MYCOPHENOLATE MOFETIL,ROCHE PHARMA (SCHWEIZ) LTD SUISSE,SUISSE,6993131H,2002-06-12,Princeps
CEMIVIL,100 mg,Comprimé pelliculé sécable,B/30,IMATINIB,HIKMA Pharmaceuticals Co Ltd,JORDANIE,6653551H,2014-01-08,Générique
CEMIVIL,400 mg,Comprimé pelliculé sécable,B/30,IMATINIB,HIKMA Pharmaceuticals Co Ltd,JORDANIE,6653552H,2014-01-08,Générique
CEREZYME,400U,Poudre pour solution pour perfusion,B/1FL/20ML,IMIGLUCERASE,SANOFI B.V.,HOLLANDE,3843031H,2022-02-04,Princeps
CERNEVIT,,Pdre p.prep.injectable,B/10FL+S/5ML,VITAMINES,BAXTER SA Belgique,BELGIQUE,10153021,2015-12-01,Princeps
CERVARIX,20 µg /20 µg,Suspension injectable,B / 1 ser pré-remplie/0.5ml,VACCIN CONTRE LE PAPILLOMAVIRUS HUMAIN,Glaxo Smith KLine Biologicals S.A (RIXENSART),BELGIQUE,7063131,2009-08-07,Princeps
CETORNAN,5 GR,Poudre pour solution orale,B/10 SACHETS,OXYGLURATE NEUTRE DE L+ ORNITHINE MONOHYDRAT,CHIESI S.A.S,FRANCE,1263081,2017-04-26,Princeps
CHEFIX,,Liniment,FL/5ML,EUCALYPTOL+MENTHOL PUR+SALICYLATE DE METHYLE,PHARMADERM,Tunisie,9053071,1993-10-13,Générique
CHLORHEXIDINE ALCOOLIQUE,2%,Solution externe,FL/250 ml,CHLORHEXIDINE,SIMED,Tunisie,9083701,2017-02-21,Générique
CHLORHEXIL COLOREE,,Solution externe,Fl/125 ml,CHLORHEXIDINE,PHARMAGHREB,Tunisie,9013411,2001-02-10,Générique
CHLORHYDRATE DE LIDOCAINE,1%,Solution injectable,B/1/4 ML,LIDOCAINE,UNIMED,Tunisie,9093421,2003-12-24,Générique
CHLORHYDRATE DE LIDOCAINE,1%,Solution injectable,B/1/5 ML,LIDOCAINE,UNIMED,Tunisie,9093422,2003-12-24,Générique
CHLOROHISTOL,4 MG,Comprimé sécable,B/20,CHLORPHENIRAMINE,JULPHAR,Emirats Arabes Unis,7473061,1993-01-13,Générique
CHLOROSEPTIL,1.5%,Solution moussante,fl/300 ml,CHLORHEXIDINE,PHARMADERM,Tunisie,9053272,2016-12-01,Générique
CHLOROSEPTIL,1.5%,Solution moussante,fl/100 ml,CHLORHEXIDINE,PHARMADERM,Tunisie,9053271,2016-12-01,Générique
CHLORURE DE CALCIUM,10%,Solution injectable,B/10 FL/5 ML,CALCIUM,UNIMED,Tunisie,9093171A,1995-02-18,Générique
CHLORURE DE CALCIUM,10%,Solution injectable,B/100 FL/5ML,CALCIUM,UNIMED,Tunisie,9093171AH,1995-02-18,Générique
CHLORURE DE CALCIUM,10%,Solution injectable,B/100FL/10 ML,CALCIUM,UNIMED,Tunisie,9093171BH,1995-02-18,Générique
CHLORURE DE POTASSIUM,500 mg,Comprimé,B/400,POTASSIUM CHLORURE,SIPHAT,Tunisie,9003751H,2001-02-10,Générique
CHLORURE DE POTASSIUM,10%,Solution injectable,B/100/10ML,CHLORURE DE POTASSIUM,UNIMED,Tunisie,9093082H,1995-06-15,Générique
CHLORURE DE POTASSIUM UNIMED,7.46 %,Solution injectable,B/10/10 ML,CHLORURE DE POTASSIUM,UNIMED,Tunisie,9093081A,1994-04-08,Générique
CHLORURE DE POTASSIUM UNIMED,7.46 %,Solution injectable,B/100/10ML,POTASSIUM,UNIMED,Tunisie,9093081BH,1994-04-08,Générique
CHLORURE DE SODIUM,0.9%,Solution injectable pour perfusion,P/1000 ML,CHLORURE DE SODIUM,SIPHAT,Tunisie,9003332,1993-12-04,Générique
CHLORURE DE SODIUM,0.9%,Solution injectable pour perfusion,P/500 ML,CHLORURE DE SODIUM,SIPHAT,Tunisie,9003331,1993-12-04,Générique
CHLORURE DE SODIUM,0.9%,Solution injectable pour perfusion,FL/250 ml,CHLORURE DE SODIUM,SIPHAT,Tunisie,9003652,2000-06-22,Générique
CHLORURE DE SODIUM UNIMED,10%,Solution injectable,B/100/10ML,CHLORURE DE SODIUM,UNIMED,Tunisie,9093091BH,1994-04-08,Générique
CHLORURE DE SODIUM 0.9%,,Solution injectable pour perfusion,P/500 ml,CHLORURE DE SODIUM,INFOMED Pharma,Tunisie,9193113,2012-12-26,Générique
CHLORURE DE SODIUM 0.9%,,Solution injectable pour perfusion,P/100 ml,CHLORURE DE SODIUM,INFOMED Pharma,Tunisie,9193111,2012-12-26,Générique
CHLORURE DE SODIUM 0.9%,,Solution injectable pour perfusion,P/1000 ml,CHLORURE DE SODIUM,INFOMED Pharma,Tunisie,9193114,2012-12-26,Générique
CHLORURE DE SODIUM 0.9%,,Solution injectable pour perfusion,P/3000 ml,CHLORURE DE SODIUM,INFOMED Pharma,Tunisie,9193115,2012-12-26,Générique
CHLORURE DE SODIUM 0.9%,0.9%,Solution injectable pour perfusion,P/500 ml,CHLORURE DE SODIUM,INFOMED Pharma,Tunisie,9193116H,2015-03-30,Générique
CHLORURE DE SODIUM 0.9% UNIMED,,Solution injectable pour perfusion,Poche multicouche/500 ml,CHLORURE DE SODIUM,UNIMED,Tunisie,9093614,2013-11-11,Générique
CHLORURE DE SODIUM 0.9% UNIMED,,Solution injectable pour perfusion,Poche multicouche/1000 ml,CHLORURE DE SODIUM,UNIMED,Tunisie,9093615H,2015-07-29,Générique
CHLORURE DE SODIUM 0.9% UNIMED,,Solution injectable pour perfusion,Poche/50 ml,CHLORURE DE SODIUM,UNIMED,Tunisie,9093616H,2015-07-29,Générique
CHLORURE DE SODIUM 0.9% UNIMED,,Solution injectable pour perfusion,Poche multicouche/50 ml,CHLORURE DE SODIUM,UNIMED,Tunisie,9093617H,2016-04-28,Générique
CHLORURE DE SODIUM 0.9% UNIMED,,Solution injectable pour perfusion,Poche multicouche/100 ml,CHLORURE DE SODIUM,UNIMED,Tunisie,9093618H,2016-04-28,Générique
CHLORURE DE SODIUM 0.9% UNIMED,,Solution injectable pour perfusion,Poche multicouches/1000 ml,CHLORURE DE SODIUM,UNIMED,Tunisie,90936110H,2018-02-22,Générique
CHLORURE DE SODIUM 0.9% UNIMED,,Solution injectable pour perfusion,Poche multicouches/500 ml,CHLORURE DE SODIUM,UNIMED,Tunisie,9093619H,2018-02-22,Générique
CHLORURE DE SODIUM 0.9% UNIMED,,Solution injectable pour perfusion,Poche multicouche/250 ml sans suremballage,CHLORURE DE SODIUM,UNIMED,Tunisie,90936111H,2020-05-14,Générique
CHLORURE DE SODIUM 0.9% UNIMED,,Solution injectable pour perfusion,Poche multicouche/250 ml avec suremballage,CHLORURE DE SODIUM,UNIMED,Tunisie,90936112H,2020-05-14,Générique
CHLORURE DE SODIUM 0.9% UNIMED,,Solution injectable pour perfusion,Poche/500 ml,CHLORURE DE SODIUM,UNIMED,Tunisie,9093611,2007-12-31,Générique
CHLORURE DE SODIUM 09%,,Solution injectable pour perfusion,P/250 ml,CHLORURE DE SODIUM,INFOMED Pharma,Tunisie,9193112,2012-12-26,Générique
CHLORURE DE SODIUM 9 P/MILLE UNIMED,,Solution injectable pour perfusion,Fl en PP/500 ml,CHLORURE DE SODIUM,UNIMED,Tunisie,9093582,2014-11-28,Générique
CHLORURE DE SODIUM 9 P/MILLE UNIMED,0.9%,Solution injectable pour perfusion,Fl/500 ml,CHLORURE DE SODIUM,UNIMED,Tunisie,9093581,2007-05-09,Générique
CHLORURE DE SODIUM A 0.9%,,Solution injectable pour perfusion,P/100 ML,CHLORURE DE SODIUM,INFOMED Pharma,Tunisie,9193013,1998-07-16,Générique
CHLORURE DE SODIUM A 0.9%,,Solution injectable pour perfusion,P/250 ML,CHLORURE DE SODIUM,INFOMED Pharma,Tunisie,9193014,1998-07-16,Générique
CHLORURE DE SODIUM A 0.9%,,Solution injectable pour perfusion,P/500 ML,CHLORURE DE SODIUM,INFOMED Pharma,Tunisie,9193011,1998-07-16,Générique
CHLORURE DE SODIUM A 0.9%,0.9%,Solution injectable pour perfusion,P/1000 ML,CHLORURE DE SODIUM,INFOMED Pharma,Tunisie,9193012,1998-07-16,Générique
CHLORURE DE SODIUM A 0.9%,,Solution injectable pour perfusion,P/3000 ML,CHLORURE DE SODIUM,INFOMED Pharma,Tunisie,9193015,1998-07-16,Générique
CHLORURE DE SODIUM A 10%,10%,Solution injectable pour perfusion,FL/500 ML,CHLORURE DE SODIUM,SIPHAT,Tunisie,9003641,1997-11-28,Générique
CHLORURE DE SODIUM INFOMED FLUIDS,0.9%,Solution injectable pour perfusion,Poche/250 ml,CHLORURE DE SODIUM,S.C.INFOMED FLUIDS S.R.L.,ROMANIE,12663012,2010-07-27,Générique
CHLORURE DE SODIUM INFOMED FLUIDS,0.9%,Solution injectable pour perfusion,Poche/500 ml,CHLORURE DE SODIUM,S.C.INFOMED FLUIDS S.R.L.,ROMANIE,12663011,2010-07-27,Générique
CHLORURE DE SODIUM ISOTONIQUE,0.9%,Solution injectable pour perfusion,FL/500ML,CHLORURE DE SODIUM,SIPHAT,Tunisie,9003651,1998-04-14,Générique
CHLORURE DE SODIUM PROAMP.,0.2gr /ml (20%),Solution injectable pour perfusion,B/50/10 ML,CHLORURE DE SODIUM,LABORATOIRE AGUETTANT,FRANCE,7093213H,2009-03-03,Générique
CHLORURE DE SODIUM0.9%UNIMED,,Solution injectable pour perfusion,Poche/100 ml,CHLORURE DE SODIUM,UNIMED,Tunisie,9093612,2007-12-26,Générique
CHONDROSULF,400 mg,Gélule,B/84,CHONDROITINE,GENEVRIER S.A,FRANCE,5583031,2017-07-18,Princeps
CIAPLUS,20 mg,Comprimé pelliculé,B/8,TADALAFIL,ADWYA,Tunisie,9044234,2015-10-12,Générique
CIAPLUS,20 mg,Comprimé pelliculé,B/4,TADALAFIL,ADWYA,Tunisie,9044233,2015-10-12,Générique
CIAPLUS,10 mg,Comprimé pelliculé sécable,B/4,TADALAFIL,ADWYA,Tunisie,9044231,2015-10-12,Générique
CIAPLUS,10 mg,Comprimé pelliculé sécable,B/8,TADALAFIL,ADWYA,Tunisie,9044232,2015-10-12,Générique
CIAPLUS,5 mg,Comprimé pelliculé,B/30,TADALAFIL,ADWYA,Tunisie,9044235,2021-11-19,Générique
CIBLOR ENFANT,100 mg/12.5mg/ml,Poudre pour suspension orale,FL/60 ml + seringue doseuse,AMOXICILLINE+ACIDE CLAVULANIQUE,PIERRE FABRE MEDICAMENT PRODUCTION TUNISIE,Tunisie,ST9323191,2019-06-19,Générique
CICADERMA,,Pommade dermique,T/30 GR,ACHILLEE MILLEFEUILLE+CALENDULA TM+LEDUM PALUSTRE......,BOIRON,FRANCE,6873031,1990-06-13,Princeps
CICLAID,100 mg/ml,Solution buvable,FL/50 ml,CICLOSPORINE,LES LABORATOIRES MEDIS,Tunisie,9233831H,2016-06-08,Générique
CIDOMYCINE 20,20 mg / 2 ml,Solution injectable,B/5/2 ml,GENTAMICINE,SAIPH,Tunisie,9163491,2004-06-29,Générique
CIFLOXET 200,200 mg/100ml,Solution injectable,FL/100 ml,CIPROFLOXACINE,DORCAS,Tunisie,9313021H,2009-07-01,Générique
CIFLOXET 200,200 mg/100ml,Solution injectable,B/6 flacons/100 ml,CIPROFLOXACINE,DORCAS,Tunisie,9313022H,2012-12-26,Générique
CIFLOXIN,500 MG,Comprimé pelliculé,B/14,CIPROFLOXACINE,TERIAK,Tunisie,9253421,2007-09-03,Générique
CILOXAN,0.3%,Collyre,FL/5 ML,CIPROFLOXACINE,ALCON FRANCE,FRANCE,6643142,2007-08-23,Princeps
CIMET 200,100mg/ml,Solution injectable,B/5/2 ml,CIMETIDINE,DORCAS,Tunisie,9313131,2012-08-16,Générique
CIMZIA,200 mg,Solution injectable,B/2 seringues/ml +2 tampons alcoolisés,CERTOLIZUMAB,UCB PHARMA SA BELGIQUE,BELGIQUE,3113031H,2014-02-20,Princeps
CIPRO 200,200 MG/100ml,Solution injectable pour perfusion,B/12 FL/100 ML,CIPROFLOXACINE,LES LABORATOIRES MEDIS,Tunisie,9233295H,2021-03-26,Générique
CIPRO 200,200 MG/100ml,Solution injectable pour perfusion,FL/100 ML pour perfusion,CIPROFLOXACINE,LES LABORATOIRES MEDIS,Tunisie,9233291,2003-10-29,Générique
CIPRO 500,500 mg,Comprime enrobé,B/14,CIPROFLOXACINE,LES LABORATOIRES MEDIS,Tunisie,9233293,2004-10-07,Générique
CIPRO 750,750 mg,Comprime enrobé,B/14,CIPROFLOXACINE,LES LABORATOIRES MEDIS,Tunisie,9233294,2004-10-07,Générique
CIPRO INJECT,200 mg/100ml,Solution pour perfusion,B/1FL/100ML,CIPROFLOXACINE,STERIPHARM,Tunisie,9443241H,2025-07-22,Générique
CIPROFLO INFO,2 mg/ml,Solution injectable pour perfusion,POCHE 200 ml,CIPROFLOXACINE,INFOMED Pharma,Tunisie,9193172H,2019-02-06,Générique
CIPROFLO INFO,2 mg/ml,Solution injectable pour perfusion,POCHE 100 ml,CIPROFLOXACINE,INFOMED Pharma,Tunisie,9193171H,2019-02-06,Générique
CIPROFLOXACINE AGUETTANT,200 mg/100ml,Solution injectable pour perfusion,B/20 poches/100 ml,CIPROFLOXACINE,LABORATOIRE AGUETTANT,FRANCE,7093271H,2012-05-04,Générique
CIPROFLOXACINE KABI,400 mg/200ml,Solution injectable pour perfusion,poche/200 ml,CIPROFLOXACINE,FRESENIUS KABI FRANCE,FRANCE,3153071H,2015-04-07,Générique
CIPROFLOXACINE KABI,200 mg/100ml,Solution injectable pour perfusion,poche/100 ml,CIPROFLOXACINE,FRESENIUS KABI FRANCE,FRANCE,3153072H,2015-04-07,Générique
CIPROJECT,400 mg/200ml,Solution injectable pour perfusion,poche/200 ml,CIPROFLOXACINE,UNIMED,Tunisie,9093752H,2015-03-30,Générique
CIPROJECT,200 mg//100ml,Solution injectable pour perfusion,poche/100 ml,CIPROFLOXACINE,UNIMED,Tunisie,9093751H,2012-10-17,Générique
CIPROJECT,200 mg//100ml,Solution injectable pour perfusion,poche multicouche/100 ml,CIPROFLOXACINE,UNIMED,Tunisie,9093753H,2018-10-03,Générique
CIPROLON 500,500 MG,Comprimé pelliculé sécable,B/10,CIPROFLOXACINE,IBN AL BAYTAR,Tunisie,9073211,1999-10-21,Générique
CIPROLON 500,500 mg,Comprimé pelliculé sécable,B/14,CIPROFLOXACINE,IBN AL BAYTAR,Tunisie,9073212,2005-07-30,Générique
CIPROLON 750,750 MG,Comprimé pelliculé sécable,B/14,CIPROFLOXACINE,IBN AL BAYTAR,Tunisie,9073214,2010-12-15,Générique
CIPROSAIPH,500 mg,Comprimé pelliculé sécable,B/14,CIPROFLOXACINE,SAIPH,Tunisie,9163681,2008-01-23,Générique
CIRCULAID LP 400,400 mg,Comprimé à libération prolongée,B/30,PENTOXYFYLLINE,SAIPH,Tunisie,9163641,2007-10-09,Générique
CISA INJECT,2 mg/ml,Solution injectable,B/5 AMP/5 ML,CISATRACURIUM,STERIPHARM,Tunisie,9443131H,2022-12-22,Générique
CISATRACURIUM SAIPH,2 mg/ml,Solution injectable,B/5 AMP/5 ML,CISATRACURIUM,SAIPH,Tunisie,9164061H,2018-07-04,Générique
CISATREX,2 mg/ml,Solution injectable,B/5 AMP/5 ML,CISATRACURIUM,LES LABORATOIRES MEDIS,Tunisie,9233711H,2014-05-14,Générique
CISATREX FORT,5mg/ml,Solution injectable,B/1FL/30 ML,CISATRACURIUM,LES LABORATOIRES MEDIS,Tunisie,9233712H,2019-04-01,Générique
CISPLATIN-EBEWE,10 MG,Solution injectable,FL/20ML,CISPLATINE,EBEWE Pharma,AUTRICHE,6943042H,1998-05-26,Générique
CISPLATIN-EBEWE,50 MG,Solution injectable,FL/100ML,CISPLATINE,EBEWE Pharma,AUTRICHE,6943043H,1998-05-26,Générique
CISPLATINE VIATRIS,25 MG,Solution injectable,B/1FL/25ML,CISPLATINE,VIATRIS SANTE,FRANCE,4923021H,2001-04-07,Générique
CITROSYL,,Solution externe,FL/120ML,ALKYLAMINOETHYLGLYCINE,OPALIA PHARMA,Tunisie,9023061,1990-03-12,Générique
CLAMOXYL.,125 MG,Poudre pour suspension orale,FL/60 ML,AMOXICILLINE,ADWYA,Tunisie,9043154,1991-09-23,Princeps
CLARANTIN,100 MG,Gélule,B/20,NAFTIDROFURYL,MEDOCHEMIE LTD,CHYPRE,6973023,2009-06-02,Générique
CLARIREC,500 mg,Comprimé pelliculé,B/14,CLARITHROMYCINE,OPALIA PHARMA,Tunisie,9024291,2024-04-22,Générique
CLARISCAN,0.5mmol/ml,Solution injectable,B/10FL/15 ML,ACIDE GADOTERIQUE,GE HEALTHCARE AS NORVEGE,NORVEGE,2453052H,2022-09-09,Générique
CLARISCAN,0.5mmol/ml,Solution injectable,B/10FL/10 ML,ACIDE GADOTERIQUE,GE HEALTHCARE AS NORVEGE,NORVEGE,2453053H,2022-09-09,Générique
CLARISCAN,0.5mmol/ml,Solution injectable,B/10FL/20 ML,ACIDE GADOTERIQUE,GE HEALTHCARE AS NORVEGE,NORVEGE,2453051H,2022-09-09,Générique
CLARITHRO 250,250 MG,Comprimé pelliculé,B/10,CLARITHROMYCINE,SIPHAT,Tunisie,9003762,2004-03-01,Générique
CLAROCIN,250 MG,Comprimé pelliculé,B/14,CLARITHROMYCINE,TERIAK,Tunisie,9253431,2007-09-03,Générique
CLAVEPEN,1000 mg/100 mg,Pdre p.prep.injectable,B/1 flacon,AMOXICILLINE+ACIDE CLAVULANIQUE,LABESFAL - Laboratorios Almiro S.A,PORTUGAL,4333072,2014-02-20,Générique
CLAVEPEN,2000 mg/200 mg,Pdre p.prep.injectable,B/1 flacon,AMOXICILLINE+ACIDE CLAVULANIQUE,LABESFAL - Laboratorios Almiro S.A,PORTUGAL,4333071,2014-02-20,Générique
CLAVEPEN,500 MG/50 MG,Pdre p.prep.injectable,B/50 FL+50 S/10 ML,AMOXICILLINE+ACIDE CLAVULANIQUE,LABESFAL - Laboratorios Almiro S.A,PORTUGAL,4333074,2014-02-20,Générique
CLAVEPEN,1000 mg/200 mg,Pdre p.prep.injectable,B/50 flacons+50 S/20 ml,AMOXICILLINE+ACIDE CLAVULANIQUE,LABESFAL - Laboratorios Almiro S.A,PORTUGAL,4333073,2014-02-20,Générique
CLAVOR (8/1),1g/125mg,Poudre pour suspension orale,B/24 sachets,AMOXICILLINE+ACIDE CLAVULANIQUE,SAIPH,Tunisie,9163468,2010-10-21,Générique
CLAVOR 100 MG/12.5MG/ML,,Poudre pour suspension orale,FL/60 ml+ pipette,AMOXICILLINE+ACIDE CLAVULANIQUE,SAIPH,Tunisie,9163464,2005-08-27,Générique
CLAVOR 500 (1:8),500 mg/62.5mg,Comprimé pelliculé,B/120,AMOXICILLINE+ACIDE CLAVULANIQUE,SAIPH,Tunisie,9163466H,2006-07-26,Générique
CLAVOR 500 (1:8),500 mg/62.5mg,Comprimé pelliculé,B/24,AMOXICILLINE+ACIDE CLAVULANIQUE,SAIPH,Tunisie,9163462,2005-05-25,Générique
CLAVOR 500 (1:8),500 mg/62.5mg,Comprimé pelliculé,B/16,AMOXICILLINE+ACIDE CLAVULANIQUE,SAIPH,Tunisie,9163463,2005-05-25,Générique
CLAVUMOX NOURRISSON,100 mg/12.5 mg/ml,Poudre pour suspension orale,FL/30ML,AMOXICILLINE+ACIDE CLAVULANIQUE,GALPHARMA,Tunisie,9223671,2023-04-11,Générique
CLEDOS,800 mg,Comprimé pelliculé sécable,FL/100,CLODRONATE,WEST PHARMA,Tunisie,9293132,2016-06-02,Générique
CLEDOS,400 mg,Gélule,B/50,CLODRONATE,WEST PHARMA,Tunisie,9293131,2008-06-25,Générique
CLENIL,50 µG,Aérosol,FL/200DOSES,BECLOMETASONE,CHIESI FARMACEUTICI S.p.A,ITALIE,7133011,1991-10-07,Princeps
CLENIL 250 µG,250 µG,Aérosol,FL/200 DOSES,BECLOMETASONE,CHIESI FARMACEUTICI S.p.A,ITALIE,7133012,1997-12-05,Princeps
CLENIL PULVINAL,200 mcg/dose,Poudre pour inhalation buccale,FL/100 doses,BECLOMETASONE,CHIESI FARMACEUTICI S.p.A,ITALIE,7133014,2006-02-15,Princeps
CLENIL PULVINAL,400 mcg/doses,Poudre pour inhalation buccale,FL/100 doses,BECLOMETASONE,CHIESI FARMACEUTICI S.p.A,ITALIE,7133015,2006-02-15,Princeps
CLENIL PULVINAL,100 mcg/dose,Poudre pour inhalation buccale,FL/100 doses,BECLOMETASONE,CHIESI FARMACEUTICI S.p.A,ITALIE,7133013,2006-02-15,Princeps
CLINDAMYCINE KABI,600 mg/4ml,Solution injectable,B/5Ampoules/4 ml,CLINDAMYCINE,FRESENIUS KABI FRANCE,FRANCE,3153131H,2017-03-16,Générique
CLIP,0.5%,Sirop,FL/150 ML,CHLOROQUINE,OPALIA PHARMA,Tunisie,9023491,1998-07-16,Générique
CLIPTOL,5%,Gel dermique,Tube/50 g,IBUPROFEN+MENTHOL,PIERRE FABRE MEDICAMENT PRODUCTION TUNISIE,Tunisie,ST9323231,2025-11-03,Princeps
CLIPTOL,5%,Gel dermique,Tube/50 gr,IBUPROFEN+MENTHOL,PIERRE FABRE MEDICAMENT .,FRANCE,6063301,2008-12-16,Princeps
CLOBEVATE,0.05%,Gel dermique,T/45 GR,CLOBETASOL,SIPHAT,Tunisie,9003832,2006-02-04,Générique
CLOBEVATE,0.05%,Gel dermique,T/15 GR,CLOBETASOL,SIPHAT,Tunisie,9003831,2006-02-04,Générique
CLOMIPRAMINE (CHLORHYDRATE) MYLAN,10 MG,Comprimé pelliculé,B/60,CLOMIPRAMINE,MYLAN S.A.S,FRANCE,4923012,2004-01-31,Générique
CLOMIPRAMINE (CHLRHYDRATE) VIATRIS,25 MG,Comprimé pelliculé,B/50,CLOMIPRAMINE,VIATRIS SANTE,FRANCE,4923011,2001-05-02,Générique
CLOPRAME,0.1%,Sirop,FL/130ML,METOCLOPRAMIDE,LAPROPHAN,Maroc,6795093,1991-10-07,Générique
CLOXACIL,250 MG,Gélule,B/120,CLOXACILLINE,SAIPH,Tunisie,9163171,1998-08-19,Générique
CLOXACIL,250 MG,Gélule,B/12,CLOXACILLINE,SAIPH,Tunisie,9163172,2005-07-23,Générique
CO-TAZAR,80 mg/12.5mg,Comprimé pelliculé,B/30,VALSARTAN+HYDROCHLOROTHIAZIDE,PHARMAGHREB,Tunisie,9013873,2015-09-17,Générique
CO-TAZAR,160 mg/25 mg,Comprimé pelliculé,B/30,VALSARTAN+HYDROCHLOROTHIAZIDE,PHARMAGHREB,Tunisie,9013874,2015-09-18,Générique
CO-TAZAR,80 mg/12.5mg,Comprimé pelliculé,B/90,VALSARTAN+HYDROCHLOROTHIAZIDE,PHARMAGHREB,Tunisie,9013877,2016-12-22,Générique
CO-TAZAR,160 mg/25 mg,Comprimé pelliculé,B/90,VALSARTAN+HYDROCHLOROTHIAZIDE,PHARMAGHREB,Tunisie,9013878,2016-12-22,Générique
CO-TENSOPRIL,50 mg/25 mg,Comprimé,B/30,CAPTOPRIL+HYDROCHLORTHIAZIDE,DAR-ESSAYDALI.,Tunisie,9213065,2016-07-12,Générique
CO-ZARTEG,160 mg/25 mg,Comprimé pelliculé,B/30,VALSARTAN+HYDROCHLOROTHIAZIDE,ADWYA,Tunisie,9044218,2017-03-02,Générique
CO-ZARTEG,160 mg/25 mg,Comprimé pelliculé,B/90,VALSARTAN+HYDROCHLOROTHIAZIDE,ADWYA,Tunisie,9044219,2017-03-02,Générique
COCCULINE,,Comprimé orodispersible,B/40,COCCULUS+NUX VOMICA+TABACUM,BOIRON,FRANCE,6873621,2010-08-05,Princeps
COCYNTAL,,Solution buvable,B/30 doses,CARBO VEGETABILIS + COLOCYNTHIS + CUPRUM METALLICUM,BOIRON,FRANCE,6873651,2025-05-27,Princeps
COLCHICUM-DISPERT,0.5 mg,Comprimé pelliculé,B/50,COLCHICINE,RECODATI ILAC SANYI VE TICARET A.S,TURQUIE,24273011,2025-03-19,Princeps
COLIXIN,1.000.000 U.I,Poudre pour solution injectable ou pour inhalation par nébuliseur,B/30,COLISTIMETHATE SODIQUE,"Pharmis Biofamaceutica,Lda",PORTUGAL,22403011H,2025-12-18,Princeps
COLLUXID,0.1%,Solute buccal,FL/120 ML,CHLORHEXIDINE,OPALIA PHARMA,Tunisie,9023081,1992-01-09,Générique
COLOCALM INJECT,40 mg/ 0.04 mg,Solution injectable,B/6 amp/4ml,PHLOROGLUCINOL+TRIMETHYLPHLOROGLUCINOL,STERIPHARM,Tunisie,9443161,2023-04-11,Générique
COLOPRIV GÉ,200 mg,Gélule,B/30,MEBEVERINE,EXPANSCIENCE,FRANCE,6133041,2007-07-21,Princeps
COLPRONE 5,5 MG,Comprimé,B/20,MEDROGESTONE,NEURAXPHARM FRANCE,FRANCE,2923031,2007-07-18,Princeps
COMBICILLIN 3:2,1 MUI,Pdre p.prep.injectable,B/10 sans solvant,BIPENICILLINE,BALKANPHARMA-RAZGRAD AD,BULGARIE,4663041,2002-01-23,Générique
COMBICOL,0.6 MG/0.3 ML //1.5 MG/0.3 ML,Solution ophtalmique,B/30 unidoses /0.3 ml,TARTRATE DE BRIMONIDINE+TIMOLOL,UNIMED,Tunisie,9094091,2023-03-01,Générique
COMINARTY,10 µg,Suspension injectable,B/10 doses de 0.2ml,5 Capped mRNA encoding full length SARS-COV-2 Spike protein,BioNtech Manufacturing GmbH,Allemagne,24893016EP,2022-09-15,Princeps
COMINARTY,10 µg,Suspension injectable,B/195,5 Capped mRNA encoding full length SARS-COV-2 Spike protein,BioNtech Manufacturing GmbH,Allemagne,24893017EP,2022-09-15,Princeps
COMIRNATY,30 µg,Suspension injectable,B/195 Flacons,5 Capped mRNA encoding full length SARS-COV-2 Spike protein,BioNtech Manufacturing GmbH,Allemagne,24893012EP,2021-03-17,Princeps
COMIRNATY (Tri/Sucrose),30 µg /0.3ml,Suspension injectable,B/195,5 Capped mRNA encoding full length SARS-COV-2 Spike protein,BioNtech Manufacturing GmbH,Allemagne,24893018EP,2022-09-15,Princeps
COMIRNATY OMICRON XBB.1.5,30 µg,Suspension injectable,B/10Flacons multidoses,RAXTOZINAMERAN,BioNtech Manufacturing GmbH,Allemagne,24893023EP,2023-11-03,Princeps
COMIRNATY OMICRON XBB.1.5,30 µg,Suspension injectable,B/195 Flacons multidoses,RAXTOZINAMERAN,BioNtech Manufacturing GmbH,Allemagne,24893021EP,2023-11-03,Princeps
COMIRNATY OMICRON XBB.1.5,30 µg,Suspension injectable,B/10 Flacons unidoses,RAXTOZINAMERAN,BioNtech Manufacturing GmbH,Allemagne,24893022EP,2023-11-03,Princeps
CONNETTIVINA,4 mg,Compresse imprégnée stérile,B/10/10X20 cm,HYALURONATE DE SODIUM,FIDIA Farmaceutici SpA,ITALIE,7883024,2010-07-26,Princeps
CONNETTIVINA,2 mg,Compresse imprégnée stérile,B/10 /10X10 cm,HYALURONATE DE SODIUM,FIDIA Farmaceutici SpA,ITALIE,7883023,2010-07-26,Princeps
CONNETTIVINA,0.2%,Creme dermique,T/15g,HYALURONATE DE SODIUM,FIDIA Farmaceutici SpA,ITALIE,7883021,2010-07-26,Princeps
CONNETTIVINA PLUS,,Compresse imprégnée stérile,B/10/10cmx10cm,HYALURONATE DE SODIUM+SULFADIAZINE D'ARGENT,FIDIA Farmaceutici SpA,ITALIE,7883025,2010-07-26,Princeps
CONNETTIVINA PLUS,,Creme dermique,T/25 gr,HYALURONATE DE SODIUM+SULFADIAZINE D'ARGENT,FIDIA Farmaceutici SpA,ITALIE,7883022,2010-07-26,Princeps
CONTRATHION,2%,Pdre p.prep.injectable,B/10+Solvant de de 10ml,PRALIDOXIME,SERB,FRANCE,7273011H,1992-02-04,Princeps
COOLMETEC,40 mg/12.5 mg,Comprimé pelliculé,B/30,OLMESARTAN MEDOXOMIL+HYDROCHLOROTHIAZIDE,DAIICHI SANKYO FRANCE S.A.S,FRANCE,12803043,2014-01-15,Princeps
COOLMETEC,40 mg/25mg,Comprimé pelliculé,B/30,OLMESARTAN MEDOXOMIL+HYDROCHLOROTHIAZIDE,DAIICHI SANKYO FRANCE SAS,FRANCE,12803044,2014-01-08,Princeps
COOLMETEC,20 mg/12.5 mg,Comprimé pelliculé,B/30,OLMESARTAN MEDOXOMIL+HYDROCHLOROTHIAZIDE,DAIICHI SANKYO FRANCE SAS,FRANCE,12803041,2007-04-14,Princeps
COOLMETEC,20 mg/25mg,Comprimé pelliculé,B/30,OLMESARTAN MEDOXOMIL+HYDROCHLOROTHIAZIDE,DAIICHI SANKYO FRANCE SAS,FRANCE,12803042,2007-04-14,Princeps
CORICIDE LE DIABLE,12.5%,Solution externe,FL/4 GR,ACIDE SALICYLIQUE+COLLODION,SODIA,FRANCE,4173011,2001-07-23,Princeps
CORICIDE VERRUCIDE LIQUIDE,10g/100g,Solution externe,FL/5 ML + Applicateur,ACIDE SALICYLIQUE+COLLODION,PHARMAGHREB,Tunisie,9013021,1989-07-18,Générique
CORNEREGEL,5%,Gel ophtalmique,Tube/10 gr,DEXPANTHENOL,Dr GERHARD MANN,Allemagne,2743021,2015-05-05,Princeps
CORONAVAC,0.5 ml/ dose,Suspension injectable,B/01 FL,INACTIVATED VACCINE AGAINST SARS-COV2,SINOVAC LIFE SCIENCES CO.LTD,Chine,25403011EP,2021-03-04,Princeps
CORONAVAC,0.5 ml/ dose,Suspension injectable,B/01 Seringue pré-remplie,INACTIVATED VACCINE AGAINST SARS-COV2,SINOVAC LIFE SCIENCES CO.LTD,Chine,25403012EP,2021-03-04,Princeps
CORONAVAC,0.5 ml/ dose,Suspension injectable,B/01 FL/2 doses,INACTIVATED VACCINE AGAINST SARS-COV2,SINOVAC LIFE SCIENCES CO.LTD,Chine,25403013EP,2021-08-05,Princeps
CORTEF 10,10 mg,Comprimé sécable,FL/100,HYDROCORTISONE,PFIZER CANADA ULC.,Canada,10763011,2009-11-25,Princeps
CORTEMA 0.01,0.01%,Pommade dermique,T/20 GR,FLUOCINONIDE,PHARMADERM,Tunisie,9053047,2010-11-25,Générique
CORTEMA 0.01,0.01%,Pommade dermique,T/50 GR,FLUOCINONIDE,PHARMADERM,Tunisie,9053041,1992-06-03,Générique
CORTEMA GEL,0.025%,Gel dermique,T/30 GR,FLUOCINONIDE,PHARMADERM,Tunisie,9053046,2004-02-04,Générique
CORTIDEX,0.1%,Creme dermique,T/30 GR,MOMETASONE,PHARMADERM,Tunisie,9053331,2019-11-26,Générique
CORTIDEX,0.1%,Pommade dermique,T/30 g,MOMETASONE,PHARMADERM,Tunisie,9053332,2019-11-28,Générique
CORTIDEX,50 µg,Suspension nasale,Bte/1Fl /120 doses,MOMETASONE,PHARMADERM,Tunisie,9053333,2025-03-25,Générique
CORTIMENT MMX,9 MG,Comprimé à libération prolongée,B/20,BUDESONIDE,FERRING ARZNEIMITTEL GmbH,Allemagne,16143011,2018-10-18,Princeps
CORTIS 250 µG,250 µg,Suspension pour inhalation,FL/200 Doses,BECLOMETASONE,BERG LIFE SCIENCES,Tunisie,9283021,2007-05-30,Générique
CORYZALIA,,Solution buvable,B/20 unidoses/1ml,ALLIUM CEPA+BELLADONA...,BOIRON,FRANCE,6873043,2022-11-15,Princeps
CORYZALIA,,Comprimé orodispersible,B/40,ALLIUM CEPA+BELLADONA...,BOIRON,FRANCE,6873041B,1990-06-16,Princeps
COSENTYX SensoReady,150 MG/ML,Solution injectable,B/2 Stylos pré_remplis,SECUKINUMAB,NOVARTIS PHARMA SCHWEIZ AG,SUISSE,10283451H,2023-10-05,Princeps
COTRIM,240 MG/5ML,Suspension buvable,FL/100 ML,SULFAMETHOXAZOLE,LAPROPHAN,Maroc,6795033,2002-05-21,Générique
COTRIMOXAZOLE OPALIA,240 mg/5 ml,Suspension buvable,FL/100 ML,COTRIMOXAZOLE,OPALIA PHARMA,Tunisie,9023571,2000-01-17,Générique
COVALSAR,80 mg/12.5 mg,Comprimé pelliculé,B/28,VALSARTAN+HYDROCHLOROTHIAZIDE,TERIAK,Tunisie,9253791,2014-09-23,Générique
COVALSAR,160 mg/25 mg,Comprimé pelliculé,B/28,VALSARTAN+HYDROCHLOROTHIAZIDE,TERIAK,Tunisie,9253792,2014-08-18,Générique
COVATINE,50 MG,Comprime enrobé,B/45,CAPTODIAMINE,BAILLY-CREAT,FRANCE,5023021,1994-01-19,Princeps
COVID-19 VACCINE AstraZeneca,,Solution injectable,Flacons multidoses de 5 ml (0.5 ml/dose),vaccin recombinant à base d'adénovirus anti-COVID-19,AstraZeneca AB SUEDE,SUEDE,8233061EP,2021-07-07,Princeps
COVID-19 VACCINE MODERNA,0.5ml/dose,Suspension injectable,B/1FL/10 doses/0.5ml,ARNM CODANT LA PROTÉINE SPIKE (S) VIRALE DU SARS-COV-2,"MODERNA BIOTECH SPAIN ,S.L",ESPAGNE,25993011EP,2021-06-25,Princeps
COVID-19 VACCINE MODERNA,0.2mg/ml,Suspension injectable,B/1FL/15 doses,ARNM CODANT LA PROTÉINE SPIKE (S) VIRALE DU SARS-COV-2,"MODERNA BIOTECH SPAIN ,S.L",ESPAGNE,25993012EP,2021-12-15,Princeps
"COVID-19-VACCINE (Vero Cell),Inactivated",0.5ml/dose,Suspension injectable,B/1 seringue pré-remplie,INACTIVATED SARS-COV-2 ANTIGEN,"Beijing Institue Biological Products Co.,Ltd.",Chine,26013012EP,2021-07-12,Princeps
"COVID-19-VACCINE (Vero Cell),Inactivated",0.5ml/dose,Suspension injectable,B/3 Flacons,INACTIVATED SARS-COV-2 ANTIGEN,"Beijing Institue Biological Products Co.,Ltd.",Chine,26013013EP,2021-07-12,Princeps
"COVID-19-VACCINE (Vero Cell),Inactivated",0.5ml/dose,Suspension injectable,B/1 Flacon,INACTIVATED SARS-COV-2 ANTIGEN,"Beijing Institue Biological Products Co.,Ltd.",Chine,26013011EP,2021-07-12,Princeps
"COVID-19-VACCINE (Vero Cell),Inactivated",0.5ml/dose,Suspension injectable,B/1 Flacon/2 doses,INACTIVATED SARS-COV-2 ANTIGEN,"Beijing Institue Biological Products Co.,Ltd.",Chine,26013014EP,2021-08-05,Princeps
CREON 10 000 U,150 MG,Gélule,FL/60,PANCREATINE,MYLAN MEDICAL SAS,FRANCE,5873081,2009-01-21,Princeps
CREON 25 000 UI,300 mg,Gélule gastrorésistante,FL/60,PANCREATINE,MYLAN MEDICAL SAS,FRANCE,5873082,2012-03-29,Princeps
CRESEMBA,100 MG,Gélule,B/14,ISAVUCONAZOLE,HIKMA Pharmaceuticals Co Ltd,JORDANIE,6653841H,2024-08-16,Princeps
CURARIUM 25,10 mg/ml,Solution injectable,B/50/2.5 ml,ATRACURIUM,DORCAS,Tunisie,9313011H,2009-07-01,Générique
CURARIUM 50,10 mg/ml,Solution injectable,B/50/5 ml,ATRACURIUM,DORCAS,Tunisie,9313012H,2009-07-01,Générique
CUREAML,500 mg,Gélule,B/30,HYDROXYCARBAMIDE,HIKMA Pharmaceuticals Co Ltd,JORDANIE,6653581,2014-05-14,Générique
CUREX 10,2 mg/ml,Solution injectable,B/5 AMP/5 ML,CISATRACURIUM,DORCAS,Tunisie,9313252H,2018-04-27,Générique
CUROSURF,120 mg/1.5 ml,Susp. p. instill endotrachéobronchique,B/1 Flacon/1.5 ml,PHOSPHOLIPIDES TOTAUX,CHIESI FARMACEUTICI S.p.A,ITALIE,7133081H,2011-12-06,Princeps
CUROSURF,80 mg/1 ml,Susp. p. instill endotrachéobronchique,B/2 Flacon/1.5ml,PHOSPHOLIPIDES TOTAUX,CHIESI FARMACEUTICI S.p.A,ITALIE,7133082H,2024-07-30,Princeps
CVL PLUS,12.5 g/100 g,Solution externe,FL/5 ml,ACIDE SALICYLIQUE+COLLODION,PHARMAGHREB,Tunisie,9014111,2023-03-01,Générique
CYCLO 3,,Creme dermique,T/100 GR,EXT DE RUSCUS ACULEATUS+EXT FLUIDE DE MELILOT,SIMED,Tunisie,9083132,2018-03-15,Princeps
CYCLO 3,,Creme dermique,T/40 GR,EXT DE RUSCUS ACULEATUS+EXT FLUIDE DE MELILOT,SIMED,Tunisie,9083131,1995-03-14,Princeps
CYCLO 3 FORT,,Gélule,B/30,VITAMINE C+EXT DE RUSCUS ACULEATUS+HESPERIDINE METHYL CHALCO,PIERRE FABRE MEDICAMENT .,FRANCE,6060014,1994-12-19,Princeps
CYCLOCOL,0.5%,Collyre,FL/0.5 ML,CYCLOPENTOLATE,UNIMED,Tunisie,9093491,2005-01-06,Générique
CYCLOGEST,200 MG,Suppositoire,B/15,PROGESTERONE,L.D.Collins & Co.ltd,Rayaume uni,22493011,2021-01-26,Princeps
CYCLOGEST,400 mg,Suppositoire,B/15,PROGESTERONE,L.D.Collins & Co.ltd,Rayaume uni,22493012,2021-08-20,Princeps
CYCLOGEST,200 MG,Suppositoire,B/15,PROGESTERONE,ACTAVIS UK Limited,Rayaume uni,10633012,2010-05-23,Princeps
CYCLOGEST,400 MG,Suppositoire,B/15,PROGESTERONE,ACTAVIS UK Limited,Rayaume uni,10633011,2008-05-17,Princeps
CYSTINA,500 MG,Gélule,B/20,CYSTEINE,GALPHARMA,Tunisie,9223141,2003-08-21,Générique
CYSTODOSE,3 g,Granulés pour solution buvable,B/1 sachet,FOSFOMYCINE,SAIPH,Tunisie,9164201,2021-09-20,Générique
CYTARABINE ACCORD,100 MG,Solution injectable,B/1 FL/1ML,CYTARABINE,ACCORD HEALTHCARE LTD,Rayaume uni,16923052H,2017-04-10,Générique
CYTARABINE ACCROD,1gr /10ml,Solution injectable,B/1 FL,CYTARABINE,ACCORD HEALTHCARE LTD,Rayaume uni,16923051H,2017-04-10,Générique
CYTO-IDAR,10 mg/ml,Solution à diluer pour perfusion,B/1 flacon,IDARUBICINE,CYTOPHARMA,Tunisie,9383151H,2023-05-03,Générique
CYTOARAC,100 mg/5ml,Solution injectable,B/1FL,CYTARABINE,CYTOPHARMA,Tunisie,9383181H,2025-04-30,Générique
CYTOARAC HD,1g/10ml,Solution injectable,B/1 flacon,CYTARABINE,CYTOPHARMA,Tunisie,9383182H,2025-04-30,Générique
CYTOBICINE,50 mg/25 ml,Solution injectable pour perfusion,B/1FL/25 ml,EPIRUBICINE,CYTOPHARMA,Tunisie,9383042H,2017-01-04,Générique
CYTOBICINE,10 mg/5 ml,Solution injectable pour perfusion,B/1FL/5 ml,EPIRUBICINE,CYTOPHARMA,Tunisie,9383041H,2017-01-04,Générique
CYTOCINE-C,1 mg/ml,Solution injectable,B/ 1FL,VINCRISTINE,CYTOPHARMA,Tunisie,9383171H,2024-10-09,Générique
CYTOCIS,50mg/50ml,Solution injectable pour perfusion,B/1FL/50 ml,CISPLATINE,CYTOPHARMA,Tunisie,9383072H,2019-08-02,Générique
CYTOCIS,100 mg/100ml,Solution injectable pour perfusion,B/1FL/100ML,CISPLATINE,CYTOPHARMA,Tunisie,9383073H,2019-08-02,Générique
CYTOCIS,25 mg/25ml,Solution injectable pour perfusion,B/1FL/25ML,CISPLATINE,CYTOPHARMA,Tunisie,9383071H,2019-08-02,Générique
CYTODOX,10 mg/ 5 ml,Solution injectable pour perfusion,B/1 flacon/5ml,DOXORUBICINE,CYTOPHARMA,Tunisie,9383092H,2020-06-29,Générique
CYTODOX,50mg /25ml,Solution injectable pour perfusion,B/1 flacon/25ml,DOXORUBICINE,CYTOPHARMA,Tunisie,9383091H,2020-06-29,Générique
CYTOFLU,250 MG/5ML (50mg/ml),Solution injectable pour perfusion,B/1FL/5ML,FLUOROURACILE,CYTOPHARMA,Tunisie,9383011H,2016-03-17,Générique
CYTOFLU,1gr/20ml (50mg/ml),Solution injectable pour perfusion,B/1FL/20ML,FLUOROURACILE,CYTOPHARMA,Tunisie,9383012H,2016-03-17,Générique
CYTOFLU,500 mg/10 ML (50mg/ml),Solution injectable pour perfusion,B/1FL/10ML,FLUOROURACILE,CYTOPHARMA,Tunisie,9383013H,2018-02-22,Générique
CYTOGEM,40 mg/ml (2000mg),Solution injectable pour perfusion,FL/50 ml,GEMCITABINE,CYTOPHARMA,Tunisie,9383062H,2019-07-24,Générique
CYTOGEM,40 mg/ml (1 gr),Solution injectable pour perfusion,B/1 FL/25 ml,GEMCITABINE,CYTOPHARMA,Tunisie,9383063H,2020-04-14,Générique
CYTOGEM,40 mg/ml (200mg),Solution injectable pour perfusion,FL/5 ml,GEMCITABINE,CYTOPHARMA,Tunisie,9383061H,2019-07-24,Générique
CYTOKAR,10 mg/ml,Solution à diluer pour perfusion,FL/45 ml,CARBOPLATINE,CYTOPHARMA,Tunisie,9383083H,2022-04-27,Générique
CYTOKAR,150 mg/ 15 ml,Solution injectable pour perfusion,B/1FL/15 ml,CARBOPLATINE,CYTOPHARMA,Tunisie,9383082H,2019-08-02,Générique
CYTOKAR,50 mg/ 5 ml,Solution injectable pour perfusion,B/1FL/5 ml,CARBOPLATINE,CYTOPHARMA,Tunisie,9383081H,2019-08-02,Générique
CYTOLIM,500mg/20ml,Solution injectable pour perfusion,B/1FL/20 ML,PEMETREXED,CYTOPHARMA,Tunisie,9383121H,2021-09-14,Générique
CYTOPAXEL,30 mg/5 ml,Solution injectable pour perfusion,B/1FL/5ML,PACLITAXEL,CYTOPHARMA,Tunisie,9383051H,2017-07-11,Générique
CYTOPAXEL,100 mg/16.7 ml,Solution injectable pour perfusion,B/1FL/16.7ML,PACLITAXEL,CYTOPHARMA,Tunisie,9383052H,2017-07-11,Générique
CYTOPAXEL,150 mg/25 ml,Solution injectable pour perfusion,B/1FL/25ML,PACLITAXEL,CYTOPHARMA,Tunisie,9383053H,2017-07-11,Générique
CYTORELBINE,50 mg/ 5 ml,Solution injectable,B/1FL,VINORELBINE,CYTOPHARMA,Tunisie,9383132H,2022-06-13,Générique
CYTORELBINE,10 mg/ml,Solution injectable,B/1FL,VINORELBINE,CYTOPHARMA,Tunisie,9383131H,2022-06-22,Générique
CYTOSIDE,20 mg/ml,Solution à diluer pour perfusion,B/1 FL/10 ml,ETOPOSIDE,CYTOPHARMA,Tunisie,9383161H,2023-07-27,Générique
CYTOTECAN,300 mg/ 15 ml,Solution injectable pour perfusion,B/1FL/15 ml,IRINOTECAN,CYTOPHARMA,Tunisie,9383103H,2020-09-28,Générique
CYTOTECAN,40mg/2ml,Solution injectable pour perfusion,B/1FL/2ml,IRINOTECAN,CYTOPHARMA,Tunisie,9383101H,2020-09-28,Générique
CYTOTECAN,100mg/5ml,Solution injectable pour perfusion,B/1FL/5ml,IRINOTECAN,CYTOPHARMA,Tunisie,9383102H,2020-09-28,Générique
CYTOTERE,80 mg / 4 ml,Solution injectable pour perfusion,B/1FL/4 ml,DOCETAXEL,CYTOPHARMA,Tunisie,9383022H,2016-07-12,Générique
CYTOTERE,20 mg/ml,Solution injectable pour perfusion,B/1FL/1 ml,DOCETAXEL,CYTOPHARMA,Tunisie,9383021H,2016-07-12,Générique
CYTOTREXATE,5 mg/ 2 ml,Solution injectable,B/1 FL/2ml,METHOTREXATE,CYTOPHARMA,Tunisie,9383111H,2021-09-14,Générique
CYTOTREXATE,50 mg/2 ml,Solution injectable,B/1FL/2 ml,METHOTREXATE,CYTOPHARMA,Tunisie,9383112H,2021-09-14,Générique
CYTOTREXATE HD 500mg/5ml,100 MG/ML,Solution injectable,B/1FL/5ml,METHOTREXATE,CYTOPHARMA,Tunisie,9383114H,2023-07-27,Générique
CYTOTREXATE HD 5g/ 50ml,100 MG/ML,Solution injectable,B/1FL/50ml,METHOTREXATE,CYTOPHARMA,Tunisie,9383113H,2023-07-27,Générique
CYTOXALINE,50 mg/10 ml,Solution injectable pour perfusion,B/1 fl/10 ml,OXALIPLATINE,CYTOPHARMA,Tunisie,9383032H,2016-07-18,Générique
CYTOXALINE,100 mg/20 ml,Solution injectable pour perfusion,B/1 fl/20 ml,OXALIPLATINE,CYTOPHARMA,Tunisie,9383031H,2016-07-18,Générique
D-MAX,200 000 U.I. / ML,Solution injectable I.M et buvable,B/ 1AMP,COLECALCIFEROL,LES LABORATOIRES MEDIS,Tunisie,9234101,2022-08-31,Générique
D3PLUS CAPS,2 000 UI,Capsule molle,B/30,COLECALCIFEROL,SAIPH,Tunisie,9164371,2024-08-15,Générique
D3PLUS CAPS,5000 UI,Capsule molle,B/30,COLECALCIFEROL,SAIPH,Tunisie,9164372,2024-08-15,Générique
D3PLUS CAPS,10000 UI,Capsule molle,B/30,COLECALCIFEROL,SAIPH,Tunisie,9164373,2024-08-15,Générique
D3PLUS CAPS,50.000 UI,Capsule molle,B/20,COLECALCIFEROL,SAIPH,Tunisie,9164374,2024-08-15,Générique
DACARBAZINE NEAPOLIS,100 mg,Poudre pour solution pour perfusion,B/1 FL,DACARBAZINE,NEAPOLIS PHARMA,Tunisie,9393221H,2022-04-27,Générique
DACARBAZINE NEAPOLIS,100 mg,Poudre pour solution pour perfusion,B/10 FL,DACARBAZINE,NEAPOLIS PHARMA,Tunisie,9393222H,2022-04-27,Générique
DACARBAZINE NEAPOLIS,200 mg,Poudre pour solution pour perfusion,B/1 FL,DACARBAZINE,NEAPOLIS PHARMA,Tunisie,9393223H,2022-04-27,Générique
DACARBAZINE NEAPOLIS,200 mg,Poudre pour solution pour perfusion,B/10 FL,DACARBAZINE,NEAPOLIS PHARMA,Tunisie,9393224H,2022-04-27,Générique
DACRYO SERUM,,Collyre,B/20/5 ML,ACIDE BORIQUE+BORATE DE SOUDE,McNeil,FRANCE,7493023,2001-11-27,Générique
DACRYO SERUM,,Collyre,FL/150 ML,ACIDE BORIQUE+BORATE DE SOUDE,McNeil,FRANCE,7493024,2006-06-02,Princeps
DACTULAC,66.5%,Solution buvable,FL/200ML,LACTULOSE,PHARMAGHREB,Tunisie,9014141,2025-07-22,Générique
DAFALGAN,1 gr,Comprimé pelliculé,B/8,PARACETAMOL,IPS (Industrie Pharmaceutique Said),Tunisie,9133331,2017-11-20,Princeps
DAFLON,500 MG,Comprimé pelliculé,B/30,DIOSMINE+HESPERIDINE,TERIAK,Tunisie,9253891,2016-06-02,Princeps
DAFLON,1000 mg,Comprimé pelliculé,B/30,DIOSMINE+HESPERIDINE,TERIAK,Tunisie,9253892,2023-04-11,Princeps
DAFLON 500,500 MG,Comprime enrobé,B/30,DIOSMINE+HESPERIDINE,SERVIER,FRANCE,6350022,1990-10-06,Princeps
DAFLON 500,500 MG,Comprime enrobé,B/30,DIOSMINE+HESPERIDINE,SAIPH,Tunisie,9163081,1997-10-20,Princeps
DAISYNELLE,150µg/20µg,Comprimé,B/3/21,DESOGESTREL+ETHINYLESTRADIOL,STRAGEN NORDIC A/S,Denemark,13463051,2020-06-12,Générique
DAKTARIN,2%,Gel buccal,T/40GR,MICONAZOLE,JOHNSON & JOHNSON SANTE BEAUTE FRANCE,FRANCE,11283021,2024-07-30,Princeps
DALACINE,600 MG,Solution injectable,B/1/4 ML,CLINDAMYCINE,PFIZER HOLDING FRANCE,FRANCE,6533061H,1989-06-15,Princeps
DAPOX,60 mg,Comprimé pelliculé,B/6,DAPOXETINE,TERIAK,Tunisie,9254214,2021-09-14,Générique
DAPOX,30 mg,Comprimé pelliculé,B/6,DAPOXETINE,TERIAK,Tunisie,9254212,2021-09-14,Générique
DAPOX,30 mg,Comprimé pelliculé,B/3,DAPOXETINE,TERIAK,Tunisie,9254211,2021-09-14,Générique
DAPOX,60 mg,Comprimé pelliculé,B/3,DAPOXETINE,TERIAK,Tunisie,9254213,2021-09-14,Générique
DARZALEX,20mg/ml,Solution à diluer pour perfusion,B/1FL/5ML,daratumumab,Janssen-Cilag International N.V,BELGIQUE,15273061H,2021-10-19,Princeps
DARZALEX,20mg/ml,Solution à diluer pour perfusion,B/1FL/20ML,daratumumab,Janssen-Cilag International N.V,BELGIQUE,15273062H,2021-10-19,Princeps
DARZALEX,1800 mg,Solution injectable,B/1FL/15ML,daratumumab,Janssen-Cilag International N.V,BELGIQUE,15273063H,2025-07-21,Princeps
DASATINIB NEAPOLIS,70 mg,Comprimé pelliculé,B/60,DASATINIB,NEAPOLIS PHARMA,Tunisie,9393173H,2021-02-19,Générique
DASATINIB NEAPOLIS,50 mg,Comprimé pelliculé,B/60,DASATINIB,NEAPOLIS PHARMA,Tunisie,9393172H,2021-02-19,Générique
DASATINIB NEAPOLIS,140 mg,Comprimé pelliculé,B/30,DASATINIB,NEAPOLIS PHARMA,Tunisie,9393174H,2021-02-19,Générique
DASATINIB NEAPOLIS,140 mg,Comprimé pelliculé,B/60,DASATINIB,NEAPOLIS PHARMA,Tunisie,9393175H,2021-02-19,Générique
DASATINIB NEAPOLIS,20 mg,Comprimé pelliculé,B/60,DASATINIB,NEAPOLIS PHARMA,Tunisie,9393171H,2021-02-19,Générique
DASATINIB NEAPOLIS,100 mg,Comprimé pelliculé,B/30,DASATINIB,NEAPOLIS PHARMA,Tunisie,9393176H,2023-08-15,Générique
DECAN,,Solution injectable pour perfusion,B/25FL/40 ML,OLIGO-ELEMENTS,LABORATOIRE AGUETTANT,FRANCE,7093201H,2006-06-19,Princeps
DECAPEPTYL LP,3 mg,Pdre p.prep.injectable,B/1FL+S/2ML + SER + 2aiguilles,TRIPTORELINE,IPSEN Pharma,FRANCE,5723024,2002-03-22,Princeps
DECAPEPTYL LP,11.25 mg,Pdre p.prep.injectable,B/1FL+S/2ML + SER + 1 aiguille,TRIPTORELINE,IPSEN Pharma,FRANCE,5723025H,2003-05-05,Princeps
DECAPEPTYL SC,0.1 MG,Solution injectable,B/7+S/1ML,TRIPTORELINE,IPSEN Pharma,FRANCE,5723023,1999-09-18,Princeps
DECOZAL,0.1%,Solution pour pulverisation nasale,FL/10 ML,XYLOMETAZOLINE,AMMAN PHARMACEUTICAL INDUSTRIES,JORDANIE,3693051,2019-03-13,Générique
DECUTAN,10 MG,Capsule molle,B/30,ISOTRETINOINE,ACTAVIS Group PTC ehf,Islande,10243013,2009-07-01,Générique
DECUTAN,20 MG,Capsule molle,B/30,ISOTRETINOINE,ACTAVIS Group PTC ehf,Islande,10243014,2009-07-01,Générique
DEDROGYL,15 mg/100 ml,Gouttes buvables,FL/10 ML,CALCIFEDIOL,DESMA Pharma SARL,FRANCE,11103011,2007-02-28,Princeps
DEFEROX,125 mg,Comprime dispersible,B/30,DEFERASIROX,PHILADELPHIA PHARMA,Tunisie,9353081H,2014-11-13,Générique
DEFEROX,250 mg,Comprime dispersible,B/30,DEFERASIROX,PHILADELPHIA PHARMA,Tunisie,9353082H,2014-11-13,Générique
DEFEROX,500 mg,Comprime dispersible,B/30,DEFERASIROX,PHILADELPHIA PHARMA,Tunisie,9353083H,2014-11-13,Générique
DELABARRE,,Gel gingival,T/20 GR,TAMARIN,FUMOUZE,FRANCE,5553011,2001-05-14,Princeps
DEQUINONE,4%,Creme dermique,T/30 gr,HYDROQUINONE,PIERRE FABRE MEDICAMENT PRODUCTION TUNISIE,Tunisie,ST9323091,2011-07-15,Princeps
DERMATIN,20 mg/gr,Shampooing,FL/120 ml,KETOCONAZOLE,ACTAVIS Group PTC ehf,Islande,10243021,2007-02-28,Princeps
DERMOCINE,2%,Creme dermique,T/15 g,ACIDE FUSIDIQUE,DAR-ESSAYDALI.,Tunisie,9213461,2023-02-09,Générique
DERMOCINE,2%,Pommade dermique,T/15 GR,ACIDE FUSIDIQUE,DAR-ESSAYDALI.,Tunisie,9213462,2023-02-09,Générique
DERMOCINE PLUS,2% / 0.1%,Creme dermique,Tube/15 g,ACIDE FUSIDIQUE+BETAMETHASONE,DAR-ESSAYDALI.,Tunisie,9213463,2023-02-09,Générique
DERMOCUIVRE,,Pommade dermique,T/25GR,CUIVRE SULFATE+ZINC OXYDE,CHAUVIN,FRANCE,5280091,1993-05-27,Princeps
DERMOCUIVRE,,Pommade dermique,T/100 gr,CUIVRE SULFATE+ZINC OXYDE,CHAUVIN,FRANCE,5280092,2005-03-30,Princeps
DERMOSONE NEO,,Creme dermique,T/15 GR,BETAMETHASONE+NEOMYCINE,OPALIA PHARMA,Tunisie,9023113,1993-01-20,Générique
DERMOSONE NEO,,Pommade dermique,T/15 GR,BETAMETHASONE+NEOMYCINE,OPALIA PHARMA,Tunisie,9023114,1993-01-20,Générique
DERMOVIT A+D,,Pommade dermique,T/35 GR,VITAMINE A+VITAMINE D+ZINC OXYDE,SIPHAT,Tunisie,9000461,1993-12-21,Générique
DESFERAL,500 mg,Pdre p.prep.injectable,B/10 Flacons,DEFEROXAMINE,NOVARTIS PHARMA SCHWEIZ AG,SUISSE,10283161H,2007-07-10,Princeps
DESLORYNE5,5 mg,Comprimé pelliculé,B/30,DESLORATADINE,TAHA PHARMA,Tunisie,9373511,2018-03-15,Générique
DESOGESTREL-ETHINYLESTRADIOL MYLAN,150µg/30µg,Comprimé,B/21,DESOGESTREL+ETHINYLESTRADIOL,MYLAN S.A.S,FRANCE,4923353,2021-02-26,Générique
DESOGESTREL-ETHINYLESTRADIOL MYLAN,150µg/20µg,Comprimé,B/3X21,DESOGESTREL+ETHINYLESTRADIOL,MYLAN S.A.S,FRANCE,4923351,2021-02-23,Générique
DESOGESTREL-ETHINYLESTRADIOL MYLAN,150µg/20µg,Comprimé,B/21,DESOGESTREL+ETHINYLESTRADIOL,MYLAN S.A.S,FRANCE,4923352,2021-02-23,Générique
DESOGESTREL-ETHINYLESTRADIOL MYLAN,150µg/30µg,Comprimé,B/3X21,DESOGESTREL+ETHINYLESTRADIOL,MYLAN S.A.S,FRANCE,4923354,2021-02-23,Générique
DESTAMIN,0.5 mg/ml,Solution buvable,FL/150 ml,DESLORATADINE,WEST PHARMA,Tunisie,9293281,2018-04-03,Générique
DETIMEDAC,200 mg,Poudre pour solution injectable,B/10,DACARBAZINE,MEDAC Gesellschaft fur Klinische Spezialpraparate mbH,Allemagne,22693012H,2019-10-11,Générique
DETIMEDAC,500 mg,Poudre pour solution injectable,B/1,DACARBAZINE,MEDAC Gesellschaft fur Klinische Spezialpraparate mbH,Allemagne,22693013H,2019-10-11,Générique
DETIMEDAC,100 mg,Poudre pour solution injectable,B/10,DACARBAZINE,MEDAC Gesellschaft fur Klinische Spezialpraparate mbH,Allemagne,22693011H,2019-10-11,Générique
DEXACOL,0.1%,Collyre,Fl/3ml,DEXAMETHASONE,UNIMED,Tunisie,9093511,2005-03-16,Générique
DEXACOL,0.1%,Collyre,Fl/5ml,DEXAMETHASONE,UNIMED,Tunisie,9093512,2005-03-16,Générique
DEXAMETHASONE MEDIS,4 MG,Solution injectable,B/50/1ML,DEXAMETHASONE,LES LABORATOIRES MEDIS,Tunisie,9233132H,2000-10-31,Générique
DEXERYL,,Creme dermique,Tube/ 150 gr,GLYCEROL+PARAFFINE LIQUIDE+VASELINE,PIERRE FABRE MEDICAMENT PRODUCTION TUNISIE,Tunisie,ST9323101,2011-07-15,Princeps
DEXMEDETOMIDINE EVER PHARMA,200µg/2ml (100µg/ml),Solution injectable pour perfusion,,DEXMEDETOMINE,EVER Valinject GmbH,AUTRICHE,23033021H,2024-01-09,Générique
DEXMEDETOMIDINE EVER PHARMA,1000µg/10ml (100µg/ml),Solution injectable pour perfusion,B/5FL/10ML,DEXMEDETOMINE,EVER Valinject GmbH,AUTRICHE,23033023H,2024-01-09,Générique
DEXMEDETOMIDINE EVER PHARMA,400µg/4ml (100µg/ml),Solution injectable pour perfusion,B/5FL/5ML,DEXMEDETOMINE,EVER Valinject GmbH,AUTRICHE,23033022H,2024-01-09,Générique
DEXTRAN 40,100 gr / litre,Solution injectable pour perfusion,FL/500 ML,DEXTRAN,S.C.INFOMED FLUIDS S.R.L.,ROMANIE,12663012H,2010-08-05,Générique
DEXTRAN 70,60 gr / Litre,Solution injectable pour perfusion,FL/500 ML,DEXTRAN,S.C.INFOMED FLUIDS S.R.L.,ROMANIE,12663011H,2010-08-05,Générique
DI-ANTACID SANS SUCRE,,Comprimé à sucer,B/30,ALUMINIUM HYDROXYDE+DIMETICONE,SIPHAT,Tunisie,9003034,2003-02-08,Générique
DIABICOR,100 MG,Comprimé,B/90,ACARBOSE,PHARMAGHREB,Tunisie,9014032,2018-03-23,Générique
DIABICOR,50 MG,Comprimé sécable,B/90,ACARBOSE,PHARMAGHREB,Tunisie,9014031,2018-03-23,Générique
DIACURE ENFANT,30 mg,Granulés pour solution buvable,B/30 sachets,RACECADOTRIL,SAIPH,Tunisie,9164262,2022-07-08,Générique
DIACURE NOURRISSON,10 mg,Granulés pour solution buvable,B/16 sachets,RACECADOTRIL,SAIPH,Tunisie,9164261,2022-06-13,Générique
DIAFORMINE 850,850 MG,Comprimé pelliculé,B/30,METFORMINE,DAR-ESSAYDALI.,Tunisie,9213171,2003-08-21,Générique
DIAFORMINE 850,850 MG,Comprimé pelliculé,B/120,METFORMINE,DAR-ESSAYDALI.,Tunisie,9213172H,2004-09-13,Générique
DIAMOX 250 MG,250 mg,Comprimé,B/24,ACETAZOLAMIDE,COOPERATION PHARMACEUTIQUE FRANCAISE,FRANCE,3623091,2020-05-18,Princeps
DIANEAL PD4,2.27 %,Soluté pour dialyse péritonéale,Poche double/2 litres,GLUCOSE+ELECTROLYTES,BAXTER HEALTHCARE Ltd,Rayaume uni,10193034H,2019-02-23,Princeps
DIANEAL PD4,3.86%,Soluté pour dialyse péritonéale,Poche double/2 litres,GLUCOSE+ELECTROLYTES,BAXTER HEALTHCARE Ltd,Rayaume uni,10193035H,2019-02-23,Princeps
DIANEAL PD4,1.36%,Soluté pour dialyse péritonéale,Poche/5 litres,GLUCOSE+ELECTROLYTES,BAXTER HEALTHCARE Ltd,Rayaume uni,10193031H,2019-02-23,Princeps
DIANEAL PD4,2.27%,Soluté pour dialyse péritonéale,Poche/5 litres,GLUCOSE+ELECTROLYTES,BAXTER HEALTHCARE Ltd,Rayaume uni,10193032H,2019-02-23,Princeps
DIANEAL PD4,1.36%,Soluté pour dialyse péritonéale,Poche double/2 litres,GLUCOSE+ELECTROLYTES,BAXTER HEALTHCARE Ltd,Rayaume uni,10193033H,2019-02-23,Princeps
DIAREN ENFANT,30 mg,Poudre pour solution orale,B/20 sachets,RACECADOTRIL,PHARMAGHREB,Tunisie,9014042,2018-04-03,Générique
DIAREN ENFANT,30 mg,Poudre pour solution orale,B/30 sachets,RACECADOTRIL,PHARMAGHREB,Tunisie,9014041,2019-03-13,Générique
DIAREN NOURRISSON,10 mg,Poudre Orale,B/16,RACECADOTRIL,PHARMAGHREB,Tunisie,9014043,2019-09-06,Générique
DIARESTOP FLASH,2 mg,Comprimé orodispersible,B/10,LOPERAMIDE,ADVANS PHARMA,Tunisie,9413051,2019-10-21,Générique
DIAROFF,2mg,Gélule,B/20,LOPERAMIDE,GALPHARMA,Tunisie,9223501,2018-07-04,Générique
DIARRYL,4%,Suspension buvable,FL/90 ML,NIFUROXAZIDE,SIMED,Tunisie,9083191,1995-09-07,Générique
DIATER POLYMERIZED,,Solution injectable,B/3FL,EXTRAITS ALLERGENIQUES,DIATER LABORATORIO DE DIAGNOSTICO Y APLICACIONES TERAPEUTICA,ESPAGNE,20563012,2025-03-19,Princeps
DIATER POLYMERIZED,,Solution injectable,B/1FL,EXTRAITS ALLERGENIQUES,DIATER LABORATORIO DE DIAGNOSTICO Y APLICACIONES TERAPEUTICA,ESPAGNE,20563011,2025-03-19,Princeps
DIAZEPAM APM 10 MG/2 ML IM/IV,,Solution injectable,B/100/2ML,DIAZEPAM,APM,JORDANIE,5063172H,1999-06-29,Générique
DIAZEPAM APM 10 MG/2 ML IM/IV,,Solution injectable,B/5/2ML,DIAZEPAM,APM,JORDANIE,5063173,2007-12-31,Générique
DIBASE,100 000 UI /ML,Solution injectable,B/6 ampoules de 1ml,COLECALCIFEROL,ABIOGEN PHARMA S.p.A,ITALIE,24573011,2024-08-16,Princeps
DICETEL 100,100 mg,Comprimé pelliculé,B/20,PINAVERIUM,TERIAK,Tunisie,9253101,2002-06-19,Princeps
DICLOABAK,1 mg/ml,Collyre,FL/10 ml,DICLOFENAC,THEA,FRANCE,8443071,2009-06-17,Princeps
DICLOFEN GEL,1%,Gel dermique,T/50 g,DICLOFENAC,DAR-ESSAYDALI.,Tunisie,9213107,2021-12-31,Générique
DICLOFENAC WEST,1%,Gel dermique,T/50 g,DICLOFENAC,WEST PHARMA,Tunisie,9293341,2021-03-26,Générique
DICLOGESIC 50,50 MG,Comprimé gastro-résistant,B/20,DICLOFENAC,Dar Al Dawa Development and Investment Co.Ltd,JORDANIE,5403097,2009-07-01,Générique
DICLOGESIC 75,75 MG,Solution injectable,B/5/3 ml,DICLOFENAC,Dar Al Dawa Development and Investment Co.Ltd,JORDANIE,5403096,2006-12-19,Générique
DICLOGESIC 75,75 MG,Solution injectable,B/5/3 ml,DICLOFENAC,SAIPH,Tunisie,9163501,2004-08-05,Générique
DICLOGESIC ENFANT,12.5 mg,Suppositoire,B/10,DICLOFENAC,Dar Al Dawa Development and Investment Co.Ltd,JORDANIE,5403094,1995-04-21,Générique
DICLOPAL DUO,75 mg,Gélule à libération modifiée,B/30,DICLOFENAC,OPALIA PHARMA,Tunisie,ST9023432,2016-03-21,Générique
DICLOsuppo,25 mg,Suppositoire,B/10,DICLOFENAC,WEST PHARMA,Tunisie,9293351,2021-04-28,Générique
DICYNONE,250 MG,Comprimé,B/20,ETAMSYLATE,VIFOR FRANCE,FRANCE,20723012,2018-12-19,Princeps
DICYNONE,250 MG/2ML,Solution injectable,B/6/2ML,ETAMSYLATE,OM PHARMA SA,Eswatini,28883012,2024-07-30,Princeps
DICYNONE,500 MG,Comprimé,B/20,ETAMSYLATE,OMEDICAMED UNIPESSOAL LDA,PORTUGAL,28883011,2024-06-21,Princeps
DIFEN EMULGEL,1%,Gel dermique,T/50g,DICLOFENAC,PHARMADERM,Tunisie,9053361,2022-02-17,Générique
DIFEXA,125 mg,Comprime dispersible,B/30,DEFERASIROX,TAHA PHARMA,Tunisie,9373011H,2015-01-23,Générique
DIFEXA,250 mg,Comprime dispersible,B/30,DEFERASIROX,TAHA PHARMA,Tunisie,9373012H,2015-01-23,Générique
DIFEXA,500 mg,Comprime dispersible,B/28,DEFERASIROX,TAHA PHARMA,Tunisie,9373013H,2015-01-27,Générique
DIFIRAX,250 mg,Comprime dispersible,B/30,DEFERASIROX,IBN AL BAYTAR,Tunisie,9073782H,2025-06-27,Générique
DIFIRAX,125 mg,Comprime dispersible,B/30,DEFERASIROX,IBN AL BAYTAR,Tunisie,9073781H,2025-06-27,Générique
DIFIRAX,500 mg,Comprime dispersible,B/30,DEFERASIROX,IBN AL BAYTAR,Tunisie,9073783H,2024-10-03,Générique
DIFLU4,150 MG,Gélule,B/4,FLUCONAZOLE,PFIZER TUNISIE,Tunisie,9243092,2003-09-29,Princeps
DIFRAREL 100,100 MG,Comprime enrobé,B/20,ANTHOCYANOSIDE+BETACAROTENE,BIOCODEX,FRANCE,5193082,2016-02-08,Princeps
DIFRAREL 100,100 MG,Comprime enrobé,B/20,ANTHOCYANOSIDE+BETACAROTENE,LEURQUIN MEDIOLANUM,FRANCE,5833031,1994-04-07,Princeps
DIFRAREL E,50 MG,Comprime enrobé,B/24,ANTHOCYANOSIDES+VITAMINE E,BIOCODEX,FRANCE,5193081,2016-02-26,Princeps
DIFRAREL E,50 MG,Comprime enrobé,B/24,ANTHOCYANOSIDES+VITAMINE E,LEURQUIN MEDIOLANUM,FRANCE,5833032,1994-04-07,Princeps
DIFUSIC,250 mg,Comprimé pelliculé,B/10,ACIDE FUSIDIQUE,PHARMAGHREB,Tunisie,9013881,2017-01-19,Générique
DIFUSIC,2%,Creme dermique,T/15 GR,ACIDE FUSIDIQUE,PHARMAGHREB,Tunisie,9013882,2016-06-12,Générique
DIFUSIC,250 mg,Comprimé pelliculé,B/20,ACIDE FUSIDIQUE,PHARMAGHREB,Tunisie,9013883,2018-04-20,Générique
DIGOXIN SOPHARMA,0.250 mg,Comprimé sécable,B/20,DIGOXINE,SOPHARMA SA,BULGARIE,10793021,2014-03-13,Générique
DILUANT PHYSIOLOGIQUE PHENOLE,0.4 %,Solution injectable,B/50FL/9ML,CHLORURE DE SODIUM+PHENOL,STALLERGENES,FRANCE,3653022,2002-05-31,Princeps
DILUANT PHYSIOLOGIQUE PHENOLE,0.4 %,Solution injectable,B/50FL/4.5ML,CHLORURE DE SODIUM+PHENOL,STALLERGENES,FRANCE,3653021,2002-06-07,Princeps
DIMETASONE NEOMYCINE,,Pommade dermique,T/15 gr,BETAMETHASONE+NEOMYCINE,PHARMADERM,Tunisie,9053194,2013-07-10,Générique
DIOGAM,300 MG,Comprimé pelliculé,B/30,DIOSMINE,PHARMAGHREB,Tunisie,9013501,2004-05-12,Générique
DIOGAM,600 MG,Comprimé pelliculé sécable,B/30,DIOSMINE,PHARMAGHREB,Tunisie,9013502,2009-01-20,Générique
DIOSTAR -PLUS,80 mg/12.5 mg,Comprimé pelliculé,B/30,VALSARTAN+HYDROCHLOROTHIAZIDE,PHARMA INTERNATIONAL COMPANY,JORDANIE,11683043,2013-10-01,Générique
DIOSTAR -PLUS,160 mg/25 mg,Comprimé pelliculé,B/30,VALSARTAN+HYDROCHLOROTHIAZIDE,PHARMA INTERNATIONAL COMPANY,JORDANIE,11683044,2013-10-01,Générique
DIOSTAR -PLUS,80 mg/12.5 mg,Comprimé pelliculé,B/30,VALSARTAN+HYDROCHLOROTHIAZIDE,GALIEN PHARMACEUTICALS,Tunisie,9423041,2025-10-03,Générique
DIOSTAR -PLUS,160 mg/25 mg,Comprimé pelliculé,B/30,VALSARTAN+HYDROCHLOROTHIAZIDE,GALIEN PHARMACEUTICALS,Tunisie,9423042,2025-10-03,Générique
DIPEN,300MG,Gélule à libération prolongée,B/28,DILTIAZEM,ELPEN Pharmaceutical CO .INC,GRECE,8983013,2007-03-08,Générique
DIROGIT,500 mg,Comprime enrobé,B/120,CAPECITABINE,HIKMA Pharmaceuticals Co Ltd,JORDANIE,6653611H,2015-05-05,Générique
DISPROFEN,200 mg,Comprimé orodispersible,B/18,IBUPROFEN,WEST PHARMA,Tunisie,9293211,2014-05-15,Générique
DIVINUSMET XR,5 mg/1000 mg,Comprimé pelliculé,B/60,DAPAGLIFLOZINE PROPANEDIOL+METFORMINE CHLORHYDRATE,HIKMA Pharmaceuticals Co Ltd,JORDANIE,6653831,2024-06-21,Générique
DIVINUSMET XR,10 mg/1000 mg,Comprimé pelliculé,B/30,DAPAGLIFLOZINE PROPANEDIOL+METFORMINE CHLORHYDRATE,HIKMA Pharmaceuticals Co Ltd,JORDANIE,6653832,2024-06-21,Générique
DOBUJECT,250 MG,Solution injectable,B/5/5ML,DOBUTAMINE,BAYER OY,FINLANDE,7243011H,1991-12-11,Générique
DOBUTAMINE HIKMA,250 mg/20 ml,Solution injectable pour perfusion,B/1FL/20ml,DOBUTAMINE,HIKMA Pharmaceuticals Co Ltd,JORDANIE,6653711H,2020-09-28,Générique
DOBUTAMINE VIATRIS,250 mg/20 ml,Solution injectable,B/10/20ml (PERFUSION),DOBUTAMINE,VIATRIS SANTE,FRANCE,4923151H,2004-05-20,Générique
DOCAINE 2%,,Solution injectable,B/50 ampoules /5 ml,LIDOCAINE,DORCAS,Tunisie,9313161H,2013-05-20,Générique
DOCETAXEL ACCORD,80 mg,Solution injectable pour perfusion,B/1FL/4 ml,DOCETAXEL,ACCORD HEALTHCARE LTD,Rayaume uni,16923022H,2016-07-18,Générique
DOCETAXEL ACCORD,20 mg,Solution injectable pour perfusion,B/1FL/1 ml,DOCETAXEL,ACCORD HEALTHCARE LTD,Rayaume uni,16923021H,2016-07-18,Générique
DOCETAXEL AQVIDA,20 mg/ml (80mg/4ml),Solution injectable pour perfusion,B/1FL/4 ml,DOCETAXEL,AQVIDA GMBH,Allemagne,19463042H,2019-08-02,Générique
DOCETAXEL AQVIDA,20 mg/ml,Solution injectable pour perfusion,B/1FL/1 ml,DOCETAXEL,AQVIDA GMBH,Allemagne,19463041H,2019-08-02,Générique
DOCETAXEL EVER VALINJECT,80 mg/ 4ml,Solution injectable pour perfusion,B/1 FL/4ML,DOCETAXEL,EVER Valinject GmbH,AUTRICHE,23033032H,2024-07-01,Générique
DOCETAXEL EVER VALINJECT,20 mg/ 1ml,Solution injectable pour perfusion,B/1 FL,DOCETAXEL,EVER Valinject GmbH,AUTRICHE,23033031H,2024-07-01,Générique
DOCETAXEL KABI,20 MG,Solution injectable pour perfusion,B/1FL/1ML,DOCETAXEL,FRESENIUS KABI ONCOLOGY PLC,Rayaume uni,13923052H,2017-06-16,Générique
DOCETAXEL KABI,80 MG/4ML,Solution injectable pour perfusion,B/1FL/1ML,DOCETAXEL,FRESENIUS KABI ONCOLOGY PLC,Rayaume uni,13923051H,2017-06-16,Générique
DOCETAXEL NEAPOLIS,20 mg/ml,Solution injectable pour perfusion,B/1FL/1 ml,DOCETAXEL,NEAPOLIS PHARMA,Tunisie,9393161H,2020-09-28,Générique
DOCETAXEL NEAPOLIS,80 mg/4 ml,Solution injectable pour perfusion,B/1FL/4 ml,DOCETAXEL,NEAPOLIS PHARMA,Tunisie,9393162H,2020-09-28,Générique
DOGMAPRID,50 mg,Gélule,B/32,SULPIRIDE,ALLIANCE PHARMA,Tunisie,9303131,2014-10-08,Générique
DOLEL,3%,Sirop,FL/90ML,PARACETAMOL,SIMED,Tunisie,9083111,1994-01-27,Générique
DOLGIT,,Creme dermique,T/50 GR,IBUPROFEN,Merck Santé s.a.s,FRANCE,3183061,2006-05-15,Générique
DOLIPRANE VITAMINE C,500 MG/150MG,Comprimé effervescent,B/2 tubes/8,PARACETAMOL+VITAMINE C,WINTHROP PHARMA TUNISIE,Tunisie,9103671,2009-04-14,Princeps
DOLIPREX,,Poudre pour solution orale,B/8 sachets,PARACETAMOL+PSEUDOEPHEDRINE+VITAMINE C,WINTHROP PHARMA TUNISIE,Tunisie,9103971,2021-09-14,Princeps
DOLIPREX,,Poudre pour solution orale,B/8 sachets,PARACETAMOL+PSEUDOEPHEDRINE+VITAMINE C,SANOFI AVENTIS PHARMA TUNISIE,Tunisie,ST9263161,2008-08-09,Princeps
DOLIRHUME,,Comprimé,B/16,PARACETAMOL+PSEUDOEPHEDRINE,WINTHROP PHARMA TUNISIE,Tunisie,9103471,2000-07-29,Princeps
DOLVEN RHUME,400 mg /60 mg,Comprimé pelliculé,B/15,IBUPROFEN+PSEUDOEPHEDRINE,TERIAK,Tunisie,9254142,2019-03-13,Générique
DOLVEN RHUME,200 mg /30 mg,Comprimé pelliculé,B/15,IBUPROFEN+PSEUDOEPHEDRINE,TERIAK,Tunisie,9254141,2019-03-18,Générique
DONECEPT,5 mg,Comprimé pelliculé,B/30,DONEPEZIL,ACTAVIS Group PTC ehf,Islande,10243131,2015-04-22,Générique
DONECEPT,10 mg,Comprimé pelliculé,B/30,DONEPEZIL,ACTAVIS Group PTC ehf,Islande,10243132,2015-04-22,Générique
DOPEZIL,5 mg,Comprimé pelliculé,B/30,DONEPEZIL,LES LABORATOIRES MEDIS,Tunisie,9233501,2007-12-26,Générique
DOPEZIL,10 mg,Comprimé pelliculé,B/30,DONEPEZIL,LES LABORATOIRES MEDIS,Tunisie,9233502,2007-12-26,Générique
DORZOMID,2%,Collyre,FL/5ML,DORZOLAMIDE,ADWYA,Tunisie,9044531,2023-10-31,Générique
DORZOTIM,20 / 5mg /ml,Collyre,en solution FL/5 ML,DORZOLAMIDE+TIMOLOL,ADWYA,Tunisie,9044541,2024-06-28,Générique
DOTAREM,,Solution injectable,FL/10 ML,ACIDE GADOTERIQUE,GUERBET,FRANCE,5643023,1996-05-31,Princeps
DOTAREM,,Solution injectable,FL/15 ML,ACIDE GADOTERIQUE,GUERBET,FRANCE,5643022,1996-05-31,Princeps
DOTAREM,,Solution injectable,FL/20 ML,ACIDE GADOTERIQUE,GUERBET,FRANCE,5643021,1996-05-31,Princeps
DOXAMYCINE,200 mg,Comprimé sécable,B/10,DOXYCYCLINE,IBN AL BAYTAR,Tunisie,9073602,2015-03-30,Générique
DOXAMYCINE,100 mg,Comprimé sécable,B/10,DOXYCYCLINE,IBN AL BAYTAR,Tunisie,9073601,2015-03-30,Générique
DOXENDA,30 mg,Comprimé pelliculé,B/3,DAPOXETINE,IBN AL BAYTAR,Tunisie,9073751,2022-10-24,Générique
DOXENDA,60 mg,Comprimé pelliculé,B/3,DAPOXETINE,IBN AL BAYTAR,Tunisie,9073752,2022-10-24,Générique
DOXETAL,20 mg,Solution injectable pour perfusion,B/1flacon /0.5ML+S/1.5ML,DOCETAXEL,Laboratorios Richmond S.A.C.I.F,Argentina,12213022H,2010-07-27,Générique
DOXETAL,80 mg,Solution injectable pour perfusion,B/1 flacon/2 ml+S/6 ml,DOCETAXEL,Laboratorios Richmond S.A.C.I.F,Argentina,12213021H,2010-07-27,Générique
DOXORUBICIN EBEWE,10 MG,Solution injectable,B/1/5 ML,DOXORUBICINE,EBEWE Pharma,AUTRICHE,6943051H,1996-11-23,Générique
DOXORUBICIN PFIZER,50 mg/25 ml,Solution injectable pour perfusion,B/1 flacon/25ml,DOXORUBICINE,PFIZER Limited UK,Rayaume uni,8063182H,2021-08-20,Générique
DOXORUBICIN PFIZER,10 mg/5 ml,Solution injectable pour perfusion,B/1 flacon,DOXORUBICINE,PFIZER Limited UK,Rayaume uni,8063181H,2021-08-20,Générique
DOXYPHAT,100 MG,Comprimé,B/400,DOXYCYCLINE,SIPHAT,Tunisie,9003561H,1996-12-27,Générique
DPA FORMULE 91,,Soluté pour dialyse péritonéale,P/5000 ML,SOLUTE POUR DIALYSE PERITONEALE,BIEFFE MEDITAL s.p.a italia,ITALIE,7323097H,2015-02-17,Princeps
DPA FORMULE 91,,Soluté pour dialyse péritonéale,P/2000 ML,SOLUTE POUR DIALYSE PERITONEALE,BIEFFE MEDITAL s.p.a italia,ITALIE,7323098H,2015-02-17,Princeps
DRICOD,0.150 %,Sirop,FL/200 ml,BUTAMIRATE,SIMED,Tunisie,9083551,2011-03-11,Générique
DRICOD,150mg/ml,Sirop,FL/100 ml,BUTAMIRATE,SIMED,Tunisie,9083552,2016-04-12,Générique
DRIFEN,150 mg,Solution injectable pour perfusion,B/1 flacon/25 ml,PACLITAXEL,Laboratorios Richmond S.A.C.I.F,Argentina,12213043H,2010-07-27,Générique
DRIFEN,100 mg,Solution injectable pour perfusion,B/1 flacon/17 ml,PACLITAXEL,Laboratorios Richmond S.A.C.I.F,Argentina,12213042H,2010-07-27,Générique
DRIFEN,30 mg,Solution injectable pour perfusion,B/1flacon/5 ml,PACLITAXEL,Laboratorios Richmond S.A.C.I.F,Argentina,12213041H,2010-07-27,Générique
DRILL,,Pastilles,B/24,VITAMINE C+CHLORHEXIDINE+TETRACAINE,PIERRE FABRE MEDICAMENT,FRANCE,6063191,1995-03-15,Princeps
DRILL EXPECTORANT SANS SUCRE ADULTES,5%,Sirop,FL/200 ML,CARBOCISTEINE,PIERRE FABRE MEDICAMENT PRODUCTION TUNISIE,Tunisie,ST9323061,2011-03-14,Princeps
DRILL RHUME,500 mg/ 4 mg,Comprimé pelliculé,B/16,PARACETAMOL+CHLORPHENAMINE,PIERRE FABRE MEDICAMENT PRODUCTION TUNISIE,Tunisie,9323161,2016-02-17,Générique
DRILL SANS SUCRE PASTILLE ÉDULCORÉ À L'ASPARTAM ET L'ISOMALT,,Pastilles,B/24,VITAMINE C+CHLORHEXIDINE+TETRACAINE,PIERRE FABRE MEDICAMENT,FRANCE,6063193,1995-03-14,Princeps
DRILL TOUX SECHE DEXTROMETORPHANE ADULTE 5mg/5ml SANS SUCRE,0.3%,Sirop,FL/150 ML,DEXTROMETHORPHANE,SIMED,Tunisie,9083212,1998-01-26,Princeps
DRILL TOUX SECHE DEXTROMETORPHANE ENFANT 5mg/5ml SANS SUCRE,,Sirop,FL/150 ML,DEXTROMETHORPHANE,SIMED,Tunisie,9083211,1998-10-21,Princeps
DRIPTANE,5 MG,Comprimé sécable,B/60,OXYBUTYNINE,FOURNIER S.A,FRANCE,5413021,1996-08-08,Générique
DROSBELA DIARIO,3 mg/0.03 mg,Comprimé pelliculé,B/21+7,DROSPIRENONE+ETHINYLESTRADIOL,"EXELTIS HEALTHCARE,S.L",ESPAGNE,23823011,2025-07-03,Générique
DROSETUX,,Sirop,FL/150 ML,PRODUITS HOMEOPATHIQUES,BOIRON,FRANCE,6883081,1990-08-29,Princeps
DULCIPHAK,,Collyre,FL/10 ML,MSB,ALLERGAN FRANCE,FRANCE,5470041,1993-04-17,Princeps
DULOX,30 mg,Gélule gastrorésistante,FL/28,DULOXETINE,IBN AL BAYTAR,Tunisie,9073761,2023-03-01,Générique
DULOX,60 mg,Gélule gastrorésistante,FL/28,DULOXETINE,IBN AL BAYTAR,Tunisie,9073762,2023-03-01,Générique
DULTAVAX,,Suspension injectable,B/ 1 Seringue pré-remplie/0.5 ml,VACCIN D+P+T,SANOFI Winthrop Industrie.,FRANCE,12063041,2011-07-13,Princeps
DUOFILM,,Solution externe,FL/15ML,ACIDE LACTIQUE+ACIDE SALICYLIQUE,Laboratoires EUROGENERICS (EG LABO),FRANCE,26603011,2022-06-17,Princeps
DUOVISC,,Solution intra-oculaire,B/1 sér/0.55 ml+S2R/0.5ml,HYALURONATE DE SODIUM+CHONDROITIN,ALCON Laboratories UK Ltd,Rayaume uni,1903031,2006-08-24,Princeps
DUPHALAC,,Solution buvable,FL/200 ML,LACTULOSE,TERIAK,Tunisie,9253121,2002-08-03,Princeps
DUPHALAC,,Solution buvable,B/20/15ML,LACTULOSE,TERIAK,Tunisie,9253122,2003-06-13,Princeps
DUPHASTON,10 MG,Comprimé,B/10,DYDROGESTERONE,Abbott B.V,HOLLANDE,22843011,2020-08-07,Princeps
DUROGESIC 100 MCG/HEURE,,Dispositif trans-dermique,B/5 Dispositif transdermique,FENTANYL,JANSSEN CILAG,FRANCE,8833024,2002-05-21,Princeps
DUROGESIC 25 MCG/HEURE,,Dispositif trans-dermique,B/5 Dispositif transdermique,FENTANYL,JANSSEN CILAG,FRANCE,8833021,2002-05-21,Princeps
DUROGESIC 50 MCG/HEURE,,Dispositif trans-dermique,B/5 TTD,FENTANYL,JANSSEN CILAG,FRANCE,8833022,2002-05-21,Princeps
DYMISTA,137 microgrammes / 50 microgra,Suspension nasale,1 flacon de 23 g,CHLORHYDRATE D'AZELASTINE+PROPIONATE DE FLUCTICASONE,MEDA PHARMA,FRANCE,6313061,2022-06-17,Princeps
DYNASTAT,40 mg,Pdre p.prep.injectable,B/10 flacons,PARECOXIB,PFIZER Europe MA EEIG,BELGIQUE,8013071,2020-05-18,Princeps
DYSPORT,500 u.speywood,Pdre p.prep.injectable,B/1 flacon,TOXINE BOTULINIQUE,IPSEN Pharma,FRANCE,4243012H,2006-01-16,Princeps
E Caps,200 MG,Capsule molle,B/60,VITAMINE E,SAIPH,Tunisie,9164362,2024-08-15,Générique
E Caps,100 MG,Capsule molle,B/60,VITAMINE E,SAIPH,Tunisie,9164361,2024-08-15,Générique
E. P.P.I MEDIS,,Solution injectable,B/50/5ML,EAU POUR PREPARATIONS INJECTABLES,LES LABORATOIRES MEDIS,Tunisie,9233021,2000-01-19,Générique
E. P.P.I MEDIS,,Solution injectable,B/50/2ML,EAU POUR PREPARATIONS INJECTABLES,LES LABORATOIRES MEDIS,Tunisie,9233022,2003-10-29,Générique
E.P.P.I MEDIS,,Solution injectable,B/5/3.2 ml,EAU POUR PREPARATIONS INJECTABLES,LES LABORATOIRES MEDIS,Tunisie,9233023H,2011-12-30,Générique
EAU P.P.I UNIMED,,Solution injectable,B/100/10ML,EAU POUR PREPARATIONS INJECTABLES,UNIMED,Tunisie,9093042H,1993-10-19,Générique
EAU P.P.I UNIMED,,Solution injectable,B/100/5 ML,EAU POUR PREPARATIONS INJECTABLES,UNIMED,Tunisie,9093041H,1993-10-19,Générique
EAU P.P.I UNIMED,,Solution injectable,B/100/4 ML,EAU POUR PREPARATIONS INJECTABLES,UNIMED,Tunisie,9093043H,2004-09-13,Générique
EAU P.P.I UNIMED,,Solution injectable,B/50/2ML,EAU POUR PREPARATIONS INJECTABLES,UNIMED,Tunisie,9093044H,2004-11-10,Générique
EAU POUR PREPARATION INJECTABLE,,Solution injectable,FL/500 ml,EAU POUR PREPARATIONS INJECTABLES,SIPHAT,Tunisie,9003731,2000-06-22,Générique
EAU PPI DORCAS,,Solution pour préparation injectable,B/50/5ML,EAU POUR PREPARATIONS INJECTABLES,DORCAS,Tunisie,9313272H,2022-04-27,Générique
EAU PPI DORCAS,,Solution pour préparation injectable,B/50/ 2ML,EAU POUR PREPARATIONS INJECTABLES,DORCAS,Tunisie,9313271H,2022-04-27,Générique
EBETAXEL,6 mg/ml (300 mg),Solution injectable pour perfusion,B/1FL/50 ml,PACLITAXEL,EBEWE Pharma,AUTRICHE,6943133H,2013-03-13,Générique
EBETREXAT,5000 mg/50ml,Solution injectable pour perfusion,FL/50 ml,METHOTREXATE,EBEWE Pharma,AUTRICHE,6943024H,2008-01-05,Générique
EBEXANTRON,2 mg/ml,Solution injectable,B/1FL/5ML,MITOXANTRONE,,,,,
EBEXANTRON,2 mg/ml,Solution injectable,B/1FL/10ML,MITOXANTRONE,EBEWE Pharma,AUTRICHE,6943142H,2007-03-08,Princeps
EBIXA,10 mg,Comprimé pelliculé,B/28,MEMANTINE,H.LUNDBECK A/S,Denemark,10983021,2013-12-30,Princeps
EBIXA,20 mg,Comprimé pelliculé,B/28,MEMANTINE,H.LUNDBECK A/S,Denemark,10983022,2013-12-30,Princeps
EBUVIR 400,400MG,Comprimé pelliculé,FL/10,SOFOSBUVIR,TAHA PHARMA,Tunisie,9373091H,2016-01-28,Générique
EBUVIR 400,400MG,Comprimé pelliculé,FL/28,SOFOSBUVIR,TAHA PHARMA,Tunisie,9373092H,2016-01-28,Générique
ECALTA,100 mg,Poudre pour solution pour perfusion,B/ 1 flacon,ANIDULAFUNGINE,PFIZER Europe MA EEIG,BELGIQUE,8013151H,2021-12-08,Princeps
ECLADERM,0.1%,Creme dermique,T/30 g,ADAPALENE,PHARMADERM,Tunisie,9053371,2025-06-02,Générique
ECONAZOLE OPALIA,150 mg,Ovule,B/3,ECONAZOLE NITRATE,OPALIA PHARMA,Tunisie,9023901,2010-05-19,Générique
ECOREX LP,150 mg,Ovule,B/1,ECONAZOLE NITRATE,OPALIA PHARMA,Tunisie,9023176,2010-07-12,Générique
EDEX,10 µG/ml,Pdre p.prep.injectable,B/2 Cartouches/1ml,ALPROSTADIL,SCHWARZ PHARMA,FRANCE,8393021,2012-07-13,Princeps
EDEX,20 µG/ml,Pdre p.prep.injectable,B/2 Cartouches/1ml,ALPROSTADIL,SCHWARZ PHARMA,FRANCE,8393022,2012-07-13,Princeps
EDIXOL 250,250 LSU,Gélule,B/48,SULODEXIDE,TAHA PHARMA,Tunisie,9373421,2017-08-15,Générique
EFEXOR.XL,150 mg,Gélule à libération prolongée,B/28,VENLAFAXINE,Upjohn UK Limited,Rayaume uni,20403011,2022-01-26,Princeps
EFFADOL JEUNE ENFANT,150 mg,Suppositoire,B/10,PARACETAMOL,OPALIA PHARMA,Tunisie,9023562,1999-12-29,Générique
EFFADOL NOURRISSONS,80 mg,Suppositoire,B/10,PARACETAMOL,OPALIA PHARMA,Tunisie,9023561,1999-12-29,Générique
EFFADOL PEDIATRIQUE,3%,Solution buvable,FL/90 ML,PARACETAMOL,OPALIA PHARMA,Tunisie,9023941,2011-07-13,Générique
EFFERALGAN 500,500 MG,Comprimé effervescent,B/2X8,PARACETAMOL,IPS (Industrie Pharmaceutique Said),Tunisie,9133021B,1994-06-04,Princeps
EFFERALGAN 500,500 MG,Comprimé,B/16,PARACETAMOL,IPS (Industrie Pharmaceutique Said),Tunisie,9133065,2003-07-02,Princeps
EFFERALGAN PEDIATRIQUE.,3%,Solution buvable,FL/90 ML,PARACETAMOL,IPS (Industrie Pharmaceutique Said),Tunisie,9133023,1996-01-13,Princeps
EFFERALGAN VITAMINE C,330 mg/200 mg,Comprimé Effervecent Sécable,B/2X10,PARACETAMOL+VITAMINE C,IPS (Industrie Pharmaceutique Said),Tunisie,9133024B,1994-06-04,Princeps
EFFEXINE L.P.,75 mg,Gélule à libération prolongée,B/32,VENLAFAXINE,ADWYA,Tunisie,9044172,2014-09-01,Générique
EFFEXINE L.P.,37.5 mg,Gélule à libération prolongée,B/32,VENLAFAXINE,ADWYA,Tunisie,9044171,2014-09-01,Générique
EFFORTIL,0.75%,Gouttes buvables,FL/30ML,ETILEFRINE,BOEHRINGER INGELHEIM FRANCE,FRANCE,5210053,2004-04-19,Princeps
EFIENT,5mg,Comprimé pelliculé,B/28,PRASUGREL,DAIICHI SANKYO EUROPE GMBH Allemagne,Allemagne,12073011,2019-08-22,Princeps
EFIENT,10mg,Comprimé pelliculé,B/28,PRASUGREL,DAIICHI SANKYO EUROPE GMBH Allemagne,Allemagne,12073012,2019-08-22,Princeps
ELIQUIS,2.5 mg,Comprimé pelliculé,B/60,APIXABAN,"Bristol-Myers Squibb/Pfizer EEIG,Bristol-Myers Squibb House",Rayaume uni,15383012,2015-09-22,Princeps
ELIQUIS,2.5 mg,Comprimé pelliculé,B/20,APIXABAN,"Bristol-Myers Squibb/Pfizer EEIG,Bristol-Myers Squibb House",Rayaume uni,15383011,2015-09-22,Princeps
ELIQUIS,5 mg,Comprimé pelliculé,b/60,APIXABAN,Bristol-Myers Squibb/Pfizr EEIG,Irelande,1673043,2021-08-31,Princeps
ELIQUIS,2.5 mg,Comprimé pelliculé,B/20,APIXABAN,Bristol-Myers Squibb/Pfizr EEIG,Irelande,1673042,2021-08-31,Princeps
ELIQUIS,2.5 mg,Comprimé pelliculé,B/60,APIXABAN,Bristol-Myers Squibb/Pfizr EEIG,Irelande,1673041,2021-08-31,Princeps
ELIXTRA,5 mg,Comprimé pelliculé,B/20,APIXABAN,OPALIA PHARMA,Tunisie,9024242,2021-03-30,Générique
ELIXTRA,2.5 mg,Comprimé pelliculé,B/20,APIXABAN,OPALIA PHARMA,Tunisie,9024241,2021-03-30,Générique
ELIXTRA,5 mg,Comprimé pelliculé,B/60,APIXABAN,OPALIA PHARMA,Tunisie,9024244,2021-06-09,Générique
ELIXTRA,2.5 mg,Comprimé pelliculé,B/60,APIXABAN,OPALIA PHARMA,Tunisie,9024243,2021-06-09,Générique
ELIXTRA,2.5 mg,Comprimé pelliculé,B/180,APIXABAN,OPALIA PHARMA,Tunisie,9024245,2025-03-25,Générique
ELIXTRA,5 mg,Comprimé pelliculé,B/180,APIXABAN,OPALIA PHARMA,Tunisie,9024246,2025-03-25,Générique
ELLANITE,0.03MG/3MG,Comprimé pelliculé,B/21,DROSPIRENONE+ETHINYLESTRADIOL,STRAGEN UK Limited,Rayaume uni,1533041,2019-11-12,Générique
ELLAONE,30 mg,Comprimé,B/1,ULIPRISTAL,HRA PHARMA,FRANCE,4983013,2013-03-26,Princeps
ELPIDA,70mg,Comprimé pelliculé,B/60,DASATINIB,HIKMA Pharmaceuticals Co Ltd,JORDANIE,6653803H,2023-09-05,Générique
ELPIDA,20 mg,Comprimé pelliculé,B/60,DASATINIB,HIKMA Pharmaceuticals Co Ltd,JORDANIE,6653801H,2023-09-05,Générique
ELPIDA,50 mg,Comprimé pelliculé,B/60,DASATINIB,HIKMA Pharmaceuticals Co Ltd,JORDANIE,6653802H,2023-09-05,Générique
ELPIDA,140 mg,Comprimé pelliculé,B/30,DASATINIB,HIKMA Pharmaceuticals Co Ltd,JORDANIE,6653804H,2023-09-05,Générique
ELUDRIL,0.1%,Solute buccal,FL/90 ML,CHLORHEXIDINE,SIMED,Tunisie,9083011,1993-03-13,Princeps
ELUDRILPRO,0.5 ml/0.5 g,Solute buccal,FL/200 ML,CHLORHEXIDINE+CHLOROBUTANOL,SIMED,Tunisie,9083013,2020-11-18,Princeps
ELUSANES VIGNE ROUGE,,Gélule,FL/30,VIGNE ROUGE,PLANTES ET MEDECINES,FRANCE,3793151,2002-05-13,Princeps
EMADINE,0.05%,Collyre,FL/5 ML,EMEDASTINE,ALCON Laboratories UK Ltd,Rayaume uni,1903021,2004-01-31,Princeps
EMEND,80mg/125mg,Gélule,B/3,APREPITANT,Merck Sharp & Dohme Ltd R.U,Rayaume uni,3443141,2020-04-29,Princeps
EMLA,5%,Creme dermique,T/5 GR,LIDOCAINE+PRILOCAINE,ASTRA ZENECA,FRANCE,5103061,1998-03-31,Princeps
EMOCLOT,500 UI/10 ml,Pdre p.prep.injectable,B/ 1 fl+1 fl de solvant+set de transfert,FACTEUR VIII,KEDRION S.p.A,ITALIE,13043031H,2013-08-20,Princeps
EMPERIAL PLUS,12.5 mg/1000 mg,Comprimé pelliculé,B/60,EMPAGLIFLOZINE +METFORMINE,OPALIA PHARMA,Tunisie,9024302,2025-12-01,Générique
EMPERIAL PLUS,5 mg/1000 mg,Comprimé pelliculé,B/60,EMPAGLIFLOZINE +METFORMINE,OPALIA PHARMA,Tunisie,9024301,2025-12-01,Générique
EMPLATRE LE LION GM,,Emplâtre Médicamenteux,B/10/18/31,CAPSICUM,ADHE-ELS.,Tunisie,9123012,1993-12-04,Générique
EMPLATRE LE LION PM,,Emplâtre Médicamenteux,B/36/18X12,CAPSICUM,ADHE-ELS.,Tunisie,9123011,1993-12-04,Générique
ENANTYUM,25 mg,Comprimé pelliculé,B/20,DEXKETOPROFENE,MENARINI S.A ESPAGNE,ESPAGNE,1273021,2019-07-05,Princeps
ENANTYUM,25 mg,Granulés pour solution buvable,B/20 sachets,DEXKETOPROFENE,MENARINI S.A ESPAGNE,ESPAGNE,1273023,2019-07-05,Princeps
ENANTYUM,50 mg/2 ml,Solution injectable,B/6/2ml,DEXKETOPROFENE,MENARINI S.A ESPAGNE,ESPAGNE,1273022,2019-07-05,Princeps
ENBREL,50 mg,Solution injectable,B/4 stylos pré-remplis,ETANERCEPT,PFIZER Europe MA EEIG,BELGIQUE,8013112H,2020-09-14,Princeps
ENBREL,25 mg,Solution injectable,B/4 ser. pré-remplies/0.5 ml,ETANERCEPT,PFIZER Europe MA EEIG,BELGIQUE,8013111H,2020-09-14,Princeps
ENDOXAN,200 MG,Pdre p.prep.injectable,B/1 FLacon,CYCLOPHOSPHAMIDE,BAXTER ONCOLOGY GmbH,Allemagne,2163031H,2006-02-16,Princeps
ENDOXAN,1 gr,Pdre p.prep.injectable,B/1 FLacon,CYCLOPHOSPHAMIDE,BAXTER ONCOLOGY GmbH,Allemagne,2163133H,2006-02-16,Princeps
ENDOXAN,500 mg,Pdre p.prep.injectable,B/1 FLacon,CYCLOPHOSPHAMIDE,BAXTER ONCOLOGY GmbH,Allemagne,2163032H,2006-02-16,Princeps
ENEBRA,0.5 mg,Comprimé pelliculé,FL/30,ENTECAVIR,TAHA PHARMA,Tunisie,9373071H,2015-10-22,Générique
ENEBRA,1 mg,Comprimé pelliculé,FL/30,ENTECAVIR,TAHA PHARMA,Tunisie,9373072H,2015-10-22,Générique
ENOMERAL20,20 mg,Gélule gastrorésistante,FL/28,ESOMEPRAZOLE,TAHA PHARMA,Tunisie,9373263,2017-04-21,Générique
ENOXA 2000 UI ANTI-XA/0.2ML,2000 UI anti-xa/0.2m,Solution injectable,B/2 Seringues/0.2ML,ENOXAPARINE,LES LABORATOIRES MEDIS,Tunisie,9233491,2007-05-08,Biosimilaire
ENOXA 4000 UI ANTI-XA/0.4ML,40 mg/0.4ml,Solution injectable,B/2 Seringues/0.4 ml,ENOXAPARINE,LES LABORATOIRES MEDIS,Tunisie,9233492,2007-05-08,Biosimilaire
ENOXA 6000 UI ANTI-XA/0.6ML,60 mg/0.6ml,Solution injectable,B/2 Seringues/0.6 ml,ENOXAPARINE,LES LABORATOIRES MEDIS,Tunisie,9233493,2007-05-08,Biosimilaire
ENOXA 8000 UI ANTI-XA/0.8ML,80 mg/0.8ml,Solution injectable,B/2 Seringues/0.8 ml,ENOXAPARINE,LES LABORATOIRES MEDIS,Tunisie,9233494,2007-05-08,Biosimilaire
ENSPRYNG,120 mg/1 ml,Solution injectable,B/1 seringue pré-remplie de 1ml,SATRALIZUMAB,Roche Pharma (Schweiz) AG,SUISSE,6993291H,2024-10-30,Princeps
ENTAVIR,0.5 mg,Comprimé pelliculé,B/30,ENTECAVIR,SAIPH,Tunisie,9164241H,2021-09-14,Générique
ENTAVIR,1 mg,Comprimé pelliculé,B/30,ENTECAVIR,SAIPH,Tunisie,9164242H,2021-09-14,Générique
ENTERAL,200 MG,Gélule,B/12,NIFUROXAZIDE,LAPROPHAN,Maroc,6795083,2002-05-21,Générique
ENTEROGERMINA,2 milliards / 5 ml,Suspension buvable,B/ 20 flacons/5 ml,SPORES DE BACILLUS CLAUSII POLYANTIBIO-RÉSISTANT,Opella Healthcare Italy S.r.l.,ITALIE,29693012,2024-10-30,Princeps
ENTEROGERMINA,2 milliards / 5 ml,Suspension buvable,B/ 10 flacons/5 ml,SPORES DE BACILLUS CLAUSII POLYANTIBIO-RÉSISTANT,Opella Healthcare Italy S.r.l.,ITALIE,29693011,2024-10-30,Princeps
ENTEROGERMINA,4 milliards / 5 ml,Suspension buvable,B/ 10 flacons/5 ml,SPORES DE BACILLUS CLAUSII POLYANTIBIO-RÉSISTANT,Opella Healthcare Italy S.r.l.,ITALIE,29693013,2024-12-27,Princeps
ENTRESTO,100mg,Comprimé pelliculé,B/56,SACUBITRIL+VALSARTAN,NOVARTIS PHARMA SCHWEIZ AG,SUISSE,10283372,2019-08-22,Princeps
ENTRESTO,50mg,Comprimé pelliculé,B/28,SACUBITRIL+VALSARTAN,NOVARTIS PHARMA SCHWEIZ AG,SUISSE,10283371,2019-08-22,Princeps
ENTRESTO,200mg,Comprimé pelliculé,B/56,SACUBITRIL+VALSARTAN,NOVARTIS PHARMA SCHWEIZ AG,SUISSE,10283373,2019-08-22,Princeps
EOSINE AQUEUSE 2% GILBERT,2%,Solution externe,B/10/2ML,EOSINE,GILBERT,FRANCE,6753011,2012-03-29,Générique
EOSINE AQUEUSE GIFRER ET BARBEZAT,2%,Solution externe,B/10/2ML,EOSINE,GIFRER BARBEZAT,FRANCE,3033033,2006-04-27,Princeps
EPAXAL,>24 UI,Emulsion injectable,B/1ser /1dose/ 0.5ml,VACCIN CONTRE DE L'HEPATITE A,CRUCELL SWITZERLAND AG,SUISSE,1113021,2007-10-15,Princeps
EPHEDRINE AGUETTANT,30mg/10ml,Solution injectable,B/10Ampoules/10ml,EPHEDRINE,LABORATOIRE AGUETTANT,FRANCE,7093162H,2017-01-16,Générique
EPIDUO GEL,,Gel dermique,T/30 GR,ADAPALENE+PEROXYDE DE BENZOYLE,GALDERMA INTERNATIONAL,FRANCE,7393091,2012-10-31,Princeps
EPIDUO GEL,,Gel dermique,Pompe /30 GR,ADAPALENE+PEROXYDE DE BENZOYLE,GALDERMA INTERNATIONAL,FRANCE,7393111,2018-05-17,Princeps
EPIRUBICIN HYDROCHLORIDE ACCORD,10mg/5ml,Solution injectable pour perfusion,B/1 flacon/5 ml,EPIRUBICINE,ACCORD HEALTHCARE LTD,Rayaume uni,16923131H,2019-07-19,Générique
EPIRUBICIN HYDROCHLORIDE ACCORD,50mg/25ml,Solution injectable pour perfusion,B/1 flacon/25 ml,EPIRUBICINE,ACCORD HEALTHCARE LTD,Rayaume uni,16923132H,2019-07-19,Générique
EPIRUBICIN KABI,2mg/ml(50mg),Solution injectable pour perfusion,B/1 flacon/25ml,EPIRUBICINE,FRESENIUS KABI ONCOLOGY PLC,Rayaume uni,13923021H,2014-01-08,Générique
EPIRUBICIN THYMOORGAN,10 mg/5 ml,Solution injectable pour perfusion,B/1 flacon/5 ml,EPIRUBICINE,HIKMA Pharmaceuticals Co Ltd,JORDANIE,6653631H,2016-07-12,Générique
EPIRUBICIN THYMOORGAN,50 mg/25 ml,Solution injectable pour perfusion,B/1 flacon/25 ml,EPIRUBICINE,HIKMA Pharmaceuticals Co Ltd,JORDANIE,6653632H,2016-07-12,Générique
EPIRUBICIN THYMOORGAN,200 mg/100 ml,Solution injectable pour perfusion,B/1 flacon/100 ml,EPIRUBICINE,HIKMA Pharmaceuticals Co Ltd,JORDANIE,6653633H,2016-07-12,Générique
EPIRUBICINE VIATRIS,2 mg/ml,Solution injectable pour perfusion,B/1 flacon/100 ml,EPIRUBICINE,VIATRIS SANTE,FRANCE,4923293H,2018-01-15,Générique
EPIRUBICINE VIATRIS,2 mg/ml (10mg/5ml),Solution injectable pour perfusion,B/1 flacon/5 ml,EPIRUBICINE,VIATRIS SANTE,FRANCE,4923292H,2018-01-15,Générique
EPIRUBICINE VIATRIS,2 mg/ml,Solution injectable pour perfusion,B/1 flacon/25 ml,EPIRUBICINE,VIATRIS SANTE,FRANCE,4923291H,2018-01-15,Générique
EPITAM LP,500 mg,Comprimé à libération prolongée,B/60,LEVETIRACETAM,IBN AL BAYTAR,Tunisie,9073801,2025-05-12,Générique
EPITAM LP,750 mg,Comprimé à libération prolongée,B/60,LEVETIRACETAM,IBN AL BAYTAR,Tunisie,9073802,2025-05-12,Générique
EPOMAX,2000 UI /0.5 ml,Solution injectable,B/2 seringue/0.5ml,ERYTHROPOIETINE HUMAINE,LES LABORATOIRES MEDIS,Tunisie,9233682H,2015-02-03,Biosimilaire
EPOMAX,4000 UI / ml,Solution injectable,B/1 Flacon/1ml,ERYTHROPOIETINE HUMAINE,LES LABORATOIRES MEDIS,Tunisie,9233684H,2017-04-21,Biosimilaire
EPOMAX,10000 UI / ml,Solution injectable,B/1 Flacon/1ml,ERYTHROPOIETINE HUMAINE,LES LABORATOIRES MEDIS,Tunisie,9233685H,2017-07-27,Biosimilaire
EPOMAX (IV/SC),2000 UI / ml,Solution injectable,B/1 Flacon/1ml,ERYTHROPOIETINE HUMAINE,LES LABORATOIRES MEDIS,Tunisie,9233681H,2013-05-20,Princeps
EPOMAX (IV/SC),2000 UI / ml,Solution injectable,B/10 Flacons/1ml,ERYTHROPOIETINE HUMAINE,LES LABORATOIRES MEDIS,Tunisie,9233683H,2015-06-01,Princeps
EPOTIN 2000,2000 UI,Solution injectable,B/10 Flacons/1ml,ERYTHROPOIETINE HUMAINE,JULPHAR,Emirats Arabes Unis,7473171H,2007-01-16,Biosimilaire
EPOTIN 4000,4000 UI,Solution injectable,B/10 Flacons/1ml,ERYTHROPOIETINE HUMAINE,JULPHAR,Emirats Arabes Unis,7473172H,2007-01-16,Biosimilaire
EQUORAL,100 mg,Capsule molle,B/50,CICLOSPORINE,IVAX Pharmaceuticals s.r.o,République Tcheque,3933023H,2003-11-19,Générique
EQUORAL,25 MG,Capsule molle,B/50,CICLOSPORINE,IVAX Pharmaceuticals s.r.o,République Tcheque,3933021H,2003-11-18,Générique
EQUORAL,50 MG,Capsule molle,B/50,CICLOSPORINE,IVAX Pharmaceuticals s.r.o,République Tcheque,3933022H,2003-11-18,Générique
EQUORAL,100 mg/ml,Solution buvable,FL/50 ml,CICLOSPORINE,IVAX Pharmaceuticals s.r.o,République Tcheque,3933024H,2003-11-18,Générique
ERATEC,50 mg,Comprimé Effervecent Sécable,B/1 Tube/8,SILDENAFIL,IPS (Industrie Pharmaceutique Said),Tunisie,9133341,2020-06-19,Générique
ERBITUX 100,5 mg/ml,Solution injectable pour perfusion,B/1 Flacon/20 ml,CETUXIMAB,MERCK EUROPE B.V,HOLLANDE,22073091H,2024-05-23,Princeps
ERBITUX 500,5 mg/ml,Solution injectable pour perfusion,B/1 Flacon/ 100 ml,CETUXIMAB,MERCK EUROPE B.V,HOLLANDE,22073092H,2024-05-23,Princeps
ERECTA,100 mg,Comprimé orodispersible,B/4,SILDENAFIL,OPALIA PHARMA,Tunisie,ST9023983,2013-12-23,Générique
ERECTA,100 mg,Comprimé orodispersible,B/8,SILDENAFIL,OPALIA PHARMA,Tunisie,ST9023984,2013-12-23,Générique
ERECTA,50 mg,Comprimé orodispersible,B/4,SILDENAFIL,OPALIA PHARMA,Tunisie,ST9023981,2013-12-23,Générique
ERECTA,50 mg,Comprimé orodispersible,B/8,SILDENAFIL,OPALIA PHARMA,Tunisie,ST9023982,2013-12-23,Générique
ERGOKOD,0.1%,Gouttes buvables,FL/50 ML,DIHYDROERGOTOXINE,SIMED,Tunisie,9083201,1996-03-07,Générique
ERIOX,80 mg,Solution injectable pour perfusion,B/1falcon /2 ml+Solvant/6 ml,DOCETAXEL,ERIOCHEM,Argentina,12273032H,2010-07-27,Générique
ERIOX,20 mg,Solution injectable pour perfusion,B/1flacon/0.5 ml+Solvant/1.5 ml,DOCETAXEL,ERIOCHEM,Argentina,12273031H,2010-07-27,Générique
ERIVEDGE,150 mg,Gélule,B/28,VISMODEGIB,Roche Pharma (Schweiz) AG,SUISSE,6993281H,2024-10-08,Princeps
ERLUS,5 mg,Comprimé pelliculé,B/15,DESLORATADINE,SAIPH,Tunisie,9164281,2023-05-03,Générique
ERLUS,5 mg,Comprimé pelliculé,B/30,DESLORATADINE,SAIPH,Tunisie,9164282,2023-05-03,Générique
ERLUS,0.5 mg/ml,Solution buvable,B/1FL/150 ML,DESLORATADINE,SAIPH,Tunisie,9164283,2025-06-27,Générique
ERVA,250 µG,Aérosol,FL/120 DOSES,FLUTICASONE,BERG LIFE SCIENCES,Tunisie,9283072,2013-08-22,Générique
ERVA,50 µG,Aérosol,FL/120 DOSES,FLUTICASONE,BERG LIFE SCIENCES,Tunisie,9283071,2013-08-22,Générique
ERYLIK,4%-0.025%,Gel dermique,T/30 GR,ERYTHROMYCINE+TRETINOINE,BAILLEUL SA,FRANCE,14303011,2015-03-27,Générique
ERYTHRO 500,500 MG,Comprime enrobé,B/16,ERYTHROMYCINE,SIPHAT,Tunisie,9003212,1995-01-13,Générique
ERYTHROCINE IV,1 GR,Pdre p.prep.injectable,B/1 flacon,ERYTHROMYCINE,AMDIPHARM Ltd,Irelande,13893011H,2013-07-05,Princeps
ESOMAX,40 mg,Gélule gastrorésistante,FL/14,ESOMEPRAZOLE,DAR-ESSAYDALI.,Tunisie,9213425,2021-04-28,Générique
ESOMAX,40 mg,Gélule gastrorésistante,FL/28,ESOMEPRAZOLE,DAR-ESSAYDALI.,Tunisie,9213426,2021-04-28,Générique
ESOMAX,40 mg,Gélule gastrorésistante,FL/7,ESOMEPRAZOLE,DAR-ESSAYDALI.,Tunisie,9213424,2021-04-28,Générique
ESOMAX,20 mg,Gélule gastrorésistante,FL/28,ESOMEPRAZOLE,DAR-ESSAYDALI.,Tunisie,9213423,2021-04-28,Générique
ESOMAX,20 mg,Gélule gastrorésistante,FL/14,ESOMEPRAZOLE,DAR-ESSAYDALI.,Tunisie,9213422,2021-04-28,Générique
ESOMAX,20 mg,Gélule gastrorésistante,FL/7,ESOMEPRAZOLE,DAR-ESSAYDALI.,Tunisie,9213421,2021-04-28,Générique
ETOPOSIDE VIATRIS,100 mg/5ml,Solution injectable,B/10/5 ML,ETOPOSIDE,VIATRIS SANTE,FRANCE,4923051H,2001-04-07,Générique
EUCAMPHINE,,Sirop,FL/150 ML,CODEINE+EUCALYPTOL+GAIACOL,SIPHAT,Tunisie,9000134,1993-12-20,Générique
EUCAMPHINE ADULTE,,Suppositoire,B/100,CAMPHRE+EUCALYPTOL+GAIACOL,SIPHAT,Tunisie,9000134H,2000-02-03,Générique
EUCAMPHINE ADULTE,,Pommade dermique,T/25 GR,EUCALYPTOL+MENTHOL PUR+THYMOL,SIPHAT,Tunisie,9000135,1994-01-13,Générique
EUCAMPHINE ADULTE,,Suppositoire,B/10,CAMPHRE+EUCALYPTOL+GAIACOL,SIPHAT,Tunisie,9000131,1993-12-20,Générique
EUCAMPHINE ENFANT,,Suppositoire,B/100,CAMPHRE+EUCALYPTOL+GAIACOL,SIPHAT,Tunisie,9000135H,2000-01-25,Générique
EUCAMPHINE ENFANT,,Pommade dermique,T/25 GR,ESSENCE DE TEREBENTHINE+EUCALYPTOL+GAIACOL,SIPHAT,Tunisie,9000136,1993-12-20,Générique
EUCAMPHINE ENFANT,,Suppositoire,B/10,CAMPHRE+EUCALYPTOL+GAIACOL,SIPHAT,Tunisie,9000132,1994-06-01,Générique
EUCARBON,,Comprimé,B/30,CHARBON+EXT SEC DE RHUBARBE+FEUILLE DE SENNE,F.TRENKA CHEM.-PHARM. FABRIK GMBH,AUTRICHE,8003011,2010-04-22,Princeps
EUPHON,,Sirop,FL/150 ML,CODEINE+ERYSIMUM,MAYOLY SPINDLER,FRANCE,5910022,1995-09-07,Princeps
EURAX,10%,Pommade dermique,T/60 GR,CROTAMITON,NOVARTIS SANTE FAMILIALE S.A.S,FRANCE,1623021,2006-12-05,Générique
EUVAX B,20µg/ml,Solution injectable,B/10FLACON/ 1ml,VACCIN CONTRE L'HEPATITE B,LG International Corp,Dem. Peopl. Republic of Korea,12303012,2010-01-15,Princeps
EUVAX B,10µg/ml,Solution injectable,B/10 FLACON/ 0.5ml,VACCIN CONTRE L'HEPATITE B,LG International Corp,Dem. Peopl. Republic of Korea,12303011,2010-01-15,Princeps
EVOCOR 1.25,1.25 mg,Comprimé pelliculé,B/30,BISOPROLOL,PHILADELPHIA PHARMA,Tunisie,9353177,2022-04-27,Générique
EVOCOR10,10 mg,Comprimé pelliculé,B/30,BISOPROLOL,PHILADELPHIA PHARMA,Tunisie,9353173,2017-01-25,Générique
EVOCOR10,10 mg,Comprimé pelliculé,B/90,BISOPROLOL,PHILADELPHIA PHARMA,Tunisie,9353176,2018-11-15,Générique
EXEMESTANE ACCORD,25 mg,Comprimé pelliculé,B/30,EXEMESTANE,ACCORD HEALTHCARE LTD,Rayaume uni,16923071,2017-05-23,Générique
EXFORGE.,5 mg/160mg,Comprimé pelliculé,B/28,AMLODIPINE+VALSARTAN,NOVARTIS PHARMA SCHWEIZ AG,SUISSE,10283202,2008-08-06,Princeps
EXTEMENT,50 MG,Comprimé à croquer,B/4,SILDENAFIL,GENEPHARM S.A,GRECE,35773132,2022-04-25,Générique
EXTEMENT,25 MG,Comprimé à croquer,B/4,SILDENAFIL,GENEPHARM S.A,GRECE,35773131,2022-04-25,Générique
EXTEMENT,100 MG,Comprimé à croquer,B/4,SILDENAFIL,GENEPHARM S.A,GRECE,75773133,2022-04-25,Générique
EXTRAITS ALLERGENIQUES,1;10;100; 300IR,Gouttes buvables,COF/4FL/10ml+pipette graduée,ALLERGENES,ALK,FRANCE,4913021,2005-10-01,Princeps
EXTRANEAL,,Soluté pour dialyse péritonéale,Poche/2 litres simple,ICODEXTRIN+SELS MINERAUX,BAXTER HEALTHCARE Ltd,Rayaume uni,10193011,2007-03-08,Princeps
EXTRANEAL,,Soluté pour dialyse péritonéale,Poche/2 litres (double),ICODEXTRIN+SELS MINERAUX,BAXTER HEALTHCARE Ltd,Rayaume uni,10193012,2007-03-08,Princeps
EYEFILL C,,Solution intra-oculaire,B/1 seringue pré-remplie,HYALURONATE DE SODIUM,CROMA PHARMA GMBH,AUTRICHE,14203022,2017-05-23,Princeps
EYEFILL C,,Solution intra-oculaire,B/1 seringue pré-remplie,HYALURONATE DE SODIUM,VALEANT MED SP Z.O.O,POLOGNE,20383012H,2018-08-08,Princeps
EYEFILL MB,,Solution intra-oculaire,B/2 seringues pré-remplies(Bio II+Mega I),HYALURONATE DE SODIUM,CROMA PHARMA GMBH,AUTRICHE,14203021,2017-05-23,Princeps
EYEFILL MB,,Solution intra-oculaire,B/2 seringues pré-remplies(Bio II+Mega I),HYALURONATE DE SODIUM,VALEANT MED SP Z.O.O,POLOGNE,20383011H,2018-06-26,Princeps
EYLEA,40 mg/ml,Solution injectable,FL/ 100 µl,AFLIBERCEPT,BAYER AG,Allemagne,12853081H,2017-08-17,Princeps
EYLEA,40 mg/ml,Solution injectable,FL/ 100 µl,AFLIBERCEPT,BAYER AG...,Allemagne,,,Princeps
EZEMIB,10 mg,Comprimé,B/30,EZETIMIBE,THERA,Tunisie,9403161,2021-12-31,Générique
FABRAZYME,35 mg,Poudre pour solution pour perfusion,B/1 Flacon,AGALSIDASE BETA,SANOFI B.V.,HOLLANDE,3843041H,2022-02-04,Princeps
FACTANE 100 UI/ML,500 UI,Pdre p.prep.injectable,1FL/+S/5ML,FACTEUR VIII,LFB-Biomédicaments,FRANCE,3163041H,1998-06-10,Princeps
FACTANE 100 UI/ML,100 UI/ml,Pdre p.prep.injectable,1FL/+S/2.5ML+ kit de perfusion,FACTEUR VIII,LFB-Biomédicaments,FRANCE,3163042H,2003-06-21,Princeps
FALOXIM 100,100 mg/5ML,Poudre pour suspension orale,FL/60ML,CEFIXIME,SAIPH,Tunisie,9163623,2008-07-30,Générique
FAMODAR 40,40 MG,Comprimé pelliculé sécable,B/30,FAMOTIDINE,SIPHAT,Tunisie,9003791,2003-12-15,Générique
FAMODAR 40,40 mg,Comprimé pelliculé sécable,B/500,FAMOTIDINE,SIPHAT,Tunisie,9003792H,2005-10-01,Générique
FAMODINE 20,20 MG,Comprimé pelliculé,B/30,FAMOTIDINE,IBN AL BAYTAR,Tunisie,9073141,1995-06-01,Générique
FAMODINE 40,40 MG,Comprimé pelliculé sécable,B/30,FAMOTIDINE,IBN AL BAYTAR,Tunisie,9073143,1996-02-24,Générique
FAMODINE 40,40 MG,Comprimé pelliculé sécable,B/10,FAMOTIDINE,IBN AL BAYTAR,Tunisie,9073144,2005-06-27,Générique
FASLODEX,250 mg,Solution injectable,B/2/5 ml,FULVESTRANT,ASTRA ZENECA UK Ltd,Rayaume uni,7973031H,2013-08-16,Princeps
FDG-SISORA,450 MBq/ml,Solution injectable,FL/10 ml(multidose),FLUORODESOXYGLUCOSE,SISORA,Tunisie,9433011 H,2020-04-30,Générique
FEIBA,500 U/20ml,Pdre p.prep.injectable,B/1Fl+ solvant,FACTEUR DE COAGULATION COURT -CIRCUITANT L'ACTIVITÉ DU FACTE,Takeda Manufacturing Austria AG,Australie,10623041H,2010-07-19,Princeps
FELDENE.,20 MG,Solution injectable,B/2/1ML,PIROXICAM,PFIZER TUNISIE,Tunisie,ST9243011,1999-12-24,Princeps
FEMAPLEX,2.5 mg,Comprimé pelliculé,B/30,LETROZOLE,GENEPHARM S.A,GRECE,7573041H,2015-05-08,Générique
FENTANYL MEDIS,0.1 mg/2ml,Solution injectable,B/10/2 ml,FENTANYL,LES LABORATOIRES MEDIS,Tunisie,9233311H,2004-06-29,Générique
FENTANYL MEDIS,0.5 MG/10 ML,Solution injectable,B/10/10ML,FENTANYL,LES LABORATOIRES MEDIS,Tunisie,9233312H,2009-11-03,Générique
FENTANYL MYLAN,100 MCG/2ML,Solution injectable,B/10/2ML,FENTANYL,MYLAN S.A.S,FRANCE,4923111H,2001-08-08,Générique
FENTANYL PIRAMAL,100 µG/2ML,Solution injectable,B/5 ampoules/2ml,FENTANYL,Piramal Critical Care B.V.,HOLLANDE,23693032H,2021-06-29,Générique
FENTANYL PIRAMAL,500 µG/10ML,Solution injectable,B/10AMP/10 ML,FENTANYL,Piramal Critical Care B.V.,HOLLANDE,23693031H,2021-06-29,Générique
FENTANYL RENAUDIN,100 MCG/2ML,Solution injectable,B/10/2ML,FENTANYL,RENAUDIN,FRANCE,7713071H,2006-03-04,Générique
FENTANYL RENAUDIN 50µG/ML,500 µg/10ml,Solution injectable,B/10/10ML,FENTANYL,RENAUDIN,FRANCE,7713101H,2012-07-13,Générique
FER UCB,,Ampoules buvables,B/14/5ML,FER,PIERRE FABRE MEDICAMENT,FRANCE,6063291,2007-12-31,Princeps
FERINJECT,50mg/ml,Solution injectable,B/1FL/10ML,CARBOXYMALTOSE FERRIC,HIKMA Pharmaceuticals Co Ltd,JORDANIE,6653701H,2019-06-17,Princeps
FEROMAX,100 mg,Solution injectable,B/5/5 ML,FER,JULPHAR,Emirats Arabes Unis,7473201H,2014-05-11,Générique
FEROMAX,100 mg,Solution injectable,B/5/5 ML,FER,UNIMED,Tunisie,9093921H,2015-05-15,Générique
FERPLEX,40 mg / 15ml,Solution buvable,B/10 monodoses/15 ML,FER,ITALFARMACO S.p.A ITALIA,ITALIE,2033031,2023-02-24,Princeps
FERRIPROX,100 mg/ml,Solution buvable,FL/500 ml,DEFERIPRONE,APOTEX EUROPE BV,HOLLANDE,1223012H,2012-07-13,Princeps
FERRIPROX,500 MG,Comprimé pelliculé sécable,FL/100,DEFERIPRONE,APOTEX EUROPE BV,HOLLANDE,1223011H,2003-03-01,Princeps
FERVEX ADULTE,,Poudre pour solution orale,B/8 SACHETS,PARACETAMOL+PHENIRAMINE+VITAMINE C,IPS (Industrie Pharmaceutique Said),Tunisie,9133181,2005-03-16,Princeps
FERVEX ADULTE SANS SUCRE,,Poudre pour solution orale,B/8 Sachets/5 gr,PARACETAMOL+PHENIRAMINE+VITAMINE C,IPS (Industrie Pharmaceutique Said),Tunisie,9133182,2005-06-30,Princeps
FERVEX ADULTES,0.5g /0.2g/ 0.025g,Granulés pour solution buvable,B/ 12 Sachets,PARACETAMOL+PHENIRAMINE+VITAMINE C,IPS (Industrie Pharmaceutique Said),Tunisie,9133185,2025-11-19,Princeps
FERVEX ENFANT,,Poudre pour solution orale,B/8 SACHETS/3 GR,PARACETAMOL+PHENIRAMINE+VITAMINE C,IPS (Industrie Pharmaceutique Said),Tunisie,9133183,2006-11-16,Princeps
FIBREX ADULTE,500 mg/25 mg/200 mg,Poudre pour solution orale,B/8 SACHETS,PARACETAMOL+PHENIRAMINE+VITAMINE C,PHARMACARE,Tunisie,9343232,2018-01-15,Générique
FIBREX ADULTE,500 mg/25 mg/200 mg,Poudre pour solution orale,B/12 SACHETS,PARACETAMOL+PHENIRAMINE+VITAMINE C,PHARMACARE,Tunisie,9343234,2020-02-19,Générique
FIBREX ENFANT,280 mg/ 10 mg/100 mg,Granulés pour solution buvable,B/8 SACHETS,PARACETAMOL+PHENIRAMINE+VITAMINE C,PHARMACARE,Tunisie,9343231,2018-01-15,Générique
FIBREX SANS SUCRE ADULTE,500 mg/25 mg/200 mg,Granulés pour solution buvable,B/8 SACHETS,PARACETAMOL+PHENIRAMINE+VITAMINE C,PHARMACARE,Tunisie,9343233,2018-02-22,Générique
FINASTERIDE ACCORD,5 MG,Comprimé pelliculé,B/28,FINASTERIDE,ACCORD HEALTHCARE LTD,Rayaume uni,16923151,2019-07-19,Générique
FINGOLINE,0.5 mg,Gélule,B/30,FINGOLIMOD,TAHA PHARMA,Tunisie,9373131H,2016-11-10,Générique
FIXICAL,500 MG,Comprimé à sucer,B/3Tubes/20,CALCIUM,EXPANSCIENCE,FRANCE,6133021,2003-01-15,Princeps
FIXICAL VITAMINE D3,,Comprimé à sucer,B/3Tubes/20,CALCIUM+VITAMINE D,EXPANSCIENCE,FRANCE,6133031,2006-10-09,Générique
FIXURIC,80 MG,Comprimé pelliculé sécable,B/30,FEBUXOSTAT,IBN AL BAYTAR,Tunisie,9073811,2025-11-19,Générique
FLANID GÉ,200 MG,Comprimé sécable,B/15,ACIDE TIAPROFENIQUE,PIERRE FABRE SANTE,FRANCE,6063252,2003-04-30,Générique
FLECAINE LP,100 mg,Gélule à libération prolongée,B/30,FLECAINIDE,VIATRIS MEDICAL,FRANCE,30043013,2025-05-27,Princeps
FLECAINE LP,200 mg,Gélule à libération prolongée,B/30,FLECAINIDE,VIATRIS MEDICAL,FRANCE,30043014,2025-05-27,Princeps
FLECAINE LP,50 mg,Gélule à libération prolongée,B/30,FLECAINIDE,VIATRIS MEDICAL,FRANCE,30043012,2025-05-27,Princeps
FLECTOR TISSUGEL EP,1%,Emplâtre Médicamenteux,B/5 emplâtres médicamenteux,DICLOFENAC,GENEVRIER S.A,FRANCE,5583021,2017-01-23,Princeps
FLIXOTIDE 50,50 µG,Aérosol,FL/120 DOSES,FLUTICASONE,GlaxoSmithKline France,FRANCE,5163071,2003-11-18,Princeps
FLIXOTIDE DISKUS 250,250 µG,Poudre pour inhalation buccale,FL/60 DOSES,FLUTICASONE,GlaxoSmithKline France,FRANCE,2113071,2005-07-05,Princeps
FLORAN,100%,Solution pour inhalation,FL/100ML,ISOFLURANE,HIKMA Pharmaceuticals Co Ltd,JORDANIE,6653431H,2002-07-03,Générique
FLOXAMED 3M,0.3%,Collyre,FL/5ML,NORFLOXACINE,UNIMED,Tunisie,9093242,2014-11-28,Générique
FLUCAND 150,150 mg,Gélule,B/1,FLUCONAZOLE,IBN AL BAYTAR,Tunisie,9073281,2005-05-17,Générique
FLUCAND 150,150 mg,Gélule,B/2,FLUCONAZOLE,IBN AL BAYTAR,Tunisie,9073282,2005-07-05,Générique
FLUCAND 150,150 mg,Gélule,B/4,FLUCONAZOLE,IBN AL BAYTAR,Tunisie,9073283,2005-07-05,Générique
FLUCAND PERFUSION,200 mg/100 ml,Solution injectable pour perfusion,FL/100ML,FLUCONAZOLE,HIKMA Pharmaceuticals Co Ltd,JORDANIE,9183141H,2005-03-26,Générique
FLUDARA,10 mg,Comprimé pelliculé,B/20,FLUDARABINE,Schering Plough SAS,FRANCE,6343071,2008-09-17,Princeps
FLUDARABINE PHOSPHATE NEAPOLIS,25 mg/ ml,Solution injectable,B/1 FL/2ML,FLUDARABINE,NEAPOLIS PHARMA,Tunisie,9393121H,2020-08-25,Générique
FLUIDABAK,1.5%,Collyre,FL/10 ml,POVIDONE,THEA,FRANCE,8443121,2016-07-12,Princeps
FLUKAS 100,2 mg/ml,Solution injectable,FL/50 ml,FLUCONAZOLE,LES LABORATOIRES MEDIS,Tunisie,9233371,2005-12-10,Générique
FLUKAS 200,2 mg/ml,Solution injectable,FL/100 ml,FLUCONAZOLE,LES LABORATOIRES MEDIS,Tunisie,9233372H,2005-11-30,Générique
FLUMAX,0.3% (15mg/5ml),Solution buvable,FL/180ML,AMBROXOL,ADWYA,Tunisie,9044241,2015-10-12,Générique
FLUMAX,0.6% (30mg/5ml),Solution buvable,FL/180ML,AMBROXOL,ADWYA,Tunisie,9044242,2015-10-12,Générique
FLUOCARIL BI-FLUORE 250,250 mg,Pate dentaire,Tube/75 ml,FLUOR,TERIAK,Tunisie,9253351,2006-07-26,Princeps
FLUOCYNE,10%,Solution injectable,B/10/5 ml,FLUORESCEINE,SERB,FRANCE,7273031,2007-10-22,Générique
FLUOROURACIL ACCORD,500 MG,Solution injectable,B/1FL/10ML,FLUOROURACILE,ACCORD HEALTHCARE LTD,Rayaume uni,16923042H,2017-04-10,Générique
FLUOROURACIL ACCORD,250 MG,Solution injectable,B/1FL/5ML,FLUOROURACILE,ACCORD HEALTHCARE LTD,Rayaume uni,16923041H,2017-04-10,Générique
FLUOROURACILE MYLAN,250 MG,Solution injectable,B/1/5ML,FLUOROURACILE,MYLAN S.A.S,FRANCE,4923131H,2002-02-28,Générique
FLUOXETINE OPALIA,20 mg/5 ml,Solution buvable,Fl/70 ml,FLUOXETINE,OPALIA PHARMA,Tunisie,9023801,2007-10-09,Générique
FLUXA 500,500 mg,Gélule,B/24,FLUCLOXACILLINE,MEDICEF,Tunisie,9183111,2004-09-24,Générique
FOLINATE DE CALCIUM AGUETTANT,200 MG,Pdre p.prep.injectable,B/1Flacon,FOLINATE DE CALCIUM,LABORATOIRE AGUETTANT,FRANCE,7093291H,2017-01-03,Générique
FOLINATE DE CALCIUM AGUETTANT,50 MG,Pdre p.prep.injectable,B/10 FLACONS,FOLINATE DE CALCIUM,LABORATOIRE AGUETTANT,FRANCE,7093152H,2000-12-21,Générique
FOLKA,50mg/5ml,Solution injectable,B/1Flacon/5ml,FOLINATE DE CALCIUM,CYTOPHARMA,Tunisie,9383141H,2022-08-31,Générique
FOLKA,200mg/20ml,Solution injectable,B/1Flacon/20 ml,FOLINATE DE CALCIUM,CYTOPHARMA,Tunisie,9383142H,2022-08-31,Générique
FONCITRIL,,Granules,B/30 sachet dose,ACIDE CITRIQUE+CITRATE MONOPOTASSIQUE+CITRATE MONOSODIQUE,S.E.R.P. MONACO,MONACO,10703031,2018-05-07,Princeps
FONZEDIL,150 mg,Comprimé pelliculé,B/20,BUFLOMEDIL,DAR-ESSAYDALI.,Tunisie,9213321,2008-01-04,Générique
FORLAX,10 gr,Poudre pour solution orale,B/20,POLYETHYLENE GLYCOL,IPSEN Pharma,FRANCE,5133031,1996-05-31,Princeps
FORLAX 4 GR,4 gr,Poudre pour solution orale,B/20,POLYETHYLENE GLYCOL,IPSEN Pharma,FRANCE,5133032,2009-06-01,Princeps
FORMOTIL,12 µg,Gélule,B/60 + inhalateur,FORMOTEROL,GENEPHARM S.A,GRECE,7573061,2016-04-25,Générique
FORTYX,100/6 µg,Solution pour inhalation,B/1FL/120 doses,Dipropionate de bèclometasone /Fumarate de formotèrol dihydr,VAGA LABORATORIES,Tunisie,9473041,2025-10-09,Générique
FOSALEN D3,70 mg/ 5600 UI,Comprimé,B/12,ALENDRONATE+COLECALCIFEROL,TERIAK,Tunisie,9253384,2018-04-27,Générique
FOSALEN D3,70 mg/ 5600 UI,Comprimé,B/4,ALENDRONATE+COLECALCIFEROL,TERIAK,Tunisie,9253383,2018-01-30,Générique
FOVEPTA,500 UI/ml,Solution injectable,B/1 seringue pré-remplie/0.4 ml,IMMUNOGLOBULINE HUMAINE ANTI HBS,BIOTEST PHARMA GmbH,Allemagne,8153101H,2017-04-26,Princeps
FRESIDOL,3%,Suspension buvable,FL/90 ml,PARACETAMOL,PHARMADERM,Tunisie,9053281,2017-03-02,Générique
FRIDIAL,30 mg,Comprimé pelliculé,B/20,PRIFINIUM,TERIAK,Tunisie,9253751,2013-05-20,Générique
FRIDIAL,30 mg,Comprimé pelliculé,B/10,PRIFINIUM,TERIAK,Tunisie,9253753,2017-02-16,Générique
FRIDIAL ENFANT,,Solution buvable,FL/50 ml,PRIFINIUM,TERIAK,Tunisie,9253752,2016-11-02,Générique
FRUBIOSE CALCIQUE FAIBLE,,Ampoules buvables,C/20/5ML,ERGOCALCIFEROL+CALCIUM GLUCONATE+CALCIUM LACTATE,SIPHAT,Tunisie,9003501,1996-04-24,Princeps
FRUBIOSE CALCIQUE FORTE,,Ampoules buvables,B/20/5ML,ERGOCALCIFEROL+CALCIUM LACTATE+CALCIUM GLUCONATE,SIPHAT,Tunisie,9003502,1997-10-02,Princeps
FULPHILA,6 mg/0.6 ml,Solution injectable pour perfusion,B/1 seringue pré-remplie,PEGFILGRASTIM,Biocon biologics Inc,Etats Unis d'Amérique,29303011H,2025-07-21,Biosimilaire
FULVESTRANT EVER PHARMA,250 mg,Solution injectable,B/2/5 ml,FLUVESTRANT,EVER NEURO PHARMA GMBH,AUTRICHE,23373011H,2022-09-09,Générique
FUMIDEX,2%,Creme dermique,T/15 GR,ACIDE FUSIDIQUE,PHARMADERM,Tunisie,9053222,2014-05-15,Générique
FUMIDEX,2%,Pommade dermique,T/15 GR,ACIDE FUSIDIQUE,PHARMADERM,Tunisie,9053221,2014-05-14,Générique
FUNGALYSE,70 mg,Poudre pour solution à diluer pour perfusion,B/1 flacon,CASPOFUNGINE,LES LABORATOIRES MEDIS,Tunisie,ST9234172H,2024-06-21,Générique
FUNGALYSE,50 mg,Poudre pour solution à diluer pour perfusion,B/1 flacon,CASPOFUNGINE,LES LABORATOIRES MEDIS,Tunisie,ST9234171H,2024-06-21,Générique
FUNGILYSE,1%,Creme dermique,T/25GR,ECONAZOLE NITRATE,LAPROPHAN,Maroc,6795111,1992-01-25,Générique
FURILAN,40 MG,Comprimé,B/20,FUROSEMIDE,LAPROPHAN,Maroc,6795101,1991-10-07,Générique
FURILAN,20 MG,Solution injectable,B/5/2ML,FUROSEMIDE,LAPROPHAN,Maroc,6795102,1991-10-07,Générique
FUROLIX,20 MG,Solution injectable,B/50/2ML,FUROSEMIDE,LES LABORATOIRES MEDIS,Tunisie,9233211H,2001-11-27,Générique
FUROLIX,20 MG,Solution injectable,B/2/2ML,FUROSEMIDE,LES LABORATOIRES MEDIS,Tunisie,9233212,2002-04-11,Générique
FUROLIX SPÉCIAL,250 mg/25ml,Solution injectable,B/5 FL/25 ml,FUROSEMIDE,LES LABORATOIRES MEDIS,Tunisie,9233213H,2016-07-12,Générique
FUROSEMIDE STERIPHARM,20 mg/2 ml,Solution injectable,B/50/2 ml,FUROSEMIDE,STERIPHARM,Tunisie,9443071H,2022-08-12,Générique
FUROXYL,4%,Suspension buvable,FL/90 ml,NIFUROXAZIDE,PHARMADERM,Tunisie,9053251,2014-09-29,Générique
FUSIDAL,2%,Creme dermique,T/15 GR,ACIDE FUSIDIQUE,GALPHARMA,Tunisie,9223491,2018-04-27,Générique
GABA 300,300 mg,Gélule,B/50,GABAPENTINE,OPALIA PHARMA,Tunisie,9024031,2013-03-12,Générique
GABA 300,300 mg,Gélule,B/90,GABAPENTINE,OPALIA PHARMA,Tunisie,9024032,2009-02-13,Générique
GABANET 300,300 mg,Gélule,B/50,GABAPENTINE,SAIPH,Tunisie,9163651,2007-11-19,Générique
Gam-COVID-Vac,,Solution injectable,B/1FL/0.5 ml/dose + B/1FL/0.5 ml/dose,vaccin recombinant à base d'adénovirus anti-COVID-19,FSBI N.F GAMALEYA RCEM of the Ministry of Health of Russia,Russie,25133011EP,2021-01-30,Princeps
Gam-COVID-Vac,,Solution injectable,B/1FL/5 doses de 0.5 ml/dose + B/1FL/5 doses de0.5 ml/dose,vaccin recombinant à base d'adénovirus anti-COVID-19,FSBI N.F GAMALEYA RCEM of the Ministry of Health of Russia,Russie,25133012EP,2021-01-30,Princeps
GAMMA-RAB,1200 UI,Solution injectable,B/10 ampoules/10ml,IMMUNO SERUM EQUIN ANTIRABIQUE,INSTITUT PASTEUR DE TUNIS,Tunisie,9333041H,2010-07-28,Princeps
GAMMA-SCORP,,Solution injectable,B/10 ampoules/10ml,IMMUNOSERUM ANTISCORPIONIQUE,INSTITUT PASTEUR DE TUNIS,Tunisie,9333022H,2010-07-28,Princeps
GAMMA-SCORP,,Solution injectable,B/1 ampoule/10ml,IMMUNOSERUM ANTISCORPIONIQUE,INSTITUT PASTEUR DE TUNIS,Tunisie,9333021H,2010-07-28,Princeps
GAMMA-VIP,,Solution injectable,B/10 ampoules/10ml,IMMUNOSERUM ANTIVIPERIN,INSTITUT PASTEUR DE TUNIS,Tunisie,9333012H,2010-07-28,Princeps
GAMMA-VIP,,Solution injectable,B/1 ampoules/10ml,IMMUNOSERUM ANTIVIPERIN,INSTITUT PASTEUR DE TUNIS,Tunisie,9333011H,2010-07-28,Princeps
GASTROCYNESINE,,Comprimé,B/60,PRODUITS HOMEOPATHIQUES,BOIRON,FRANCE,6873152,2014-12-18,Princeps
GastroSTOP,3 g,Poudre pour suspension orale,B/30 sachets,DIOSMECTITE,SAIPH,Tunisie,9164251,2022-04-27,Générique
GAVISCON,,Suspension buvable,B/24 sachets/10 ml,ALGINATES,Reckitt Benckiser Healthcare UK Limited.,Rayaume uni,10673011,2009-03-03,Princeps
GAZYVARO,1000MG/40ML,Solution injectable pour perfusion,B/1FL/40ML,OBINUTUZUMAB,ROCHE PHARMA (SCHWEIZ) LTD SUISSE,SUISSE,6993231H,2020-06-19,Princeps
GC FLU,,Solution injectable,B/1 Seringue pré-rempli,VACCIN ANTIGRIPPE,GREEN CROSS CORP (HWASUN PLANT),Corée du Sud,21293011,2018-12-20,Princeps
GC FLU,,Solution injectable,B/10 Seringue pré-rempli,VACCIN ANTIGRIPPE,GREEN CROSS CORP (HWASUN PLANT),Corée du Sud,21293012,2018-12-20,Princeps
GCFLU QUADRIVALENT,,Suspension injectable,B/1 seringue pré-remplie de 0.5 ml,VACCIN ANTIGRIPPE,GREEN CROSS CORPORATION,Corée du Sud,3883031,2021-04-08,Générique
GCFLU QUADRIVALENT,,Suspension injectable,B/10 seringue pré-remplie de 0.5 ml,VACCIN ANTIGRIPPE,GREEN CROSS CORPORATION,Corée du Sud,3883032,2021-04-08,Générique
GEL-LARMES,0.3%,Gel ophtalmique,T/10GR,CARBOMERE,THEA,FRANCE,8443042,1998-10-29,Princeps
GELAFUNDIN 4%,4%,Solution injectable,Poche/500 ML,GELATINE FLUIDE MODIFIEE,B.BRAUN Melsungen AG,Allemagne,7353022H,2015-03-30,Générique
GEMCITABIN EBEWE,10mg/ml (200mg),Solution injectable pour perfusion,FL/20 ml,GEMCITABINE,EBEWE Pharma,AUTRICHE,6943162H,2010-05-27,Générique
GEMCITABIN EBEWE,10 mg/ml (1000mg),Solution injectable pour perfusion,FL/100 ml,GEMCITABINE,EBEWE Pharma,AUTRICHE,6943161H,2010-05-27,Générique
GEMCITABINE ACCORD,1 GR,Pdre p.prep.injectable,B/1FL,GEMCITABINE,ACCORD HEALTHCARE LTD,Rayaume uni,16923062H,2017-05-23,Générique
GEMCITABINE ACCORD,200 MG,Poudre pour suspension injectable,B/1FL,GEMCITABINE,ACCORD HEALTHCARE LTD,Rayaume uni,16923061H,2017-05-09,Générique
GEMCITABINE ACTAVIS,200 mg,Pdre p.prep.injectable,B/1flacon,GEMCITABINE,ACTAVIS Group PTC ehf,Islande,10243081H,2011-07-13,Générique
GEMCITABINE ACTAVIS,1 gr,Pdre p.prep.injectable,B/1flacon,GEMCITABINE,ACTAVIS Group PTC ehf,Islande,10243082H,2011-07-13,Générique
GEMCITABINE KABI,200 mg(38mg/ml),Pdre p.prep.injectable,B/1 flacon,GEMCITABINE,FRESENIUS KABI ONCOLOGY PLC,Rayaume uni,13923041H,2016-06-02,Générique
GEMCITABINE KABI,1gr (38mg/ml),Poudre pour suspension injectable,B/1flacon/50ml,GEMCITABINE,FRESENIUS KABI ONCOLOGY PLC,Rayaume uni,13923042H,2016-06-02,Générique
GEMCITABINE NEAPOLIS,1 g,Pdre p.prep.injectable,B/1 flacon,GEMCITABINE,NEAPOLIS PHARMA,Tunisie,9393082H,2019-07-24,Générique
GEMCITABINE NEAPOLIS,200 mg,Pdre p.prep.injectable,B/1 flacon,GEMCITABINE,NEAPOLIS PHARMA,Tunisie,9393081H,2019-07-24,Générique
GEMCITABINE THYMOORGAN,200 mg,Pdre p.prep.injectable,B/1flacon,GEMCITABINE,HIKMA Pharmaceuticals Co Ltd,JORDANIE,6653592H,2015-03-25,Générique
GEMCITABINE THYMOORGAN,1 gr,Pdre p.prep.injectable,B/1flacon,GEMCITABINE,HIKMA Pharmaceuticals Co Ltd,JORDANIE,6653591H,2015-03-25,Générique
GEMSOL,40 mg/ml (1000mg),Solution injectable pour perfusion,FL/25 ml,GEMCITABINE,EBEWE Pharma,AUTRICHE,6943202H,2015-02-03,Générique
GEMSOL,40 mg/ml (2000mg),Solution injectable pour perfusion,FL/50 ml,GEMCITABINE,EBEWE Pharma,AUTRICHE,6943203H,2015-02-09,Générique
GEMSOL,40 mg/ml (200mg),Solution injectable pour perfusion,B/5 flacons/5 ml,GEMCITABINE,EBEWE Pharma,AUTRICHE,6943201H,2015-02-03,Générique
GEMZAR IV,200 MG,Pdre p.prep.injectable,B/1FL SS,GEMCITABINE,LILLY FRANCE,FRANCE,5513041H,2001-03-22,Princeps
GEMZAR IV,1 GR,Pdre p.prep.injectable,B/1FL SS,GEMCITABINE,LILLY FRANCE,FRANCE,5513042H,2001-03-22,Princeps
GENSULIN M30 (30/70),100UI/ML,Suspension injectable,B/1FL/10ML,INSULINE HUMAINE,BIOTON S.A,POLOGNE,18623013,2020-09-21,Biosimilaire
GENSULIN N,100 UI/ML,Suspension injectable,B/1 FL/10ML,INSULINE HUMAINE,BIOTON S.A,POLOGNE,18623012,2020-09-21,Biosimilaire
GENSULIN R,100 UI/ML,Solution injectable,B/1 FL/10ML,INSULINE HUMAINE,BIOTON S.A,POLOGNE,18623011,2020-09-21,Biosimilaire
GENTA 10,10 mg,Solution injectable,B/5/1ML,GENTAMICINE,LES LABORATOIRES MEDIS,Tunisie,9233093,2003-12-15,Générique
GENTA 10,10 mg,Solution injectable,B/50/1ML,GENTAMICINE,LES LABORATOIRES MEDIS,Tunisie,9233094H,2005-09-07,Générique
GENTA 160,160 MG,Solution injectable,B/1/2ML,GENTAMICINE,LES LABORATOIRES MEDIS,Tunisie,9233053,2004-05-10,Générique
GENTADAR,0.3%,Collyre,FL/10 ML,GENTAMICINE,Dar Al Dawa Development and Investment Co.Ltd,JORDANIE,5403192,2006-12-19,Générique
GENTAINJECT160,160 mg,Solution injectable,B/1FL/2 ml,GENTAMICINE,STERIPHARM,Tunisie,9443051,2022-03-14,Générique
GESTAL,5000 UI,Lyophilisat pour solution injectable,B/1 flacon + 1 amp solv/1 ml,GONADOTROPHINE CHORIONIQUE,LES LABORATOIRES MEDIS,Tunisie,9234051,2021-09-14,Biosimilaire
GEZT,1 gr,Pdre p.prep.injectable,B/1 flacon,GEMCITABINE,Laboratorios Richmond S.A.C.I.F,Argentina,12213012H,2010-07-27,Générique
GEZT,200 mg,Pdre p.prep.injectable,B/1flacon,GEMCITABINE,Laboratorios Richmond S.A.C.I.F,Argentina,12213011H,2010-07-27,Générique
GILENYA,0.5 mg,Gélule,B/28,FINGOLIMOD,NOVARTIS PHARMA SCHWEIZ AG,SUISSE,10283311H,2013-03-26,Princeps
GINKOR FORT,,Gélule,B/30,GINKGO BILOBA+TROXERUTINE+HEPTAMINOL,TONIPHARM,FRANCE,16663011,2015-11-04,Princeps
GINSENG ALPHA,500 mg,Gélule,B/32,GINSENG,PHARMAGHREB,Tunisie,9013341,2000-09-05,Générique
GLIBENCLAMIDE 2.5,2.5 MG,Comprimé,B/60,GLIBENCLAMIDE,SIPHAT,Tunisie,9003052,1991-06-11,Générique
GLIPITA 100,100 mg,Comprimé pelliculé,B/30,SITAGLIPTINE,ADWYA,Tunisie,9044342,2023-10-31,Générique
GLIPITA 50,50 mg,Comprimé pelliculé,B/30,SITAGLIPTINE,ADWYA,Tunisie,9044341,2023-10-31,Générique
GLIPTAMET,50 mg/850 mg,Comprimé pelliculé,B/60,VILDAGLIPTINE+METFORMINE,GALPHARMA,Tunisie,9223571,2019-07-19,Générique
GLITAXON,20 mg/ml,Solution injectable,B/2 seringues pré-remplies/1ml,GLATIRAMERE,LES LABORATOIRES MEDIS,Tunisie,9233731H,2014-05-14,Générique
GLITAXON,40 mg/ml,Solution injectable,B/2 seringues pré-remplies/1ml,GLATIRAMERE,LES LABORATOIRES MEDIS,Tunisie,9233732H,2019-04-23,Générique
GLITEX,2 mg/500 mg,Comprimé pelliculé,B/30,GLIMEPIRIDE+METFORMINE,SIMED,Tunisie,ST9083671,2016-01-27,Générique
GLITIVIA,100 mg,Comprimé pelliculé,B/30,SITAGLIPTINE,SAIPH,Tunisie,9164041,2017-06-28,Générique
GLUCAGEN,1 mg/1 ui,Pdre p.prep.injectable,B/10 Fl de lyoph.+10 FL de solvant,GLUCAGON,NOVO NORDISK A/S Bagsvaerd,Denemark,5993033,2004-05-11,Princeps
GLUCALCIUM,10%,Solution injectable,B/100/10ML,CALCIUM,RENAUDIN,FRANCE,7713021H,1999-01-14,Générique
GLUCANTIME,1.500 GR,Solution injectable,B/5/5 ML,ANTIMONIATE DE MEGLUMINE,SANOFI Winthrop Industrie.,FRANCE,6390041,1994-11-01,Princeps
GLUCONATE DE CALCIUM,,Ampoules buvables,B/100/10ML,CALCIUM,SIPHAT,Tunisie,9003171H,1991-11-12,Générique
GLUCONATE DE CALCIUM,10 %,Solution injectable,B/100/10ML,CALCIUM,LABORATOIRE AGUETTANT,FRANCE,7093051H,1992-07-06,Générique
GLUCONATE DE CALCIUM B BRAUN,10%,Solution injectable pour perfusion,B/20/10 ml,GLUCONATE DE CALCIUM,B.BRAUN Melsungen AG,Allemagne,7353041H,2017-04-10,Générique
GLUCONATE DE CALCIUM PROAMP,10%,Solution injectable,B/50/10 ml,CALCIUM,LABORATOIRE AGUETTANT,FRANCE,7093052H,2010-01-09,Générique
GLUCOPLUS,850 mg,Comprimé pelliculé,B/60,METFORMINE,ADWYA,Tunisie,9044312,2017-06-28,Générique
GLUCOPLUS,500 mg,Comprimé pelliculé,B/60,METFORMINE,ADWYA,Tunisie,9044311,2017-06-28,Générique
GLUCOPLUS,1000 mg,Comprimé pelliculé,B/60,METFORMINE,ADWYA,Tunisie,9044313,2018-01-22,Générique
GLUCOSALINE INFO,5%/0.45%,Solution injectable pour perfusion,Poche de 500 ml,GLUCOSE MONOHYDRATE+CHLORURE DE SODIUM,INFOMED Pharma,Tunisie,9193182H,2021-03-30,Générique
GLUCOSALINE INFO,5%/0.45%,Solution injectable pour perfusion,Poche de 250 ml,GLUCOSE MONOHYDRATE+CHLORURE DE SODIUM,INFOMED Pharma,Tunisie,9193181H,2021-03-30,Générique
GLUCOSALINE INFO,5/0.18,Solution injectable pour perfusion,Poche de 250 ml,GLUCOSE MONOHYDRATE+CHLORURE DE SODIUM,INFOMED Pharma,Tunisie,9193183H,2021-06-28,Générique
GLUCOSALINE INFO,5/0.18,Solution injectable pour perfusion,Poche de 500 ml,GLUCOSE MONOHYDRATE+CHLORURE DE SODIUM,INFOMED Pharma,Tunisie,9193184H,2021-06-28,Générique
GLUCOSE,5%,Solution injectable pour perfusion,Fl/250 ml,GLUCOSE,SIPHAT,Tunisie,9003662,2000-06-22,Générique
GLUCOSE 5%,,Solution injectable pour perfusion,P/250 ml,GLUCOSE,INFOMED Pharma,Tunisie,9193102,2012-12-26,Générique
GLUCOSE 10% INFOMED,,Solution injectable pour perfusion,P/1000 ml,GLUCOSE,INFOMED Pharma,Tunisie,9193107H,2016-06-02,Générique
GLUCOSE 30% PROAMP,30%,Solution injectable pour perfusion,B/50/10 ML,GLUCOSE,LABORATOIRE AGUETTANT,FRANCE,7093132H,2009-04-23,Générique
GLUCOSE 5%,,Solution injectable pour perfusion,P/1000 ml,GLUCOSE,INFOMED Pharma,Tunisie,9193104,2012-12-26,Générique
GLUCOSE 5%,,Solution injectable pour perfusion,Poche/500 ML,GLUCOSE,SIPHAT,Tunisie,9003221,1993-10-19,Générique
GLUCOSE 5% UNIMED,,Solution injectable pour perfusion,Flacon/500 ml,GLUCOSE,UNIMED,Tunisie,9093603H,2014-05-15,Générique
GLUCOSE 5% UNIMED,5%,Solution injectable pour perfusion,Poche multicouche/500 ml,GLUCOSE,UNIMED,Tunisie,9093602,2013-11-11,Générique
GLUCOSE 5% UNIMED,,Solution injectable pour perfusion,Poche multicouche/1000 ml,GLUCOSE,UNIMED,Tunisie,9093604H,2015-07-29,Générique
GLUCOSE 5% UNIMED,5%,Solution injectable pour perfusion,Poche multicouche/250 ml sans suremballage,GLUCOSE,UNIMED,Tunisie,9093606,2021-10-08,Générique
GLUCOSE 5% UNIMED,,Solution injectable pour perfusion,P/500 ml,GLUCOSE,UNIMED,Tunisie,9093601,2008-01-04,Générique
GLUCOSE A 10%,10%,Solution injectable pour perfusion,P/500 ml,GLUCOSE,INFOMED Pharma,Tunisie,9193105,2012-12-26,Générique
GLUCOSE A 10%,,Solution injectable pour perfusion,P/500 ML,GLUCOSE,INFOMED Pharma,Tunisie,9193025,1998-08-19,Générique
GLUCOSE A 10%,,Solution injectable pour perfusion,P/1000 ML,GLUCOSE,INFOMED Pharma,Tunisie,9193026,1998-08-27,Générique
GLUCOSE A 10%,10%,Solution injectable pour perfusion,FL/500 ML,GLUCOSE,SIPHAT,Tunisie,9003621,1997-11-28,Générique
GLUCOSE A 30%,,Solution injectable pour perfusion,FL/500ML,GLUCOSE,SIPHAT,Tunisie,9003631,1997-11-28,Générique
GLUCOSE A 30% INFOMED,30%,Solution injectable pour perfusion,P/500ML,GLUCOSE,INFOMED Pharma,Tunisie,9193106,2016-05-09,Générique
GLUCOSE A 5 %,,Solution injectable pour perfusion,P/500 ML,GLUCOSE,INFOMED Pharma,Tunisie,9193021,1998-07-16,Générique
GLUCOSE A 5 %,,Solution injectable pour perfusion,P/250 ML,GLUCOSE,INFOMED Pharma,Tunisie,9193024,1998-07-16,Générique
GLUCOSE A 5 %,,Solution injectable pour perfusion,P/1000 ML,GLUCOSE,INFOMED Pharma,Tunisie,9193022,1998-07-16,Générique
GLUCOSE A 5 %,,Solution injectable pour perfusion,P/100 ML,GLUCOSE,INFOMED Pharma,Tunisie,9193023,1998-07-16,Générique
GLUCOSE A 5 % UNIMED,5%,Solution injectable pour perfusion,FL/500 ML,GLUCOSE,UNIMED,Tunisie,9093571,2007-05-09,Générique
GLUCOSE A 5%,,Solution injectable pour perfusion,P/500 ml,GLUCOSE,INFOMED Pharma,Tunisie,9193103,2012-12-26,Générique
GLUCOSE A 5%,,Solution injectable pour perfusion,P/100 ml,GLUCOSE,INFOMED Pharma,Tunisie,9193101,2012-12-26,Générique
GLUCOSE ISOTONIQUE,5%,Solution injectable pour perfusion,FL/500ML,GLUCOSE,SIPHAT,Tunisie,9003661,1998-04-14,Générique
GLUCOSE UNIMED,5%,Solution injectable pour perfusion,Poche multicouche/250 ml avec suremballage,GLUCOSE,UNIMED,Tunisie,9093605,2021-10-08,Générique
GLUCOVANCE,500mg/5mg,Comprimé pelliculé,B/30,GLIBENCLAMIDE+METFORMINE,Merck Santé s.a.s,FRANCE,3183071,2010-06-04,Princeps
GLUCOVANCE,1000mg/5mg,Comprimé pelliculé,B/30,GLIBENCLAMIDE+METFORMINE,Merck Santé s.a.s,FRANCE,3183072,2015-07-07,Princeps
GLUKANION 5,,Solution injectable pour perfusion,FL/500 ml,ELECTROLYTES,SIPHAT,Tunisie,9003991H,2018-07-04,Générique
GLYCINE,1.5 %,Solution injectable pour irrigation,Poche/ 3 Litres,GLYCOCOLLE,BAXTER HELTHCARE SA SUISSE,SUISSE,14323011H,2015-01-09,Générique
GLYCOCOLLE,1.5%,Solution injectable pour irrigation,Poche/3000 ml,GLYCOCOLLE,INFOMED Pharma,Tunisie,9193141H,2015-03-30,Générique
GLYCOCOLLE,1.5%,Solution injectable,POCHE DE 3000 ML,GLYCOCOLLE,INFOMED Pharma,Tunisie,9193031,1998-07-28,Générique
GLYFORMIN,850 mg,Comprimé pelliculé,B/100,METFORMINE,REMEDICA LTD,CHYPRE,17893041,2025-10-09,Générique
GLYSS ADULTE,,Suppositoire,B/100,GLYCERINE,OPALIA PHARMA,Tunisie,9023306H,2003-05-09,Générique
GLYSS ADULTES,,Suppositoire,B/20,GLYCERINE,OPALIA PHARMA,Tunisie,9023305,2022-12-22,Générique
GLYSS ADULTES,,Suppositoire,B/10,GLYCERINE,OPALIA PHARMA,Tunisie,9023301,1995-08-11,Générique
GLYSS ENFANTS,,Suppositoire,B/10,GLYCERINE,OPALIA PHARMA,Tunisie,9023302,1996-01-13,Générique
GLYSS NOURRISSONS,,Suppositoire,B/20,GLYCERINE,OPALIA PHARMA,Tunisie,9023307,2023-09-29,Générique
GLYSS NOURRISSONS,,Suppositoire,B/10,GLYCERINE,OPALIA PHARMA,Tunisie,9023303,1996-01-13,Générique
GLYSS NOURRISSONS,,Suppositoire,B/100,GLYCERINE,OPALIA PHARMA,Tunisie,9023304H,2003-05-09,Générique
GOLDIX,,Pommade dermique,Pot/50 gr,LEVOMENTHOL+CAMPHRE+THYMOL,OPALIA PHARMA,Tunisie,9023621,2001-12-12,Générique
GOLDIX DUO,,Sirop,B/12 sachets-dose de 15 ml,DEXTROMETHORPHANE+PHENYLEPHRINE+PARACETAMOL+DOXYLAMINE,OPALIA PHARMA,Tunisie,9024015,2016-04-28,Générique
GOLDIX JOUR,,Sirop,Flacon/150 ml,DEXTROMETHORPHANE+PHENYLEPHRINE+PARACETAMOL,OPALIA PHARMA,Tunisie,9024011,2014-09-01,Générique
GOLDIX JOUR,,Sirop,B/12 sachets,DEXTROMETHORPHANE+PHENYLEPHRINE+PARACETAMOL,OPALIA PHARMA,Tunisie,9024013,2016-04-28,Générique
GOLDIX NUIT,,Sirop,FL/90 ml,DEXTROMETHORPHANE+DOXYLAMINE+PARACETAMOL,OPALIA PHARMA,Tunisie,9024012,2014-09-01,Générique
GOLDIX NUIT,,Sirop,B/12 sachets,DEXTROMETHORPHANE+DOXYLAMINE+PARACETAMOL,OPALIA PHARMA,Tunisie,9024014,2016-04-28,Générique
GONAL-F,75 UI (5.5 mcg),Pdre p.prep.injectable,B/1fl de lyoph.+ser.de solv/1ml+ 2 aiguilles,FSH,MERCK EUROPE B.V,HOLLANDE,22073071,2022-08-09,Princeps
GONAL-F,450 UI/0.75ml,Pdre p.prep.injectable,B/1fl+ser/1ml+6 ser.,FSH,MERCK SERONO EUROPE Limited UK,Rayaume uni,4703011,2005-03-26,Princeps
GONAL-F,1050UI/1.75ml,Pdre p.prep.injectable,B/1fl+ser/2 ml+15 ser.,FSH,MERCK SERONO EUROPE Limited UK,Rayaume uni,4703012,2005-03-26,Princeps
GONAPEPTYL,3.75 mg,Pdre p.prep.injectable,B/1 seringue pré-remplie /1ml+ 1seringue pré-remplie de solvant/1ml,TRIPTORELINE,FERRING S.A.S,FRANCE,5523061,2012-07-03,Princeps
GONIOSOL,,Collyre,FL/10ML,HYDROXYMETHYLCELLULOSE+PHOSPHATE DISODIQUE.MONOSODIQU,ALCON FRANCE,FRANCE,6643061,1992-01-17,Princeps
GOSERELIN-CIMEX,3.6 mg,Implant,B/1 Implant+applicateur,GOSERELINE,ACINO pharma AG,SUISSE,11873031H,2013-05-20,Générique
GOUTTES AUX ESSENCES,,Gouttes buvables,FL/45 ML,ESSENCES NATURELLES,PLANTES ET MEDECINES,FRANCE,3793131,2002-05-06,Princeps
GOXYRAL,100 mg,Pdre p.prep.injectable,B/1 flacon,OXALIPLATINE,ERIOCHEM,Argentina,12273011H,2010-07-27,Générique
GOXYRAL,50 mg,Pdre p.prep.injectable,B/1 flacon,OXALIPLATINE,ERIOCHEM,Argentina,12273012H,2010-07-27,Générique
GRANISETRON MEDIS,3 mg/3ml,Solution injectable,B/5/3 ml,GRANISETRON,LES LABORATOIRES MEDIS,Tunisie,9233551,2009-08-26,Générique
GRANOCYTE,34 MILLIONS UI/ML,Pdre p.prep.injectable,B/5FL+5 seringues préremplies /1 ml,LENOGRASTIM,SANOFI AB,SUEDE,18943011H,2022-01-26,Princeps
GRASUSTEK,6 mg,Solution injectable,B/1 seringue pré-remplie de 0.6 ml,PEGFILGRASTIM,HIKMA Pharmaceuticals Co Ltd,JORDANIE,,,Biosimilaire
GRIPEX ADULTES,,Poudre pour solution orale,B/8 SACHETS,PARACETAMOL+PHENIRAMINE+VITAMINE C,GALPHARMA,Tunisie,9223162,2004-08-05,Générique
GRIPEX ADULTES,,Poudre pour solution orale,B/12 SACHETS,PARACETAMOL+PHENIRAMINE+VITAMINE C,GALPHARMA,Tunisie,9223165,2007-06-11,Générique
GRIPEX ENFANTS,,Poudre pour solution orale,B/8 SACHETS,PARACETAMOL+PHENIRAMINE+VITAMINE C,GALPHARMA,Tunisie,9223161,2004-08-05,Générique
GRIPEX ENFANTS,,Poudre pour solution orale,B/12 SACHETS,PARACETAMOL+PHENIRAMINE+VITAMINE C,GALPHARMA,Tunisie,9223164,2007-06-11,Générique
GRIPEX SANS SUCRE ADULTES,,Poudre pour solution orale,B/8 SACHETS,PARACETAMOL+PHENIRAMINE+VITAMINE C,GALPHARMA,Tunisie,9223163,2004-08-05,Générique
GRIPEX SANS SUCRE ADULTES,,Poudre pour solution orale,B/12 SACHETS,PARACETAMOL+PHENIRAMINE+VITAMINE C,GALPHARMA,Tunisie,9223166,2007-06-11,Générique
GUEREVIT,200 MG,Comprimé pelliculé,B/18,TRIMEBUTINE,LES LABORATOIRES MEDIS,Tunisie,9233972,2019-03-18,Générique
GUERIVIT,100 mg,Comprimé pelliculé,B/30,TRIMEBUTINE,LES LABORATOIRES MEDIS,Tunisie,9233971,2018-07-04,Générique
GYNOTRIL,2.5 mg,Comprimé pelliculé,B/30,LETROZOLE,ERIS PHARMACEUTICALS PTY LTD,Australie,17083011H,2016-06-02,Générique
H.E.C,,Pommade dermique,T/25GR,PHENAZONE+TANIN+HAMAMELIS,CHAUVIN,FRANCE,5280111,1993-05-27,Princeps
HAEMATE P1000,1000UI,Pdre p.prep.injectable,B/1FL de poudre+1FL de solvant+Kit,FACTEUR VIII+VON WILLEBRAND,CSL BEHRING GmbH,Allemagne,8143103H,2017-05-10,Princeps
HAEMATE P250,250UI,Pdre p.prep.injectable,B/1FL de poudre+1FL de solvant+Kit,FACTEUR VIII+VON WILLEBRAND,CSL BEHRING GmbH,Allemagne,8143101H,2017-05-10,Princeps
HAEMATE P500,500UI,Pdre p.prep.injectable,B/1FL de poudre+1FL de solvant+Kit,FACTEUR VIII+VON WILLEBRAND,CSL BEHRING GmbH,Allemagne,8143102H,2017-05-10,Princeps
HAEMOCOMPLETTAN P,1 gr,Poudre pour suspension injectable,B/1FL,FIBRINOGENE,CSL BEHRING GmbH,Allemagne,8143061H,2013-04-26,Princeps
HAEMOCTIN SDH 250,100 UI/ml,Pdre p.prep.injectable,Fl/poudre + Fl/2.5ml solvant + Kit de perfusion,FACTEUR VIII,BIOTEST PHARMA GmbH,Allemagne,8153061H,2004-04-28,Princeps
HAEMOCTIN SDH 500,50 UI/ml,Pdre p.prep.injectable,Fl/poudre + Fl/5ml solvant + kit de perfusion,FACTEUR VIII,BIOTEST PHARMA GmbH,Allemagne,8153062H,2004-04-28,Princeps
HAEMONINE 250 UI,50 UI/ml,Pdre p.prep.injectable,Fl/poudre + Fl/5ml solvant + 1Kit de perfusion,FACTEUR IX,BIOTEST PHARMA GmbH,Allemagne,8153081H,2013-08-20,Princeps
HAEMONINE 500 UI,100 UI/ml,Pdre p.prep.injectable,B/1Fl/poudre + Fl/5ml solvant + 1Kit de perfusion,FACTEUR IX,BIOTEST PHARMA GmbH,Allemagne,8153082H,2015-04-28,Princeps
HALDOL DECANOAS,50 MG,Solution injectable,B/5/1ML,HALOPERIDOL,Essential Pharma Limited,MALTE,30473022,2025-05-27,Princeps
HALDOL DECANOAS,50 MG,Solution injectable,B/1/1ML,HALOPERIDOL,Essential Pharma Limited,MALTE,30473021,2025-05-27,Princeps
HANSAPLAST BANDE,,Sparadraps,0.5MX4CM,CETYLPYRIDINIUM+ZINC OXYDE,ADHE-ELS.,Tunisie,9123029,1993-12-04,Générique
HANSAPLAST BANDE,,Sparadraps,B/0.5MX6CM,CETYLPYRIDINIUM+ZINC OXYDE,ADHE-ELS.,Tunisie,9123028,1993-12-04,Générique
HANSAPLAST BANDE,,Sparadraps,0.5MX8CM,CETYLPYRIDINIUM+ZINC OXYDE,ADHE-ELS.,Tunisie,9123027,1993-12-04,Générique
HANSAPLAST BANDE,,Sparadraps,1MX4CM,CETYLPYRIDINIUM+ZINC OXYDE,ADHE-ELS.,Tunisie,9123026,1993-12-04,Générique
HANSAPLAST BANDE,,Sparadraps,1MX6CM,CETYLPYRIDINIUM+ZINC OXYDE,ADHE-ELS.,Tunisie,9123025,1993-12-04,Princeps
HANSAPLAST BANDE,,Sparadraps,1MX8CM,CETYLPYRIDINIUM+ZINC OXYDE,ADHE-ELS.,Tunisie,9123024,1993-12-04,Générique
HANSAPLAST BANDE,,Sparadraps,5MX6CM,CETYLPYRIDINIUM+ZINC OXYDE,ADHE-ELS.,Tunisie,9123022,1993-12-04,Générique
HANSAPLAST STRIPS ELASTIQUE,,Sparadraps,B/100,CETYLPYRIDINIUM+ZINC OXYDE,ADHE-ELS.,Tunisie,9123041B,1993-12-04,Générique
HANSAPLAST STRIPS ELASTIQUE,,Sparadraps,B/25,CETYLPYRIDINIUM+ZINC OXYDE,ADHE-ELS.,Tunisie,9123041A,1993-12-04,Générique
HANSAPLAST STRIPS PLASTIQ,,Sparadraps,B/30,CETYLPYRIDINIUM+ZINC OXYDE,ADHE-ELS.,Tunisie,9123051B,1993-12-04,Générique
HANSAPLAST STRIPS PLASTIQ,,Sparadraps,B/15,CETYLPYRIDINIUM+ZINC OXYDE,ADHE-ELS.,Tunisie,9123051A,1993-12-04,Générique
HANSAPLAST STRIPS PLASTIQUE,,Sparadraps,B/100,CETYLPYRIDINIUM+ZINC OXYDE,ADHE-ELS.,Tunisie,9123051C,1993-12-04,Générique
HARMONET,,Comprime enrobé,B/21,ETHINYLESTRADIOL+GESTODENE,PFIZER HOLDING FRANCE,FRANCE,5803121,2009-12-24,Princeps
HARPADOL ARKOGELULE,,Gélule,FL/45,HARPAGOPHYTUM,ARKOPHARMA,FRANCE,8953011,2007-12-31,Princeps
HARVONI,90MG/400mg,Comprimé pelliculé,FL/28,LEDIPASVIR+SOFOSBUVIR,GILEAD SCIENCES Inc USA,Etats Unis d'Amérique,11353031H,2016-01-28,Princeps
HAVRIX 1440 ADULTE,1440 unités ELISA,Suspension injectable,B/1 ser/1 dose/1ml,VACCIN CONTRE DE L'HEPATITE A,Glaxo Smith KLine Biologicals S.A (RIXENSART),BELGIQUE,2363031,2005-08-05,Princeps
HAVRIX JUNIOR 720 U.EL,,Suspension injectable,SER/0.5ML,VACCIN CONTRE DE L'HEPATITE A,Glaxo Smith KLine Biologicals S.A (RIXENSART),BELGIQUE,7063071,1999-10-08,Princeps
HEALER CREME,8.5%,Creme dermique,T/15 gr,MAFENIDE ACETATE,BEIT JALA Pharmaceutical Co,PALESTINE,13453031,2023-10-05,Générique
HEALON GV,14 MG/ML,Solution intra-oculaire,SER/0.85 ML,HYALURONATE DE SODIUM,ADVANCED MEDICAL OPTIC UPPSALA AB,SUEDE,11393012H,2007-06-02,Princeps
HEALON PRO,10 mg/ml,Solution intra-oculaire,B/1 seringue/0.85 ml,HYALURONATE DE SODIUM,ABBOTT MEDICAL OPTICS (AMO) UPPSALA AB,SUEDE,15583011H,2013-07-05,Princeps
HEBERBIOVAC HB,20 µG,Suspension injectable,FL/1 ML,VACCIN CONTRE L'HEPATITE B,CIGB CUBA,Cuba,2613012,2019-06-10,Princeps
HEBERBIOVAC HB,10 µG,Solution injectable,FL/0.5 ML,VACCIN CONTRE L'HEPATITE B,CIGB CUBA,Cuba,2613011,2002-11-19,Princeps
HEMACTEROL,,Ampoules buvables,C/100/10 ML,VITAMINE B12+HEMATOPORPHYRINE+VITAMINE B1,SIPHAT,Tunisie,9000172H,1999-12-31,Générique
HEMACTEROL,,Ampoules buvables,C/20/10 ML,VITAMINE B12+HEMATOPORPHYRINE+VITAMINE B1,SIPHAT,Tunisie,9000171,1993-04-30,Générique
HEMAX,2000 UI,Pdre p.prep.injectable,B/25 fl+25 amp-solv/2ml,ERYTHROPOIETINE HUMAINE,BIO SIDUS S.A,Argentina,4593014H,2011-07-27,Biosimilaire
HEMAX,4000 UI,Pdre p.prep.injectable,B/1+S/2ML,ERYTHROPOIETINE HUMAINE,BIO SIDUS S.A,Argentina,4593013H,2002-12-04,Générique
HEMAX,2000 UI,Pdre p.prep.injectable,B/1+S/2ML,ERYTHROPOIETINE HUMAINE,BIO SIDUS S.A,Argentina,4593012H,2002-12-04,Générique
HEMLIBRA,30mg/ml,Solution injectable,B/1FL/1ML,EMICIZUMAB,Roche Pharma (Schweiz) AG,SUISSE,6993235H,2022-03-07,Princeps
HEMLIBRA,150mg/ml,Solution injectable,B/1FL/1ML,EMICIZUMAB,Roche Pharma (Schweiz) AG,SUISSE,6993234H,2022-03-07,Princeps
HEMLIBRA,"105 mg / 0,7ml",Solution injectable,B/1F/3ML,EMICIZUMAB,Roche Pharma (Schweiz) AG,SUISSE,6993233H,2022-03-07,Princeps
HEMLIBRA,"60 mg / 0,4ml",Solution injectable,B/1F/3ML,EMICIZUMAB,Roche Pharma (Schweiz) AG,SUISSE,6993232H,2022-03-07,Princeps
HEPARINE UNIMED,25000 UI/5ml,Solution injectable,B/10/Fl/5ml,HEPARINE SODIQUE,UNIMED,Tunisie,9094041H,2020-09-21,Biosimilaire
HEPARINE MEDIS,25 000 UI/ 5ml,Solution injectable,B/10FL/5ML,HEPARINE SODIQUE,LES LABORATOIRES MEDIS,Tunisie,9233181H,2002-06-19,Générique
HEPATITIS-B-IMMUNGLOBULIN BEHRING,200 UI/ML,Solution injectable,B/1 seringue pré-remplie de 1 ml,IMMUNOGLOBULINE HUMAINE ANTI HBS,CSL BEHRING GmbH,Allemagne,8143071,2013-08-20,Princeps
HEPATITIS-B-IMMUNGLOBULIN BEHRING,200 UI/ML (1000/5ml),Solution injectable,B/1 seringue pré-remplie de 5 ml,IMMUNOGLOBULINE HUMAINE ANTI HBS,CSL BEHRING GmbH,Allemagne,8143072,2013-08-20,Princeps
HEPAVAX-GENE,20 mcg,Solution injectable,B/1/1Ml,VACCIN CONTRE L'HEPATITE B,BERNA BIOTECH KOREA CORPORATION,Corée du Sud,1113012,2000-12-19,Princeps
HEPAVAX-GENE,10 Mcg,Solution injectable,B/1/0.5 Ml,VACCIN CONTRE L'HEPATITE B,BERNA BIOTECH KOREA CORPORATION,Corée du Sud,1113011,2000-12-30,Princeps
HERCEPTIN,150 mg,Pdre p.prep.injectable,B/1Flacon de lyophilisat,TRASTUZUMAB,Roche Pharma (Schweiz) AG,SUISSE,6993151H,2008-04-30,Princeps
HERPEX,5%,Creme dermique,T/5 GR,ACICLOVIR,SIMED,Tunisie,9083721,2018-03-22,Générique
HERPEX,200 mg,Comprimé,B/30,ACICLOVIR,SIMED,Tunisie,ST9083722,2022-02-17,Générique
HERTRAZ,150 mg,Pdre p.prep.injectable,B/1Flacon de lyophilisat+ 1Flacon de solvant,TRASTUZUMAB,BIOCON BIOLOGICS LIMITED,Inde,25293021H,2024-02-02,Biosimilaire
HERTRAZ,440 mg,Pdre p.prep.injectable,B/1Flacon de lyophilisat+ 2 Flacons de solvant,TRASTUZUMAB,BIOCON BIOLOGICS LIMITED,Inde,25293022H,2024-02-02,Biosimilaire
HERZUMA,150 mg,Poudre pour solution à diluer pour perfusion,B/1 Flacon,TRASTUZUMAB,HIKMA Pharmaceuticals Co Ltd,JORDANIE,6653781H,2022-09-09,Biosimilaire
HERZUMA,440 mg,Poudre pour solution à diluer pour perfusion,B/1 flacon de poudre+ 1 flacon de solvant,TRASTUZUMAB,HIKMA Pharmaceuticals Co Ltd,JORDANIE,6653782H,2022-09-09,Biosimilaire
HEXABAIN,1 MG,Solute buccal,FL/200 ML,HEXETIDINE,SIPHAT,Tunisie,9003401,1994-06-06,Générique
HEXABRIX 320,320 mg d'iode/ML,Solution injectable,FL/20 ML,"IOXITALAMATE DE NA, MEGLUMINE",GUERBET,FRANCE,5640021B,1991-04-18,Princeps
HEXABRIX 320,320 mg d'iode/ML,Solution injectable,FL/50 ML,"IOXITALAMATE DE NA, MEGLUMINE",GUERBET,FRANCE,5640021C,1991-04-18,Princeps
HEXASPRAY,0.75%,Collutoire,FL/30GR,BICLOTYMOL,BOUCHARA-RECORDATI,FRANCE,7313071,2000-12-20,Princeps
HEXAXIM,,Suspension injectable,B/1seringue pré-remplie/0.5ml,VACCIN D+T+C+P+HB+HIB,SANOFI PASTEUR SA,FRANCE,12063091,2017-04-26,Princeps
HEXAXIM,,Suspension injectable,B/1seringue pré-remplie/0.5ml,VACCIN D+T+C+P+HB+HIB,SANOFI Winthrop Industrie.,FRANCE,11513121,2025-06-18,Princeps
HEXIDENT,0.12%,Solute buccal,FL/125 ML,CHLORHEXIDINE,PHARMADERM,Tunisie,9053141,1998-01-26,Générique
HHT,4 UI,Pdre p.prep.injectable,FL+Ser/1ml+2aig+1 tampon alcoolisée,SOMATROPINE,BIO SIDUS S.A,Argentina,4593021H,2009-07-01,Générique
HIKMA MIDAZOLAM,5 mg/ml,Solution injectable,B/10/1ml,MIDAZOLAM,HIKMA Pharmaceuticals Co Ltd,JORDANIE,6653471H,2006-11-16,Générique
HOLOXAN,500 MG,Pdre p.prep.injectable,B/1 flacon sans solvant,IFOSFAMIDE,BAXTER ONCOLOGY GmbH,Allemagne,2613011H,2003-11-21,Princeps
HOLOXAN,1 GR,Pdre p.prep.injectable,B/1 flacon sans solvant,IFOSFAMIDE,BAXTER ONCOLOGY GmbH,Allemagne,2613012H,2003-11-21,Princeps
HOLOXAN,2 GR,Pdre p.prep.injectable,B/1 flacon sans solvant,IFOSFAMIDE,BAXTER ONCOLOGY GmbH,Allemagne,2613013H,2003-11-21,Princeps
HOMEOGENE 9,,Comprimé,B/60,PRODUITS HOMEOPATHIQUES,BOIRON,FRANCE,6873171,1991-06-29,Princeps
HOMEOPLASMINE,,Pommade dermique,T/18 GR,CALENDULA TM+PHYTOLACCA DECANDRA TM,BOIRON,FRANCE,6873061A,1990-06-16,Princeps
HOMEOPLASMINE,,Pommade dermique,T/40 GR,CALENDULA TM+PHYTOLACCA DECANDRA TM,BOIRON,FRANCE,6873061B,1990-06-16,Princeps
HOMEOVOX,,Comprimé drageifié,B/60,HOMEOPATHIE,BOIRON,FRANCE,6873111,1990-06-19,Princeps
HULIO,40 mg/0.8 ml,Solution injectable,B/2 seringues pré-remplies,ADALIMUMAB,"Biosimilar Collaborations Ireland Limited (""BCIl"")",Irelande,29123021H,2024-10-30,Biosimilaire
HULIO,40 mg/0.8 ml,Solution injectable,B/2 stylos pré-remplis,ADALIMUMAB,"Biosimilar Collaborations Ireland Limited (""BCIl"")",Irelande,29123022H,2024-10-30,Biosimilaire
HUMEX MAL DE GORGE MENTHE SANS SUCRE,20 mg,Pastilles,B/24,BICLOTYMOL,URGO,FRANCE,1893011,2016-06-23,Princeps
HUMEX MAL DE GORGE MIEL CITRON,20 mg,Pastilles,B/24,BICLOTYMOL,URGO,FRANCE,1893012,2016-06-23,Princeps
HUMIRA,40 mg,Solution injectable,B/2 seringues/0.4 ml,ADALIMUMAB,ABBVIE DEUTSCHLAND Gmbh and Co.KG,Allemagne,16913031H,2021-10-19,Princeps
HUMIRA,20 mg,Solution injectable,B/2 seringues pré-remplies/0.2 ml,ADALIMUMAB,ABBVIE DEUTSCHLAND Gmbh and Co.KG,Allemagne,16913032H,2024-02-02,Princeps
HYALGAN,20 mg/2ml,Solution injectable,FL/2 ML,HYALURONATE DE SODIUM,FIDIA Farmaceutici SpA,ITALIE,7883012,2006-01-03,Princeps
HYALOSILVER,0.2%,Poudre a usage externe,Fl/125 ml,HYALURONATE DE SODIUM,FIDIA Farmaceutici SpA,ITALIE,7883042,2019-05-22,Princeps
HYALOSILVER,0.2%,Spray poudre,Fl/50 ml,HYALURONATE DE SODIUM,FIDIA Farmaceutici SpA,ITALIE,7883041,2018-05-17,Princeps
HYDREA,500 MG,Gélule,B/20,HYDROXYCARBAMIDE,BRISTOL MYERS SQUIBB,FRANCE,5253081,1997-02-27,Princeps
HYDROCORTISONE BIOCODEX,100 mg,Pdre p.prep.injectable,B/1FL+S/2ML,HYDROCORTISONE,BIOCODEX,FRANCE,5193091,2016-03-17,Générique
HYDROCORTISONE LEURQUIN,100 mg,Pdre p.prep.injectable,B/100 flacons,HYDROCORTISONE,LEURQUIN MEDIOLANUM,FRANCE,5833042H,2008-08-01,Générique
HYDROCORTISONE MEDO,100 mg,Pdre p.prep.injectable,B/10FL sans solvant,HYDROCORTISONE,MEDOCHEMIE LTD,CHYPRE,6973213,2014-08-20,Générique
HYDROSOL POLYVITAMINE PHARMADEVELOPPEMENT,,Solution buvable,FL/20ML,POLYVITAMINES,PHARMA DEVELOPPEMENT,FRANCE,11603011,2011-10-26,Princeps
HYDROXOCOBALAMINE 10 000,,Solution injectable,B/4/2 ML,HYDROXOCOBALAMINE,SIPHAT,Tunisie,ST9000212,1993-12-20,Générique
HYDROXOCOBALAMINE 20 000,,Solution injectable,B/4/2 ML,HYDROXOCOBALAMINE,SIPHAT,Tunisie,ST9000213,1993-12-20,Générique
HYDROXOCOBALAMINE 5000,,Solution injectable,B/4/2 ML,HYDROXOCOBALAMINE,SIPHAT,Tunisie,ST9000211,1993-12-20,Générique
HYPNOMIDATE,2 mg/ml,Solution injectable,B/5/10 ml,ETOMIDATE,Piramal Critical Care B.V.,HOLLANDE,23693011H,2020-10-07,Princeps
HYPOCHOL,40 mg,Gélule,B/28,FLUVASTATINE,ADVANS PHARMA,Tunisie,9413111,2021-07-27,Générique
HYPOTEN 100,100 MG,Comprimé pelliculé sécable,B/30,ATENOLOL,IBN AL BAYTAR,Tunisie,9073102,1993-10-19,Générique
HYPOTEN 50,50 mg,Comprimé pelliculé sécable,B/100,ATENOLOL,IBN AL BAYTAR,Tunisie,9073104H,2020-09-07,Générique
HYPOTEN 50,50 MG,Comprimé pelliculé sécable,B/30,ATENOLOL,IBN AL BAYTAR,Tunisie,9073101,1993-10-19,Générique
IBRANCE,100MG,Gélule,FL/21,PALBOCICLIB,Pfizer Inc USA,Etats Unis d'Amérique,14943013H,2021-01-06,Princeps
IBRANCE,75MG,Gélule,FL/21,PALBOCICLIB,Pfizer Inc USA,Etats Unis d'Amérique,14943012H,2021-01-06,Princeps
IBRANCE,125MG,Gélule,FL/21,PALBOCICLIB,Pfizer Inc USA,Etats Unis d'Amérique,14943011H,2021-01-06,Princeps
IBUPHIL GEL MENTHOLÉ,5%,Gel dermique,T/50 gr,IBUPROFEN,SIMED,Tunisie,9083453,2006-12-28,Générique
IBUPHIL 125,125 mg,Suppositoire,B/10,IBUPROFEN,SIMED,Tunisie,9083456,2016-06-16,Générique
IBUPHIL 400,400 mg,Comprimé pelliculé,B/20,IBUPROFEN,SIMED,Tunisie,9083454,2010-01-13,Générique
IBUPHIL 600,600 mg,Comprimé pelliculé,B/20,IBUPROFEN,SIMED,Tunisie,9083455,2010-01-13,Générique
IBUPHIL COLD 200/30,,Comprimé pelliculé,B/15,IBUPROFEN+PSEUDOEPHEDRINE,PHILADELPHIA PHARMA,Tunisie,9353021,2014-03-13,Générique
IBUPHIL COLD 400/60,,Comprimé pelliculé,B/15,IBUPROFEN+PSEUDOEPHEDRINE,PHILADELPHIA PHARMA,Tunisie,9353022,2014-03-13,Générique
IBUPHIL ENFANT-NOURRISSON,100 MG/5ML,Suspension buvable,FL/125 ML,IBUPROFEN,SIMED,Tunisie,9083451,2003-07-01,Générique
IBUPHIL GEL,5%,Gel dermique,T/50 gr,IBUPROFEN,SIMED,Tunisie,9083452,2004-10-07,Générique
IBURHUME,200mg/30mg,Comprimé pelliculé,B/15,IBUPROFEN+PSEUDOEPHEDRINE,PHARMACARE,Tunisie,9343261,2020-04-14,Générique
IBURHUME FORT,400mg/60mg,Comprimé pelliculé,B/10,IBUPROFEN+PSEUDOEPHEDRINE,PHARMACARE,Tunisie,9343262,2018-04-27,Générique
ICAZ LP,2.5 mg,Gélule à libération prolongée,B/30,ISRADIPINE,Laboratorio Farmaceutico SIT S.r.l.,ITALIE,18483011,2022-01-26,Princeps
ICAZ LP,5 mg,Gélule à libération prolongée,B/30,ISRADIPINE,Laboratorio Farmaceutico SIT S.r.l.,ITALIE,18483012,2022-01-26,Princeps
IDACIO,40 mg,Solution injectable,B/2 seringues préremplies/0.8 ml,ADALIMUMAB,FRESENIUS KABI FRANCE,FRANCE,31532314,2024-12-05,Biosimilaire
IDROLATTONE,100 MG,Comprimé,B/10,SPIRONOLACTONE,GIORGIO ZOJA,ITALIE,7533041,1995-04-21,Générique
IG VENA,2.5g/50 ml,Solution injectable pour perfusion,FL/50 ml+set de transfert,IMMUNOGLOBULINE HUMAINE POLYVALENTE,KEDRION S.p.A,ITALIE,13043052H,2013-08-20,Princeps
IG VENA,5 g/100 ml,Solution injectable pour perfusion,FL/100 ml,IMMUNOGLOBULINE HUMAINE POLYVALENTE,KEDRION S.p.A,ITALIE,13043051H,2013-08-20,Princeps
IG VENA,10 g/200 ml,Solution injectable pour perfusion,FL/200 ml,IMMUNOGLOBULINE HUMAINE NORMALE,KEDRION S.p.A,ITALIE,13043053H,2025-10-23,Princeps
ILAX 10 GR,10 gr,Poudre pour solution orale,B/20 sachets,POLYETHYLENE GLYCOL,TERIAK,Tunisie,ST9253612,2010-05-26,Générique
ILAX 4 GR,,Poudre pour solution orale,B/20 sachets,POLYETHYLENE GLYCOL,TERIAK,Tunisie,ST9253611,2010-05-25,Générique
IMATINIB NEAPOLIS,400 mg,Comprimé pelliculé,B/30,IMATINIB,NEAPOLIS PHARMA,Tunisie,9393143H,2020-09-21,Générique
IMATINIB NEAPOLIS,100 mg,Comprimé pelliculé,B/60,IMATINIB,NEAPOLIS PHARMA,Tunisie,9393142H,2020-09-21,Générique
IMATINIB NEAPOLIS,100 mg,Comprimé pelliculé,B/30,IMATINIB,NEAPOLIS PHARMA,Tunisie,9393141H,2020-09-21,Générique
IMATINIB OPALIA,100 mg,Gélule,B/30,IMATINIB,OPALIA PHARMA,Tunisie,9024071,2016-07-18,Générique
IMATINIB OPALIA,400 mg,Gélule,B/30,IMATINIB,OPALIA PHARMA,Tunisie,9024072,2016-07-18,Générique
IMBRUVICA,140 mg,Gélule,B/90,IBRUTINIB,Janssen-Cilag International N.V,BELGIQUE,15273031H,2018-09-25,Princeps
IMIPIMEN/CILASTATINE KABI,500 mg/500 mg,Poudre pour solution injectable,B/10 flacons/20 ml,IMIPENEM+CILASTATINE,FRESENIUS KABI FRANCE,FRANCE,3153141H,2017-07-03,Générique
IMIPIMEN/CILASTATINE KABI,250 mg/250 mg,Poudre pour solution injectable,B/10 flacons/20 ml,IMIPENEM+CILASTATINE,FRESENIUS KABI FRANCE,FRANCE,3153142H,2017-06-28,Générique
IMMUN BCG FRAIS,75 mg/ml,Suspension pour administration intravesicale,B/1flacon/1 ml,VACCIN BCG,INSTITUT PASTEUR DE TUNIS,Tunisie,9333051H,2010-07-22,Princeps
IMMUNATE,250 UI,Pdre p.prep.injectable,1FL/+Sol/5 ml+ kit de perfusion,FACTEUR VIII+VON WILLEBRAND,BAXTER AG Autriche,AUTRICHE,10623022H,2011-07-27,Princeps
IMMUNATE,500 UI,Pdre p.prep.injectable,1FL/+S/5 ml+ KIT DE TRANSFERT,FACTEUR VIII+VON WILLEBRAND,Takeda Manufacturing Austria AG,Australie,10623021H,2010-02-17,Princeps
IMMUNINE,600 UI,Pdre p.prep.injectable,FL+S/5ML+ kit de perfusion,FACTEUR IX,Takeda Manufacturing Austria AG,Australie,10623031H,2010-02-25,Princeps
IMMUNO HBS,180 UI/ML,Solution injectable,B/1 flacon / 1 ml,IMMUNOGLOBULINE HUMAINE ANTI HBS,KEDRION S.p.A,ITALIE,13043011,2010-01-15,Princeps
IMMUNO HBS,540 UI/3ML,Solution injectable,B/1 flacon / 3 ml,IMMUNOGLOBULINE HUMAINE ANTI HBS,KEDRION S.p.A,ITALIE,13043012,2010-01-15,Princeps
IMMUNORHO,300 µG (1500 UI ),Pdre p.prep.injectable,B/ 1 FL poudre + 1 Amp solvant,IMMUNOGLOBULINE HUMAINE ANTI D,KEDRION S.p.A,ITALIE,13043071,2014-12-30,Princeps
IMMUPRY100,100 mg/ml,Solution buvable,FL/50 ml,CICLOSPORINE,TAHA PHARMA,Tunisie,9373087H,2016-07-12,Générique
IMOVAX POLIO,,Suspension injectable,B/1/0.5 ML,VACCIN POLIOMYÉLITIQUE,SANOFI Winthrop Industrie.,FRANCE,12063081,2012-12-21,Princeps
IMUREL,50 mg,Comprimé pelliculé,B/100,AZATHIOPRINE,Aspen Europe GmbH,Allemagne,15553011,2013-05-20,Princeps
INACTIVATED POLIOMYELITIS VACCINE,,Suspension injectable,B/1FL /0.5 ML,VACCIN POLIOMYÉLITIQUE,BILTHOVEN BIOLOGICALS B.V,HOLLANDE,16303011,2017-04-10,Princeps
INCRUSE,62.5 mg,Poudre pour inhalation buccale,B/1Inhalateur/30 doses,UMECLIDINUM,GLAXO GROUP Ltd,Rayaume uni,2883041,2017-05-16,Princeps
INDOCOLLYRE,0.1 %,Collyre,B/20 récipients unidoses/0.35ml,INDOMETACINE,CHAUVIN,FRANCE,5283122,2018-01-15,Princeps
INDOCOLLYRE,0.1 %,Collyre,FL/5ML,INDOMETACINE,CHAUVIN,FRANCE,5283121,1999-06-28,Princeps
INDOGESIC,100 MG,Suppositoire,B/5,INDOMETACINE,Dar Al Dawa Development and Investment Co.Ltd,JORDANIE,5403034,1999-11-01,Générique
INDOLAN,25 MG,Gélule,B/30,INDOMETACINE,LAPROPHAN,Maroc,6795072,2002-05-21,Générique
INDOMETACINE IPS,50 mg,Suppositoire,B/10,INDOMETACINE,IPS (Industrie Pharmaceutique Said),Tunisie,9273022,2009-08-14,Générique
INDOMETACINE IPS,100 mg,Suppositoire,B/10,INDOMETACINE,IPS (Industrie Pharmaceutique Said),Tunisie,9273021,2009-08-14,Générique
INFANRIX HEXA,,Pdre p.prep.injectable,B/1fl+ser/0.5ml dose,VACCIN D+T+C+P+HB+HIB,Glaxo Smith KLine Biologicals S.A (RIXENSART),BELGIQUE,2363051,2005-08-20,Princeps
INFASURF,35mg/ml,Susp. p. instill endotrachéobronchique,B/1Fl/6ml,CALFACTANT,Jazeera Pharmaceutical Industries.,,12673012H,2019-12-04,Princeps
INFASURF,35mg/ml,Susp. p. instill endotrachéobronchique,B/1Fl/3ml,CALFACTANT,Jazeera Pharmaceutical Industries.,,12673011H,2019-12-04,Princeps
INFLASONE,0.5 mg/ml,Gouttes buvables,FL/30 ML,BETAMETHASONE,LES LABORATOIRES MEDIS,Tunisie,9233951,2018-02-22,Générique
INFLIXIMAB BS I.V INFUSION,100 mg,Poudre lyophilisée pour perfusion intraveineuse,B/1 Flacon,INFLIXIMAB,Pfizer Japan Inc .,Japon,28293011H,2025-08-07,Biosimilaire
INFLOCINE,2.5%,Gel dermique,Tube/60 GR,ACIDE NIFLUMIQUE,IPS (Industrie Pharmaceutique Said),Tunisie,9273122,2006-12-15,Générique
INFLOCINE,3%,Pommade dermique,Tube/60 GR,ACIDE NIFLUMIQUE,IPS (Industrie Pharmaceutique Said),Tunisie,9273121,2006-12-15,Générique
INFLOCINE ADULTE,700 MG,Suppositoire,B/8,ACIDE NIFLUMIQUE,IPS (Industrie Pharmaceutique Said),Tunisie,9273111,2006-12-15,Générique
INFLOCINE ENFANT,400 MG,Suppositoire sécable,B/8,ACIDE NIFLUMIQUE,IPS (Industrie Pharmaceutique Said),Tunisie,9273112,2006-12-15,Générique
INFLUVAC,,Suspension injectable,B/1 Ser/0.5ML,VACCIN ANTIGRIPPE,ABBOT BIOLOGICALS B.V (WEESP),HOLLANDE,18243011,2016-05-25,Princeps
INFLUVAC TETRA,,Suspension injectable,B/1 Seringue pré-remplie de 0.5 ml,VACCIN GRIPPAL A (H1N1),ABBOT BIOLOGICALS B.V (WEESP),HOLLANDE,18243021,2021-04-08,Princeps
INICARD100,100 mg,Comprimé pelliculé sécable,B/30,ATENOLOL,WEST PHARMA,Tunisie,9293263,2017-07-11,Générique
INICARD100,100 mg,Comprimé pelliculé sécable,B/520,ATENOLOL,WEST PHARMA,Tunisie,9293264H,2017-07-10,Générique
INICARD50,50 mg,Comprimé pelliculé sécable,B/40,ATENOLOL,WEST PHARMA,Tunisie,9293261,2017-07-11,Générique
INICARD50,50 mg,Comprimé pelliculé sécable,B/500,ATENOLOL,WEST PHARMA,Tunisie,9293262H,2017-07-10,Générique
INIPLAC,90 mg,Comprimé pelliculé,B/60,TICAGRELOR,GALPHARMA,Tunisie,9223691,2024-04-22,Générique
INLYTA,1 mg,Comprimé pelliculé,B/28,AXITINIB,PFIZER AG,SUISSE,15833013H,2021-07-27,Princeps
INLYTA,5 mg,Comprimé pelliculé,B/28,AXITINIB,PFIZER AG,SUISSE,15833011H,2021-07-27,Princeps
INLYTA,1 mg,Comprimé pelliculé,B/56,AXITINIB,PFIZER AG,SUISSE,15833014H,2021-07-27,Princeps
INLYTA,5 mg,Comprimé pelliculé,B/56,AXITINIB,PFIZER AG,SUISSE,15833012H,2021-07-27,Princeps
INSUGEN R,100 UI/ml,Solution injectable,B/1FL de 10ml,INSULINE HUMAINE,LES LABORATOIRES MEDIS,Tunisie,9234091,2022-06-17,Biosimilaire
INSULATARD 100 UI/ML,100 UI/ML,Suspension injectable,FL/10 ML,INSULINE HUMAINE,NOVO NORDISK A/S Bagsvaerd,Denemark,5993017,2001-11-28,Princeps
INSULATARD PENFILL 100 UI/ML,100 UI/ML,Suspension injectable,B/5/3 ML,INSULINE HUMAINE,NOVO NORDISK A/S Bagsvaerd,Denemark,5993026,2001-12-08,Princeps
INTRALIPIDE,20%,Emulsion injectable,Poche/500 ml,EMULSION DE LIPIDES,FRESENIUS KABI FRANCE,FRANCE,3153061H,2013-09-06,Générique
INTRAMOL,0.5%,Collyre,FL/5 ml,TIMOLOL,ADWYA,Tunisie,9044391,2018-10-03,Générique
INTRATECT,10 gr/200ml,Solution injectable pour perfusion,FL/200 ml,IMMUNOGLOBULINE HUMAINE POLYVALENTE,BIOTEST PHARMA GmbH,Allemagne,3153075H,2017-04-10,Princeps
INTRATECT,10gr/100ml,Solution injectable pour perfusion,FL/100 ml,IMMUNOGLOBULINE HUMAINE POLYVALENTE,BIOTEST PHARMA GmbH,Allemagne,3153074H,2017-04-10,Princeps
INTRATECT,5gr/50ml,Solution injectable pour perfusion,FL/50 ml,IMMUNOGLOBULINE HUMAINE POLYVALENTE,BIOTEST PHARMA GmbH,Allemagne,3153073H,2017-04-10,Princeps
INTRATECT,5 gr/100ml,Solution injectable pour perfusion,FL/100 ml,IMMUNOGLOBULINE HUMAINE POLYVALENTE,BIOTEST PHARMA GmbH,Allemagne,8153072H,2007-08-27,Princeps
INTRATECT,2.5 gr/50ml,Solution injectable pour perfusion,FL/50 ml,IMMUNOGLOBULINE HUMAINE POLYVALENTE,BIOTEST PHARMA GmbH,Allemagne,8153071H,2007-08-27,Princeps
INVANZ,1 GR,Pdre p.prep.injectable,B/1FLACON/15 ml,ERTAPENEM,MERCK SHARP & DOHME BV,HOLLANDE,7013121H,2020-08-06,Princeps
IOR LEUKOCIM,30 MU/ML,Solution injectable,Bte/10 flacons/1ml,FILGRASTIM,Center of Molecular Immunology,Cuba,10313011H,2008-05-17,Princeps
IOR EPOCIM,2000 UI,Solution injectable,B/10 FL/1 ml,ERYTHROPOIETINE HUMAINE,Center of Molecular Immunology,Cuba,10313021H,2010-07-27,Biosimilaire
IPNODIS,50 mg/10 ml,Solution injectable,B/10/10 ML,MIDAZOLAM,LES LABORATOIRES MEDIS,Tunisie,9233285H,2025-11-03,Générique
IPNODIS,50 MG/10ML,Solution injectable,B/6/10 ML,MIDAZOLAM,LES LABORATOIRES MEDIS,Tunisie,9233284H,2011-05-17,Générique
IPNODIS MEDIS,25 mg/5ml,Solution injectable,B/5/5ML,MIDAZOLAM,LES LABORATOIRES MEDIS,Tunisie,9233283H,2003-09-03,Générique
IPNODIS MEDIS,2 mg/2ml,Solution injectable,B/10/2ml,MIDAZOLAM,LES LABORATOIRES MEDIS,Tunisie,9233282H,2003-09-03,Générique
IPNODIS MEDIS,5 mg/1ml,Solution injectable,B/10/1ml,MIDAZOLAM,LES LABORATOIRES MEDIS,Tunisie,9233281H,2003-09-03,Générique
IPPSIUM 20,20 mg,Gélule gastrorésistante,FL/14,ESOMEPRAZOLE,OPALIA PHARMA,Tunisie,9023891,2010-04-12,Générique
IPPSIUM 20,20 mg,Gélule gastrorésistante,FL/28,ESOMEPRAZOLE,OPALIA PHARMA,Tunisie,9023892,2010-05-08,Générique
IPPSIUM 20,20 mg,Gélule gastrorésistante,FL/7,ESOMEPRAZOLE,OPALIA PHARMA,Tunisie,9023895,2011-06-01,Générique
IPPSIUM 40,40 mg,Gélule gastrorésistante,FL/14,ESOMEPRAZOLE,OPALIA PHARMA,Tunisie,9023893,2010-04-12,Générique
IPPSIUM 40,40 mg,Gélule gastrorésistante,FL/28,ESOMEPRAZOLE,OPALIA PHARMA,Tunisie,9023894,2010-05-08,Générique
IPROL,20 µg/dose,Solution pour inhalation,B/1 FL/200 doses,BROMURE D'IPRATROPIUM,BERG LIFE SCIENCES,Tunisie,9283091,2024-10-30,Générique
IPROVENT ADULTE,0.500 mg/2ml,Solution pour inhalation,B/10 Unidoses/2 ML,BROMURE D'IPRATROPIUM,UNIMED,Tunisie,9093782,2013-11-07,Générique
IPROVENT ENFANT,0.250 mg/2 ml,Solution pour inhalation,B/10 Unidoses/2 ML,BROMURE D'IPRATROPIUM,UNIMED,Tunisie,9093781,2013-11-07,Générique
IRBEGEN PLUS,150 mg/12.5 mg,Comprimé pelliculé,B/30,IRBESARTAN+HYDROCHLOROTHIAZIDE,GENEPHARM S.A,GRECE,7573103,2017-08-03,Générique
IRBEGEN PLUS,300 mg/12.5 mg,Comprimé pelliculé,B/30,IRBESARTAN+HYDROCHLOROTHIAZIDE,GENEPHARM S.A,GRECE,7573104,2017-08-03,Générique
IRBEGEN PLUS,300 mg/25 mg,Comprimé pelliculé,B/30,IRBESARTAN+HYDROCHLOROTHIAZIDE,GENEPHARM S.A,GRECE,7573105,2017-08-03,Générique
IREMOFAR,25 MG,Comprimé pelliculé,B/30,HYDROXYZINE,UNI-PHARMA KLEON TSETIS PHARMACEUTICAL LABORATORIES S.A,GRECE,20513021,2023-07-28,Générique
IRESSA,250 mg,Comprimé pelliculé,B/30,GEFITINIB,AstraZeneca AB SUEDE,SUEDE,8233041H,2016-04-28,Princeps
IRINOTECAN EBEWE 100 MG,(20 mg/ml),Solution injectable pour perfusion,B/1FL/5 ml,IRINOTECAN,EBEWE Pharma,AUTRICHE,,,Générique
IRINOTECAN EBEWE 40 MG,(20 mg/ml),Solution injectable pour perfusion,B/1FL/2 ml,IRINOTECAN,EBEWE Pharma,AUTRICHE,6943182H,2012-04-29,Générique
IRINOTECAN HCL AQVIDA,20 MG/ML,Solution à diluer pour perfusion,B/1 FL/5 ml,IRINOTECAN,AQVIDA GMBH,Allemagne,19463052H,2023-08-24,Générique
IRINOTECAN HCL AQVIDA,40 MG/2ML,Solution à diluer pour perfusion,B/1 FL/2 ml,IRINOTECAN,AQVIDA GMBH,Allemagne,19463051H,2023-08-24,Générique
IRINOTECAN HOSPIRA,20 mg/ml (100 mg/5ml),Solution injectable pour perfusion,B/1FL/5 ml,IRINOTECAN,HOSPIRA UK Limited,Rayaume uni,13613062H,2024-05-23,Générique
IRINOTECAN KABI 100 MG,20 mg/ml,Solution injectable pour perfusion,B/1FL/5 ml,IRINOTECAN,FRESENIUS KABI FRANCE,FRANCE,3153212H,2021-08-16,Générique
IRINOTECAN KABI 40 MG,20 mg/ml,Solution injectable pour perfusion,B/1FL/2 ml,IRINOTECAN,FRESENIUS KABI ONCOLOGY PLC,Rayaume uni,13923011H,2012-05-04,Générique
IRINOTECAN KABI 40 mg,20 mg/ml,Solution injectable pour perfusion,B/1FL/2 ml,IRINOTECAN,FRESENIUS KABI FRANCE,FRANCE,3153211H,2021-08-16,Générique
IRINOTECAN KABI 100 MG,20 mg/ml,Solution injectable pour perfusion,B/1FL/5 ml,IRINOTECAN,FRESENIUS KABI ONCOLOGY PLC,Rayaume uni,13923012H,2012-05-04,Générique
IRINOTECAN THYMORGAN,100 mg/ 5 ml,Solution injectable pour perfusion,B/1 flacon/5 ml,IRINOTECAN,HIKMA Pharmaceuticals Co Ltd,JORDANIE,6653652H,2017-01-12,Générique
IRINOTECAN THYMORGAN,40 mg/ 2 ml,Solution injectable pour perfusion,B/1 flacon/2 ml,IRINOTECAN,HIKMA Pharmaceuticals Co Ltd,JORDANIE,6653651H,2017-01-12,Générique
IRINOTECAN VIATRIS,20 mg/ml (40mg),Solution injectable pour perfusion,B/1FL/2 ml,IRINOTECAN,VIATRIS SANTE,FRANCE,4923243H,2016-07-14,Générique
IRINOTECAN VIATRIS,20 mg/ml (100mg),Solution injectable pour perfusion,B/1FL/5 ml,IRINOTECAN,VIATRIS SANTE,FRANCE,4923241H,2016-07-14,Générique
IRINOTECAN VIATRIS,20 mg/ml (300mg),Solution injectable pour perfusion,B/1FL/15 ml,IRINOTECAN,VIATRIS SANTE,FRANCE,4923242H,2016-07-14,Générique
IRINOTESIN,40 mg/2ml,Solution injectable pour perfusion,B/1flacon /2 ML,IRINOTECAN,ACTAVIS SRL ROMANIA,ROMANIE,12963011H,2010-07-19,Générique
IRINOTESIN,100 mg/5ml,Solution injectable pour perfusion,B/1flacon/5 ml,IRINOTECAN,ACTAVIS SRL ROMANIA,ROMANIE,12963012H,2010-07-19,Générique
ISOFLURANE,100% v/v,Solution pour inhalation,FL/100 ml,ISOFLURANE,PIRAMAL Pharma Limited,Inde,13403012H,2013-09-06,Générique
ITAMI,140 mg,Emplâtre Médicamenteux,B/5,DICLOFENAC,FIDIA Farmaceutici SpA,ITALIE,7883051,2019-04-23,Princeps
ITRA GYN,100 mg,Gélule,B/4,ITRACONAZOLE,OPALIA PHARMA,Tunisie,9023832,2010-06-29,Générique
ITRA SKIN,100 mg,Gélule,B/28,ITRACONAZOLE,OPALIA PHARMA,Tunisie,9023833,2011-03-07,Générique
ITRACIM,100 mg,Gélule,B/4,ITRACONAZOLE,ACINO pharma AG,SUISSE,11873023,2010-07-20,Générique
ITRAZOL,100 mg,Gélule,B/16,ITRACONAZOLE,ADWYA,Tunisie,9044132,2013-09-19,Générique
ITRAZOL,100 mg,Gélule,B/4,ITRACONAZOLE,ADWYA,Tunisie,9044131,2013-11-07,Générique
ITRAZOL,100 mg,Gélule,B/32,ITRACONAZOLE,ADWYA,Tunisie,9044133,2013-09-19,Générique
IVEX SANS SUCRE,7 mg/ml,Sirop,FL/200 ml,EXTRAIT SEC DE FEUILLE DE LIERRE,SIMED,Tunisie,9083831,2024-07-30,Générique
JAKAVI,5 mg,Comprimé,B/56,RUXOLITINIB,NOVARTIS PHARMA SCHWEIZ AG,SUISSE,10283361H,2019-04-23,Princeps
JAKAVI,15 mg,Comprimé,B/56,RUXOLITINIB,NOVARTIS PHARMA SCHWEIZ AG,SUISSE,10283363H,2019-04-23,Princeps
JAKAVI,20 mg,Comprimé,B/56,RUXOLITINIB,NOVARTIS PHARMA SCHWEIZ AG,SUISSE,10283362H,2019-04-23,Princeps
JASMINE,,Comprimé pelliculé,B/21,DROSPIRENONE+ETHINYLESTRADIOL,BAYER HEALTHCARE,FRANCE,5123051,2009-07-14,Princeps
JENTADUETO,2.5 mg/ 1000 mg,Comprimé pelliculé,B/56,LINAGLIPTINE + CHLORHYDRATE DE METFORMINE,BOEHRINGER ING.INT.GmbH,Allemagne,11533063,2017-02-22,Princeps
JETAR,30 mg,Comprimé pelliculé,B/2,DAPOXETINE,SAIPH,Tunisie,9164421,2025-06-27,Générique
JETAR,30 mg,Comprimé pelliculé,B/4,DAPOXETINE,SAIPH,Tunisie,9164422,2025-06-27,Générique
JETAR,60 mg,Comprimé pelliculé,B/2,DAPOXETINE,SAIPH,Tunisie,9164423,2025-06-27,Générique
JETAR,60 mg,Comprimé pelliculé,B/4,DAPOXETINE,SAIPH,Tunisie,9164424,2025-06-27,Générique
JIVI,500 UI,Poudre et solvant pour solution injectable,B/1 FL+1 seringue pré-remplie+ piston+adaptateur+kit de ponction veineuse,FACTEUR VIII,BAYER AG...,Allemagne,8363041H,2025-06-18,Princeps
JIVI,1000 UI,Poudre et solvant pour solution injectable,B/1 FL+ 1seringue pré-remplie+piston+adaptateur+kit de ponction veineuse,FACTEUR VIII,BAYER AG...,Allemagne,8363042H,2025-06-18,Princeps
JOSACINE,250 MG,Poudre pour suspension orale,FL/60ML,JOSAMYCINE,ADWYA,Tunisie,9043223,1992-04-21,Princeps
KABIVEN 1200,1200 Kcal,Emulsion injectable,"Poches tricompartimentées suremballées de 1540 ml, B/1",ACIDES AMINES+GLUCOSE+LIPIDES,FRESENIUS KABI FRANCE,FRANCE,3153054H,2011-04-20,Princeps
KABIVEN 1900,1600 Kcal,Emulsion injectable,"Poches tricompartimentées suremballées de 2053ml, B/4",ACIDES AMINES+GLUCOSE+LIPIDES,FRESENIUS KABI FRANCE,FRANCE,3153055H,2011-04-20,Princeps
KABIVEN 2300,2000 Kcal,Emulsion injectable,"Poches tricompartimentées suremballées de 2566 ml, B/3",ACIDES AMINES+GLUCOSE+LIPIDES,FRESENIUS KABI FRANCE,FRANCE,3153056H,2011-04-20,Princeps
KABIVEN 800,800 Kcal,Emulsion injectable,"Poches tricompartimentées suremballées de 1026ml, B/1",ACIDES AMINES+GLUCOSE+LIPIDES,FRESENIUS KABI FRANCE,FRANCE,3153053H,2011-04-20,Princeps
KADCYLA,100 MG,Poudre pour solution pour perfusion,B/1FL /15ml (100mg de poudre),TRASTUZUMAB,Roche Pharma (Schweiz) AG,SUISSE,6993271H,2024-05-23,Princeps
KADCYLA,160 MG,Poudre pour solution pour perfusion,B/1FL /20ml (160mg de poudre),TRASTUZUMAB,Roche Pharma (Schweiz) AG,SUISSE,6993272H,2024-05-23,Princeps
KALEORID LP,600 MG,Comprime enrobé,B/30,POTASSIUM,Laboratoires LEO,FRANCE,5820011,1992-12-02,Princeps
KALETRA,,Capsule molle,FL/180,RITONAVIR+LOPINAVIR,ABBOTT LABORATORIES S.A (Pty) Ltd,Etats Unis d'Amérique,4683021H,2002-06-08,Princeps
KALINOR - retard P,600 mg,Gélule,B/50,CHLORURE DE POTASSIUM,DESMA GmbH,Allemagne,26983011,2024-03-04,Princeps
KALIVI10,10 mg,Comprimé pelliculé,B/10,TADALAFIL,PHILADELPHIA PHARMA,Tunisie,9353111,2015-05-28,Générique
KALIVI10,10 mg,Comprimé pelliculé,B/4,TADALAFIL,PHILADELPHIA PHARMA,Tunisie,9353114,2016-02-17,Générique
KALIVI20,20 mg,Comprimé pelliculé,B/10,TADALAFIL,PHILADELPHIA PHARMA,Tunisie,9353112,2015-05-28,Générique
KALIVI20,20 mg,Comprimé pelliculé,B/4,TADALAFIL,PHILADELPHIA PHARMA,Tunisie,9353113,2015-07-28,Générique
KALIVI5,5 mg,Comprimé pelliculé,B/30,TADALAFIL,PHILADELPHIA PHARMA,Tunisie,9353115,2023-02-09,Générique
KALMIVUM,1 mg/ml,Suspension buvable,FL/200 ML,DOMPERIDONE,ADWYA,Tunisie,9044411,2018-12-12,Générique
KAOLOGEAIS,,Granulés à libération prolongée,B/250 GR,MEPROBAMATE+GOMME DE STERCULIA+KAOLIN,EREMPHARMA France,FRANCE,11763011,2008-05-31,Princeps
KARBOTEEN,150mg/15ml,Solution injectable pour perfusion,B/1 flacon/15 ml,CARBOPLATINE,HIKMA Pharmaceuticals Co Ltd,JORDANIE,6653601H,2015-04-07,Générique
KARBOTEEN,450mg/45ml,Solution injectable pour perfusion,B/1FL/45 ml,CARBOPLATINE,HIKMA Pharmaceuticals Co Ltd,JORDANIE,6653602H,2015-04-07,Générique
KAVIR,1 mg,Comprimé pelliculé,B/30,ENTECAVIR,PHILADELPHIA PHARMA,Tunisie,9353192H,2017-07-03,Générique
KAVIR,0.5 mg,Comprimé pelliculé,B/30,ENTECAVIR,PHILADELPHIA PHARMA,Tunisie,9353191H,2017-07-03,Générique
KEFORAL,500 MG,Gélule,B/12,CEFALEXINE,SAIPH,Tunisie,9163092,1997-10-20,Princeps
KEFORAL.,250 MG,Poudre pour suspension orale,FL/60 ML,CEFALEXINE,SAIPH,Tunisie,9163091,1997-08-06,Princeps
KENACORT RETARD 40,40 MG,Suspension injectable,B/1/1 ML,TRIAMCINOLONE,BRISTOL MYERS SQUIBB,FRANCE,6400041,1994-01-27,Princeps
KETALGIC50,50 mg,Gélule,Fl/24,KETOPROFENE,TAHA PHARMA,Tunisie,9373161,2017-02-21,Générique
KETAMINE PANPHARMA,50 mg/ml,Solution injectable,B/5/5ml,KETAMINE,PANPHARMA,FRANCE,7233012H,2016-03-17,Générique
KETODERM 2% GEL EN SACHET,2%,Gel dermique,B/8/6 GR,KETOCONAZOLE,EG LABO - Laboratoires Eurogenerics SAS,FRANCE,23223011,2020-08-07,Princeps
KETOFEN LP,200 mg,Gélule,Fl/14,KETOPROFENE,DAR-ESSAYDALI.,Tunisie,9213113,2002-05-13,Générique
KETOGEL,2%,Gel dermique,Tube monodose/20 gr,KETOCONAZOLE,OPALIA PHARMA,Tunisie,9023681,2003-05-08,Générique
KETOLIN,2%,Creme dermique,T/15 GR,KETOCONAZOLE,PHARMADERM,Tunisie,9053311,2017-11-22,Générique
KETOPROGEL,2.5%,Gel dermique,T/50 gr,KETOPROFENE,PHARMADERM,Tunisie,9053241,2014-09-29,Générique
KETOZOL GEL MOUSSANT,2%,Gel moussant,Tube unidose/20 gr,KETOCONAZOLE,DAR-ESSAYDALI.,Tunisie,9213192,2011-05-07,Générique
KETUM,2.5%,Gel dermique,T/50 GR,KETOPROFENE,PHARMAGHREB,Tunisie,9013251,1995-10-27,Princeps
KEYTRUDA,25 mg/ml,Solution à diluer pour perfusion,B/1FL/4ML,PEMBROLIZUMAB,MERCK SHARP & DOHME B.V,HOLLANDE,7013141H,2025-12-23,Princeps
KINUREA H,50 mg,Solution injectable,B/6/5 ML,QUININE-UREE,ALEPT,FRANCE,12133011,2008-04-23,Princeps
KISQALI,200 MG,Comprimé pelliculé,B/63,RIBOCICLIB,NOVARTIS PHARMA SCHWEIZ AG,SUISSE,10283401H,2021-01-06,Princeps
KODERM,2%,Creme dermique,T/15 gr,KETOCONAZOLE,PHARMAGHREB,Tunisie,9013981,2018-03-07,Générique
KOVALTRY,250 UI,Poudre pour solution injectable,B/1FL+ solvant/2.5 ml + Set de transfert,OCTOGOG ALFA,BAYER AG...,Allemagne,8363031H,2025-06-02,Princeps
KOVALTRY,500 UI,Poudre pour solution injectable,B/1FL+ solvant/2.5 ml + Set de transfert,OCTOGOG ALFA,BAYER AG...,Allemagne,8363032H,2025-06-02,Princeps
KOVALTRY,1000 UI,Poudre pour solution injectable,B/1FL+ solvant/2.5 ml + Set de transfert,OCTOGOG ALFA,BAYER AG...,Allemagne,8363033H,2025-06-02,Princeps
L 114,,Gouttes buvables,FL/30 ML,PRODUITS HOMEOPATHIQUES,LEHNING,FRANCE,7053011,1991-06-27,Princeps
L 52,,Gouttes buvables,FL/30 ML,PRODUITS HOMEOPATHIQUES,LEHNING,FRANCE,7053021,1991-06-27,Princeps
L-THYROXIN BC,100 µG,Comprimé sécable,B/100,LEVOTHYROXINE SODIQUE,BERLIN-CHEMIE AG,Allemagne,8383073,2015-01-09,Générique
L-THYROXIN BC,100 Mikrogramm,Comprimé sécable,B/50,LEVOTHYROXINE SODIQUE,BERLIN-CHEMIE AG,Allemagne,8383074,2015-02-25,Générique
L-THYROXIN BC,50 µG,Comprimé sécable,B/100,LEVOTHYROXINE SODIQUE,BERLIN-CHEMIE AG,Allemagne,8383075,2015-01-09,Générique
LACINE 50,50 mg,Comprime enrobé,B/30,LOSARTAN,SAIPH,Tunisie,ST9163721,2008-01-23,Générique
LACRIFLUID,0.13%,Collyre,FL/10 GR,CARBOMERE,EUROPHTA,FRANCE,7483021,2004-01-08,Princeps
LACRINORM,0.2%,Gel ophtalmique,T/10 GR,CARBOMERE,CHAUVIN,FRANCE,5283161,2002-06-20,Princeps
LACRYPOS,,Collyre,FL/10ML,CHONDROITINE,ALCON FRANCE,FRANCE,6163021,1988-01-14,Princeps
LACTEOL,340 mg,Gélule,B/10,LACTOBACILLUS ACIDOPHILUS,DSM- FIRMENICH HOUDAN SAS,FRANCE,8623013,2013-03-13,Princeps
LACTEOL,340 mg,Poudre pour suspension orale,B/10 SACH,LACTOBACILLUS LB,DSM- FIRMENICH HOUDAN SAS,FRANCE,8623012,1998-02-18,Princeps
LACTULOSE,,Solution buvable,B/20 sachets-dose /15 ml,LACTULOSE,OPALIA PHARMA,Tunisie,9023342,2010-07-30,Générique
LACTULOSE,,Solution buvable,B/8 sachets-dose /15 ml,LACTULOSE,OPALIA PHARMA,Tunisie,9023343,2019-06-09,Générique
LACTULOSE,,Solution buvable,FL/200 ML,LACTULOSE,OPALIA PHARMA,Tunisie,9023341,1996-03-15,Générique
LAMALINE,,Suppositoire,B/10,PARACETAMOL+BELLADONA+OPIUM,SIPHAT,Tunisie,9003361,1994-01-27,Princeps
LARMES ARTIFICIELLES UNIMED,1.4%,Collyre,FL/5 ML,CHLORURE DE SODIUM,UNIMED,Tunisie,9093461,2004-08-05,Générique
LASILIX SPECIAL,500 mg,Comprimé sécable,B/100,FUROSEMIDE,SANOFI Winthrop Industrie.,FRANCE,5660067H,2013-09-06,Princeps
LASILIX SPECIAL,250 MG,Solution injectable,B/6/25 ML,FUROSEMIDE,SANOFI Winthrop Industrie.,FRANCE,5660068H,2017-03-13,Princeps
LATAPOL,0.005%,Collyre,FL/2.5 ML,LATANOPROST,ABDI IBRAHIM IIac San. ve Tic. A.S.,TURQUIE,3733021,2017-07-19,Générique
LATAZ 0.005%,50 µcg/ML,Collyre,FL/2.5 ML,LATANOPROST,RAFARM SA,GRECE,4523012,2018-05-17,Générique
LATAZ-CO,0.5% ; 0.005%,Collyre,FL/2.5 ML,LATANOPROST+TIMOLOL,RAFARM SA,GRECE,4523011,2018-05-17,Générique
LAXAFINE NATURE,,Solution buvable,FL/125 ML,HUILE DE PARAFFINE,PHARMAGHREB,Tunisie,9013071a,1990-12-20,Générique
LAXAFINE NATURE,,Solution buvable,FL/250 ML,HUILE DE PARAFFINE,PHARMAGHREB,Tunisie,9013071b,1990-12-20,Générique
LAXAGEL,120 mg,Gel rectal,B/6 Tubes-canules unidoses/10 gr,DOCUSATE SODIQUE,PHARMAGHREB,Tunisie,9013771,2010-02-22,Générique
LAXATYL,,Solution buvable,FL/200 ML + godet-doseur,LACTULOSE,WEST PHARMA,Tunisie,9293221,2014-12-11,Générique
LAXATYL,,Solution buvable,FL/150 ML + godet-doseur,LACTULOSE,WEST PHARMA,Tunisie,9293222,2018-03-07,Générique
LAXATYL,,Solution buvable,FL/250 ML + godet-doseur,LACTULOSE,WEST PHARMA,Tunisie,9293223,2018-03-07,Générique
LAXOLYNE ADULT,,Suppositoire,B/10,GLYCERINE,JULPHAR,Emirats Arabes Unis,7473112,2000-09-18,Générique
LAXOLYNE CHILDREN,,Suppositoire,B/10,GLYCERINE,JULPHAR,Emirats Arabes Unis,7473113,2002-10-17,Générique
LEDERTREXATE,50mg/ 2ml,Solution injectable,B/1Fl/2ML,METHOTREXATE,NEURAXPHARM FRANCE,FRANCE,2923051H,2017-04-10,Princeps
LEDVIR,90MG/400mg,Comprimé pelliculé,FL/28,LEDIPASVIR+SOFOSBUVIR,MYLAN LABORATORIES LIMITED.,Inde,17443021H,2016-03-31,Générique
LENALIDOMIDE NEAPOLIS,25 mg,Gélule,B/21,LENALIDOMIDE,NEAPOLIS PHARMA,Tunisie,9393214H,2021-10-28,Générique
LENALIDOMIDE NEAPOLIS,5 mg,Gélule,B/21,LENALIDOMIDE,NEAPOLIS PHARMA,Tunisie,9393211H,2021-10-28,Générique
LENALIDOMIDE NEAPOLIS,10 mg,Gélule,B/21,LENALIDOMIDE,NEAPOLIS PHARMA,Tunisie,9393212H,2021-10-28,Générique
LENALIDOMIDE NEAPOLIS,15 mg,Gélule,B/21,LENALIDOMIDE,NEAPOLIS PHARMA,Tunisie,9393213H,2021-10-28,Générique
LENICALM,,Comprimé pelliculé,B/40,ASPERCULE..+AUBEPINE+TILLEUL,BOIRON,FRANCE,6873581,2007-09-26,Princeps
LENVIMA,10 mg,Gélule,B/30,MESILATE DE LENVATINIB,Eisai Europe Limited,Rayaume uni,23983012H,2023-06-27,Princeps
LENVIMA,4 MG,Gélule,B/30,MESILATE DE LENVATINIB,Eisai Europe Limited,Rayaume uni,23983011H,2023-06-27,Princeps
LEPONEX 100,100 mg,Comprimé sécable,B/50,CLOZAPINE,NOVARTIS PHARMA SCHWEIZ AG,SUISSE,10283071,2006-04-27,Princeps
LEPONEX 25,25 mg,Comprimé sécable,B/50,CLOZAPINE,NOVARTIS PHARMA SCHWEIZ AG,SUISSE,10283072,2006-04-27,Princeps
LETROZOLE ACCORD,2.5 mg,Comprimé pelliculé,B/28,LETROZOLE,ACCORD HEALTHCARE LTD,Rayaume uni,16923111H,2019-07-19,Générique
LETROZOLE ACTAVIS,2.5 mg,Comprimé pelliculé,B/100,LETROZOLE,ACTAVIS Group PTC ehf,Islande,10243101H,2013-04-16,Générique
LETROZOLE ADVANS,2.5mg,Comprimé pelliculé,B/30,LETROZOLE,ADVANS PHARMA,Tunisie,9413081H,2020-09-28,Générique
LETROZOLE KERN PHARMA,2.5 mg,Comprimé pelliculé,B/30,LETROZOLE,KERN PHARMA SL,ESPAGNE,15133011H,2015-07-01,Générique
LETROZOLE NEAPOLIS,2.5 mg,Comprimé pelliculé,B/30,LETROZOLE,NEAPOLIS PHARMA,Tunisie,9393091H,2019-08-02,Générique
LETROZOLE PHARMACARE,2.5 mg,Comprimé,B/30,LETROZOLE,PHARMACARE PREMIUM LIMITED,MALTE,24973011H,2022-06-17,Générique
LETROZOLE VIATRIS,2.5 mg,Comprimé pelliculé,B/30,LETROZOLE,VIATRIS SANTE,FRANCE,4923311H,2018-06-26,Générique
LEUCODININE B,10%,Pommade dermique,T/30 GR,MEQUINOL,TERIAK,Tunisie,9143071,2002-06-25,Princeps
LEVOCA,0.5mg/ml,Solution buvable,FL/200 ML,LEVOCETIRIZINE,SIMED,Tunisie,9083791,2021-03-30,Générique
LEVOCA,5mg/ml,Solution buvable,FL/15ML,LEVOCETIRIZINE,SIMED,Tunisie,9083792,2022-02-17,Générique
LEVOFOLINA 175,"175 mg/17,5 ml",Solution injectable,B/ 1Fl/17.5 ml,LEVOFOLINATE DE CALCIUM,DORCAS,Tunisie,9313262H,2018-07-04,Générique
LEVOFOLINA 25,"25 mg/2,5 ml",Solution injectable,B/ 1 ampoule,LEVOFOLINATE DE CALCIUM,DORCAS,Tunisie,9313261H,2018-07-04,Générique
LEVOFOLINA 50,10 mg/ml,Solution injectable,B/1ampoule/5ml,LEVOFOLINATE DE CALCIUM,DORCAS,Tunisie,9313121H,2012-05-11,Générique
LEVOFOR 0.5%,5 MG/ML,Collyre,FL/5 ml,LEVOFLOXACINE,STERIPHARM,Tunisie,9443211,2024-07-30,Générique
LEVOFOR 1.5%,15 MG/ML,Collyre,FL 5 ML,LEVOFLOXACINE,STERIPHARM,Tunisie,9443212,2024-07-30,Générique
LEVOFOR INJECT,5 mg/ml,Solution injectable pour perfusion,FL/1/100 ml,LEVOFLOXACINE,STERIPHARM,Tunisie,9443251H,2025-07-31,Générique
LEVOJECT,5 MG/ML,Solution injectable pour perfusion,B/10 Poches multicouches/100 ML,LEVOFLOXACINE,UNIMED,Tunisie,9093702H,2020-02-03,Générique
LEVOJECT,5 MG/ML,Solution injectable pour perfusion,FL/100 ML,LEVOFLOXACINE,UNIMED,Tunisie,9093701H,2010-11-25,Générique
LEVOMEPROMAZINE 100,100 MG,Comprime enrobé,B/20,LEVOMEPROMAZINE,SIPHAT,Tunisie,9000221,1993-12-20,Générique
LEVOMEPROMAZINE 25,25 MG,Comprime enrobé,B/600,LEVOMEPROMAZINE,SIPHAT,Tunisie,9000223H,2000-02-17,Générique
LEVOMEPROMAZINE 25,25 MG,Comprime enrobé,B/20,LEVOMEPROMAZINE,SIPHAT,Tunisie,9000222,1993-12-22,Générique
LEVONORGESTREL MYLAN,1.5 mg,Comprimé,B/1,LEVONORGESTREL,MYLAN S.A.S,FRANCE,4923361,2021-02-23,Générique
LIBLAB,35.7mg,Comprimé à sucer,B/20,EXTRAIT SEC DE FEUILLE DE LIERRE,Dar Al Dawa Development and Investment Co.Ltd,JORDANIE,5403261,2021-06-03,Princeps
LIDOCA PLUS,5%,Creme dermique,T/30 gr,LIDOCAINE+PRILOCAINE,SIMED,Tunisie,9083691,2016-08-17,Générique
LIDOCA PLUS,5%,Creme dermique,T/5 GR,LIDOCAINE+PRILOCAINE,SIMED,Tunisie,9083692,2021-07-30,Générique
LIDOCA PLUS sans pansement,5%,Creme dermique,T/5 g,LIDOCAINE+PRILOCAINE,SIMED,Tunisie,9083693,2024-04-08,Générique
LIDOCAINE,5%,Solution externe,FL/24 ML,LIDOCAINE,LAPROPHAN,Maroc,6795131,1996-01-27,Générique
LIDOCAINE 10 MG/ML ADRENALINE 0.005 MG/ML AGUETTANT,,Solution injectable,B/10ampoules de 10 ml,LIDOCAINE+ADRENALINE,LABORATOIRE AGUETTANT,FRANCE,7093321,2018-09-25,Générique
LIDOCAÏNE 2% MEDIS AVEC ADRENALINE,,Solution injectable,B/50 carpules /1.8 ml,ADRENALINE+LIDOCAINE,LES LABORATOIRES MEDIS,Tunisie,9233621,2011-06-01,Générique
LIDOCAINE 20 MG/ML ADRENALINE 0.005 MG/ML AGUETTANT,,Solution injectable,B/10ampoules de 10 ml,LIDOCAINE+ADRENALINE,LABORATOIRE AGUETTANT,FRANCE,7093322,2018-09-25,Générique
LIDOJECT,1%,Solution injectable,B/50/10ML,LIDOCAINE,LABESFAL - Laboratorios Almiro S.A,PORTUGAL,4333021H,2001-06-23,Générique
LIDOJECT,2%,Solution injectable,B/50/10ML,LIDOCAINE,LABESFAL - Laboratorios Almiro S.A,PORTUGAL,4333022H,2001-06-23,Générique
LINCOJECT,600 mg/2ml,Solution injectable,B/100/2 ML,LINCOMYCINE,STERIPHARM,Tunisie,9443142H,2023-02-09,Générique
LINCOJECT,600 mg/2ml,Solution injectable,B/1 Ampoule/2 ML,LINCOMYCINE,STERIPHARM,Tunisie,9443141,2023-02-09,Générique
LIPANTHYL 300,300 MG,Gélule,B/30,FENOFIBRATE,ADWYA,Tunisie,9043532,1997-11-28,Princeps
LIPIODOL ULTRA-FLUIDE,480 mg I/ml,Solution injectable,AMPOULE DE 10 ML,HUILE D'OEILLETTE ESTERS ETHYL.DES AC.GRAS IODES,GUERBET,FRANCE,5640051,1991-04-18,Princeps
LIPOMIN,160 mg,Gélule,B/30,FENOFIBRATE,WEST PHARMA,Tunisie,9293331,2020-02-03,Générique
LIPOSIC,0.2%,Gel ophtalmique,T/10 GR,CARBOMERE,CHAUVIN,FRANCE,5283171,2006-11-16,Princeps
LIPROTEC,160 MG,Gélule,B/30,FENOFIBRATE,LES LABORATOIRES MEDIS,Tunisie,9233911,2017-07-11,Générique
LITAK,10 mg (2mg/ml),Solution injectable,B/ 1 flacon/5 ml,CLADRIBINE,LIPOMED AG,SUISSE,12723011H,2015-02-09,Princeps
LOCACID,0.05%,Creme dermique,T/30 GR,TRETINOINE,SIMED,Tunisie,9083251,1999-02-24,Princeps
LOCATOP,0.1%,Creme dermique,T/30 GR,DESONIDE,SIMED,Tunisie,9083331,2002-02-16,Princeps
LOCERYL AMOROLFINE,5%,Vernis à ongles médicamenteux,FL/2.5 ML,AMOROLFINE,GALDERMA INTERNATIONAL,FRANCE,7393061,1999-10-21,Princeps
LOFEPAL,500 mg,Comprimé pelliculé,B/50,MYCOPHENOLATE MOFETIL,OPALIA PHARMA,Tunisie,9023962,2012-07-18,Générique
LOFEPAL,250 mg,Comprimé pelliculé,B/100,MYCOPHENOLATE MOFETIL,OPALIA PHARMA,Tunisie,9023961,2012-07-27,Générique
LOPRESSOR LP,200 mg,Comprimé secable l.p,B/30,METOPROLOL,Laboratorio Farmaceutico SIT S.r.l.,ITALIE,18483021,2022-08-09,Princeps
LORBRENA,100 MG,Comprimé pelliculé,B/30,LORLATINIB,"PFIZER , Inc.,",Etats Unis d'Amérique,31583012H,2026-02-09,Princeps
LORBRENA,25 MG,Comprimé pelliculé,B/30,LORLATINIB,"PFIZER , Inc.,",Etats Unis d'Amérique,31583011H,2026-02-09,Princeps
LOSTIN,40 mg,Comprimé,B/30,LOVASTATINE,SAIPH,Tunisie,ST9163703,2008-01-26,Générique
LOSTIN,20 mg,Comprimé,B/30,LOVASTATINE,SAIPH,Tunisie,ST9163702,2008-01-26,Générique
LOSTIN,10 mg,Comprimé,B/30,LOVASTATINE,SAIPH,Tunisie,ST9163701,2008-01-26,Générique
LOTEMAX,0.5%,Gel ophtalmique,FL /10ml,LOTEPREDNOL,"BAUSCH &LOMB, INC.",Etats Unis d'Amérique,24063011,2020-08-06,Princeps
LOVIK,500 mg,Comprimé pelliculé sécable,B/10,LEVOFLOXACINE,PHILADELPHIA PHARMA,Tunisie,9353052,2014-03-14,Générique
LOVIK,500 mg,Comprimé pelliculé sécable,B/5,LEVOFLOXACINE,PHILADELPHIA PHARMA,Tunisie,9353051,2014-03-14,Générique
LOXALATE,10 mg,Comprimé pelliculé sécable,B/28,ESCITALOPRAM,ALPHAPHARM PTY LTD,Australie,16583011,2020-10-08,Générique
LOXALATE,20 mg,Comprimé pelliculé sécable,B/28,ESCITALOPRAM,ALPHAPHARM PTY LTD,Australie,16583012,2020-10-08,Générique
LUNARIS,0.5 mg,Gélule,B/30,FINGOLIMOD,LES LABORATOIRES MEDIS,Tunisie,ST9234071H,2022-05-04,Générique
LUNARIS,0.5 mg,Gélule,B/90,FINGOLIMOD,LES LABORATOIRES MEDIS,Tunisie,ST9234072H,2022-08-31,Générique
LUVINSTA,20 mg,Gélule,B/30,FLUVASTATINE,ACTAVIS Group PTC ehf,Islande,10243111,2014-01-15,Générique
LUVINSTA,40 mg,Gélule,B/30,FLUVASTATINE,ACTAVIS Group PTC ehf,Islande,10243112,2014-01-15,Générique
LYMPHOGLOBULINE,20 MG/ML,Solution injectable,B/1/5 ML,IMMUNOGLOBULINE EQUINE ANTI-THYMOCYTES HUMAINS,GENZYME POLYCLONALS S.A.S,FRANCE,1383011H,2003-07-24,Princeps
MAALOX CONTROLE,20 mg,Gélule,FL/28,OMEPRAZOLE,WINTHROP PHARMA TUNISIE,Tunisie,9103743,2010-03-02,Générique
MAALOX CONTROLE,20 mg,Gélule,FL/14,OMEPRAZOLE,WINTHROP PHARMA TUNISIE,Tunisie,9103742,2010-03-02,Générique
MABTHERA,1400 mg/11.7ml,Solution injectable,B/1FL/11.7ML,RITUXIMAB,Roche Pharma (Schweiz) AG.,SUISSE,6993143H,2019-06-10,Princeps
MABTHERA,100 mg/10ml,Solution injectable,B/2FL/10ML,RITUXIMAB,Roche Pharma (Schweiz) AG,SUISSE,6993141H,2003-05-02,Princeps
MABTHERA,500 mg/50ml,Solution injectable,B/1FL/50ML,RITUXIMAB,Roche Pharma (Schweiz) AG,SUISSE,6993142H,2003-05-05,Princeps
MAG 2,184 mg,Poudre pour solution orale,B/20 Sachets/6 gr,MAGNESIUM,IBN AL BAYTAR,Tunisie,9073511,2011-10-10,Princeps
MAG 2,100 MG,Comprimé,B/60,MAGNESIUM,COOPERATION PHARMACEUTIQUE FRANCAISE,FRANCE,7623021,2004-01-31,Princeps
MAG B6,100 mg/ 10 ml,Solution buvable,B/20,MAGNESIUM+VITAMINE B6,ADWYA,Tunisie,9044331,2018-01-22,Générique
MAGNESIE S.PELLEGRINO AROME ANIS,,Poudre orale effervescente,FL/125 GR,MAGNESIUM HYDROXYDE,ACTIPHARM SA,SUISSE,13653011,2010-12-04,Princeps
MAGNESIUM GLYCOCOLLE LAFARGE,,Comprimé pelliculé,B/50,MAGNESIUM,S.E.R.P. MONACO,MONACO,10703011,2006-12-20,Princeps
MAGNESIUM TERIAK,100 mg,Comprimé,B/60,MAGNESIUM,TERIAK,Tunisie,9253681,2011-05-07,Générique
MAVENCLAD,10mg,Comprimé,B/1,CLADRIBINE,MERCK EUROPE B.V,HOLLANDE,22073041H,2021-10-08,Princeps
MAVENCLAD,10mg,Comprimé,B/6,CLADRIBINE,MERCK EUROPE B.V,HOLLANDE,22073043H,2021-10-08,Princeps
MAVENCLAD,10mg,Comprimé,B/4,CLADRIBINE,MERCK EUROPE B.V,HOLLANDE,22073042H,2021-10-08,Princeps
MAXIFEN,200 mg,Comprimé pelliculé,B/10,IBUPROFEN,SIMED,Tunisie,ST9083731,2018-07-31,Générique
MAXIFEN,400 mg,Comprimé pelliculé,B/10,IBUPROFEN,SIMED,Tunisie,ST9083732,2018-07-31,Générique
MAXILASE,3000 U,Comprime enrobé,B/24,ALPHA-AMYLASE,WINTHROP PHARMA TUNISIE,Tunisie,9103931,2021-08-30,Princeps
MAXILASE,,Sirop,FL/125 ML,ALPHA-AMYLASE,WINTHROP PHARMA TUNISIE,Tunisie,ST9103932,2021-09-14,Princeps
MAXILASE,,Sirop,FL/125 ML,ALPHA-AMYLASE,SANOFI AVENTIS PHARMA TUNISIE,Tunisie,ST9263061,2003-09-10,Princeps
MAXILASE,3000 U,Comprime enrobé,B/24,ALPHA-AMYLASE,SANOFI AVENTIS PHARMA TUNISIE,Tunisie,ST9263062,2008-06-25,Princeps
MEBO,0.25%,Pommade dermique,T/75 GR,BETASITOSTEROL,JULPHAR,Emirats Arabes Unis,7473152,2009-08-31,Princeps
MEBO,0.25%,Pommade dermique,T/30 GR,BETASITOSTEROL,JULPHAR,Emirats Arabes Unis,7473151,2003-07-08,Princeps
MEDIALIPIDE,20%,Emulsion,FL/500 ML,EMULSION DE LIPIDES,B.BRAUN MEDICAL,FRANCE,8263031H,2002-03-22,Générique
MEDICAINE 2% AVEC ADRENALINE,,Solution injectable,B/50 CARPULES/1.8ML,MEPIVACAINE+ADRENALINE,LES LABORATOIRES MEDIS,Tunisie,9233011,2000-03-14,Générique
MEDICAINE 3% SANS VASOCONSTRICTEUR,3%,Solution injectable,B/50 CARPULES/1.8ML,MEPIVACAINE,LES LABORATOIRES MEDIS,Tunisie,9233012,2000-02-28,Générique
MEDISCAN,300 mg /ml,Solution injectable,FL/50 ml,IOHEXOL,LES LABORATOIRES MEDIS,Tunisie,9234131H,2023-08-08,Générique
MEDISCAN,300mg /ml,Solution injectable,FL/100ml,IOHEXOL,LES LABORATOIRES MEDIS,Tunisie,9234132H,2023-07-28,Générique
MEDISCAN,350 mg/ml,Solution injectable,FL/100ML,IOHEXOL,LES LABORATOIRES MEDIS,Tunisie,9234134H,2023-07-28,Générique
MEDISCAN,350 mg/ml,Solution injectable,FL/50ml,IOHEXOL,LES LABORATOIRES MEDIS,Tunisie,9234133H,2023-07-28,Générique
MEDISTAR,5mg / 100ml,Solution injectable pour perfusion,FL/100ml,ACIDE ZOLÉDRONIQUE,LES LABORATOIRES MEDIS,Tunisie,9233841,2016-06-08,Générique
MEFIL,500 mg,Comprimé pelliculé,B/60,MYCOPHENOLATE MOFETIL,SIMED,Tunisie,ST9083681H,2016-07-13,Générique
MEFIL,250 mg,Comprimé pelliculé,B/60,MYCOPHENOLATE MOFETIL,SIMED,Tunisie,ST9083682H,2017-06-28,Générique
MEGACE,160 MG,Comprimé,B/30,MEGESTROL,BRISTOL MYERS SQUIBB,FRANCE,5253081H,1997-01-29,Princeps
MEGACEF ENFANTS,100 mg/5 mg,Poudre pour suspension orale,Flacon/40 ml,CEFIXIME,MEDICEF,Tunisie,9183076,2013-07-16,Générique
MEGACEF ENFANTS,100 MG/5ML,Poudre pour suspension orale,FL/60 ML,CEFIXIME,MEDICEF,Tunisie,9183072,2002-09-10,Générique
MEGACEF NOURRISSONS,40 mg/5 ml,Poudre pour suspension orale,Flacon/40 ml,CEFIXIME,MEDICEF,Tunisie,9183075,2013-07-16,Générique
MEGACEF NOURRISSONS,40 MG/5ML,Poudre pour suspension orale,FL/60 ML,CEFIXIME,MEDICEF,Tunisie,9183073,2002-09-10,Générique
MEGAPLATIN,150 mg/15 ml,Solution injectable,FL/15 ml,CARBOPLATINE,GENEPHARM S.A,GRECE,7573011H,2004-08-02,Générique
MELADENINE,0.1%,Solution externe,FL/24 ml,METHOXSALENE,CLS PHARMA,FRANCE,11363012,2009-06-18,Princeps
MELADININE,10 MG,Comprimé,FL/30,METHOXSALENE,CLS PHARMA,FRANCE,11363011,2008-06-03,Princeps
MELIOR,0.5 mg,Gélule,B/30,FINGOLIMOD,SAIPH,Tunisie,9164301H,2023-07-17,Générique
MEMIXA,10 mg,Comprimé pelliculé sécable,B/40,MEMANTINE,TERIAK,Tunisie,9254161,2019-09-30,Générique
MEMIXA,10 mg,Comprimé pelliculé sécable,B/60,MEMANTINE,TERIAK,Tunisie,9254162,2019-09-30,Générique
MEMIXA,20 mg,Comprimé pelliculé sécable,B/30,MEMANTINE,TERIAK,Tunisie,9254163,2019-09-30,Générique
MENAVEN,,Gel dermique,T/60 GR,HEPARINE SODIQUE,MENARINI S.A ESPAGNE,ESPAGNE,1273011,2008-05-21,Générique
MenQuadfi,,Solution injectable pour perfusion,B/1/0.5ML,"VACCIN MENINGOCOCCIQUE CONJUGUE A, C,W135 ET Y",SANOFI Winthrop Industrie.,FRANCE,11513091,2025-06-18,Princeps
MEPRED,4 MG,Comprimé,B/30,METHYLPREDNISOLONE,SIMED,Tunisie,9083841,2025-04-30,Générique
MEPRED,16 MG,Comprimé,B/20,METHYLPREDNISOLONE,SIMED,Tunisie,9083842,2025-05-12,Générique
MERCUR SOL COMPLEXE N°39,,Comprimé,B/60,PRODUITS HOMEOPATHIQUES,LEHNING,FRANCE,7053081,2007-08-24,Princeps
MERIONAL,150 UI/ ml,Pdre p.prep.injectable,B/1 flacon+ampoule solvant/1ml,GONADOTROPHINE MENOPAUSIQUE HUMAINE,IBSA Institut Biochimique SA,SUISSE,13533021,2013-05-29,Princeps
MERIONAL,75 UI/ ml,Pdre p.prep.injectable,B/1flacon+ampoule solvant/1 ml,GONADOTROPHINE MENOPAUSIQUE HUMAINE,IBSA Institut Biochimique SA,SUISSE,13533022,2013-05-29,Princeps
MEROPENEM KABI,1 gr,Poudre pour solution injectable,B/10 flacons,MEROPENEME,FRESENIUS KABI FRANCE,FRANCE,3153191H,2019-08-07,Générique
MESNA NEAPOLIS,400 mg/4 ml,Solution injectable,B/5/4ML,MESNA,NEAPOLIS PHARMA,Tunisie,9393331H,2025-11-19,Générique
METALYSE,10 000 U,Pdre p.prep.injectable,B/1 FL/20 ml+SER/10 ml,TENECTEPLASE,BOEHRINGER ING.INT.GmbH,Allemagne,5253114H,2010-09-17,Princeps
METEOSPASMYL,60 MG,Capsule molle,B/20,ALVERINE CITRATE+SIMETICONE,MAYOLY SPINDLER,FRANCE,5913031,1996-06-26,Princeps
METFORMINE MYLAN PHARMA,850 MG,Comprimé pelliculé,B/90,METFORMINE,MYLAN S.A.S,FRANCE,4923302,2018-03-02,Générique
METFORMINE MYLAN PHARMA,850 MG,Comprimé pelliculé,B/30,METFORMINE,MYLAN S.A.S,FRANCE,4923301,2018-03-02,Générique
METFORMINE OPALIA,850 mg,Comprimé pelliculé,B/60,METFORMINE,OPALIA PHARMA,Tunisie,ST9024131,2017-04-21,Générique
METFORMINE SANOFI,850 mg,Comprimé pelliculé,B/30,METFORMINE,WINTHROP PHARMA TUNISIE,Tunisie,9103751,2010-05-06,Générique
METFORMINE SANOFI,1000 MG,Comprimé pelliculé sécable,B/30,METFORMINE,WINTHROP PHARMA TUNISIE,Tunisie,9103752,2010-05-06,Générique
METFORMINE SANOFI,850 mg,Comprimé pelliculé,B/90,METFORMINE,WINTHROP PHARMA TUNISIE,Tunisie,9103753,2012-10-17,Générique
METFORMINE SANOFI,1000 mg,Comprimé pelliculé sécable,B/90,METFORMINE,WINTHROP PHARMA TUNISIE,Tunisie,9103754,2012-10-17,Générique
METFORMINE SANOFI,850 mg,Comprimé pelliculé,B/30,METFORMINE,SANOFI AVENTIS PHARMA TUNISIE,Tunisie,ST9263381,2021-08-30,Générique
METFORMINE SANOFI,1000 MG,Comprimé pelliculé sécable,B/30,METFORMINE,SANOFI AVENTIS PHARMA TUNISIE,Tunisie,ST9263383,2021-08-30,Générique
METHACIN 100,100 MG,Suppositoire,B/100,INDOMETACINE,SIMED,Tunisie,9083344H,2000-12-13,Générique
METHACIN 100,100 MG,Suppositoire,B/10,INDOMETACINE,SIMED,Tunisie,9083343,2000-12-13,Générique
METHACIN 50,50 MG,Suppositoire,B/10,INDOMETACINE,SIMED,Tunisie,9083341,2000-10-31,Générique
METHACIN 50,50 MG,Suppositoire,B/100,INDOMETACINE,SIMED,Tunisie,9083342H,2000-10-31,Générique
METHOTREXATE ACCORD,25 mg/ml,Solution injectable,B/1Fl/2ML,METHOTREXATE,ACCORD HEALTHCARE LTD,Rayaume uni,16923141H,2019-07-19,Générique
METHOTREXATE ACCORD,500 mg/20ml,Solution injectable,B/1Fl/20ML,METHOTREXATE,ACCORD HEALTHCARE LTD,Rayaume uni,16923142H,2019-07-19,Générique
METHOTREXATE BIODIM,5mg/2ML,Solution injectable,B/1 Fl/2ML,METHOTREXATE,NEURAXPHARM FRANCE.,FRANCE,2923041H,2017-04-10,Générique
METHOTREXATE BIODIM,25 mg/ml,Solution injectable,B/1Fl/1ml,METHOTREXATE,NEURAXPHARM FRANCE.,FRANCE,2923042H,2017-04-10,Générique
METHOTREXATE NEAPOLIS,500 mg/20ml,Solution injectable,B/10Fl/20ML,METHOTREXATE,NEAPOLIS PHARMA,Tunisie,9393298H,2024-06-21,Générique
METHOTREXATE NEAPOLIS,50 mg/2ml,Solution injectable,B/1 FL/2ml,METHOTREXATE,NEAPOLIS PHARMA,Tunisie,9393295H,2024-06-21,Générique
METHOTREXATE NEAPOLIS,50 mg/2ml,Solution injectable,B/10 FL/2ml,METHOTREXATE,NEAPOLIS PHARMA,Tunisie,9393296H,2024-06-21,Générique
METHOTREXATE NEAPOLIS,25mg/ml,Solution injectable,B/10 FL/1ml,METHOTREXATE,NEAPOLIS PHARMA,Tunisie,9393294H,2024-06-21,Générique
METHOTREXATE NEAPOLIS,25mg/ml,Solution injectable,B/1 FL/1ml,METHOTREXATE,NEAPOLIS PHARMA,Tunisie,9393293H,2024-06-21,Générique
METHOTREXATE NEAPOLIS,5 mg/2ml,Solution injectable,B/1 FL/2ml,METHOTREXATE,NEAPOLIS PHARMA,Tunisie,9393291H,2024-06-21,Générique
METHOTREXATE NEAPOLIS,5 mg/2ml,Solution injectable,B/10 FL/2ml,METHOTREXATE,NEAPOLIS PHARMA,Tunisie,9393292H,2024-06-21,Générique
METHOTREXATE NEAPOLIS,500 mg/20ml,Solution injectable,Fl/20ML,METHOTREXATE,NEAPOLIS PHARMA,Tunisie,9393297H,2024-06-21,Générique
METHOTREXATE VIATRIS,100mg/ml,Solution injectable,B/10FL/50ML (perfusion),METHOTREXATE,VIATRIS SANTE,FRANCE,4923144H,2003-11-01,Générique
METHOTREXATE VIATRIS,50 mg/2ml,Solution injectable,B/10 FL/2ml,METHOTREXATE,VIATRIS SANTE,FRANCE,4923142H,2003-11-01,Générique
METHOTREXATE VIATRIS,25 mg/ml,Solution injectable,B/10FL/20ml (perfusion),METHOTREXATE,VIATRIS SANTE,FRANCE,4923143H,2003-11-01,Générique
METHOTREXATE VIATRIS,5 mg/2ml,Solution injectable,B/10FL/2ml,METHOTREXATE,VIATRIS SANTE,FRANCE,4923141H,2003-11-01,Générique
METHYLPREDNISOLONE VIATRIS,500 MG,Pdre p.prep.injectable,B/10 FL Sans solvant,METHYLPREDNISOLONE,VIATRIS SANTE,FRANCE,4923093H,2001-05-07,Générique
METOTREKSAT EBEWE,2.5 MG,Comprimé,FL/50,METHOTREXATE,EBEWE Pharma,AUTRICHE,6943023,2001-01-20,Générique
METROJECT,0.5%,Solution injectable pour perfusion,B/25 poches multicouches/100 ml,METRONIDAZOLE,UNIMED,Tunisie,9094031H,2020-02-03,Générique
METRONIDAZOLE BAXTER S.P.A,0.5%,Solution injectable,B/25/Fl/100 ml,METRONIDAZOLE,BAXTER S.P.A,ITALIE,16133011H,2015-07-07,Générique
METRONIDAZOLE BIOSEDRA,500mg/100ml,Solution injectable,FL/100ml,METRONIDAZOLE,FRESENIUS KABI FRANCE,FRANCE,3153031H,2008-07-15,Générique
METRONIDAZOLE BRAUN,0.5%,Solution injectable,Poche/100 ML,METRONIDAZOLE,B.BRAUN MEDICAL,FRANCE,8263041H,2004-12-20,Générique
METRONIDAZOLE INFOMED,0.5%,Solution injectable pour perfusion,P/100 ml,METRONIDAZOLE,INFOMED Pharma,Tunisie,9193161H,2016-06-02,Générique
METRONIDAZOLE OPALIA,4%,Suspension buvable,FL/120 ML,METRONIDAZOLE,OPALIA PHARMA,Tunisie,9023611,2001-12-18,Générique
MEVIROX,200 MG,Comprimé,B/30,ACICLOVIR,LES LABORATOIRES MEDIS,Tunisie,9233153,2017-07-11,Générique
MEVIROX 250,250 MG,Pdre p.prep.injectable,B/10 FL SS,ACICLOVIR,LES LABORATOIRES MEDIS,Tunisie,9233154H,2018-12-13,Générique
MEVIROX 250,250 MG,Pdre p.prep.injectable,B/1 FL SS,ACICLOVIR,LES LABORATOIRES MEDIS,Tunisie,9233151,2000-11-28,Générique
MEVIROX 500,500 MG,Pdre p.prep.injectable,B/1 flacon sans solvant,ACICLOVIR,LES LABORATOIRES MEDIS,Tunisie,9233152,2003-07-02,Générique
MG 2 PLUS,122mg/10 ml,Solution buvable,B/20 sachets-dose/10ml,MAGNESIUM,OPALIA PHARMA,Tunisie,9023472,2010-07-12,Générique
MG 2 PLUS,,Solution buvable,B/20FL/10ML,MAGNESIUM,OPALIA PHARMA,Tunisie,9023471,1998-07-16,Générique
MI-DIABENIL,2.5 MG,Comprimé,B/60,GLIBENCLAMIDE,DAR-ESSAYDALI.,Tunisie,9213031,1999-08-03,Générique
MIACIN,500 MG,Solution injectable,B/6/2ML,AMIKACINE,HIKMA Pharmaceuticals Co Ltd,JORDANIE,6653051H,1991-10-23,Générique
MIBRAL 10,10 MG,Comprimé sécable,B/90,AMLODIPINE,PHARMAGHREB,Tunisie,9013596,2011-11-12,Générique
MICARDISPLUS,80 mg/25 mg,Comprimé,B/28,TELMISARTAN+HYDROCHLOROTHIAZIDE,BOEHRINGER ING.INT.GmbH,Allemagne,11533034,2014-08-21,Princeps
MICARDISPLUS,80 mg/12.5 mg,Comprimé,B/28,TELMISARTAN+HYDROCHLOROTHIAZIDE,BOEHRINGER ING.INT.GmbH,Allemagne,11533033,2011-05-12,Princeps
MICORAL,2%,Gel buccal,Tube de 40g,MICONAZOLE,PHARMADERM,Tunisie,9053351,2021-03-26,Générique
MICROGYNON 30,30 µG,Comprimé drageifié,B/3/21,ETHINYLESTRADIOL+LEVONORGESTREL,BAYER AG,Allemagne,8400011,1994-06-17,Princeps
MIDAZOLAM AGUETTANT,5 mg/ml,Solution injectable,B/10/1 ml,MIDAZOLAM,LABORATOIRE AGUETTANT,FRANCE,7093261H,2011-05-12,Générique
MIDAZOLAM AGUETTANT,5 mg/ml,Solution injectable,B/10/10 ml,MIDAZOLAM,LABORATOIRE AGUETTANT,FRANCE,7093262H,2011-05-12,Générique
MIDAZOLAM STERIPHARM,5 mg/ml,Solution injectable,B/10 ampoules/1 ml,MIDAZOLAM,STERIPHARM,Tunisie,9443171H,2023-07-27,Générique
MIDAZOLAM STERIPHARM,25 mg/5 ml,Solution injectable,B/5 ampoules/5 ml,MIDAZOLAM,STERIPHARM,Tunisie,9443172H,2023-07-27,Générique
MIDOPRIL,50 mg,Comprimé,B/20,CAPTOPRIL,MID PHARMA,JORDANIE,4113014,2008-01-15,Générique
MIDOPRIL,25 mg,Comprimé,B/20,CAPTOPRIL,MID PHARMA,JORDANIE,4113013,2008-01-15,Générique
MIFEGYNE,200 mg,Comprimé,B/3,MIFEPRISTONE,EXELGYN,FRANCE,4303011H,2000-11-15,Princeps
MIFEPRIN KIT,200mg/200µg,Comprimé,B/1 cp + 4 cp vaginaux,MISOPROSTOL+MIFEPRISTONE,SUN Pharmaceutical Industries Ltd,Inde,8413051H,2014-04-29,Princeps
MIGRAL,400mg/ 62.5mg/20mg,Gélule,B/16,PARACETAMOL+CAFEINE+CODEINE,ADWYA,Tunisie,9044351,2021-10-08,Générique
MINIRINMELT,60 µg,Lyophilisat oral,B/30,DESMOPRESSINE,FERRING S.A.S,FRANCE,5523051,2010-08-11,Princeps
MINOPEXIL,2%,Solution pour application cutanée,FL/120ML,MINOXIDIL,IPS (Industrie Pharmaceutique Said),Tunisie,9273031,2007-07-19,Générique
MINOPEXIL,5%,Solution pour application cutanée,FL/120ML,MINOXIDIL,IPS (Industrie Pharmaceutique Said),Tunisie,9273032,2007-07-19,Générique
MINOSTYL 2%,2%,Solution externe,FL/90mL+ Sér/1 ml,MINOXIDIL,OPALIA PHARMA,Tunisie,9023661,2002-06-19,Générique
MINOSTYL 5%,5%,Solution externe,FL/90ml+pipette/1 ml,MINOXIDIL,OPALIA PHARMA,Tunisie,9023662,2005-05-17,Générique
MINOXIDIL,2%,Solution externe,FL/120ML,MINOXIDIL,PHARMAGHREB,Tunisie,9013171,1993-01-30,Générique
MINOXIDIL,2%,Solution externe,Coffret de 2fl/120 ml,MINOXIDIL,PHARMAGHREB,Tunisie,9013163,2005-04-26,Générique
MINOXIDIL,5%,Solution externe,FL/120ML,MINOXIDIL,PHARMAGHREB,Tunisie,9013172,2003-02-08,Générique
MIRATA,150mg,Comprimé pelliculé,B/30,ERLOTINIB,HIKMA Pharmaceuticals Co Ltd,JORDANIE,6653732H,2021-11-09,Générique
MIRATA,100mg,Comprimé pelliculé,B/30,ERLOTINIB,HIKMA Pharmaceuticals Co Ltd,JORDANIE,6653731H,2021-11-09,Générique
MIRENA,20 mcg/24 h,Dispositif intra-uterin,B/1,LEVONORGESTREL,BAYER OY,FINLANDE,7243091,2013-03-04,Princeps
MITOSYL,,Pommade dermique,Tube de 65 gr,HUILE DE FOIE DE MORUE + OXYDE DE ZINC,TERIAK,Tunisie,9143061,2001-01-11,Princeps
MIXTARD 30,100 UI/ML,Suspension injectable,FL/10 ML,INSULINE HUMAINE,NOVO NORDISK A/S Bagsvaerd,Denemark,5993018,2001-11-28,Princeps
MIXTARD 30 PENFILL,100 UI/ML,Suspension injectable,B/5/3 ML,INSULINE HUMAINE,NOVO NORDISK A/S Bagsvaerd,Denemark,5993025,2001-12-12,Princeps
MIZOLLEN,10 mg,Comprimé pelliculé à libération modifiée,B/14,MIZOLASTINE,ADWYA,Tunisie,9043871,2006-10-16,Princeps
MMF,250 mg,Gélule,B/100,MYCOPHENOLATE MOFETIL,LES LABORATOIRES MEDIS,Tunisie,9233462H,2011-10-24,Générique
MMF,500 mg,Comprimé pelliculé,B/56,MYCOPHENOLATE MOFETIL,LES LABORATOIRES MEDIS,Tunisie,9233461H,2006-12-18,Générique
MOLDAMIN,1200 MUI,Pdre p.prep.injectable,B/50 Fl sans solvants,BENZATHINE BENZYLPENICILLINE,ANTIBIOTICE S.A,ROMANIE,4223011,2000-12-21,Générique
MOLSIDOMINA,4 MG,Comprimé,B/30,MOLSIDOMINE,POLFA ZAKLADY WARSZAWSKIE FARMACEUTYCZNE,POLOGNE,8743022,2006-10-31,Générique
MOLSIDOMINA,2 MG,Comprimé,B/30,MOLSIDOMINE,POLFA ZAKLADY WARSZAWSKIE FARMACEUTYCZNE,POLOGNE,8743021,2006-10-31,Générique
MOMENT 200,200 mg/ml,Gouttes buvables,FL/12.5 ml,IBUPROFEN,OPALIA PHARMA,Tunisie,9023641,2003-01-06,Générique
MONOCLINE 200,200 MG,Comprimé,B/10,DOXYCYCLINE,ADWYA,Tunisie,9043361,1994-02-22,Générique
MONODIAB,50 mg,Comprimé,B/180,VILDAGLIPTINE,LES LABORATOIRES MEDIS,Tunisie,9234162,2024-06-28,Générique
MONODIAB,50 mg,Comprimé,B/60,VILDAGLIPTINE,LES LABORATOIRES MEDIS,Tunisie,9234161,2024-06-28,Générique
MONTELUKAST VIATRIS,5 mg,Comprimé à croquer,B/28,MONTELUKAST,VIATRIS SANTE,FRANCE,4923321,2018-06-26,Générique
MONURIL ADULTE,3 gr,Granulés pour suspension buvable,B/1 sachet,FOSFOMYCINE,ZAMBON FRANCE,FRANCE,2983011,2007-04-23,Princeps
MOPRAL PERFUSION,40 MG,Pdre p.prep.injectable,B/5FL,OMEPRAZOLE,ASTRA ZENECA,FRANCE,5103016H,2001-06-23,Princeps
MORPHINE (CHLORHYDRATE) RENAUDIN,10 mg/ml,Solution injectable,B/10/1 ML,MORPHINE,RENAUDIN,FRANCE,7713052H,2020-08-06,Générique
MORPHINE (CHLORHYDRATE) RENAUDIN,10 mg/ml,Solution injectable,B/100/1ML,MORPHINE,RENAUDIN,FRANCE,7713051H,2003-11-01,Générique
MORPHINE CHLORHYDRATE AGUETTANT,0.1 mg/ml,Solution injectable,B/10/5ML,MORPHINE,LABORATOIRE AGUETTANT,FRANCE,7093221H,2009-05-30,Générique
MORPHINE CHLORHYDRATE AGUETTANT,10 mg/ml,Solution injectable,B/10 ampoule /1ml,MORPHINE,LABORATOIRE AGUETTANT,FRANCE,7093222H,2009-05-30,Générique
MORPHINE MEDIS,10MG/ML,Solution injectable,B/10 AMPOULES DE 1ML,MORPHINE,LES LABORATOIRES MEDIS,Tunisie,9234031H,2020-09-21,Générique
MOSCONTIN 10,10 MG,Comprimé à libération prolongée,B/14,MORPHINE,Napp Pharmaceuticals Limited,Rayaume uni,16263011,2016-02-26,Princeps
MOSCONTIN 100,100 MG,Comprimé à libération prolongée,B/14,MORPHINE,Napp Pharmaceuticals Limited,Rayaume uni,16263014,2016-02-26,Princeps
MOSCONTIN 200,200 MG,Comprimé à libération prolongée,B/14,MORPHINE,Napp Pharmaceuticals Limited,Rayaume uni,16263015,2016-02-26,Princeps
MOSCONTIN 30,30 MG,Comprimé à libération prolongée,B/14,MORPHINE,Napp Pharmaceuticals Limited,Rayaume uni,16263012,2016-02-26,Princeps
MOSCONTIN 60,60 MG,Comprimé à libération prolongée,B/14,MORPHINE,Napp Pharmaceuticals Limited,Rayaume uni,16263013,2016-02-26,Princeps
MP 20,20 MG,Pdre p.prep.injectable,B/1 Flacon+s/2 ml,METHYLPREDNISOLONE,LES LABORATOIRES MEDIS,Tunisie,9233232,2002-09-10,Générique
MP 40,40 MG,Pdre p.prep.injectable,B/1 Flacon+s/2 ml,METHYLPREDNISOLONE,LES LABORATOIRES MEDIS,Tunisie,9233231,2002-09-10,Générique
MP 500,500 MG,Pdre p.prep.injectable,B/1 Flacon+ 2 amp sol/5 ml,METHYLPREDNISOLONE,LES LABORATOIRES MEDIS,Tunisie,9233233,2002-09-10,Générique
MP 500,500 MG,Pdre p.prep.injectable,B/10 Flacons,METHYLPREDNISOLONE,LES LABORATOIRES MEDIS,Tunisie,9233234H,2002-11-27,Générique
MP120,120 mg,Pdre p.prep.injectable,B/1 Flacon lyophilisat + 1 amp solvant /2 ml,METHYLPREDNISOLONE,LES LABORATOIRES MEDIS,Tunisie,9233235,2014-02-12,Générique
MUCARE 200,200 mg,Granulés pour solution buvable,B/20 sachets,ACETYLCYSTEINE,PHARMACARE,Tunisie,9343391,2021-07-27,Générique
MUCIVITAL,,Gélule,FL/45,ISPAGHUL,ARKOPHARMA,FRANCE,8953012,2008-04-23,Princeps
MUCOLARE,5%,Sirop,Fl/150 ml,CARBOCISTEINE,GALPHARMA,Tunisie,9223062,1999-12-24,Générique
MUCOLARE,2%,Sirop,Fl/90 ml,CARBOCISTEINE,GALPHARMA,Tunisie,9223061,1999-12-24,Générique
MUCOLARE,5%,Sirop,Fl/300 ml,CARBOCISTEINE,GALPHARMA,Tunisie,9223063,2000-06-22,Générique
MUCOLARE,2%,Sirop,Fl/125 ml,CARBOCISTEINE,GALPHARMA,Tunisie,9223064,2008-04-15,Générique
MUCOLYSE,200 mg,Poudre pour solution orale,B/18 SACHETS,ACETYLCYSTEINE,GALPHARMA,Tunisie,9223102,2023-05-23,Générique
MUCOLYSE,200 mg,Poudre pour solution orale,B/30 SACHETS,ACETYLCYSTEINE,GALPHARMA,Tunisie,9223101,2002-05-13,Générique
MUCOLYTE,4 mg/5 ml,Sirop,FL/100 ML,BROMHEXINE,JULPHAR,Emirats Arabes Unis,7473042,2005-12-21,Générique
MUCOSOL,2%,Sirop,FL/200 GR,CARBOCISTEINE,OPALIA PHARMA,Tunisie,9023191,1994-01-13,Générique
MUCOSOL ADULTE,5%,Sirop,B/12 sachets/15 gr,CARBOCISTEINE,OPALIA PHARMA,Tunisie,9023195,2013-08-21,Générique
MUCOSOL ADULTES,5%,Sirop,FL/200 GR,CARBOCISTEINE,OPALIA PHARMA,Tunisie,9023192,1994-01-13,Générique
MUCULATOR,200 MG,Poudre pour suspension orale,B/30 S/3GR,ACETYLCYSTEINE,ADWYA,Tunisie,9043231,1992-12-05,Princeps
MUXOL,30 MG,Comprimé,B/30,AMBROXOL,BIOCODEX,FRANCE,5193071,2014-12-30,Générique
MUXOL,0.3%,Solution buvable,FL/180ML,AMBROXOL,TERIAK,Tunisie,9253321,2005-09-05,Générique
MUXOL FORT,0.6%,Solution buvable,FL/180 ml,AMBROXOL,TERIAK,Tunisie,9253322,2007-10-29,Générique
MYCOCEPT,500 mg,Comprimé pelliculé,B/56,MYCOPHENOLATE MOFETIL,PHARMACARE,Tunisie,9343122H,2015-05-15,Générique
MYCOCEPT,250 MG,Comprimé pelliculé,B/100,MYCOPHENOLATE MOFETIL,PHARMACARE,Tunisie,9343121H,2015-05-15,Générique
MYCOHEAL,2%,Creme dermique,T/30 GR,MICONAZOLE,Dar Al Dawa Development and Investment Co.Ltd,JORDANIE,5403145,1999-10-20,Générique
MYCOHEAL,200 MG,Ovule,B/7,MICONAZOLE,Dar Al Dawa Development and Investment Co.Ltd,JORDANIE,5403144,1995-01-18,Générique
MYCOHEAL,400 MG,Ovule,B/3,MICONAZOLE,Dar Al Dawa Development and Investment Co.Ltd,JORDANIE,5403146,1999-10-20,Générique
MYCOPHENOLATE MOFETIL ACCORD,250 MG,Gélule,B/100,MYCOPHENOLATE MOFETIL,ACCORD HEALTHCARE LTD,Rayaume uni,16923162H,2020-03-16,Générique
MYCOPHENOLATE MOFETIL ACCORD,500 MG,Gélule,B/50,MYCOPHENOLATE MOFETIL,ACCORD HEALTHCARE LTD,Rayaume uni,16923161H,2020-03-16,Générique
MYCOREX VERNIS,8%,Solution externe,FL/4ML+PINCEAU,CICLOPIROXOLAMINE,OPALIA PHARMA,Tunisie,9024121,2017-04-13,Générique
MYCOSTER,1%,Poudre a usage externe,FL/30 GR,CICLOPIROXOLAMINE,PIERRE FABRE MEDICAMENT .,FRANCE,6063391,2024-05-02,Princeps
MYCOSTER,1%,Creme dermique,T/30 GR,CICLOPIROXOLAMINE,SIMED,Tunisie,9083141,1995-02-14,Princeps
MYCOSTER,1%,Spray solution,FL/30 ML,CICLOPIROXOLAMINE,SIMED,Tunisie,9083142,1995-02-14,Princeps
MYCOSTER VERNIS,8%,Solution externe,FL/3ML,CICLOPIROXOLAMINE,PIERRE FABRE MEDICAMENT .,FRANCE,6063392,2024-05-02,Princeps
MYCOTEN,200 mg,Comprimé gynecologique,B/3 avec applicateurs,CLOTRIMAZOLE,BEIT JALA Pharmaceutical Co,PALESTINE,14353043,2024-03-18,Générique
MYCOTEN,500 mg,Comprime vaginal,B/1 Comprimé + Applicateur,CLOTRIMAZOLE,BEIT JALA Pharmaceutical Co,PALESTINE,13453041,2024-03-04,Générique
MYCOTEN VAGINAL CREAM,2%,Crème vaginale,T/20g + 3 applicateurs,CLOTRIMAZOLE,BEIT JALA Pharmaceutical Co,PALESTINE,13453042,2024-03-04,Générique
MYDRICOL 3M,0.5%,Collyre,FL/10ML,TROPICAMIDE,UNIMED,Tunisie,9093223,2016-05-09,Générique
MYHEP,400mg,Comprimé pelliculé,FL/28,SOFOSBUVIR,MYLAN LABORATORIES LIMITED.,Inde,17443011H,2016-01-28,Générique
MYHEP ALL,400mg/100mg,Comprimé pelliculé,FL/28,SOFOSBUVIR+VELPATASVIR,MYLAN LABORATORIES LIMITED.,Inde,17443031H,2022-09-15,Générique
MYLERAN,2 mg,Comprime enrobé,FL/25,BUSULFAN,THE WELLCOME FOUNDATION LIMITED,Rayaume uni,1233011,2004-12-20,Princeps
MYORELAX,,Baume,T/70 GR,MEPHENESINE,SIPHAT,Tunisie,9003071,1989-07-18,Générique
MYOZEPAM,50 MG,Comprimé pelliculé sécable,B/20,TETRAZEPAM,DAR-ESSAYDALI.,Tunisie,9213271,2006-12-29,Générique
MYTOPLASTINE,,Pommade dermique,T/20 gr,OXYDE DE ZINC,PHARMADERM,Tunisie,9053022,2010-05-24,Générique
MYTOPLASTINE,,Pommade dermique,T/50 GR,OXYDE DE ZINC,PHARMADERM,Tunisie,9053021,1990-07-06,Générique
NAKION G 5%,,Solution injectable pour perfusion,Poche/1000 ml,ELECTROLYTES,INFOMED Pharma,Tunisie,9193122,2012-12-26,Générique
NAKION G 5%,,Solution injectable pour perfusion,Poche/500 ml,ELECTROLYTES,INFOMED Pharma,Tunisie,9193121,2012-12-26,Générique
NAKION G5,,Solution injectable pour perfusion,P/1000 ML,ELECTROLYTES,INFOMED Pharma,Tunisie,9193062,1999-06-22,Générique
NAKION G5,,Solution injectable pour perfusion,P/ 500 ML,ELECTROLYTES,INFOMED Pharma,Tunisie,9193061,1999-06-22,Générique
NALBUPHINE AGUETTANT,20mg /2ml,Solution injectable,B/10/2ml,NALBUPHINE,LABORATOIRE AGUETTANT,FRANCE,7093241H,2010-05-18,Générique
NALIDIX,500 MG,Comprimé,B/56,ACIDE NALIDIXIQUE,Dar Al Dawa Development and Investment Co.Ltd,JORDANIE,5403081,1990-06-21,Générique
NANOTIV 500 UI,500 UI,Pdre p.prep.injectable,B/1FL+S/5ML+KIT,FACTEUR IX,OCTAPHARMA AB,SUEDE,6123111H,1998-03-31,Princeps
NAPROX,500 mg,Comprimé pelliculé,B/15,NAPROXENE,SIMED,Tunisie,ST9083531,2010-01-13,Générique
NASACORT AQ,2% (55 mcg/dose),Spray nasal,FL/120 doses/16.5 gr,TRIAMCINOLONE,OPELLA HEALTHCARE UK LTD,Rayaume uni,26883031,2023-01-19,Princeps
NATECAL D3,600 mg/400UI,Comprimé orodispersible,FL/60,CALCIUM+VITAMINE D,ITALFARMACO S.p.A ITALIA,ITALIE,2033021,2017-05-16,Générique
NATISPRAY,0.3 mg/dose,Solution pour pulvérisation buccale,FL/18 ml / 300 doses,TRINITRINE,TEOFARMA S.R.L,ITALIE,13353013,2010-04-23,Princeps
NAVELA 1.5 MG,1.5 mg,Comprimé,B/1,LEVONORGESTREL,"EXELTIS HEALTHCARE,S.L",ESPAGNE,23823021,2025-12-18,Générique
NAVELBINE,50 MG,Solution injectable,B/10/5 ML,VINORELBINE,PIERRE FABRE MEDICAMENT .,FRANCE,6063124H,1990-10-30,Princeps
NAVELBINE,10 MG,Solution injectable,B/10/1 ML,VINORELBINE,PIERRE FABRE MEDICAMENT .,FRANCE,6063121H,1990-10-30,Princeps
NEABETOL,40mg/ml,Solution buvable,B/1 Flacon,RIBAVIRINE,NEAPOLIS PHARMA,Tunisie,ST9393201H,2021-07-30,Générique
NEACLUDE,0.5 mg,Comprimé pelliculé,B/30,ENTECAVIR,NEAPOLIS PHARMA,Tunisie,ST9393011H,2017-07-03,Générique
NEACLUDE,0.5 mg,Comprimé pelliculé,B/90,ENTECAVIR,NEAPOLIS PHARMA,Tunisie,ST9393012H,2017-07-03,Générique
NEACLUDE,1 mg,Comprimé pelliculé,B/30,ENTECAVIR,NEAPOLIS PHARMA,Tunisie,ST9393013H,2017-07-05,Générique
NEACLUDE,1 mg,Comprimé pelliculé,B/90,ENTECAVIR,NEAPOLIS PHARMA,Tunisie,ST9393014H,2017-07-03,Générique
NEO-CODION ADULTES,,Sirop,FL/180 ML,CODEINE CAMPHOSULFONATE,OPALIA PHARMA,Tunisie,9024181,2020-04-29,Princeps
NEO-CODION ADULTES,,Sirop,FL/180 ML,CODEINE CAMPHOSULFONATE,ADWYA,Tunisie,9043452,2001-04-30,Princeps
NEO-CODION ENFANT,,Sirop,FL/125 ML,CODEINE+SODIUM BENZOATE+VITAMINE C,ADWYA,Tunisie,9043451,1995-06-28,Princeps
NEO-HEALAR,,Pommade rectale,T/30 GR,LUPINUS ALBUS+VATERIA INDICA+MENTHA PIPERITA,APM,JORDANIE,5063231,1995-03-22,Princeps
NEO-HEALAR,,Suppositoire,B/10,LIPINUS ALBUS+VATERIA INDICA+MENTHA PIPERITA,APM,JORDANIE,5063232,1995-03-22,Princeps
NEOFLOXIN,0.3%,Collyre,FL/5 ML,CIPROFLOXACINE,ADWYA,Tunisie,9044491,2020-12-09,Générique
NEOMYCINE UNIMED,0.35%,Collyre,FL/5 ML,NEOMYCINE,UNIMED,Tunisie,9093131,1995-02-14,Générique
NEPEXTO,25 mg/0.5ml,Solution injectable,B/8 seringues pré-remplies,ETANERCEPT,"Biosimilar Collaborations Ireland Limited (""BCIl"")",Irelande,29123043H,2025-10-09,Biosimilaire
NEPEXTO,50 mg/ml,Solution injectable,B/04 seringues préremplis de 1 ml,ETANERCEPT,"Biosimilar Collaborations Ireland Limited (""BCIl"")",Irelande,29123042H,2025-10-09,Biosimilaire
NEPEXTO,50 mg/ml,Solution injectable,B/4 stylos préremplis,ETANERCEPT,"Biosimilar Collaborations Ireland Limited (""BCIl"")",Irelande,29123041H,2025-10-09,Biosimilaire
NEURONTIN,600 mg,Comprimé pelliculé sécable,B/50,GABAPENTINE,Pfizer Pharma Gmbh,Allemagne,14573011,2013-07-22,Princeps
NEURONTIN,600 mg,Comprimé pelliculé sécable,B/50,GABAPENTINE,Viatris Pharma GmbH Allemagne,Allemagne,26333031,2023-04-04,Princeps
NEURONTIN,300 MG,Gélule,B/50,GABAPENTINE,PARKE-DAVIS GmbH,Allemagne,2233012,2001-12-25,Princeps
NEUTROMAX,48 MU,Solution injectable,B/1Flacon/1 ml,FILGRASTIM,BIO SIDUS S.A,Argentina,4593032H,2011-12-07,Biosimilaire
NEUTROMAX,30 MU,Solution injectable,B/1Flacon/1 ml,FILGRASTIM,BIO SIDUS S.A,Argentina,4593031H,2011-12-07,Biosimilaire
NEXAVAR,200 mg,Comprimé pelliculé,B/112,SORAFENIB,BAYER AG LEVERKUSEN,Allemagne,20993011H,2025-08-15,Princeps
NEXIUM 20 MG,20 mg,Comprimé gastro-résistant,B/28,ESOMEPRAZOLE,AstraZeneca UK Limited,Rayaume uni,24313011,2021-10-08,Princeps
NICARDIPINE MÉDIS,10 mg/10 ml IV,Solution injectable,B/5/10 ml,NICARDIPINE,LES LABORATOIRES MEDIS,Tunisie,9233641,2012-11-19,Générique
NICOPASS SANS SUCRE MENTHE FRAICHEUR,1.5 mg,Pastilles,B/36,NICOTINE,PIERRE FABRE MEDICAMENT .,FRANCE,6063314,2009-05-04,Princeps
NICOPATCHLIB,7 MG/24H,Dispositif trans-dermique,B/28,NICOTINE,PIERRE FABRE MEDICAMENT,FRANCE,6063383,2022-01-04,Princeps
NICOPATCHLIB,7MG/24H,Dispositif trans-dermique,B/07,NICOTINE,PIERRE FABRE MEDICAMENT,FRANCE,6063384,2022-01-04,Princeps
NICOPATCHLIB,21 mg/24 H,Dispositif trans-dermique,B/7,NICOTINE,PIERRE FABRE MEDICAMENT,FRANCE,6063385,2022-01-04,Générique
NICOPATCHLIB,21 mg/24 H,Dispositif trans-dermique,B/28,NICOTINE,PIERRE FABRE MEDICAMENT,FRANCE,6063386,2022-01-04,Générique
NICOPATCHLIB,14 mg/24h,Dispositif trans-dermique,B/ 7 sachets,NICOTINE,PIERRE FABRE MEDICAMENT,FRANCE,6063381,2022-01-04,Générique
NICOPATCHLIB,14 mg/24h,Dispositif trans-dermique,B/ 28 sachets,NICOTINE,PIERRE FABRE MEDICAMENT,FRANCE,6063382,2022-01-04,Générique
NICOTINELL TTS 14MG/24H,35MG/20CM²,Dispositif trans-dermique,B/7 Dispositif Transdermique,NICOTINE,NOVARTIS SANTE FAMILIALE S.A.S,FRANCE,1623083,2007-07-05,Générique
NICOTINELL TTS 14MG/24H,35MG/20CM²,Dispositif trans-dermique,B/28 Dispositif Transdermique,NICOTINE,NOVARTIS SANTE FAMILIALE S.A.S,FRANCE,1623084,2007-07-05,Générique
NICOTINELL TTS 21MG/24H,52.5MG/30CM²,Dispositif trans-dermique,B/28 Timbres,NICOTINE,NOVARTIS SANTE FAMILIALE S.A.S,FRANCE,1623086,2007-07-05,Générique
NICOTINELL TTS 21MG/24H,52.5MG/30CM²,Dispositif trans-dermique,B/7 Timbres,NICOTINE,NOVARTIS SANTE FAMILIALE S.A.S,FRANCE,1623085,2007-07-05,Générique
NICOTINELL TTS 7MG/24H,17.5MG/10CM²,Dispositif trans-dermique,B/7 Timbres,NICOTINE,NOVARTIS SANTE FAMILIALE S.A.S,FRANCE,1623081,2007-07-05,Générique
NICOTINELL TTS 7MG/24H,17.5MG/10CM²,Dispositif trans-dermique,B/28 Timbres,NICOTINE,NOVARTIS SANTE FAMILIALE S.A.S,FRANCE,1623082,2007-07-05,Générique
NIDAZOLE,200 MG,Suspension buvable,FL/100ML,METRONIDAZOLE,HIKMA Pharmaceuticals Co Ltd,JORDANIE,6653022,1989-02-10,Générique
NIFLUDERM,3%,Creme dermique,Tube/60 GR,ACIDE NIFLUMIQUE,PHARMADERM,Tunisie,9053151,2003-02-15,Générique
NIFLUGEL,2.5%,Gel dermique,T/60 GR,ACIDE NIFLUMIQUE,IPS (Industrie Pharmaceutique Said),Tunisie,9133051,1995-08-11,Princeps
NIFLURIL ADULTE,700 MG,Suppositoire,B/100,ACIDE NIFLUMIQUE,IPS (Industrie Pharmaceutique Said),Tunisie,9133043H,1998-03-27,Princeps
NIFLURIL ENFANT.,400 MG,Suppositoire,B/8,ACIDE NIFLUMIQUE,IPS (Industrie Pharmaceutique Said),Tunisie,9133042,1994-10-13,Princeps
NIFLURIL ENFANT.,400 MG,Suppositoire,B/100,ACIDE NIFLUMIQUE,IPS (Industrie Pharmaceutique Said),Tunisie,9133044H,1998-03-27,Princeps
NIFLURIL.,700 MG,Suppositoire,B/8,ACIDE NIFLUMIQUE,IPS (Industrie Pharmaceutique Said),Tunisie,9133041,1994-06-04,Princeps
NIMENRIX,,Pdre p.prep.injectable,B/1FL Pdre/3ML + Seringue pré-remplie de Solvant,"VACCIN MENINGOCOCCIQUE CONJUGUE A, C,W135 ET Y",PFIZER Europe MA EEIG,BELGIQUE,8013141,2021-10-08,Princeps
NIPRAL275,275 MG,Comprimé pelliculé,B/30,NAPROXENE,TAHA PHARMA,Tunisie,9373462,2018-03-15,Générique
NIPRAL275,275 MG,Comprimé pelliculé,B/10,NAPROXENE,TAHA PHARMA,Tunisie,9373461,2018-03-07,Générique
NIQUITIN 14MG/24 HEURES,78 mg/15 cm²,Dispositif trans-dermique,B/14 TIMBRES,NICOTINE,GlaxoSmithKline Santé Grand Public,FRANCE,1783022,2005-09-26,Générique
NIQUITIN 21MG/24 HEURES,114 mg/22cm²,Dispositif trans-dermique,B/14 TIMBRES,NICOTINE,GlaxoSmithKline Santé Grand Public,FRANCE,1783023,2005-09-26,Générique
NIQUITIN 7MG/24 HEURES,36 mg/7cm²,Dispositif trans-dermique,B/14 TIMBRES,NICOTINE,GlaxoSmithKline Santé Grand Public,FRANCE,1783021,2005-09-26,Générique
NIQUITINCLEAR 14MG/24 HEURES,78 mg/15 cm²,Dispositif trans-dermique,B/14 TIMBRES,NICOTINE,GlaxoSmithKline Santé Grand Public,FRANCE,1783026,2005-10-01,Générique
NIQUITINCLEAR 14MG/24 HEURES,78 mg/15 cm²,Dispositif trans-dermique,B/7 TIMBRES,NICOTINE,GlaxoSmithKline Santé Grand Public,FRANCE,1783027,2005-10-01,Générique
NIQUITINCLEAR 21MG/24 HEURES,114 mg/22cm²,Dispositif trans-dermique,B/14 TIMBRES,NICOTINE,GlaxoSmithKline Santé Grand Public,FRANCE,1783028,2005-10-01,Générique
NIQUITINCLEAR 21MG/24 HEURES,114 mg/22cm²,Dispositif trans-dermique,B/7 TIMBRES,NICOTINE,GlaxoSmithKline Santé Grand Public,FRANCE,1783029,2005-10-01,Générique
NIQUITINCLEAR 7MG/24 HEURES,36 mg/7 cm²,Dispositif trans-dermique,B/7 TIMBRES,NICOTINE,GlaxoSmithKline Santé Grand Public,FRANCE,1783024,2005-10-01,Générique
NIQUITINCLEAR 7MG/24 HEURES,36 mg/7cm²,Dispositif trans-dermique,B/14 TIMBRES,NICOTINE,GlaxoSmithKline Santé Grand Public,FRANCE,1783025,2005-10-01,Générique
NITIZYN,10 mg,Gélule,FL/30,NITISINONE,TAHA PHARMA,Tunisie,9373571H,2019-07-19,Générique
NIVESTIM,48 MU/0.5 ml,Solution injectable,B/5 Seringues pré-remplies/0.5 ml,FILGRASTIM,PFIZER Europe MA EEIG,BELGIQUE,8013171H,2022-06-17,Biosimilaire
NIVESTIM,30 MU/0.5 ml,Solution injectable,B/5 Seringues pré-remplies/0.5 ml,FILGRASTIM,PFIZER Europe MA EEIG,BELGIQUE,8013172H,2022-06-17,Biosimilaire
NOPRON ENFANT,15 mg/5ml,Sirop,FL/150ML,NIAPRAZINE,PHARMINVEST-PATRIMONIAL,FRANCE,2933012,2005-12-09,Princeps
NORADRENALINE MEDIS (SANS CONSERVATEUR),2mg/ml,Solution injectable pour perfusion,B/10 ampoules /4 ml,NORADRENALINE,LES LABORATOIRES MEDIS,Tunisie,9233851H,2016-07-12,Générique
NORADRENALINE RENAUDIN 2 MG/ML SANS CONSERVATEUR,8mg/4ml,Solution injectable pour perfusion,B/10/4 ml,NORADRENALINE,RENAUDIN,FRANCE,7713081H,2011-03-17,Générique
NORADRENALINE STERIPHARM(SANS CONSERVATEUR),8 mg/4ml,Solution injectable pour perfusion,B/10/4 ML,NORADRENALINE,STERIPHARM,Tunisie,9443091H,2022-08-12,Générique
NORADRENALINE VIATRIS 2 MG/ML SANS SULFITES,8mg/4ml,Solution injectable pour perfusion,B/50/4 ml,NORADRENALINE,VIATRIS SANTE,FRANCE,4923181H,2011-03-24,Générique
NORALINE (SANS SULFITES),8mg/4ml,Solution injectable pour perfusion,B/10/4 ml,NORADRENALINE,UNIMED,Tunisie,9093691H,2010-07-22,Générique
NORDITROPIN NORDIFLEX,5 MG/1.5ML,Solution injectable,B/1 Stylo pré-rempli,SOMATROPINE,NOVO NORDISK A/S Bagsvaerd,Denemark,5993092H,2021-09-09,Princeps
NORDITROPIN NORDILET,5 mg/1.5 ml,Solution injectable,B/1 stylo pré-rempli/1.5ml,SOMATROPINE,NOVO NORDISK A/S Bagsvaerd,Denemark,5993091H,2007-08-24,Princeps
NORENOL 8 (SANS SULFITES),8mg/4ml,Solution injectable pour perfusion,B/10/4 ml,NORADRENALINE,DORCAS,Tunisie,9313151H,2013-03-12,Générique
NORGALAX,120 MG,Gel rectal,B/6/10 GR,DOCUSATE SODIQUE,NORGINE PHARMA,FRANCE,5983011,1989-02-28,Princeps
NORLEVO,750 µG,Comprimé,B/2,LEVONORGESTREL,HRA PHARMA,FRANCE,4983011,2001-07-26,Princeps
NORLEVO,1.5 mg,Comprimé,B/1,LEVONORGESTREL,HRA PHARMA,FRANCE,4983012,2007-06-13,Princeps
NOROCEPT,5 mg,Comprimé pelliculé,B/30,DONEPEZIL,ADWYA,Tunisie,9044181,2015-02-17,Générique
NOROCEPT,10 mg,Comprimé pelliculé,B/30,DONEPEZIL,ADWYA,Tunisie,9044182,2014-09-29,Générique
NOVACLAV ADULTE,1g/125mg,Poudre pour suspension orale,B/12,AMOXICILLINE+ACIDE CLAVULANIQUE,ADWYA,Tunisie,9043942,2008-12-19,Générique
NOVACLAV ADULTE,1g/125mg,Poudre pour suspension orale,B/21,AMOXICILLINE+ACIDE CLAVULANIQUE,ADWYA,Tunisie,9043947,2014-02-11,Générique
NOVACLAV ENFANT,100 mg/12.5mg/ml,Poudre pour suspension orale,FL/60 ml + seringue doseuse,AMOXICILLINE+ACIDE CLAVULANIQUE,ADWYA,Tunisie,9043941,2008-12-19,Générique
NOVACLAV ENFANTS,500 mg/62.5 mg,Poudre pour suspension orale,B/12 Sachets-doses,AMOXICILLINE+ACIDE CLAVULANIQUE,ADWYA,Tunisie,9043946,2009-03-02,Générique
NOVACLAV ENFANTS,500 mg/62.5 mg,Poudre pour suspension orale,B/21 Sachets-doses,AMOXICILLINE+ACIDE CLAVULANIQUE,ADWYA,Tunisie,9043948,2014-08-15,Générique
NOVACLAV NOURRISSONS,100 mg/12.5mg/ml,Poudre pour suspension orale,FL/30 ml + seringue doseuse,AMOXICILLINE+ACIDE CLAVULANIQUE,ADWYA,Tunisie,9043945,2009-03-02,Générique
NOVADOL PÉDIATRIQUE,3%,Suspension buvable,FL/100 ml,PARACETAMOL,ADWYA,Tunisie,90439310,2018-02-22,Générique
NOVALIP,160 mg,Gélule,B/30,FENOFIBRATE,ADWYA,Tunisie,9044042,2021-10-26,Générique
NOVALIP LM,160 mg,Comprimé pelliculé,B/30,FENOFIBRATE,ADWYA,Tunisie,9044041,2010-05-19,Générique
NOVATOUX ADULTES TOUX SÈCHE 0.3 %,(15 mg/5ml),Sirop,FL/150 ml,DEXTROMETHORPHANE,ADWYA,Tunisie,9044272,2016-04-28,Générique
NOVATOUX ENFANTS,0.1%,Sirop,FL/150 ml,DEXTROMETHORPHANE,ADWYA,Tunisie,9044271,2016-03-21,Générique
Novel Oral Poliomyelitis Vaccine type 2(nVPO2),50 doses,Suspension buvable,B/10 FL/5ml,VACCIN POLIOMYÉLITIQUE,PT BIO FARMA (PERSERO),Indonesie,10083021EP,2023-06-02,Princeps
NOVEX ADULTE,,Poudre pour suspension orale,B/8 Sachets,PARACETAMOL+PHENIRAMINE+VITAMINE C,ADWYA,Tunisie,9044141,2014-03-13,Générique
NOVEX ADULTE,,Poudre pour suspension orale,B/12 Sachets,PARACETAMOL+PHENIRAMINE+VITAMINE C,ADWYA,Tunisie,9044142,2014-08-18,Générique
NOVO EIGHT,250UI,Pdre p.prep.injectable,B/1FL de poudre+ Seringue pré-remplie/4ml+1 tige piston+adaptateur pour flacon,FACTEUR VIII,NOVO NORDISK A/S Bagsvaerd,Denemark,5993121H,2018-03-02,Princeps
NOVO EIGHT,1000UI,Pdre p.prep.injectable,B/1FL de poudre+ Seringue pré-remplie/4ml+1 tige piston+adaptateur pour flacon,FACTEUR VIII,NOVO NORDISK A/S Bagsvaerd,Denemark,5993123H,2018-03-02,Princeps
NOVO EIGHT,500UI,Poudre pour suspension injectable,B/1FL de poudre+ Seringue pré-remplie/4ml+1 tige piston+adaptateur pour flacon,FACTEUR VIII,NOVO NORDISK A/S Bagsvaerd,Denemark,5993122H,2018-03-02,Princeps
NOVOMIX 30 FLEXPEN,100 UI/ML,Suspension injectable,B/5/stylos pré-remplies/3 ML,INSULINE ANALOGUE,NOVO NORDISK A/S Bagsvaerd,Denemark,5993082,2007-02-28,Princeps
NOVOMIX 50 FLEXPEN,100 UI/ML,Suspension injectable,B/5/stylos pré-remplies/3 ML,INSULINE ANALOGUE,NOVO NORDISK A/S Bagsvaerd,Denemark,5993083,2014-04-02,Princeps
NOVOSEVEN,2 mg,Pdre p.prep.injectable,B/1 Fl + solvant en seringue préremplie,FACTEUR VII A,NOVO NORDISK A/S Bagsvaerd,Denemark,5993106H,2017-01-04,Princeps
NOVOSEVEN.,1 mg,Pdre p.prep.injectable,B/1 Fl + solvant en seringue préremplie.,FACTEUR VII A,NOVO NORDISK A/S Bagsvaerd,Denemark,5993104H,2016-06-17,Princeps
NOVOSEVEN.,5 mg,Pdre p.prep.injectable,B/1 Fl + solvant en seringue préremplie,FACTEUR VII A,NOVO NORDISK A/S Bagsvaerd,Denemark,5993105H,2016-06-17,Princeps
NOZIL 10,10 mg,Comprimé pelliculé,B/30,DONEPEZIL,TERIAK,Tunisie,9253982,2017-04-13,Générique
NOZIL 5,5 mg,Comprimé pelliculé,B/30,DONEPEZIL,TERIAK,Tunisie,9253981,2017-04-13,Générique
NUTRINEAL PD4 1.1% ACIDES AMINÉS,,Soluté pour dialyse péritonéale,Pôche/2 litres (simple),ACIDES AMINES+SELS MINERAUX,BAXTER HEALTHCARE Ltd,Rayaume uni,10193021,2007-09-20,Princeps
NUTRINEAL PD4 1.1% ACIDES AMINÉS,,Soluté pour dialyse péritonéale,Pôche/2 litres (double),ACIDES AMINES+SELS MINERAUX,BAXTER HEALTHCARE Ltd,Rayaume uni,10193022,2007-09-20,Princeps
NUTRYELT,,Solution injectable pour perfusion,B/10 Ampoules/ 10ml,OLIGO-ELEMENTS,LABORATOIRE AGUETTANT,FRANCE,7093311H,2017-09-20,Princeps
OCREVUS,300 mg,Solution injectable pour perfusion,B/1FL/10ML,OCRELIZUMAB,Roche Pharma (Schweiz) AG,SUISSE,6993221H,2020-06-12,Princeps
OCTAGAM,2.5 gr,Solution injectable pour perfusion,FL/50 ml,IMMUNOGLOBULINE HUMAINE POLYVALENTE,OCTAPHARMA pharmazeutika produktionges.m.b.h,AUTRICHE,10043021H,2013-08-20,Princeps
OCTAGAM,5 GR/100 ML,Solution injectable pour perfusion,FL/100 ML,IMMUNOGLOBULINE HUMAINE POLYVALENTE,OCTAPHARMA pharmazeutika produktionges.m.b.h,AUTRICHE,10043022H,2013-08-20,Princeps
OCTANATE 100 UI/ML,1000 UI,Pdre p.prep.injectable,1FL+S/10 ml + set de transfert,FACTEUR VIII,OCTAPHARMA AG SUISSE,SUISSE,10033023H,2005-08-05,Princeps
OCTANATE 50 UI/ML,500 UI,Pdre p.prep.injectable,1FL+S/10 ml +set de transfert,FACTEUR VIII,OCTAPHARMA pharmazeutika produktionges.m.b.h,AUTRICHE,10043052H,2015-01-29,Princeps
OCTANATE 50 UI/ML,250 UI,Pdre p.prep.injectable,1FL+S/5 ml +set de transfert,FACTEUR VIII,OCTAPHARMA pharmazeutika produktionges.m.b.h,AUTRICHE,10043051H,2015-01-09,Princeps
OCTANATE 50 UI/ML,500 UI,Pdre p.prep.injectable,1FL+S/10 ml + set de transfert,FACTEUR VIII,OCTAPHARMA AG SUISSE,SUISSE,10033022H,2005-08-05,Générique
OCTAPLEX,500 UI,Pdre p.prep.injectable,B/1FL+Slvt/20ML,"FACTEURS II,VII ,IX, X",OCTAPHARMA pharmazeutika produktionges.m.b.h,AUTRICHE,10043031H,2014-01-15,Princeps
OCTREOTIDE NEAPOLIS,0.1 mg/ml,Solution injectable,B/10 FL,OCTREOTIDE,NEAPOLIS PHARMA,Tunisie,9393181H,2021-03-30,Générique
ODYCIN,0.5 %,Collyre,Fl/3ml,MOXIFLOXACINE,ADWYA,Tunisie,9044431,2019-05-02,Générique
OFEV,150 mg,Capsule molle,B/60,NINTEDANIB,BOEHRINGER ING.INT.GmbH,Allemagne,1153311H,2020-04-29,Princeps
OFEV,100 mg,Capsule molle,B/60,NINTEDANIB,BOEHRINGER ING.INT.GmbH,Allemagne,1153312H,2020-06-10,Princeps
OFLO 200,200 mg/40ml,Solution injectable,B/1FL/40 ml,OFLOXACINE,LES LABORATOIRES MEDIS,Tunisie,9233441H,2006-07-26,Générique
OFLOCINE,200 mg,Comprimé pelliculé sécable,B/14,OFLOXACINE,DAR-ESSAYDALI.,Tunisie,9213481,2025-07-22,Générique
OFLOCOL 3M,0.3%,Collyre,FL/5 ml,OFLOXACINE,UNIMED,Tunisie,9093303,2014-12-04,Générique
OFLOJECT,200 mg/40ml,Solution injectable pour perfusion,B/10 poches PVC/40ML,OFLOXACINE,UNIMED,Tunisie,9093432H,2016-12-22,Générique
OFLOJECT,200 mg/40ml,Solution injectable pour perfusion,B/10 Poches multicouches/40ML,OFLOXACINE,UNIMED,Tunisie,9093433H,2016-12-22,Générique
OFLOJECT,200 mg/40ml,Solution injectable,B/1FL/40 ml,OFLOXACINE,UNIMED,Tunisie,9093431H,2004-08-05,Générique
OFLOXINE 200,200 mg/40ml,Solution injectable pour perfusion,B/6FL/40 ml,OFLOXACINE,DORCAS,Tunisie,9313231H,2017-06-28,Générique
OFNOL,0.1%,Collyre,FL/5 ml,OLOPATADINE,ABDI IBRAHIM IIac San. ve Tic. A.S.,TURQUIE,3733051,2020-10-07,Générique
OGIVRI,420 mg,Poudre pour solution à diluer pour perfusion,B/1 FL/15 ml,TRASTUZUMAB,"Biosimilar Collaborations Ireland Limited (""BCIl"")",Irelande,29123032H,2025-08-07,Biosimilaire
OGIVRI,150 mg,Poudre pour solution à diluer pour perfusion,B/1 FL/15ml,TRASTUZUMAB,"Biosimilar Collaborations Ireland Limited (""BCIl"")",Irelande,29123031H,2025-08-07,Biosimilaire
OGYL,750 mU/125mg,Comprimé pelliculé,B/20,SPIRAMYCINE+METRONIDAZOLE,SAIPH,Tunisie,9163521,2004-12-21,Générique
OLANZA 5,5 mg,Comprimé pelliculé sécable,B/30,OLANZAPINE,PHILADELPHIA PHARMA,Tunisie,9353031,2014-03-14,Générique
OLANZA 5,5 mg,Comprimé pelliculé sécable,B/90,OLANZAPINE,PHILADELPHIA PHARMA,Tunisie,9353033,2014-11-28,Générique
OLANZAPIN ACTAVIS,5 mg,Comprimé pelliculé,B/28,OLANZAPINE,ACTAVIS Group PTC ehf,Islande,10243031,2009-05-30,Générique
OLANZAPIN ACTAVIS,10 mg,Comprimé pelliculé,B/28,OLANZAPINE,ACTAVIS Group PTC ehf,Islande,10243032,2009-05-30,Générique
OLANZAPINE KERN PHARMA,5 mg,Comprimé,B/28,OLANZAPINE,KERN PHARMA SL,ESPAGNE,15133021,2017-06-28,Générique
OLANZAPINE KERN PHARMA,10 mg,Comprimé,B/28,OLANZAPINE,KERN PHARMA SL,ESPAGNE,15133022,2017-06-28,Générique
OLICLINOMEL N4-550E,,Emulsion injectable,B/4 poches/2l (0.4l+0.8l+0.8l),ACIDES AMINES+GLUCOSE+LIPIDES,BAXTER SA Belgique,BELGIQUE,10153031H,2016-12-06,Princeps
OLICLINOMEL N6-900E,,Emulsion injectable,B/4 poches/2l (0.4l+0.8l+0.8l),ACIDES AMINES,CLINTEC PARENTERAL S.A,FRANCE,4073064H,2006-11-02,Princeps
OLICLINOMEL N7-1000E,,Emulsion injectable,B/6 poches/1l (0.2l+0.4l+0.4l),ACIDES AMINES+GLUCOSE+LIPIDES,BAXTER SA Belgique,BELGIQUE,10153032H,2016-12-06,Princeps
OLICLINOMEL N7-1000E,,Emulsion injectable,B/4 poches/2l (0.4l+0.8l+0.8l),ACIDES AMINES+GLUCOSE+LIPIDES,BAXTER SA Belgique,BELGIQUE,10153033H,2016-12-06,Princeps
OLIMEL N7E,,Emulsion injectable,B/4 poches tricompartimentales de 2L (0.4l+0.8l+0.8l),ACIDES AMINES+GLUCOSE+LIPIDES,BAXTER SA Belgique,BELGIQUE,10153042H,2017-05-16,Princeps
OLIMEL N7E,,Emulsion injectable,B/6 poches/ 1 L en trois compartiments (0.2l+0.4l+0.4l),ACIDES AMINES+GLUCOSE+LIPIDES,BAXTER SA Belgique,BELGIQUE,10153043H,2017-05-16,Princeps
OLIMEL N5E,,Emulsion injectable,B/4 poches tricompartmentales de 2L (0.4l+0.8l+0.8l),ACIDES AMINES+GLUCOSE+LIPIDES,BAXTER SA Belgique,BELGIQUE,10153041H,2017-05-16,Princeps
OLIMEL N9,,Emulsion injectable,B/6 poches /1 L en 3 compartiments (0.2l+0.4l+0.4l),ACIDES AMINES+GLUCOSE+LIPIDES,BAXTER SA Belgique,BELGIQUE,10153044H,2017-05-16,Princeps
OLIMEL N9E,,Emulsion injectable,B/6 poches/ 1 L en trois compartiments (0.2l+0.4l+0.4l),ACIDES AMINES+GLUCOSE+LIPIDES,BAXTER SA Belgique,BELGIQUE,10153046H,2017-05-16,Princeps
OLIMEL N9E,,Emulsion injectable,B/4 poches /2litres en 3 compartiments(0.4l+0.8l+0.8l),ACIDES AMINES+GLUCOSE+LIPIDES,BAXTER SA Belgique,BELGIQUE,10153045H,2017-05-16,Princeps
OLMESARTAN MEDOXOMIL & AMLODIPINE /GENEPHARM,20 mg/5 mg,Comprimé pelliculé,B/30,AMLODIPINE+OLMESARTAN MEDOXOMIL,GENEPHARM S.A,GRECE,75773141,2024-06-21,Générique
OLMESARTAN MEDOXOMIL & AMLODIPINE /GENEPHARM,40 mg/10 mg,Comprimé pelliculé,B/30,AMLODIPINE+OLMESARTAN MEDOXOMIL,GENEPHARM S.A,GRECE,35773143,2024-06-21,Générique
OLMESARTAN MEDOXOMIL & AMLODIPINE /GENEPHARM,40 mg/5mg,Comprimé pelliculé,B/30,AMLODIPINE+OLMESARTAN MEDOXOMIL,GENEPHARM S.A,GRECE,35773142,2024-06-21,Générique
OLOPAN,0.1%,Collyre,FL/5 ml,OLOPATADINE,ADWYA,Tunisie,9044462,2022-03-14,Générique
OLOPAN,600µg/Dose,Solution pour pulverisation nasale,FL/120 Doses,OLOPATADINE,ADWYA,Tunisie,9044461,2024-06-21,Générique
OLOPT,1mg/ml,Collyre,FL/5 ml,OLOPATADINE,UNIMED,Tunisie,9093991,2021-10-08,Générique
OMEPRAZOLE 40 UNIMED,40 mg,Pdre p.prep.injectable,B/10 Flacons,OMEPRAZOLE,UNIMED,Tunisie,ST9094011H,2017-11-22,Générique
OMNICEF,125 mg/5ml,Poudre pour suspension orale,FL/80 ml,CEFDINIR,MEDICEF,Tunisie,9183172,2022-08-12,Princeps
OMNICEF,125mg/5ml,Poudre pour suspension orale,FL/40 ml,CEFDINIR,MEDICEF,Tunisie,9183171,2022-08-12,Princeps
OMNIPAQUE,350 mg I/ml,Solution injectable,B/10FL/100 ml,IOHEXOL,GE HEALTHCARE AS NORVEGE,NORVEGE,2453014,2014-12-19,Princeps
OMNIPAQUE,300 mg I/ml,Solution injectable,B/10FL/50 ml,IOHEXOL,GE HEALTHCARE AS NORVEGE,NORVEGE,2453013,2014-11-07,Princeps
OMNIPAQUE,350 mg I/ml,Solution injectable,B/10FL/50 ml,IOHEXOL,GE HEALTHCARE AS NORVEGE,NORVEGE,2453015,2014-12-19,Princeps
OMNIPAQUE,300 mg I/ml,Solution injectable,B/10FL/100ml,IOHEXOL,GE HEALTHCARE AS NORVEGE,NORVEGE,2453012,2003-04-24,Générique
OMNIPAQUE,350 mg I/ml,Solution injectable,B/10FL/50ml,IOHEXOL,GE HEALTHCARE AS NORVEGE,NORVEGE,2453021,2003-04-24,Générique
OMNITROPE,5 mg/1.5 ml,Solution injectable,B/ 5 cartouches pré-remplie/1.5 ml,SOMATROPINE,SANDOZ GmbH,AUTRICHE,11073021H,2015-05-08,Princeps
ONCASPAR,750 U/ML,Poudre pour solution injectable,B/1 FL,PEGASPARGASE,SERVIER,FRANCE,6353221H,2024-10-30,Princeps
ONDANSETRON SAIPH,4 mg/2ml,Solution injectable,B/5/2 ML,ONDANSETRONE,SAIPH,Tunisie,9163881H,2011-10-27,Générique
ONDANSETRON SAIPH,8 mg/4ml,Solution injectable,B/5/4 ml,ONDANSETRONE,SAIPH,Tunisie,9163882H,2011-10-27,Générique
ONDANSETRON STERIPHARM,8 mg/4ml,Solution injectable,B/5/4 ml,ONDANSETRONE,STERIPHARM,Tunisie,9443121H,2022-08-31,Générique
ONDANSETRON STERIPHARM,4 mg/2ml,Solution injectable,B/5 ampoules/2 ML,ONDANSETRONE,STERIPHARM,Tunisie,9443122H,2022-12-07,Générique
ONDANSETRON UNIMED,4 mg/2ml,Solution injectable,B/10/2 ML,ONDANSETRONE,UNIMED,Tunisie,9093641H,2009-08-26,Générique
ONDANSETRON MEDIS,4 mg,Comprimé pelliculé,B/10,ONDANSETRONE,LES LABORATOIRES MEDIS,Tunisie,9233333,2005-12-31,Générique
ONDANSETRON MEDIS,8 mg,Comprimé pelliculé,B/10,ONDANSETRONE,LES LABORATOIRES MEDIS,Tunisie,9233334,2005-12-31,Générique
ONDANSETRON MEDIS,8 mg/4 ml,Solution injectable,B/5/4 ml,ONDANSETRONE,LES LABORATOIRES MEDIS,Tunisie,9233331H,2005-01-10,Générique
ONDANSETRON MEDIS,4 mg/2 ml,Solution injectable,B/5/2 ml,ONDANSETRONE,LES LABORATOIRES MEDIS,Tunisie,9233332H,2005-01-10,Générique
ONDANSETRON RENAUDIN,8 mg/4 ml,Solution injectable,B/10/4 ml,ONDANSETRONE,RENAUDIN,FRANCE,7713092H,2012-07-13,Générique
ONDANSETRON RENAUDIN,4 mg/2 ml,Solution injectable,B/10/2 ml,ONDANSETRONE,RENAUDIN,FRANCE,7713091H,2012-07-13,Générique
ONDANSETRON UNIMED,8 mg/4ml,Solution injectable,B/10/4 ML,ONDANSETRONE,UNIMED,Tunisie,9093642H,2009-08-26,Générique
ONDOFREN 8,8 mg/4 ml,Solution injectable,B/50/4 ml,ONDANSETRONE,DORCAS,Tunisie,9313071H,2010-05-19,Générique
OPATRAM,50 MG,Gélule,B/30,TRAMADOL,OPALIA PHARMA,Tunisie,ST9023972,2013-10-09,Générique
OPATRAM,50 MG,Gélule,B/10,TRAMADOL,OPALIA PHARMA,Tunisie,ST9023971,2013-08-22,Générique
OPATRAM,100 mg/ml,Gouttes buvables,FL/12.5 ml,TRAMADOL,OPALIA PHARMA,Tunisie,9023973,2014-10-08,Générique
OPATRAM DUO,37.5mg/325 mg,Gélule,B/16,PARACETAMOL+TRAMADOL,OPALIA PHARMA,Tunisie,ST9023991,2014-05-14,Générique
OPHTALIN,10mg/ml,Solution intra-oculaire,B/1 SERINGUE/1ml,HYALURONATE DE SODIUM,HYALTECH LTD,Rayaume uni,4353011H,2006-04-13,Princeps
OPHTALIN PLUS,15 mg/ml,Solution intra-oculaire,B/1 Seringue/1ml,HYALURONATE DE SODIUM,HYALTECH LTD,Rayaume uni,4353012H,2009-06-17,Princeps
OPSUMIT,10 mg,Comprimé pelliculé,B/30,MACITENTAN,Janssen-Cilag International N.V,BELGIQUE,15273081,2024-08-16,Princeps
OPTIFUCIN,1%,Gel ophtalmique,T/5GR,ACIDE FUSIDIQUE,AMMAN PHARMACEUTICAL INDUSTRIES,JORDANIE,3693061,2019-04-29,Générique
OPTRUMA,60 MG,Comprimé pelliculé,B/28,RALOXIFENE,ELI LILLY NEDERLAND BV,HOLLANDE,4323012,2006-10-09,Princeps
ORACEFAL DISPERSIBLE,1 GR,Comprime dispersible,B/6,CEFADROXIL,BRISTOL MYERS SQUIBB,FRANCE,5253026,2003-08-09,Princeps
ORAL POLIO VACCINE,,Gouttes buvables,B/10 FL/10 doses/1ml,VACCIN POLIOMYÉLITIQUE,PT BIO FARMA,Indonesie,10083011H,2007-05-31,Princeps
ORALAIR,100 IR & 300 IR,Comprimé sublingual,B/3 comprimésde 100 IR + 28 comprimés de 300 IR,EXTRAITS ALLERGENIQUES,STALLERGENES,FRANCE,3653041,2017-03-16,Princeps
ORALAIR,300 IR,Comprimé sublingual,B/30 comprimés de 300 IR,EXTRAITS ALLERGENIQUES,STALLERGENES,FRANCE,3653042,2017-03-16,Princeps
ORAXIL,500 MG,Gélule,B/12,CEFADROXIL,IPS (Industrie Pharmaceutique Said),Tunisie,ST9273131,2006-12-15,Générique
ORAXIL,500 mg,Poudre pour suspension orale,FL/60ML,CEFADROXIL,IPS (Industrie Pharmaceutique Said),Tunisie,ST9273134,2006-12-15,Générique
ORAXIL,125 mg/5ml,Poudre pour suspension orale,FL/60ML,CEFADROXIL,IPS (Industrie Pharmaceutique Said),Tunisie,ST9273132,2006-12-15,Générique
ORAXIL,250 mg/5ml,Poudre pour suspension orale,FL/60ML,CEFADROXIL,IPS (Industrie Pharmaceutique Said),Tunisie,ST9273133,2006-12-15,Générique
OREX SPRAY,20mg/10ml,Collutoire,FL/30 ml,CHLORHEXIDINE+LIDOCAINE,SIMED,Tunisie,9083781,2020-07-29,Générique
ORFADIN,5 mg,Gélule,FL/60,NITISINONE,Swedish Orphan Biovitrum International AB(SOBI),SUEDE,16673011H,2017-04-04,Princeps
ORFADIN,10 mg,Gélule,FL/60,NITISINONE,Swedish Orphan Biovitrum International AB(SOBI),SUEDE,16673012H,2017-04-04,Princeps
ORFADIN,20 mg,Gélule,FL/60,NITISINONE,Swedish Orphan Biovitrum International AB(SOBI),SUEDE,16673014H,2019-05-22,Princeps
ORFADIN,4 mg,Suspension buvable,B/1FL/90ML,NITISINONE,Swedish Orphan Biovitrum International AB(SOBI),SUEDE,16673013H,2018-11-29,Princeps
ORICALM,,Gouttes auriculaires,FL/15 ML,PHENAZONE+LIDOCAINE,PHARMAGHREB,Tunisie,9013291,1997-08-06,Générique
ORMANDYL GÉ,50 mg,Comprimé pelliculé,B/30,BICALUTAMIDE,PIERRE FABRE MEDICAMENT,FRANCE,6063351,2015-07-06,Générique
OROKEN ENFANTS,100 MG/5 ML,Poudre pour suspension orale,FL/40 ML,CEFIXIME,SAIPH,Tunisie,9164324,2023-08-14,Princeps
OROZA10,10 mg,Comprimé orodispersible,B/30,OLANZAPINE,PHARMACARE,Tunisie,9343252,2018-03-15,Générique
OROZA10,10 mg,Comprimé orodispersible,B/90,OLANZAPINE,PHARMACARE,Tunisie,9343255,2021-10-08,Générique
ORTOTON,750 mg,Comprimé pelliculé,B/50,METHOCARBAMOL,OPALIA PHARMA,Tunisie,9024232,2021-02-11,Princeps
ORTOTON,750 mg,Comprimé pelliculé,B/20,METHOCARBAMOL,OPALIA PHARMA,Tunisie,9024231,2021-02-11,Princeps
OSCILLOCOCCINUM 200,,Globules,B/30 doses/1 gr,PRODUITS HOMEOPATHIQUES,BOIRON,FRANCE,6873073,2016-03-21,Princeps
OSCILLOCOCCINUM 200,,Globules,B/6DOS/1GR,PRODUITS HOMEOPATHIQUES,BOIRON,FRANCE,6873072,1993-04-03,Princeps
OSIRIS,300IR,Solution buccale pour voie sublinguale,COF/4FL/10ml+pipette graduée,ALLERGENES,ALK,FRANCE,4913022,2005-10-01,Princeps
OSMOLAX,10 g,Poudre pour solution orale,B/10,POLYETHYLENE GLYCOL,ADWYA,Tunisie,9043883,2022-04-27,Générique
OSMOLAX,10 gr,Poudre pour solution orale,B/20,POLYETHYLENE GLYCOL,ADWYA,Tunisie,9043881,2006-12-29,Générique
OSMOLAX PEDIATRIQUE,4 gr,Poudre pour solution orale,B/20 sachets,POLYETHYLENE GLYCOL,ADWYA,Tunisie,9043882,2009-07-13,Générique
OSMOMED,5%,Solution injectable pour perfusion,FL en PP/500ml,GLUCOSE+CHLORURE DE SODIUM+CHLORURE DE POTASSIUM,UNIMED,Tunisie,9093623,2014-11-28,Générique
OSMOMED,5%,Solution injectable pour perfusion,poche multicouche/500ml,GLUCOSE+CHLORURE DE SODIUM+CHLORURE DE POTASSIUM,UNIMED,Tunisie,9093622,2013-11-14,Générique
OSMOMED,5%,Solution injectable pour perfusion,FL/500ml,GLUCOSE+CHLORURE DE SODIUM+CHLORURE DE POTASSIUM,UNIMED,Tunisie,9093591,2007-05-09,Générique
OSMOMED,5%,Solution injectable pour perfusion,Poche/500ml + 2 tubulures,GLUCOSE+CHLORURE DE SODIUM+CHLORURE DE POTASSIUM,UNIMED,Tunisie,9093621,2007-12-26,Générique
OSMOTOL,,Gouttes auriculaires,FL/10ML,EPHEDRINE+RESORCINE,CHAUVIN,FRANCE,5280141,1993-05-27,Princeps
OSPEN 1 MUI,1 MU,Comprimé pelliculé,B/12,PHENOXYMETHYLPENICILLINE,SAIPH,Tunisie,9163061,1997-06-07,Générique
OXACIL IV,1 GR,Pdre p.prep.injectable,B/1+S/5ML,OXACILLINE,UNIMED,Tunisie,9093251,2002-12-27,Générique
OXACIL IV,1 GR,Pdre p.prep.injectable,B/25 fl Sans solvant,OXACILLINE,UNIMED,Tunisie,9093252H,2002-12-27,Générique
OXALIPLATIN ACCORD,5 mg/ml (50 mg/10ml),Solution injectable pour perfusion,B/1 flacon/10 ml,OXALIPLATINE,ACCORD HEALTHCARE LTD,Rayaume uni,16923032H,2017-01-04,Générique
OXALIPLATIN ACCORD,5 mg/ml (100 mg/20ml),Solution injectable pour perfusion,B/1 flacon/20 ml,OXALIPLATINE,ACCORD HEALTHCARE LTD,Rayaume uni,16923031H,2017-01-04,Générique
OXALIPLATIN ACTAVIS,5 mg/ml (50 mg),Pdre p.prep.injectable,B/1 flacon,OXALIPLATINE,ACTAVIS SRL ROMANIA,ROMANIE,12963021H,2010-07-19,Générique
OXALIPLATIN ACTAVIS,5 mg/ml (100 mg),Pdre p.prep.injectable,B/1 flacon,OXALIPLATINE,ACTAVIS SRL ROMANIA,ROMANIE,12963022H,2010-07-19,Générique
OXALIPLATIN HOSPIRA,5 mg/ml (50 mg),Solution injectable pour perfusion,B/1 flacon/10 ml,OXALIPLATINE,HOSPIRA UK Limited,Rayaume uni,13613011H,2010-07-19,Générique
OXALIPLATIN HOSPIRA,5 mg/ml (100mg),Solution injectable pour perfusion,B/1 flacon/20 ml,OXALIPLATINE,HOSPIRA UK Limited,Rayaume uni,13613012H,2010-07-19,Générique
OXALIPLATIN AqVida,5 mg/ml (50 mg),Solution injectable pour perfusion,B/1 flacon/10ml,OXALIPLATINE,AQVIDA GMBH,Allemagne,19463021H,2019-08-02,Princeps
OXALIPLATIN AqVida,5 mg/ml (100 mg),Solution injectable pour perfusion,B/1 flacon/20ml,OXALIPLATINE,AQVIDA GMBH,Allemagne,19463022H,2019-08-05,Princeps
OXALIPLATIN EBEWE,5 mg/ml (50 mg),Pdre p.prep.injectable,B/1 flacon,OXALIPLATINE,EBEWE Pharma,AUTRICHE,6943151H,2007-08-27,Générique
OXALIPLATIN EBEWE,5 mg/ml (100 mg),Pdre p.prep.injectable,B/1 flacon,OXALIPLATINE,EBEWE Pharma,AUTRICHE,6943152H,2007-08-25,Générique
OXALIPLATINE VIATRIS,5 mg/ml (50 mg),Pdre p.prep.injectable,B/1 flacon,OXALIPLATINE,VIATRIS SANTE,FRANCE,4923192H,2011-07-13,Générique
OXALIPLATINE VIATRIS,5 mg/ml (100 mg),Pdre p.prep.injectable,B/1 flacon,OXALIPLATINE,VIATRIS SANTE,FRANCE,4923191H,2011-07-13,Générique
OXALIPLATINE KABI,5 mg/ml (100 mg),Solution injectable pour perfusion,B/1 fl/20 ml,OXALIPLATINE,FRESENIUS KABI ONCOLOGY PLC,Rayaume uni,13923031H,2014-02-20,Générique
OXALIPLATINE KABI,5 mg/ml (50 mg),Solution injectable pour perfusion,B/1 fl/10 ml,OXALIPLATINE,FRESENIUS KABI ONCOLOGY PLC,Rayaume uni,13923032H,2014-02-20,Générique
OXALIPLATINE KABI,5 mg/ml (50 mg),Solution injectable pour perfusion,B/1 fl/10 ml,OXALIPLATINE,FRESENIUS KABI FRANCE,FRANCE,3153181H,2019-07-24,Générique
OXALIPLATINE KABI,5 mg/ml (100 mg),Solution injectable pour perfusion,B/1 fl/20 ml,OXALIPLATINE,FRESENIUS KABI FRANCE,FRANCE,3153182H,2019-07-24,Générique
OXYBOLDINE,0.5 mg,Comprimé effervescent,B/2tubes/12,BOLDINE,COOPERATION PHARMACEUTIQUE FRANCAISE,FRANCE,7623042,2006-11-04,Princeps
OXYTOCIN GRINDEKS,5 UI/ml,Solution injectable,B/10 amp/1ml,OXYTOCINE,GRINDEX,Lettonie,15483011,2016-06-17,Générique
OXYTOCINE,5 UI,Solution injectable,B/5/1ML,OXYTOCINE,GEDEON RICHTER,HONGRIE,6673071,1992-10-03,Générique
OZEMPIC,0.5 mg,Solution injectable,B/ 1 stylo pré rempli de 1.5 ml et 4 aiguilles jetables novofine plus.,SEMAGLUTIDE,NOVO NORDISK A/S Bagsvaerd,Denemark,5993152,2025-10-20,Princeps
OZEMPIC,0.25 mg,Solution injectable,B/ 1 stylo pré rempli de 1.5 ml et 4 aiguilles jetables novofine plus.,SEMAGLUTIDE,NOVO NORDISK A/S Bagsvaerd,Denemark,5993151,2025-10-20,Princeps
OZEMPIC,1 mg,Solution injectable,B/ 1 stylo pré rempli de 3 ml et 4 aiguilles jetables novofine plus.,SEMAGLUTIDE,NOVO NORDISK A/S Bagsvaerd,Denemark,5993153,2025-10-20,Princeps
OZOTHINE A LA DIPROPHYLLINE ENFANTS,30 MG,Suppositoire,B/10,ESSENCE DE TEREBENTHINE,ZAMBON FRANCE,FRANCE,1173015,2002-01-24,Princeps
OZOTHINE ADULTE,60 MG,Suppositoire,B/10,ESSENCE DE TEREBENTHINE,ZAMBON FRANCE,FRANCE,1173013,2002-01-24,Princeps
OZOTHINE DIPROPHYLLINE ADULTES,60 MG,Suppositoire,B/10,ESSENCE DE TEREBENTHINE,ZAMBON FRANCE,FRANCE,1173014,2002-01-24,Princeps
OZOTHINE ENFANT,30 MG,Suppositoire,B/10,ESSENCE DE TEREBENTHINE,ZAMBON FRANCE,FRANCE,1173012,2002-01-24,Princeps
OZURDEX,700 mcg,Implant,B/ 1 implant intravitréen,DEXAMETHASONE,ALLERGAN Pharmaceuticals Ireland,Irelande,3983061H,2019-08-22,Princeps
OZURDEX,700 mcg,Implant,B/ 1 implant intravitréen,DEXAMETHASONE,ABBVIE DEUTSCHLAND Gmbh and Co.KG,Allemagne,16913481,2023-04-04,Princeps
P.H.U REGNE ANIMAL,,Doses homeopathiques,,PRODUITS HOMEOPATHIQUES,BOIRON,FRANCE,6873011A,1990-07-05,Princeps
P.H.U REGNE MINERAL,,Doses homeopathiques,,PRODUITS HOMEOPATHIQUES,BOIRON,FRANCE,6873011M,1990-06-13,Princeps
P.H.U REGNE VEGETAL,,Doses homeopathiques,,PRODUITS HOMEOPATHIQUES,BOIRON,FRANCE,6873011V,1990-06-13,Princeps
PACLITAXEL AqVida,6 mg/ml (300mg),Solution injectable pour perfusion,B/1 flacon/50ml,PACLITAXEL,AQVIDA GMBH,Allemagne,19463032H,2019-08-02,Générique
PACLITAXEL AqVida,6 mg/ml (30mg),Solution injectable pour perfusion,B/1 flacon/5ml,PACLITAXEL,AQVIDA GMBH,Allemagne,19463033H,2019-08-02,Générique
PACLITAXEL AqVida,6 mg/ml (100mg),Solution injectable pour perfusion,B/1 flacon/16.7ml,PACLITAXEL,AQVIDA GMBH,Allemagne,19463031H,2019-08-02,Générique
PACLITAXEL KABI,6 mg/ml (30mg),Solution injectable pour perfusion,B/1 flacon/5 ml,PACLITAXEL,FRESENIUS KABI FRANCE,FRANCE,3153103H,2016-02-26,Générique
PACLITAXEL KABI,6 mg/ml (300mg),Solution injectable pour perfusion,B/1 flacon/50 ml,PACLITAXEL,FRESENIUS KABI FRANCE,FRANCE,3153102H,2016-02-26,Générique
PACLITAXEL KABI,6 mg/ml (100mg),Solution injectable pour perfusion,B/1 flacon/16.7ml,PACLITAXEL,FRESENIUS KABI FRANCE,FRANCE,3153101H,2016-02-26,Générique
PACLITAXEL NEAPOLIS,6 mg/ml (100mg),Solution injectable pour perfusion,B/1 flacon/16.7ml,PACLITAXEL,NEAPOLIS PHARMA,Tunisie,9393103H,2020-09-21,Générique
PACLITAXEL NEAPOLIS,6 mg/ml (150mg),Solution injectable pour perfusion,B/1 flacon/25ml,PACLITAXEL,NEAPOLIS PHARMA,Tunisie,9393102H,2019-11-12,Générique
PACLITAXEL NEAPOLIS,6 mg/ml (30mg),Solution injectable pour perfusion,B/1 flacon/5ml,PACLITAXEL,NEAPOLIS PHARMA,Tunisie,9393101H,2019-11-12,Générique
PAINOFEN,200 mg,Comprimé orodispersible,B/20,IBUPROFEN,OPALIA PHARMA,Tunisie,ST9023643,2018-03-07,Générique
PAINOFEN,400 mg,Comprimé pelliculé,B/20,IBUPROFEN,OPALIA PHARMA,Tunisie,ST9023645,2018-03-23,Générique
PAINOFEN,600 mg,Comprimé pelliculé,B/20,IBUPROFEN,OPALIA PHARMA,Tunisie,ST9023644,2018-03-07,Générique
PAINOFEN ENFANT-NOURRISSONS,100 mg/5 ml,Suspension buvable,FL/120 ml,IBUPROFEN,OPALIA PHARMA,Tunisie,9023642,2009-01-22,Générique
PAMIDOS,15 mg,Pdre p.prep.injectable,B/1FL+amp.Solv/5ml,PAMIDRONATE,LES LABORATOIRES MEDIS,Tunisie,9233601H,2010-06-16,Générique
PAMIDOS,90 mg,Pdre p.prep.injectable,B/1FL+Amp solv/10ml,PAMIDRONATE,LES LABORATOIRES MEDIS,Tunisie,9233602H,2010-06-16,Générique
PAMINTU,10 mg/ml,Solution injectable,B/1 ampoule/5ml,SULFATE DE PROTAMINE,Koçsel ilaç Sanayi ve Tic.A.S,TURQUIE,24813011,2023-08-24,Générique
PANADOL RHUME ET GRIPPE,,Comprimé pelliculé,B/16,PARACETAMOL+PHENYLEPHRINE+CAFEINE,TERIAK,Tunisie,9253801,2014-09-01,Princeps
PANSORAL,,Gel buccal,TUBE/15 gr,SALICYLATE DE CHOLINE,SIMED,Tunisie,9083641,2015-07-29,Princeps
PANTONIX,40 MG,Pdre p.prep.injectable,B/1FLACON,PANTOPRAZOLE,JULPHAR,Emirats Arabes Unis,7473223H,2022-01-04,Générique
PANTONIX,40mg,Comprimé gastro-résistant,B/30,PANTOPRAZOLE,JULPHAR,Emirats Arabes Unis,7473222,2020-01-23,Générique
PANTONIX,20 mg,Comprimé gastro-résistant,B/30,PANTOPRAZOLE,JULPHAR,Emirats Arabes Unis,7473221,2020-01-23,Générique
PARAC INFO,10mg/ml,Solution injectable pour perfusion,POCHE DE 100ML,PARACETAMOL,INFOMED Pharma,Tunisie,9193152,2016-05-09,Générique
PARAC INFO,10mg/ml,Solution injectable pour perfusion,POCHE DE 50ML,PARACETAMOL,INFOMED Pharma,Tunisie,9193151,2016-05-09,Générique
PARACETYL ADULTES,6.5%,Suspension buvable,FL/125 ml,PARACETAMOL,PHARMADERM,Tunisie,9053291,2017-04-28,Générique
PARACETYL PEDIATRIQUE,3%,Solution buvable,FL/90 ML,PARACETAMOL,PHARMADERM,Tunisie,9053122,1997-06-25,Générique
PARAGRIPPE,,Comprimé,B/60,PRODUITS HOMEOPATHIQUES,BOIRON,FRANCE,6873082,1990-06-16,Princeps
PARALVIT ADULTES,600 MG,Suppositoire,B/10,PARACETAMOL,IPS (Industrie Pharmaceutique Said),Tunisie,9273074,2006-12-15,Générique
PARALVIT PEDIATRIQUE,3%,Solution buvable,FL/90 ML,PARACETAMOL,IPS (Industrie Pharmaceutique Said),Tunisie,9273061,2006-12-15,Générique
PARALVIT VITAMINE C,,Comprimé effervescent,B/2Tubes/10,PARACETAMOL+VITAMINE C,IPS (Industrie Pharmaceutique Said),Tunisie,9273051,2006-12-15,Générique
PARTOBULIN SDF 1250 UI,250 mcg/ml,Solution injectable,B/1ser/1ml,IMMUNOGLOBULINE HUMAINE ANTI D,BAXTER AG Autriche,AUTRICHE,10623011,2008-07-15,Princeps
PAXELADINE,0.2 %,Sirop,FL/125 ML,OXELADINE,TERIAK,Tunisie,9143031,1996-12-27,Princeps
PAXETIN,20 mg,Comprimé pelliculé sécable,B/30,PAROXETINE,ACTAVIS Group PTC ehf,Islande,10243061,2010-08-11,Générique
PAXLOVID,150 mg/100 mg,Comprimé pelliculé,B/30,PF-07321332 - RITONAVIR,PFIZER Limited UK,Rayaume uni,8063191EP,2022-03-22,Princeps
PECTO 6 ADULTES,,Sirop,FL/180 ML,CODEINE+CODETHYLINE+ESPECES PECTORALES,SIMED,Tunisie,9083081,1994-03-30,Générique
PECTO 6 ENFANTS,,Sirop,FL/150 ML,CODEINE+ESPECES PECTORALES,SIMED,Tunisie,9083082,1994-03-30,Générique
PECTO 6 NOURRISSON,,Sirop,FL/125 ML,SODIUM BENZOATE+SODIUM BROMURE+THIOCOLOR,SIMED,Tunisie,9083083,1993-07-09,Générique
PECTOLYSE ADULTE SANS SUCRE,0.3 %,Sirop,FL/125 ML,DEXTROMETHORPHANE,GALPHARMA,Tunisie,9223303,2018-02-22,Générique
PECTOLYSE ADULTES,0.3%,Sirop,FL/125 ML,DEXTROMETHORPHANE,GALPHARMA,Tunisie,9223302,2013-05-20,Générique
PECTOLYSE ENFANT,0.1%,Sirop,FL/125 ML,DEXTROMETHORPHANE,GALPHARMA,Tunisie,9223301,2011-06-01,Générique
PECTORAL ADULTE,,Sirop,Fl/200 ml,CODEINE,SIPHAT,Tunisie,9003751,2003-03-27,Générique
PECTORAL ADULTE SANS SUCRE,,Solution buvable,Fl/200 ml,CODEINE,SIPHAT,Tunisie,9003754,2016-03-17,Générique
PECTORAL ENFANT,,Sirop,FL/200 ML,CODEINE+ESPECES PECTORALES,SIPHAT,Tunisie,9003752,2002-06-19,Générique
PECTORAL ENFANT,,Sirop,FL/125 ml,CODEINE+ESPECES PECTORALES,SIPHAT,Tunisie,9003753,2015-01-27,Générique
PEMETREXED FRESENIUS KABI,500 mg,Poudre pour solution pour perfusion,B/1FLACON,PEMETREXED,FRESENIUS KABI ONCOLOGY PLC,Rayaume uni,13923062H,2021-08-16,Générique
PEMETREXED FRESENIUS KABI,100 mg,Poudre pour solution pour perfusion,B/1FLACON,PEMETREXED,FRESENIUS KABI ONCOLOGY PLC,Rayaume uni,13923061H,2021-08-16,Générique
PEMETREXED NEAPOLIS,500 mg,Pdre p.prep.injectable,B/1Flacon,PEMETREXED,NEAPOLIS PHARMA,Tunisie,9393072H,2019-03-18,Générique
PEMETREXED NEAPOLIS,100 mg,Pdre p.prep.injectable,B/1Flacon/10 ml,PEMETREXED,NEAPOLIS PHARMA,Tunisie,9393071H,2019-03-18,Générique
PEMITRA,500 mg,Pdre p.prep.injectable,B/1FLACON,PEMETREXED,HIKMA Pharmaceuticals Co Ltd,JORDANIE,6653791H,2023-09-05,Générique
PENAMOX 500,500 MG,Granulés pour suspension buvable,FL/100 ML,AMOXICILLINE,MEDICEF,Tunisie,9183029,2000-09-05,Générique
PENI G PANPHARMA,5 MU,Pdre p.prep.injectable,B/25 Sans solvant,BENZYLPENICILLINE,PANPHARMA,FRANCE,7233074H,2003-08-25,Générique
PENI G PANPHARMA,1 MU,Pdre p.prep.injectable,B/25 Sans solvant,BENZYLPENICILLINE,PANPHARMA,FRANCE,7233073,2003-08-25,Générique
PENI-V,1000 000 UI,Comprimé pelliculé sécable,B/12,PHENOXYMETHYLPENICILLINE,SAIPH,Tunisie,9163661,2007-12-24,Générique
PENICILLINE G,5 MU,Pdre p.prep.injectable,B/10 Sans solvant,BENZYLPENICILLINE,BALKANPHARMA-RAZGRAD AD,BULGARIE,4663021,2000-09-04,Générique
PENICILLINE G,1 MUI,Pdre p.prep.injectable,B/10 sans solvant,BENZYLPENICILLINE,BALKANPHARMA-RAZGRAD AD,BULGARIE,4663022,2000-09-02,Générique
PENICILLINE G SODIQUE,5 MUI,Pdre p.prep.injectable,B/50 Fl sans solvants,BENZYLPENICILLINE,ANTIBIOTICE S.A,ROMANIE,4223012H,2001-01-20,Générique
PENICILLINE G SODIQUE,1 MUI,Pdre p.prep.injectable,B/50 Fl sans solvants,BENZYLPENICILLINE,ANTIBIOTICE S.A,ROMANIE,4223012,2001-01-20,Générique
PENTASA XTEND,2 g,Granulés à libération prolongée,B/60 Sachets,MESALAZINE,FERRING GmbH,Allemagne,5523027,2016-06-12,Princeps
PENTAXIM,,Suspension injectable,B/1fl+ ser-pré-remplie/0.5 ml,VACCIN D+T+C+P+HIB,SANOFI Winthrop Industrie.,FRANCE,11513111,2025-06-18,Princeps
PENTAXIM,,Suspension injectable,B/1fl+ ser-pré-remplie/0.5 ml,VACCIN D+T+C+P+HIB,SANOFI PASTEUR SA,FRANCE,12063051,2011-07-15,Princeps
PERGOVERIS,150 UI/75 UI,Pdre p.prep.injectable,B/1fl de lyoph.+1fl solv/1ml,FSH+LH,MERCK EUROPE B.V,HOLLANDE,22073081,2022-08-09,Princeps
PERIKABIVEN 1000,900 Kcal,Emulsion injectable,Poches tricompartimentées suremballées de 1400ml B/4,ACIDES AMINES+GLUCOSE+LIPIDES,FRESENIUS KABI FRANCE,FRANCE,3153057H,2011-04-18,Princeps
PERIKABIVEN 1400,1200 Kcal,Emulsion injectable,"Poches tricompartimentées suremballées de 1920ml, B/4",ACIDES AMINES+GLUCOSE+LIPIDES,FRESENIUS KABI FRANCE,FRANCE,3153058H,2011-04-19,Princeps
PERIKABIVEN 1500,1500 Kcal,Emulsion injectable,"Poches tricompartimentées suremballées de 2400ml, B/1",ACIDES AMINES+GLUCOSE+LIPIDES,FRESENIUS KABI FRANCE,FRANCE,3153059H,2011-04-14,Princeps
PERILAX,,Solution buvable,FL/200 ML,LACTULOSE,PHARMADERM,Tunisie,9053261,2016-01-27,Générique
PERILAX,66.5 %,Solution buvable,FL/120ML,LACTULOSE,PHARMADERM,Tunisie,9053262,2021-10-08,Générique
PERINDO-PRIL,8 mg,Comprimé sécable,B/30,PERINDOPRIL,ALLIANCE PHARMA,Tunisie,9303092,2012-05-16,Générique
PERINDO-PRIL,4 mg,Comprimé sécable,B/30,PERINDOPRIL,ALLIANCE PHARMA,Tunisie,9303091,2012-05-16,Générique
PERINDOMIDE,4 mg/1.25 mg,Comprimé,B/30,INDAPAMIDE+PERINDOPRIL,ALLIANCE PHARMA,Tunisie,9303141,2015-05-29,Générique
PERIOLIMEL N4E,,Emulsion injectable,B/4 poches / 2L en trois compartiments (0.4l+0.8l+0.8l),ACIDES AMINES+GLUCOSE+LIPIDES,BAXTER SA Belgique,BELGIQUE,10153047H,2017-05-16,Princeps
PERIOLIMEL N4E,,Emulsion injectable,B/4 poches/1.5l en trois compartiments (0.6l+0.6l+0.3l),ACIDES AMINES+GLUCOSE+LIPIDES,BAXTER SA Belgique,BELGIQUE,10153048H,2017-05-16,Princeps
PERJETA,420 mg,Solution injectable pour perfusion,B/1Flacon de lyophilisat/14ml,PERTUZUMAB,Roche Pharma (Schweiz) AG.,SUISSE,6993211H,2019-04-23,Princeps
PEROX EAU OXYGENEE STABILISEE CODEX,10 volumes,Solution externe,FL/120 ML,EAU OXYGENEE,PHARMAGHREB,Tunisie,9013121,1992-02-15,Générique
PEROZYL,1%,Creme dermique,T/30 GR,ECONAZOLE NITRATE,PHARMAGHREB,Tunisie,9013972,2018-03-15,Générique
PEROZYL,1%,Poudre a usage externe,FL/30 g,ECONAZOLE NITRATE,PHARMAGHREB,Tunisie,9013973,2018-06-07,Générique
PEROZYL,1%,Spray solution,B/1FL/30 GR,ECONAZOLE NITRATE,PHARMAGHREB,Tunisie,9013971,2018-03-07,Générique
PETHIDINE RENAUDIN,100mg/2ml,Solution injectable,B/10/2ml,PETHIDINE,RENAUDIN,FRANCE,7713061H,2004-01-31,Générique
PHARMATEX,18.900 mg,Capsules gynecologiques,B/6,BENZALKONIUM CHLORURE,INNOTECH INTERNATIONAL,FRANCE,1763023,2006-06-19,Princeps
PHARMATEX,2.400 GR,Crème gynécologique,T/6/4.5 GR,BENZALKONIUM CHLORURE,INNOTECH INTERNATIONAL,FRANCE,1763022,2002-04-11,Princeps
PHARMATEX,18.900 MG,Ovule,B/20,BENZALKONIUM CHLORURE,INNOTECH INTERNATIONAL,FRANCE,1763021,2002-04-11,Princeps
PHENASPIRINE 1 CG,1 CG,Suppositoire,B/100,ACIDE ACETYLSALICYLIQUE+PHENOBARBITAL,SIPHAT,Tunisie,9000302H,1999-12-31,Générique
PHENASPIRINE 1 CG,1 CG,Suppositoire,B/10,ACIDE ACETYLSALICYLIQUE+PHENOBARBITAL,SIPHAT,Tunisie,9000301,1993-03-30,Générique
PHENASPIRINE 2 CG,2 CG,Suppositoire,B/100,ACIDE ACETYLSALICYLIQUE+PHENOBARBITAL,SIPHAT,Tunisie,9000303H,2000-01-24,Générique
PHENASPIRINE 2 CG,2 CG,Suppositoire,B/10,ACIDE ACETYLSALICYLIQUE+PHENOBARBITAL,SIPHAT,Tunisie,9000302,1993-03-30,Générique
PHENERGAN,25 MG,Comprime enrobé,B/20,PROMETHAZINE,TERIAK,Tunisie,9253701,2011-07-13,Princeps
PHENERGAN,0.1%,Sirop,FL/150 ML,PROMETHAZINE,TERIAK,Tunisie,9253702,2011-07-18,Princeps
PHENOBARBITAL 50,50 MG,Comprimé sécable,B/750,PHENOBARBITAL,SIPHAT,Tunisie,9000313H,2012-12-26,Générique
PHENOBARBITAL 50,50 MG,Comprimé sécable,B/30,PHENOBARBITAL,SIPHAT,Tunisie,9000311,1993-03-30,Générique
PHENTOLEP,250 mg /5 ml,Solution injectable,B/5/5ml,PHENYTOINE,HIKMA Pharmaceuticals Co Ltd,JORDANIE,6653541H,2011-12-07,Générique
PHENYLEPHRINE AGUETTANT,50 microgrammes/ml,Solution injectable,B/10 Ampoules,PHENYLEPHRINE,LABORATOIRE AGUETTANT,FRANCE,7093351H,2024-12-27,Générique
PHILADERM,2%,Emulsion,FL/30 gr,ISOCONAZOLE,SIMED,Tunisie,9083462,2016-12-22,Générique
PHILADERM,1%,Creme dermique,T/30 gr,ISOCONAZOLE,SIMED,Tunisie,9083463,2017-04-21,Générique
PHILADERM,1%,Creme dermique,T/15 gr,ISOCONAZOLE,SIMED,Tunisie,9083461,2004-05-12,Générique
PHILAZOLE SHAMPOOING,2%,Shampooing,FL/100 ML,KETOCONAZOLE,SIMED,Tunisie,9083491,2006-10-16,Générique
PHLOROGLUCINOL VIATRIS,80 MG,Comprimé orodispersible,B/10,PHLOROGLUCINOL,VIATRIS SANTE,FRANCE,4923161,2010-04-01,Générique
PHOCYTAN,0.66 mmol/ml,Solution injectable pour perfusion,B/50/10ML,GLUCOSE-1-PHOSPHATE DISODIUM TETRAHYDRATE,LABORATOIRE AGUETTANT,FRANCE,7093013H,2018-06-21,Princeps
PHOCYTAN,0.33 mmol/ml,Solution injectable pour perfusion,B/50/20ML,PHOSPHORE,LABORATOIRE AGUETTANT,FRANCE,7093012H,2009-08-24,Princeps
PHOSPHOSODA,,Solution buvable,B/2FL/45ML,DIHYDROGENOPHOSPHATE DE SODIUM,"CASEN RECORDATI, S.L.",ESPAGNE,1323011,2014-06-12,Princeps
PHYSIOL,0.9%,Solution ophta-orl sterile et injectable,B/15F/10ML,CHLORURE DE SODIUM,UNIMED,Tunisie,9093011,1993-02-15,Générique
PHYSIOL,0.9%,Solution ophta-orl sterile et injectable,B/100/10ML,CHLORURE DE SODIUM,UNIMED,Tunisie,9093011AH,1993-03-02,Générique
PHYSIOL,0.9%,Solution ophta-orl sterile et injectable,B/10/5 ML,CHLORURE DE SODIUM,UNIMED,Tunisie,9093031,1993-10-13,Générique
PHYSIOL,0.9%,Solution ophta-orl sterile et injectable,B/100/5 ML,CHLORURE DE SODIUM,UNIMED,Tunisie,9093032H,1993-10-13,Générique
PHYSIOMYCINE,300 mg,Gélule,B/16,METACYCLINE,DEXO Laboratoires pharmaceutiques,FRANCE,12983011,2009-08-26,Princeps
PIAGTOS,30 mg,Comprimé,FL/30,PIOGLITAZONE,TERIAK,Tunisie,9253392,2009-08-22,Générique
PIAGTOS,15 MG,Comprimé,FL/30,PIOGLITAZONE,TERIAK,Tunisie,9253391,2008-06-25,Générique
PIASCLEDINE 300,300 MG,Gélule,B/30,INSAPONIFIABLE HUILE D'AVOCAT ET DE SOJA,EXPANSCIENCE,FRANCE,6133012,2018-05-04,Princeps
PIASCLEDINE 300,300 MG,Gélule,B/15,INSAPONIFIABLE HUILE D'AVOCAT ET DE SOJA,EXPANSCIENCE,FRANCE,6133011,1997-02-12,Princeps
PICOPREP,10mg /3.5g / 12g,Poudre pour solution orale,B/2 sachets,PICOSULFATE DE SODIUM+OXYDE DE MAGNÉSIUM LÉGER+ACIDE CITRIQU,FERRING ARZNEIMITTEL GmbH,Allemagne,16143021,2020-03-16,Princeps
PILO,2%,Collyre,FL/10ML,PILOCARPINE,CHAUVIN,FRANCE,5283093,2001-07-26,Princeps
PIPERACILLINE/TAZOBACTAM KABI,4GR/500MG,Poudre pour solution pour perfusion,B/10 flacons,PIPERACILLINE+TAZOBACTAM,FRESENIUS KABI FRANCE,FRANCE,3153152H,2018-06-26,Générique
PIPERACILLINE/TAZOBACTAM KABI,2GR/250MG,Poudre pour solution pour perfusion,B/10 flacons/50ML,PIPERACILLINE+TAZOBACTAM,FRESENIUS KABI FRANCE,FRANCE,3153151H,2018-06-26,Générique
PIPERACILLINE/TAZOBACTAM VIATRIS,2GR/250MG,Poudre pour solution pour perfusion,B/1flacon,PIPERACILLINE+TAZOBACTAM,VIATRIS SANTE,FRANCE,4923331H,2019-07-19,Générique
PIPERACILLINE/TAZOBACTAM VIATRIS,4GR/500MG,Poudre pour solution pour perfusion,B/1flacon,PIPERACILLINE+TAZOBACTAM,VIATRIS SANTE,FRANCE,4923332H,2019-07-19,Générique
PIPERAL,1 gr,Pdre p.prep.injectable,B/1flacon + solvant/5ml,PIPERACILLINE,UNIMED,Tunisie,9093631H,2009-05-04,Générique
PIPERAL,2 gr,Pdre p.prep.injectable,B/1fl + solv/10ml,PIPERACILLINE,UNIMED,Tunisie,9093632H,2008-08-12,Générique
PIPRAM FORT,400 mg,Comprime enrobé,B/10,ACIDE PIPEMIDIQUE,TERIAK,Tunisie,9253711,2011-07-15,Princeps
PIRALDENE 20,20 mg/ml,Solution injectable,B/2/1 ML,PIROXICAM,DORCAS,Tunisie,9313111,2010-12-18,Générique
PIROXICAM SIMED GEL MENTHOLE,0.5%,Gel dermique,T/50 GR,PIROXICAM,SIMED,Tunisie,9083501,2006-12-28,Générique
PLANICID,400 mg,Poudre pour solution injectable,B/1FL poudre + 1 ampoule solvant,TEICOPLANINE,Centurion ilaç Sanayi ve ticaret A.S,TURQUIE,24733022H,2025-10-09,Générique
PLANICID,200 mg,Poudre pour solution injectable,B/1FL poudre + 1 ampoule solvant,TEICOPLANINE,Centurion ilaç Sanayi ve ticaret A.S,TURQUIE,24733021H,2025-10-09,Générique
PLASMION,3%,Solution injectable pour perfusion,20 Poches de 500ml /Carton,GELATINE FLUIDE MODIFIEE,FRESENIUS KABI FRANCE,FRANCE,3153012H,2013-09-25,Princeps
PLEGRIDY,94µg/0.5 ml-63µg/0.6 ml,Solution injectable,B/2stylos/0.5 ml (1 de chaque dosage),PEGINTERFERON BETA-1A,BIOGEN NETHERLANDS B.V.,HOLLANDE,28763021H,2025-12-18,Princeps
PLEGRIDY,125µg/0.5 ml,Solution injectable,B/2stylos/0.5 ml,PEGINTERFERON BETA-1A,BIOGEN NETHERLANDS B.V.,HOLLANDE,28763022H,2025-12-18,Princeps
PLERIXAFOR NEAPOLIS,20 mg/ml,Solution injectable,B/1FL 1.2 ml,PLERIXAFOR,NEAPOLIS PHARMA,Tunisie,9393261H,2023-07-27,Générique
PMS FLUOXETINE,20 MG,Gélule,FL/100,FLUOXETINE,PHARMASCIENCE INC CANADA,Canada,2903071,2004-12-06,Générique
PMS-BORTEZOMIB,3.5 mg,Pdre p.prep.injectable,B/1 flacon,BORTEZOMIB,PHARMASCIENCE INC CANADA,Canada,2903141H,2024-07-12,Générique
PMS-BOSENTAN,62.5 mg,Comprimé,B/60 cp,BOSENTAN (MONOHYDRATE),PHARMASCIENCE INC CANADA,Canada,2903111,2016-11-24,Générique
PMS-BOSENTAN,125 mg,Comprimé,B/60 cp,BOSENTAN (MONOHYDRATE),PHARMASCIENCE INC CANADA,Canada,2903112,2016-11-24,Générique
PMS-CHOLESTYRAMINE,4 GR,Poudre pour suspension orale,B/30 sachets,CHOLESTYRAMINE,PHARMASCIENCE INC CANADA,Canada,2903081,2010-02-24,Générique
PMS-DEXAMETHASONE,4 mg,Comprimé,FL/100,DEXAMETHASONE,PHARMASCIENCE INC CANADA,Canada,2903091,2010-04-12,Générique
PMS-ENTECAVIR,1 mg,Comprimé,FL/30,ENTECAVIR,PHARMASCIENCE INC CANADA,Canada,2903122H,2017-06-16,Générique
PMS-ENTECAVIR,0.5 mg,Comprimé,FL/30,ENTECAVIR,PHARMASCIENCE INC CANADA,Canada,2903121H,2017-06-16,Générique
PMS-METOPROLOL L,100 mg,Comprime enrobe secable,FL/100,METOPROLOL,PHARMASCIENCE INC CANADA,Canada,2903061,2009-07-01,Princeps
PMS-ONDANSETRON,8 mg,Comprimé pelliculé,FL/30,ONDANSETRONE,PHARMASCIENCE INC CANADA,Canada,2903032,2009-07-01,Générique
PNEUMOVAX 23,,Solution injectable,B/1 Seringue pré-remplie/0.5ml,VACCIN PNEUMOCOCCIQUE,Merck Sharp & Dohme LLC,Etats Unis d'Amérique,13713011,2022-06-24,Princeps
POLERY ADULTES,,Sirop,FL/ 200 ML,CODEINE+ERYSIMUM,PIERRE FABRE MEDICAMENT PRODUCTION TUNISIE,Tunisie,ST9323071,2011-06-02,Générique
POLERY ENFANT,,Sirop,FL/ 125 ML,PHOLCODINE+ERYSIMUM,PIERRE FABRE MEDICAMENT PRODUCTION TUNISIE,Tunisie,ST9323072,2011-07-15,Princeps
POLYGYNAX,,Capsules gynecologiques,B/6,NEOMYCINE+NYSTATINE+POLYMYXINE B,INNOTECH INTERNATIONAL,FRANCE,1763031,2002-04-11,Princeps
POLYONIQUE G 5% MACOPHARMA,,Solution injectable pour perfusion,Pôche/ 500ml,GLUCOSE+CHLORURE DE SODIUM+CHLORURE DE POTASSIUM,MACO PHARMA S.A,FRANCE,10773011,2009-03-03,Générique
POMMADE ARNICA TM 4%,40 MG,Pommade dermique,T/20 GR,ARNICA TM,BOIRON,FRANCE,6873531,1994-05-04,Générique
POVIDEX,5%,SUPPOSITOIRE VAGINAL,B/12+ Applicateur,POVIDONE IODEE,BEIT JALA Pharmaceutical Co,PALESTINE,13453051,2024-03-04,Générique
POVIDONE IODEE MYLAN,10%,Solution externe,FL/125 ML,POLYVIDONE IODEE,MYLAN S.A.S,FRANCE,4923081,2001-05-07,Générique
POVIDONE IODEE MYLAN,10%,Solution externe,FL/500 ML,POLYVIDONE IODEE,MYLAN S.A.S,FRANCE,4923082,2001-05-07,Générique
PRADIS FORT ADULTES,0.4%,Gouttes buvables,FL/30 ML,METOCLOPRAMIDE,OPALIA PHARMA,Tunisie,9023402,1998-04-11,Générique
PRAMIDYL PER OS,0.1%,Solution buvable,FL/200 ml,METOCLOPRAMIDE,DORCAS,Tunisie,9313051,2010-04-01,Générique
PRAVASTATIN,20 mg,Comprimé,B/30,PRAVASTATINE,UNIPHARM S.A,BULGARIE,10543011,2007-08-27,Générique
PRAVASTATINE SANOFI,20 MG,Comprimé sécable,B/28,PRAVASTATINE,WINTHROP PHARMA TUNISIE,Tunisie,9103681,2009-05-29,Générique
PREPIDIL GEL STERILE INTRACERVICAL,0.500 MG/2.5ML,Gel vaginal,SER/2.5 ML+ cathéter,DINOPROSTONE,PFIZER HOLDING FRANCE,FRANCE,4133011H,2000-12-21,Princeps
PREVENAR 13,,Suspension injectable,B/1seringue pré-remplie/0.5ml,VACCIN PNEUMOCOCCIQUE,PFIZER Europe MA EEIG,BELGIQUE,8013081,2020-08-07,Princeps
PREVOC,250 MG,Comprimé pelliculé,B/20,TICLOPIDINE,ADVANCED PHARMACEUTICAL IND.,JORDANIE,4213041,2004-12-01,Générique
PRIFAL ENFANT,,Solution buvable,FL/50 ml,PRIFINIUM,TERIAK,Tunisie,9254151,2019-05-02,Générique
PRILIGY,60 mg,Comprimé pelliculé,B/3,DAPOXETINE,MENARINI Ind.Farmaceutiche Internazionale SRL,ITALIE,7503061,2022-06-17,Princeps
PRILIGY,30 mg,Comprimé pelliculé,B/3,DAPOXETINE,MENARINI Ind.Farmaceutiche Internazionale SRL,ITALIE,7053062,2022-06-17,Princeps
PRILOCALM,5%,Creme dermique,T/30G,LIDOCAINE+PRILOCAINE,GALPHARMA,Tunisie,9223681,2023-05-03,Générique
PRIMACAINE ADRÉNALINE,1/100000,Solution injectable,B/50 cartouches,ARTICAINE+ADRENALINE,PIERRE ROLLAND,FRANCE,8163061,2001-12-11,Princeps
PRIMACAINE ADRÉNALINE,1/200000,Solution injectable,B/50 cartouches,ARTICAINE+ADRENALINE,PIERRE ROLLAND,FRANCE,8163062,2001-07-14,Princeps
PRIMAGAL,500 mg/500 mg,Poudre pour solution injectable,B/1Flacon/20 ml,IMIPENEM+CILASTATINE,DEMO SA,GRECE,6855111H,2017-07-18,Générique
PRIMAGAL,500 mg/500 mg,Poudre pour solution injectable,B/10 Flacon/20 ml,IMIPENEM+CILASTATINE,DEMO SA,GRECE,6855112H,2025-05-27,Générique
PRIMALAN FORT.,10 mg,Comprimé sécable,B/14,MEQUITAZINE,PIERRE FABRE MEDICAMENT PRODUCTION TUNISIE,Tunisie,9323203,2021-05-31,Princeps
PRIMALAN FORT.,10 MG,Comprimé sécable,B/15,MEQUITAZINE,ADWYA,Tunisie,9043113,2001-06-06,Princeps
PRIORIX,,Pdre p.prep.injectable,B/1FL+SER/0.5ml+2 Aiguilles,VACCIN R+O+RU,Glaxo Smith KLine Biologicals S.A (RIXENSART),BELGIQUE,7063111,2000-08-30,Princeps
PRIVIGEN (10 GR),10%,Solution injectable pour perfusion,FL/100 ml,IMMUNOGLOBULINE HUMAINE POLYVALENTE,CSL Behring AG,SUISSE,13813023H,2012-07-03,Princeps
PRIVIGEN (2.5GR),10%,Solution injectable pour perfusion,FL/25 ml,IMMUNOGLOBULINE HUMAINE POLYVALENTE,CSL Behring AG,SUISSE,13813021H,2012-07-03,Princeps
PRIVIGEN (5 GR),10%,Solution injectable pour perfusion,FL/50 ml,IMMUNOGLOBULINE HUMAINE POLYVALENTE,CSL Behring AG,SUISSE,13813022H,2012-07-03,Princeps
PRIZMA,4 gr/500 mg,Pdre p.prep.injectable,B/1flacon,PIPERACILLINE+TAZOBACTAM,HIKMA Pharmaceuticals Co Ltd,JORDANIE,6653521H,2011-07-13,Générique
PRIZMA,2 gr/250 mg,Pdre p.prep.injectable,B/1flacon,PIPERACILLINE+TAZOBACTAM,HIKMA Pharmaceuticals Co Ltd,JORDANIE,6653522H,2015-05-08,Générique
PROCTOHEAL,,Pommade rectale,T/15 GR,BISMUTH+FLUOCINOLONE+LIDOCAINE,Dar Al Dawa Development and Investment Co.Ltd,JORDANIE,5403231,1995-03-22,Générique
PRODUITS HOMEOPATHIQUES UNITAIRES,,Doses homeopathiques,,PRODUITS HOMEOPATHIQUES,LEHNING,FRANCE,7053071,2006-06-09,Princeps
PROGESTAN,200 mg,Capsule molle,B/15,PROGESTERONE,BESINS INTERNATIONAL,FRANCE,5173072,2020-08-25,Princeps
PROGESTAN,100 mg,Capsule molle,B/30,PROGESTERONE,BESINS INTERNATIONAL,FRANCE,5173071,2020-08-25,Princeps
PROGESTERONE MYLAN,100 MG,Capsule molle,B/30,PROGESTERONE,MYLAN S.A.S,FRANCE,4923171,2010-07-20,Générique
PROGESTERONE RETARD PHARLON,500 MG,Solution injectable,B/3/2 ML,PROGESTERONE,BAYER HEALTHCARE SAS.FRANCE,FRANCE,5123061,2010-11-25,Princeps
PROGESTOGEL,1%,Gel dermique,T/80GR,PROGESTERONE,BESINS INTERNATIONAL,FRANCE,5170031,1997-04-03,Princeps
PROGRAF,1 mg,Gélule,B/100,TACROLIMUS,HIKMA Pharmaceuticals Co Ltd,JORDANIE,6653411H,2001-08-08,Princeps
PROGRAF,5 mg,Gélule,B/100,TACROLIMUS,HIKMA Pharmaceuticals Co Ltd,JORDANIE,6653412H,2001-08-14,Princeps
PROLUTEX,25mg,Solution injectable,(S/C) B/7Flacons/1.255ml,PROGESTERONE,IBSA Institut Biochimique SA,SUISSE,13533031,2020-06-29,Princeps
PROPOFOL FRESENIUS,10mg/ml,Emulsion injectable,B/10FL/50ML,PROPOFOL,FRESENIUS KABI FRANCE,FRANCE,3153022H,2008-07-15,Générique
PROPOFOL FRESENIUS,10mg/ml,Emulsion injectable,B/5 AMP/20ML,PROPOFOL,FRESENIUS KABI FRANCE,FRANCE,3153021H,2008-07-15,Générique
PROPOFOL FRESENIUS,1%,Emulsion injectable,B/10 FL/100ML,PROPOFOL,FRESENIUS KABI FRANCE,FRANCE,3153023H,2009-06-27,Générique
PROPOFOL KABI 10MG/ML,10 MG/ML,Emulsion injectable pour perfusion,B/5/20 ML,PROPOFOL,FRESENIUS KABI FRANCE,FRANCE,3153221H,2023-07-28,Générique
PROPOFOL KABI 10MG/ML,10 MG/ML,Emulsion injectable pour perfusion,B/10/FL/50 ML,PROPOFOL,FRESENIUS KABI FRANCE,FRANCE,3153222H,2023-07-28,Générique
PROPOFOL-LIPURO 1%,10 mg/ml,Emulsion injectable,B/1Fl/50ml,PROPOFOL,B.BRAUN Melsungen AG,Allemagne,7353031H,2008-12-16,Générique
PROPOFOL-LIPURO 1%,10 mg/ml,Emulsion injectable,B/5amp/20ml,PROPOFOL,B.BRAUN Melsungen AG,Allemagne,7353032H,2008-12-16,Générique
PROSCAN,350 mg /ml,Solution injectable,B/1FL/50ml,IOHEXOL,STERIPHARM,Tunisie,9443232H,2025-03-03,Générique
PROSCAN,350 mg /ml,Solution injectable,B/1FL/100ml,IOHEXOL,STERIPHARM,Tunisie,9443233H,2025-03-03,Générique
PROSCAN,300 mg/ml,Solution injectable,B/1 FL/100ML,IOHEXOL,STERIPHARM,Tunisie,9443231H,2025-03-03,Générique
PROSPAN,0.7 gr,Sirop,FL/100ML,EXTRAIT SEC DE FEUILLE DE LIERRE,IBN AL BAYTAR,Tunisie,ST9073711,2020-09-21,Princeps
PROSTAM L.P,0.4 mg,Gélule à libération prolongée,B/90,TAMSULOSINE,ADWYA,Tunisie,9043852,2021-01-12,Générique
PROSTAM L.P.,0.4 mg,Gélule à libération prolongée,B/30,TAMSULOSINE,ADWYA,Tunisie,9043851,2006-02-16,Générique
PROTEKTOR 50,50 mg,Poudre pour solution pour perfusion,B/10Flacons,FOLINATE DE CALCIUM,LES LABORATOIRES MEDIS,Tunisie,9234081H,2022-04-27,Générique
PROTEKTOR200,200 mg,Poudre pour solution pour perfusion,B/1Flacon,FOLINATE DE CALCIUM,LES LABORATOIRES MEDIS,Tunisie,9234082H,2022-04-27,Générique
PROTHROMPLEX TOTAL 600 I.U.,,Pdre p.prep.injectable,B/1FL+S/20ML,FACTEUR IX II VII X,Takeda Manufacturing Austria AG,Australie,10623051H,2010-11-24,Princeps
PROTOPIC,0.03 %,Pommade dermique,T/ 30g,TACROLIMUS,LEO PHARMA A/S,Denemark,5823102,2019-08-22,Princeps
PROTOPIC,0.1 %,Pommade dermique,T/ 30g,TACROLIMUS,LEO PHARMA A/S,Denemark,5823101,2019-08-22,Princeps
PROVISC,10mg/ml,Solution intra-oculaire,B/1 ser/0.85 ml,HYALURONATE DE SODIUM,ALCON FRANCE,FRANCE,6643171H,2007-12-31,Princeps
PROXIDA,200 µG/2ml,Solution injectable pour perfusion,B/1FL,DEXMEDETOMINE,HIKMA Pharmaceuticals Co Ltd,JORDANIE,6653821H,2024-01-09,Générique
PRUREX,10%,Creme dermique,T/40 GR,CROTAMITON,OPALIA PHARMA,Tunisie,9023251,1995-06-01,Générique
PSODERM,50 µg/g,Creme dermique,T/30gr,CALCIPOTRIOL,PHARMAGHREB,Tunisie,9014091,2019-12-31,Générique
PSORIS,0.05 %,Shampooing,B/1Fl/125ML,CLOBETASOL,SIMED,Tunisie,9083811,2022-07-08,Générique
PULMOSERUM,,Solution buvable,FL/200 ML,CODEINE+GAIACOL,BAILLY-CREAT,FRANCE,5020011,1992-12-02,Princeps
PURINETHOL,50 mg,Comprimé sécable,flacon/25,MERCAPTOPURINE,ASPEN PHARMA TRADING Limited,Irelande,15493011,2014-05-27,Princeps
PURINOL 100,100 MG,Comprimé sécable,B/30,ALLOPURINOL,IBN AL BAYTAR,Tunisie,9073042,1992-07-13,Générique
PURINOL 300,300 MG,Comprimé sécable,B/50,ALLOPURINOL,IBN AL BAYTAR,Tunisie,9073041,1992-06-03,Générique
PYLERA,140mg/125mg/125mg,Gélule,B/120 Gélule,BISMUTH +METRONIDAZOLE+TETRACYCLINE,Allergan Sales LLC,Etats Unis d'Amérique,15373011,2023-08-08,Princeps
PYOREX,,Pate dentaire,T/90 GR,ETHACRIDINE,BAILLY-CREAT,FRANCE,5023031,2003-07-31,Princeps
PYRAZINAMIDE,500 mg,Comprimé,B/1500,PYRAZINAMIDE,ANTIBIOTICE S.A,ROMANIE,4223051H,2012-05-14,Générique
PYRIMAG,,Solution buvable,B/20 sachets doses/10 ML,MAGNESIUM+VITAMINE B6,OPALIA PHARMA,Tunisie,9023473,2018-10-11,Générique
QUETAP 25,25 mg,Comprimé pelliculé,B/14,QUETIAPINE,PHILADELPHIA PHARMA,Tunisie,9353159,2017-05-23,Générique
QUIETUDE,,Sirop,FL/200 ML,PRODUITS HOMEOPATHIQUES,BOIRON,FRANCE,6873551,2002-05-11,Princeps
R.LENS,,Solution externe,FL/250 ML,CHLORHEXIDINE+THIMEROSAL,OPALIA PHARMA,Tunisie,9023032,2001-01-22,Générique
RABIPUR,,Pdre p.prep.injectable,B/1FL+ amp sol + ser/2ML,VACCIN ANTIRABIQUE,CHIRON BEHRING VACCINES Ltd,Inde,1363011H,2001-11-27,Princeps
RAFOREX,12 µg,Suspension pour inhalation,FL/100 doses,FORMOTEROL,BERG LIFE SCIENCES,Tunisie,9283031,2009-01-03,Générique
RAMITEC,2.50 mg,Comprimé sécable,B/30,RAMIPRIL,SIPHAT,Tunisie,9003961,2014-03-19,Générique
RAMITEC,5 mg,Comprimé sécable,B/30,RAMIPRIL,SIPHAT,Tunisie,9003962,2014-03-19,Générique
RAMITEC,10 mg,Comprimé sécable,B/30,RAMIPRIL,SIPHAT,Tunisie,9003963,2014-03-19,Générique
RAMITEC,5 mg,Comprimé sécable,B/500,RAMIPRIL,SIPHAT,Tunisie,9003964H,2015-07-29,Générique
RANEXA,500 mg,Comprimé à libération prolongée,B/60,RANOLAZINE,Menarini International Operation Luxembourg S.A,LUXEMBOURG,15463031,2022-06-17,Princeps
RANEXA,750 mg,Comprimé à libération prolongée,B/60,RANOLAZINE,Menarini International Operation Luxembourg S.A,LUXEMBOURG,15463032,2022-06-17,Princeps
RANEXA,375 mg,Comprimé à libération prolongée,B/60,RANOLAZINE,Menarini International Operation Luxembourg S.A,LUXEMBOURG,15463033,2025-08-07,Princeps
RANITIDINE SIMED,75 mg/5 ml,Sirop,Fl/150 ml,RANITIDINE,SIMED,Tunisie,9083471,2004-06-29,Générique
RANYDYS,50mg/2ml,Solution injectable,B/5/2 ML,RANITIDINE,LES LABORATOIRES MEDIS,Tunisie,9234011,2019-03-18,Générique
RANYDYS,50mg/2ml,Solution injectable,B/50/2 ML,RANITIDINE,LES LABORATOIRES MEDIS,Tunisie,9234012H,2019-03-18,Générique
RAPAMUNE,1mg,Comprime enrobé,B/30,SIROLIMUS,PFIZER Europe MA EEIG,BELGIQUE,8013131H,2020-12-23,Princeps
RAPIFEN,1 mg (0.5mg/ml),Solution injectable,B/5/2 ML,ALFENTANIL,Piramal Critical Care B.V.,HOLLANDE,23693041H,2021-11-19,Princeps
RAPIFEN,1 mg/2ml,Solution injectable,B/5/2 ML,ALFENTANIL,JANSSEN-CILAG,FRANCE,5743061H,1991-03-13,Princeps
REAGILA,4.5 mg,Gélule,B/30,CHLORHYDRATE DE CARIPRAZINE,GEDEON RICHTER,HONGRIE,6673133,2023-02-09,Princeps
REAGILA,6 mg,Gélule,B/30,CHLORHYDRATE DE CARIPRAZINE,GEDEON RICHTER,HONGRIE,6673134,2023-02-09,Princeps
REAGILA,3 mg,Gélule,B/30,CHLORHYDRATE DE CARIPRAZINE,GEDEON RICHTER,HONGRIE,6673132,2023-02-09,Princeps
REAGILA,1.5 mg,Gélule,B/30,CHLORHYDRATE DE CARIPRAZINE,GEDEON RICHTER,HONGRIE,6673131,2023-02-09,Princeps
REBIF,22 µg/0.5 ml,Solution injectable,B/4 cartouches/1.5 ml,INTERFERON BETA-1A,MERCK SERONO EUROPE Limited UK,Rayaume uni,6363054H,2011-01-19,Princeps
REBIF,44 µg/0.5 ml,Solution injectable,B/4 cartouches/1.5 ml,INTERFERON BETA-1A,MERCK SERONO EUROPE Limited UK,Rayaume uni,6363055H,2011-01-19,Princeps
REBIF,22 µg/0.5 ml,Solution injectable,B/4 cartouches/1.5 ml,INTERFERON BETA-1A,MERCK EUROPE B.V,HOLLANDE,22073033H,2021-06-09,Princeps
REBIF,12 MUI/0.5 ml,Solution injectable,B/12 seringues/0.5ML,INTERFERON BETA-1A,MERCK EUROPE B.V,HOLLANDE,22073032H,2021-03-30,Princeps
REBIF,44 µg/0.5 ml,Solution injectable,B/4 cartouches/1.5 ml,INTERFERON BETA-1A,MERCK EUROPE B.V,HOLLANDE,22073034H,2021-06-09,Princeps
REBIF 22 µG,6 MUI,Solution injectable,B/12 seringues/0.5ML,INTERFERON BETA-1A,MERCK EUROPE B.V,HOLLANDE,22073031H,2021-03-30,Princeps
REDDITUX,100 mg/10 ml,Solution injectable pour perfusion,B/1FL/10 ml,RITUXIMAB,Dr Reddy's Laboratories Ltd Biologics,Inde,20063011H,2022-04-05,Biosimilaire
REDDITUX,500 mg/50ml,Solution injectable pour perfusion,B/1FL/50 ml,RITUXIMAB,Dr Reddy's Laboratories Ltd Biologics,Inde,20063012H,2022-04-05,Biosimilaire
REDULIP 20,20 mg,Comprimé pelliculé sécable,B/90,SIMVASTATINE,PHARMAGHREB,Tunisie,9013524,2011-11-08,Générique
REDULIP 40,40 mg,Comprimé pelliculé sécable,B/90,SIMVASTATINE,PHARMAGHREB,Tunisie,9013523,2011-11-04,Générique
REDUPAR,100 mg,Comprimé pelliculé sécable,B/3,LEFLUNOMIDE,LES LABORATOIRES MEDIS,Tunisie,9233513,2008-08-06,Générique
REDUPAR,10 mg,Comprimé pelliculé sécable,B/30,LEFLUNOMIDE,LES LABORATOIRES MEDIS,Tunisie,9233511,2008-08-06,Générique
REDUPAR,20 mg,Comprimé pelliculé sécable,B/30,LEFLUNOMIDE,LES LABORATOIRES MEDIS,Tunisie,9233512,2008-08-06,Générique
REFACTO AF,250 UI,Pdre p.prep.injectable,B/1 fl+ ser/4ml,FACTEUR VIII,PFIZER Europe MA EEIG,BELGIQUE,8013142H,2021-06-29,Princeps
REFACTO AF,500 UI,Pdre p.prep.injectable,B/1 fl+ ser/4ml,FACTEUR VIII,PFIZER Europe MA EEIG,BELGIQUE,8013141H,2021-06-29,Princeps
REFACTO AF 1000UI,1000 UI,Pdre p.prep.injectable,B/1 fl+ ser/4ml,FACTEUR VIII,PFIZER Limited UK,Rayaume uni,8063153H,2015-08-07,Princeps
REFACTO AF 1000UI,1000 UI,Pdre p.prep.injectable,B/1 fl+ ser/4ml,FACTEUR VIII,PFIZER Europe MA EEIG,BELGIQUE,8013143H,2021-07-27,Princeps
RELVAR ELLIPTA,92/22µg,Poudre pour inhalation buccale,B/ 1 Inhalateur de 30 doses,FUROATE DE FLUTICASONE/ VILANTEROL,GLAXO GROUP Ltd,Rayaume uni,2883051,2017-06-30,Princeps
RELVAR ELLIPTA,184/22 µg,Poudre pour inhalation buccale,B/ 1 Inhalateur de 30 doses,FUROATE DE FLUTICASONE/ VILANTEROL,GLAXO GROUP Ltd,Rayaume uni,2883052,2017-06-30,Princeps
REMABIRAT,500 MG,Comprimé pelliculé,B/60,ABIRATERONE,REMEDICA LTD,CHYPRE,17893032H,2025-12-31,Générique
REMABIRAT,250 MG,Comprimé pelliculé,B/120,ABIRATERONE,REMEDICA LTD,CHYPRE,17893031H,2025-09-25,Générique
REMICADE,100 mg,Pdre p.prep.injectable,B/1 Flacon,INFLIXIMAB,JANSSEN BIOLOGICS B.V,HOLLANDE,1923011H,2003-08-25,Princeps
REMIFENTANIL MEDIS,5 mg,Pdre p.prep.injectable,B/10 flacons,REMIFENTANIL,LES LABORATOIRES MEDIS,Tunisie,9233654H,2018-08-31,Générique
REMIFENTANIL MEDIS,1 mg,Pdre p.prep.injectable,B/10 flacons,REMIFENTANIL,LES LABORATOIRES MEDIS,Tunisie,9233653H,2018-08-31,Générique
REMIFENTANIL MEDIS,5 mg,Pdre p.prep.injectable,B/5 flacons,REMIFENTANIL,LES LABORATOIRES MEDIS,Tunisie,9233652H,2012-08-16,Générique
REMIFENTANIL MEDIS,1 mg,Pdre p.prep.injectable,B/5 flacons,REMIFENTANIL,LES LABORATOIRES MEDIS,Tunisie,9233651H,2012-08-16,Générique
REMIFENTANIL VIATRIS,5 mg,Pdre p.prep.injectable,B/10Flacons,REMIFENTANIL,VIATRIS SANTE,FRANCE,4923282H,2017-04-10,Générique
REMIFENTANIL VIATRIS,1 mg,Pdre p.prep.injectable,B/10 flacons,REMIFENTANIL,VIATRIS SANTE,FRANCE,4923281H,2017-04-10,Générique
REMSIMA,100 mg,Pdre p.prep.injectable,B/1 Flacon/20ml,INFLIXIMAB,HIKMA Pharmaceuticals Co Ltd,JORDANIE,6653671H,2017-07-05,Biosimilaire
RENIS,50 mg,Gélule,B/30,SUNITINIB,HIKMA Pharmaceuticals Co Ltd,JORDANIE,6653863H,2024-10-30,Générique
RENIS,25 mg,Gélule,B/30,SUNITINIB,HIKMA Pharmaceuticals Co Ltd,JORDANIE,6653862H,2024-10-30,Générique
RENIS,12.5 mg,Gélule,B/30,SUNITINIB,HIKMA Pharmaceuticals Co Ltd,JORDANIE,6653861H,2024-10-30,Générique
REVOLADE,50 mg,Comprimé pelliculé,B/28,ETROMBOPAG,NOVARTIS EUROPHARM LIMITED IRLANDE,Irelande,80833052H,2021-03-26,Princeps
REVOLADE,25 mg,Comprimé pelliculé,B/28,ETROMBOPAG,NOVARTIS EUROPHARM LIMITED IRLANDE,Irelande,20833051H,2021-03-26,Princeps
RHESONATIV,625 UI/ML,Solution injectable,B/1/2 ml,IMMUNOGLOBULINE HUMAINE ANTI D,OCTAPHARMA AB,SUEDE,2103021,2009-11-23,Princeps
RHINALLERGY,,Comprimé à sucer,B/40,PRODUITS HOMEOPATHIQUES,BOIRON,FRANCE,6873562,2010-01-14,Princeps
RHINATHIOL,2%,Sirop,FL/125ML,CARBOCISTEINE,SANOFI AVENTIS PHARMA TUNISIE,Tunisie,ST9263051,2003-09-10,Princeps
RHINATHIOL,5%,Sirop,FL/300ML,CARBOCISTEINE,SANOFI AVENTIS PHARMA TUNISIE,Tunisie,ST9263052,2003-09-10,Princeps
RHINOFEBRAL,,Gélule,B/20,PARACETAMOL+PHENIRAMINE+VITAMINE C,McNeil,FRANCE,7493081,2001-08-11,Princeps
RHINOFLU,0.2 mg/5 ml,Solution nasale,B/20 unidoses,BENZODODECINIUM,UNIMED,Tunisie,9093961,2022-03-07,Générique
RHINOFLUIMUCIL,,Solution pour pulverisation nasale,FL/10 ml,ACETYLCYSTEINE+TUAMINOHEPTANE SULFATE+CHRE BENZALKONIUM,ZAMBON FRANCE,FRANCE,2983021,2008-07-21,Princeps
RHINOSTOP,,Sirop,FL/100ML,PARACETAMOL+PSEUDOEPHEDRINE+CHLORPHENIRAMINE,SIMED,Tunisie,9083311,1999-09-21,Générique
RHINOSTOP,,Comprimé,B/20,PARACETAMOL+PSEUDOEPHEDRINE+CHLORPHENIRAMINE,SAIPH,Tunisie,9163231,2000-02-28,Générique
RHOPHYLAC,300 µg/2 ml,Solution injectable,B/1 seringue pré-remplie/ 2 ml,IMMUNOGLOBULINE HUMAINE ANTI D,CSL Behring AG,SUISSE,13813011,2011-07-27,Princeps
RHUMAGRIP,500 MG/30 MG,Comprimé sécable,B/20,PARACETAMOL+PSEUDOEPHEDRINE,GALIEN PHARMACEUTICALS,Tunisie,9423011,2019-06-19,Générique
RHUMAGRIP,,Comprimé sécable,B/20,PARACETAMOL+PSEUDOEPHEDRINE,IBN AL BAYTAR,Tunisie,9073271,2005-05-17,Générique
RHUTAGEL,2.5%,Gel dermique,T/50 GR,KETOPROFENE,WEST PHARMA,Tunisie,9293041,2007-12-25,Générique
RHUTASUPPO,100 mg,Suppositoire,B/10,KETOPROFENE,WEST PHARMA,Tunisie,9293042,2008-05-21,Générique
RHUVEX ADULTE,,Granulés pour suspension buvable,B/8 sachets,PARACETAMOL+PHENIRAMINE+VITAMINE C,TERIAK,Tunisie,9253331,2005-12-31,Générique
RHUVEX ADULTE SANS SUCRE,,Granulés pour suspension buvable,B/8 Sachets,PARACETAMOL+PHENIRAMINE+VITAMINE C,TERIAK,Tunisie,9253491,2008-10-25,Générique
RHUVEX ADULTE TOUX SECHE,0.3%,Sirop,B/1FL/150ML,DEXTROMETHORPHANE,TERIAK,Tunisie,9254072,2018-04-27,Générique
RHUVEX ENFANT,,Granulés pour suspension buvable,B/8 Sachets,PARACETAMOL+PHENIRAMINE+VITAMINE C,TERIAK,Tunisie,9253492,2008-11-26,Générique
RHUVEX ENFANTS TOUX SECHE,0.1%,Sirop,B/1FL/150ML,DEXTROMETHORPHANE,TERIAK,Tunisie,9254071,2018-04-27,Générique
RHUVEX JOUR ET NUIT,,Comprimé et Gélule,B/12 comprimés+ 4 gélules,PARACETAMOL+PSEUDOEPHEDRINE+CHLORPHENAMINE,TERIAK,Tunisie,9254111,2019-02-06,Générique
RHUVEX RHUME ET FIEVRE,,Comprimé,B/16,PARACETAMOL+PSEUDOEPHEDRINE+TRIPROLIDINE,TERIAK,Tunisie,9254131,2019-02-23,Princeps
RHUVEX VITAMINE C,50 mg/30 mg/ 250 mg,Comprimé pelliculé,B/20,PARACETAMOL+PSEUDOEPHEDRINE+VITAMINE C,TERIAK,Tunisie,9254121,2019-02-23,Générique
RIABAL,30 mg,Comprimé pelliculé,B/20,PRIFINIUM,IBN AL BAYTAR,Tunisie,9073731,2023-02-09,Princeps
RIABAL ENFANT,,Solution buvable,FL/50 ML,PRIFINIUM,TERIAK,Tunisie,9143051,2000-12-13,Princeps
RIBERYN,200 mg,Comprimé pelliculé,FL/56,RIBAVIRINE,TAHA PHARMA,Tunisie,9373111H,2016-04-12,Générique
RIBERYN,600 mg,Comprimé pelliculé,FL/56,RIBAVIRINE,TAHA PHARMA,Tunisie,9373112H,2016-04-12,Générique
RIBERYN,400 mg,Comprimé pelliculé,FL/56,RIBAVIRINE,TAHA PHARMA,Tunisie,9373114H,2017-02-21,Générique
RIBERYN,200 mg,Comprimé pelliculé,FL/168,RIBAVIRINE,TAHA PHARMA,Tunisie,9373113H,2017-02-08,Générique
RIFAMYCINE CHIBRET,1MUI pour cent,Collyre,FL/10 ML,RIFAMYCINE,THEA,FRANCE,8443051,2004-05-20,Princeps
RIFOCINE,250 MG,Solution injectable,B/1/3 ML,RIFAMYCINE,SANOFI S.r.l.,ITALIE,7630021,1994-11-11,Princeps
RILUZOL PMCS,50 mg,Comprimé pelliculé,B/56,RILUZOLE,PRO.MED.CS Praha a.s,République Tcheque,153583011,2024-03-04,Princeps
RINGER LACTATE,,Solution injectable pour perfusion,Poche/1000ML,RINGER,INFOMED Pharma,Tunisie,9193132H,2014-02-11,Générique
RINGER LACTATE,,Solution injectable pour perfusion,Poche/500ML,RINGER,INFOMED Pharma,Tunisie,9193131H,2014-02-11,Générique
RINGER LACTATE,,Solution injectable pour perfusion,FL/500 ml,RINGER,SIPHAT,Tunisie,9003711,2000-06-22,Générique
RINGER LACTATE,,Solution injectable pour perfusion,POCHE/1000ML,RINGER,INFOMED Pharma,Tunisie,9193072,2000-05-23,Générique
RINGER LACTATE,,Solution injectable pour perfusion,POCHE/500ML,RINGER,INFOMED Pharma,Tunisie,9193071,2000-05-23,Générique
RINGER LACTATE DEMO,,Solution injectable pour perfusion,FL/500 ml,RINGER,DEMO SA,GRECE,6855081H,2011-07-13,Générique
RINVOQ,15 MG,Comprimé à libération prolongée,B/28,UPADACITINIB,ABBVIE DEUTSCHLAND Gmbh and Co.KG,Allemagne,16913491H,2024-08-16,Princeps
RISDONE1,1 mg,Comprimé pelliculé,B/20,RISPERIDONE,PHARMACARE,Tunisie,9343431,2021-07-30,Générique
RISDONE2,2 mg,Comprimé pelliculé,B/20,RISPERIDONE,PHARMACARE,Tunisie,9343432,2021-07-30,Générique
RISDONE3,3 mg,Comprimé pelliculé,B/20,RISPERIDONE,PHARMACARE,Tunisie,9343433,2021-07-30,Générique
RISDONE4,4 mg,Comprimé pelliculé,B/20,RISPERIDONE,PHARMACARE,Tunisie,9343434,2021-07-30,Générique
RISOMAX,0.05%,Suspension nasale,FL/140 doses,MOMETASONE,ABDI IBRAHIM IIac San. ve Tic. A.S.,TURQUIE,3733041,2018-03-12,Générique
RISPERIDONE-TERIAK,2 MG,Comprimé pelliculé sécable,B/60,RISPERIDONE,TERIAK,Tunisie,9253551,2009-04-14,Générique
RISPERIDONE-TERIAK,2 MG,Comprimé pelliculé sécable,B/20,RISPERIDONE,TERIAK,Tunisie,9253552,2013-08-29,Générique
RITALIN,10 MG,Comprimé sécable,B/30,METHYLPHENIDATE,NOVARTIS PHARMA SCHWEIZ AG,SUISSE,10283191,2008-03-31,Princeps
RIVA,10 mg,Comprimé pelliculé,B/30,RIVAROXABAN,PHILADELPHIA PHARMA,Tunisie,9353252,2019-02-06,Générique
RIVA,10 mg,Comprimé pelliculé,B/10,RIVAROXABAN,PHILADELPHIA PHARMA,Tunisie,9353251,2019-02-06,Générique
RIVA,20 mg,Comprimé pelliculé,B/30,RIVAROXABAN,PHILADELPHIA PHARMA,Tunisie,9353256,2020-06-29,Générique
RIVA,20 mg,Comprimé pelliculé,B/10,RIVAROXABAN,PHILADELPHIA PHARMA,Tunisie,9353255,2020-06-29,Générique
RIVA,15 mg,Comprimé pelliculé,B/42,RIVAROXABAN,PHILADELPHIA PHARMA,Tunisie,9353254,2020-06-29,Générique
RIVA,15 mg,Comprimé pelliculé,B/28,RIVAROXABAN,PHILADELPHIA PHARMA,Tunisie,9353253,2020-06-29,Générique
RIVA,15 mg,Comprimé pelliculé,B/14,RIVAROXABAN,PHILADELPHIA PHARMA,Tunisie,9353257,2025-07-22,Générique
RIVAXEL,2 mg/ml,Solution buvable,Flacon/50 ml,RIVASTIGMINE,ADWYA,Tunisie,9044291,2017-02-21,Générique
RIVETAL,1.5 mg,Gélule,B/28,RIVASTIGMINE,GENEPHARM S.A,GRECE,7573091H,2017-03-16,Générique
RIVETAL,3 mg,Gélule,B/28,RIVASTIGMINE,GENEPHARM S.A,GRECE,7573092H,2017-03-16,Générique
RIVETAL,4.5 mg,Gélule,B/28,RIVASTIGMINE,GENEPHARM S.A,GRECE,7573093H,2017-03-16,Générique
RIVETAL,6 mg,Gélule,B/28,RIVASTIGMINE,GENEPHARM S.A,GRECE,7573094H,2017-06-28,Générique
ROCGEL 1.2G,,Suspension buvable,B/24 Sachets,ALUMINIUM OXYDE,SERB.SA,BELGIQUE,16383011,2015-04-23,Princeps
ROCOR10,10 mg,Comprimé pelliculé,B/30,ROSUVASTATINE,PHARMACARE,Tunisie,9343401,2021-07-27,Générique
ROCOR10,10 mg,Comprimé pelliculé,B/90,ROSUVASTATINE,PHARMACARE,Tunisie,9343403,2025-04-30,Générique
ROCOR20,20 mg,Comprimé pelliculé,B/30,ROSUVASTATINE,PHARMACARE,Tunisie,9343402,2021-07-27,Générique
ROCOR20,20 mg,Comprimé pelliculé,B/90,ROSUVASTATINE,PHARMACARE,Tunisie,9343404,2025-04-30,Générique
RODOGYL,750 mU/125mg,Comprimé pelliculé,B/20,SPIRAMYCINE+METRONIDAZOLE,WINTHROP PHARMA TUNISIE,Tunisie,9103431,2005-08-26,Princeps
ROPICAINE,2 mg/ml,Solution injectable pour perfusion,B/5 poches multicouches/200 ml,ROPIVACAINE CHLORHYDRATE,UNIMED,Tunisie,9094082H,2022-10-12,Générique
ROPICAINE,2 mg/ml,Solution injectable pour perfusion,B/5 poches multicouches/100 ml,ROPIVACAINE CHLORHYDRATE,UNIMED,Tunisie,9094081H,2022-12-28,Générique
ROPIVACAINE KABI,5 mg/ml,Solution injectable,B/5 ampoules/10 ml,ROPIVACAINE,FRESENIUS KABI FRANCE,FRANCE,3153095H,2017-01-03,Générique
ROPIVACAINE KABI,7.5 mg/ml,Solution injectable,B/5 ampoules/20 ml,ROPIVACAINE,FRESENIUS KABI FRANCE,FRANCE,3153094H,2015-12-23,Générique
ROPIVACAINE KABI,2 mg/ml,Solution injectable,B/5 ampoules/20 ml,ROPIVACAINE,FRESENIUS KABI FRANCE,FRANCE,3153091H,2015-12-23,Générique
ROPIVACAINE KABI,2 mg/ml,Solution injectable pour perfusion,B/5 poches/200 ml,ROPIVACAINE,FRESENIUS KABI FRANCE,FRANCE,3153092H,2015-12-23,Générique
ROPIVACAINE KABI,2 mg/ml,Solution injectable pour perfusion,B/5 poches/100 ml,ROPIVACAINE,FRESENIUS KABI FRANCE,FRANCE,3153093H,2015-12-23,Générique
ROPIVACAINE INFOMED,2 mg/ml,Solution injectable pour perfusion,Poches/200 ml,ROPIVACAINE,INFOMED Pharma,Tunisie,9193971H,2018-10-05,Générique
ROPIVACAINE INFOMED,2 mg/ml,Solution injectable pour perfusion,Poche/100 ml,ROPIVACAINE,INFOMED Pharma,Tunisie,9193972H,2018-12-13,Générique
ROSACNE,15 %,Gel dermique,T/30 g,ACIDE AZELAIQUE,SIMED,Tunisie,9083821,2023-05-03,Générique
ROSUVAST5,5mg,Comprimé pelliculé,FL/30,ROSUVASTATINE,TAHA PHARMA,Tunisie,9373481,2018-03-07,Générique
ROTARIX,,Suspension buvable,B/1dose/1.5ml,VACCIN INFECTION A ROTAVIRUS,Glaxo Smith KLine Biologicals S.A (RIXENSART),BELGIQUE,7063122,2014-12-08,Princeps
ROWASA,500 MG,Suppositoire,B/30,MESALAZINE,ABBOTT PRODUCTS S.A.S,FRANCE,5873023,2012-07-19,Princeps
RUCORON,50 MG/ 5ML,Solution injectable,B/10,ROCURONIUM BROMURE,HIKMA Pharmaceuticals Co Ltd,JORDANIE,6653811H,2024-01-09,Générique
RUXIENCE,100 mg,Solution à diluer pour perfusion,B/1 FL(10ml),RITUXIMAB,PFIZER Europe MA EEIG,BELGIQUE,8013191H,2025-07-21,Biosimilaire
RUXIENCE,500 mg,Solution à diluer pour perfusion,B/1FL(50ml),RITUXIMAB,PFIZER Europe MA EEIG,BELGIQUE,8013192H,2025-07-21,Biosimilaire
S-OROPRAM,10 mg,Comprimé pelliculé sécable,B/30,ESCITALOPRAM,ACTAVIS Group PTC ehf,Islande,10243091,2012-05-24,Générique
S-OROPRAM,20 mg,Comprimé pelliculé sécable,B/30,ESCITALOPRAM,ACTAVIS Group PTC ehf,Islande,10243092,2015-06-19,Générique
SACUVAL 100,48.6mg/51.4mg,Comprimé pelliculé,B/60,SACUBITRIL+VALSARTAN,PHILADELPHIA PHARMA,Tunisie,9353292,2023-07-17,Générique
SACUVAL 100,48.6mg/51.4mg,Comprimé pelliculé,B/30,SACUBITRIL+VALSARTAN,PHILADELPHIA PHARMA,Tunisie,9353294,2024-04-08,Générique
SACUVAL 200,97.2mg/102.8mg,Comprimé pelliculé,B/60,SACUBITRIL+VALSARTAN,PHILADELPHIA PHARMA,Tunisie,9353293,2023-07-17,Générique
SACUVAL 200,97.2mg/102.8mg,Comprimé pelliculé,B/30,SACUBITRIL+VALSARTAN,PHILADELPHIA PHARMA,Tunisie,9353295,2024-04-08,Générique
SACUVAL 50,24.3mg/25.7mg,Comprimé pelliculé,B/30,SACUBITRIL+VALSARTAN,PHILADELPHIA PHARMA,Tunisie,9353291,2023-07-17,Générique
SAIFLU 30,30 mg,Gélule,B/10,OSELTAMIVIR,SAIPH,Tunisie,9163792,2009-12-07,Générique
SAIFLU 45,45 mg,Gélule,B/10,OSELTAMIVIR,SAIPH,Tunisie,9163793,2009-12-07,Générique
SAIFLU 75,75 mg,Gélule,B/10,OSELTAMIVIR,SAIPH,Tunisie,9163791,2009-08-10,Générique
SAIZEN,1.33 mg,Pdre p.prep.injectable,B/1FL+S/1ML,SOMATROPINE,MERCK SERENO INTERNATIONAL SUISSE,SUISSE,4043021H,2000-09-18,Princeps
SAIZEN 6 MG,(5.83 mg/ml),Solution injectable,B/ 1 cartouche pré-remplie/1.03 ml,SOMATROPINE,MERCK SERENO LIMITED,Rayaume uni,14663011H,2013-05-20,Princeps
SAIZEN 12 MG,(8 mg/ml),Solution injectable,B/ 1 cartouche pré-remplie/1.5 ml,SOMATROPINE,MERCK SERENO LIMITED,Rayaume uni,14663012H,2013-09-12,Princeps
SAIZEN 20 MG,(8 mg/ml),Solution injectable,B/ 1 cartouche pré-remplie/2.5 ml,SOMATROPINE,MERCK SERENO LIMITED,Rayaume uni,14663013H,2013-09-10,Princeps
SALAMEST,,Spray nasal,FL/25 ML,CHLORURE DE SODIUM,SIMED,Tunisie,9083521,2009-01-03,Générique
SANCUSO,34.3 mg (3.1mg/24h),Dispositif trans-dermique,B/1 Patch,GRANISETRON,"KYOWA KIRIN, Inc",Etats Unis d'Amérique,15083011,2015-05-15,Princeps
SANCUSO,34.3 mg (3.1mg/24h),Dispositif trans-dermique,B/1patch,GRANISETRON,Kyowa kirin Holdings B.V,HOLLANDE,26533011,2025-06-09,Princeps
SANDIMMUN,50 MG,Solution injectable,B/10/1 ML,CICLOSPORINE,NOVARTIS PHARMA SCHWEIZ AG,SUISSE,10283111H,2007-02-07,Princeps
SANDIMMUN,250 MG,Solution injectable,B/10/5 ML,CICLOSPORINE,NOVARTIS PHARMA SCHWEIZ AG,SUISSE,10283112H,2007-02-07,Princeps
SANDIMMUN NEORAL,100 mg/ml,Solution buvable,FL/50 ml,CICLOSPORINE,NOVARTIS PHARMA SCHWEIZ AG,SUISSE,10283151H,2007-03-08,Princeps
SANDIMMUN NEORAL,25 mg,Capsule molle,B/50,CICLOSPORINE,NOVARTIS PHARMA SCHWEIZ AG,SUISSE,10283261H,2009-06-18,Princeps
SANDIMMUN NEORAL,100 mg,Capsule molle,B/50,CICLOSPORINE,NOVARTIS PHARMA SCHWEIZ AG,SUISSE,10283263H,2009-06-18,Princeps
SANDIMMUN NEORAL,50 mg,Capsule molle,B/50,CICLOSPORINE,NOVARTIS PHARMA SCHWEIZ AG,SUISSE,10283262H,2009-06-18,Princeps
SANDOSTATINE,0.05 mg/ml,Solution injectable,B/5/1ML,OCTREOTIDE,NOVARTIS PHARMA SCHWEIZ AG,SUISSE,10283181H,2007-10-16,Princeps
SANDOSTATINE,0.1 mg/ml,Solution injectable,B/5/1ML,OCTREOTIDE,NOVARTIS PHARMA SCHWEIZ AG,SUISSE,10283182H,2007-10-16,Princeps
SANDOSTATINE L.A.R.,30 mg,Poudre pour suspension injectable,B/1 flacon +ser. pré-remplie de solvant + 2 aiguilles,OCTREOTIDE,NOVARTIS PHARMA SCHWEIZ AG,SUISSE,10283183H,2013-09-10,Princeps
SANDOSTATINE LAR,20 mg,Poudre pour suspension injectable,B/1 flacon+ ser. pré-remplie de solvant,OCTREOTIDE,NOVARTIS PHARMA SCHWEIZ AG,SUISSE,10283184H,2013-09-10,Princeps
SARGENOR,1 GR,Ampoules buvables,B/20/5 ML,ARGININE ASPARTATE,SIPHAT,Tunisie,9003101,1989-09-04,Princeps
SARGENOR SANS SUCRE,,Comprimé à sucer,B/18,ARGININE ASPARTATE,SIPHAT,Tunisie,9003102,2002-12-26,Princeps
SAVEROL,,Solute buccal,FL/400 ML,ACIDE SALICYLIQUE+MENTHOL+RESORCINE+VERATROL,OPALIA PHARMA,Tunisie,9023673,2008-10-22,Générique
SAVEROL,,Solute buccal,FL/125 ml,ACIDE SALICYLIQUE+MENTHOL+RESORCINE+VERATROL,OPALIA PHARMA,Tunisie,9023674,2013-08-21,Générique
SAVEROL,,Solute buccal,FL/250 ml,ACIDE SALICYLIQUE+MENTHOL+RESORCINE+VERATROL,OPALIA PHARMA,Tunisie,9023675,2013-08-22,Générique
SAVEROL,,Gel dermique,T/70 GR,ACIDE SALICYLIQUE+MENTHOL+RESORCINE+VERATROL,OPALIA PHARMA,Tunisie,9023672,2006-07-26,Générique
SCANLUX 300,300 mg/ml,Solution injectable,FL/50 ML,IOPAMIDOL,SANOCHEMIA Pharmazeutika,AUTRICHE,1803011,2002-05-31,Générique
SCANLUX 300,300 mg/ml,Solution injectable,FL/100 ML,IOPAMIDOL,SANOCHEMIA Pharmazeutika,AUTRICHE,1803012,2002-06-01,Générique
SCANLUX 370,370 mg/ml,Solution injectable,FL/50 ML,IOPAMIDOL,SANOCHEMIA Pharmazeutika,AUTRICHE,1803013,2002-06-01,Générique
SCANLUX 370,370 mg/ml,Solution injectable,FL/100 ML,IOPAMIDOL,SANOCHEMIA Pharmazeutika,AUTRICHE,1803014,2002-06-01,Générique
SCEMBLIX,40 MG,Comprimé pelliculé,B/60,ASCIMINIB,,,,,
SCEMBLIX,20 MG,Comprimé pelliculé,B/60,ASCIMINIB,NOVARTIS PHARMA SCHWEIZ AG,SUISSE,10283631H,2025-10-23,Princeps
SCLERA,120 mg,Gélule gastrorésistante,B/14,DIMETHYLE FUMARATE,IBN AL BAYTAR,Tunisie,9073721H,2020-11-25,Générique
SCLERA,240 mg,Gélule gastrorésistante,B/60,DIMETHYLE FUMARATE,IBN AL BAYTAR,Tunisie,9073722H,2020-11-25,Générique
SEDACOLLYRE 0.25 POUR MILLE,,Collyre,FL/10 ML,CETHOXINIUM,COOPERATION PHARMACEUTIQUE FRANCAISE,FRANCE,7623051,2008-04-15,Princeps
SEDARAX,25 MG,Comprimé pelliculé sécable,B/15,HYDROXYZINE,ACT PHARMA,Tunisie,9363171,2025-11-03,Générique
SEDARAX,25 mg,Comprimé pelliculé sécable,B/30,HYDROXYZINE,ACT PHARMA,Tunisie,9363172,2025-11-03,Générique
SEDATIF PC,,Comprimé,B/90,ABRUS PRECATORINE+ACONITUM NAPOLIS+BELLADONA...,BOIRON,FRANCE,6873092,2014-01-08,Princeps
SEDATIF PC,,Comprimé,B/40,ABRUS PRECATORINE+ACONITUM NAPOLIS+BELLADONA...,BOIRON,FRANCE,6873091,1990-06-16,Princeps
SEPTANEST ADRENALINEE,40mg/ml (1/200000),Solution injectable,B/50/1.7 ml,ARTICAINE+ADRENALINE,SEPTODENT,FRANCE,8533013,2016-04-28,Princeps
SEPTANEST ADRENALINEE,40mg/ml (1/100 000),Solution injectable,B/50/1.7 ml,ARTICAINE+ADRENALINE,SEPTODENT,FRANCE,8533014,2016-04-28,Princeps
SEPTAX,1 GR,Pdre p.prep.injectable,B/ 1FL,CEFTAZIDIME,VIANEX S.A.,GRECE,2723011H,2007-12-31,Générique
SEPTEAL,0.5%,Solution externe,FL/250 ML,CHLORHEXIDINE,SIMED,Tunisie,9083041,1993-03-13,Princeps
SERC,8 MG,Comprimé,B/60,BETAHISTINE,TERIAK,Tunisie,9253071,2001-11-27,Princeps
SERO-TET,250 UI,Solution injectable,B/1FL/1.1ML,IMMUNOGLOBULINE HUMAINE ANTITETANIQUE,GREEN CROSS CORPORATION,Corée du Sud,3883011,2000-06-14,Princeps
SERTRALINE SANOFI,50 mg,Comprimé pelliculé sécable,B/15,SERTRALINE,WINTHROP PHARMA TUNISIE,Tunisie,9103881,2015-02-16,Générique
SET DE TRANSFERT CHLORURE DE SODIUM 9%°,,Solution injectable,B/ 1 poche de chlorure de sodium/100 ml+set de transfert,CHLORURE DE SODIUM,UNIMED,Tunisie,9093681,2010-04-12,Générique
SEVODIS,,Liquide pour inhalation,FL/250 ml,SEVOFLURANE,LES LABORATOIRES MEDIS,Tunisie,9234061H,2025-10-09,Générique
SEVOFLURANE USP,100%,Liquide volatil pour inhalation,B/ 6FL/250ML,SEVOFLURANE,BAXTER HEALTHCARE CORPORATION USA,Etats Unis d'Amérique,16973011H,2020-09-21,Générique
SEVORANE,,Liquide pour inhalation,FL/250 ml,SEVOFLURANE,AbbVie,FRANCE,15533011H,2013-07-05,Princeps
SICCAFLUID,0.25%,Gel ophtalmique,fl/10 gr,CARBOMERE,THEA,FRANCE,8443061,2006-01-16,Princeps
SILAPLUS SAIPH,100 mg,Comprimé pelliculé,B/4,SILDENAFIL,SAIPH,Tunisie,9163923,2011-12-31,Générique
SILAPLUS SAIPH,50 mg,Comprimé pelliculé sécable,B/8,SILDENAFIL,SAIPH,Tunisie,9163922,2011-12-31,Générique
SILAPLUS SAIPH,50 mg,Comprimé pelliculé sécable,B/4,SILDENAFIL,SAIPH,Tunisie,9163921,2011-12-31,Générique
SILDENAFIL-ACTAVIS,50 MG,Comprimé pelliculé,B/4,SILDENAFIL,ACTAVIS Group PTC ehf,Islande,10243121,2014-04-24,Générique
SILDENAFIL-ACTAVIS,100 MG,Comprimé pelliculé,B/4,SILDENAFIL,ACTAVIS Group PTC ehf,Islande,10243122,2014-11-12,Générique
SILVEDERMA,10 mg/gr,Creme dermique,Tube/50 gr,SULFADIAZINE ARGENTIQUE,ALDO-UNION S.L,ESPAGNE,3013041,2012-10-17,Princeps
SIMPONI,50 MG,Solution injectable,B/1 Stylo Pré-rempli/0.5ml,GOLIMUMAB,JANSSEN BIOLOGICS B.V,HOLLANDE,1923021H,2017-05-16,Princeps
SIMULECT,20 mg,Pdre p.prep.injectable,B/1FL+S/5 ml,BASILIXIMAB,NOVARTIS PHARMA SCHWEIZ AG,SUISSE,10283441H,2023-10-05,Princeps
SIMVASTATINE ZENTIVA,20 mg,Comprimé pelliculé,B/30,SIMVASTATINE,WINTHROP PHARMA TUNISIE,Tunisie,9103782,2011-06-13,Générique
SINDAXEL,6mg/ml(30 mg),Solution injectable pour perfusion,B/1flacon/5 ml,PACLITAXEL,ACTAVIS SRL ROMANIA,ROMANIE,12963031H,2010-07-19,Générique
SINDAXEL,6mg/ml (100 mg),Solution injectable pour perfusion,B/1flac/16.7 ml,PACLITAXEL,ACTAVIS SRL ROMANIA,ROMANIE,12963032H,2010-07-19,Générique
SINDAXEL,6mg/ml (150mg),Solution injectable pour perfusion,B/1flacon/25 ml,PACLITAXEL,ACTAVIS SRL ROMANIA,ROMANIE,12963033H,2010-07-19,Générique
SINDAXEL,6mg/ml (300mg),Solution injectable pour perfusion,B/1FL/50 ml,PACLITAXEL,ACTAVIS SRL ROMANIA,ROMANIE,12963034H,2010-07-19,Générique
SINERDOL,300 mg,Gélule,B/1000,RIFAMPICINE,ANTIBIOTICE S.A,ROMANIE,4223042H,2010-04-29,Générique
SINERDOL,150 mg,Gélule,B/1000,RIFAMPICINE,ANTIBIOTICE S.A,ROMANIE,4223041H,2010-04-28,Générique
SINOVIAL,16mg/2ml,Solution injectable,B/3 seringues/ 2 ML,HYALURONATE DE SODIUM,Ibsa Farmaceutici Italia Srl,ITALIE,14233011,2019-03-13,Princeps
SINPLATIN,1 mg/ml,Solution injectable pour perfusion,B/1fl/10 ml,CISPLATINE,ACTAVIS SRL ROMANIA,ROMANIE,12963041H,2010-07-23,Générique
SINPLATIN 50 MG,1 mg/ml,Solution injectable pour perfusion,B/ 1 fl/50 ml,CISPLATINE,ACTAVIS SRL ROMANIA,ROMANIE,12963042H,2010-07-23,Générique
SINTOPOZID,100 mg/5ml,Solution injectable,B/1Flacon/5 ML,ETOPOSIDE,ACTAVIS SRL ROMANIA,ROMANIE,12963051H,2010-07-27,Générique
SINTROM.,4 MG,Comprimé sécable,B/20,ACENOCOUMAROL,MEDIUS AG,SUISSE,20553011,2018-06-26,Princeps
SINUSPAX,,Comprimé à croquer,B/60,PRODUITS HOMEOPATHIQUES,LEHNING,FRANCE,7053091,2009-08-24,Princeps
SIROP DES VOSGES TOUX SECHE SANS SUCRE SOLUTION BUVABLE,,Sirop,FL/200ML,PHOLCODINE,TERIAK,Tunisie,9253371,2007-05-09,Princeps
SITA 100,100 mg,Comprimé pelliculé,B/28,SITAGLIPTINE,TERIAK,Tunisie,9254102,2019-02-06,Générique
SITA 100,100 mg,Comprimé pelliculé,B/30,SITAGLIPTINE,TERIAK,Tunisie,9254104,2023-07-27,Générique
SITA 50,50 mg,Comprimé pelliculé,B/30,SITAGLIPTINE,TERIAK,Tunisie,9254101,2019-02-06,Générique
SITA 50,50 mg,Comprimé pelliculé,B/60,SITAGLIPTINE,TERIAK,Tunisie,9254103,2022-12-22,Générique
SITAGLIMET,50 mg/1000 mg,Comprimé pelliculé,B/60,SITAGLIPTINE+METFORMINE,THERA,Tunisie,9403191,2025-04-30,Générique
SITAGLIP,100 mg,Comprimé pelliculé,B/30,SITAGLIPTINE,THERA,Tunisie,9403061,2019-06-19,Générique
SITAVIA,100 mg,Comprimé pelliculé sécable,B/30,SITAGLIPTINE,IBN AL BAYTAR,Tunisie,9073641,2016-12-22,Générique
SITAVIA PLUS,50 mg/1000mg,Comprimé pelliculé,B/56,SITAGLIPTINE+METFORMINE,IBN AL BAYTAR,Tunisie,9073642,2017-01-04,Générique
SKIACOL,0.5%,Collyre,FL/0.5 ML,CYCLOPENTOLATE,ALCON FRANCE,FRANCE,6640051,1993-04-17,Princeps
SKYRIZI,150 mg,Solution injectable,B/1 seringue pré-remplie,RISANKIZUMAB,ABBVIE DEUTSCHLAND Gmbh and Co.KG,Allemagne,16913501H,2024-08-16,Princeps
SKYRIZI,150 mg,Solution injectable,B/1 stylo pré-rempli,RISANKIZUMAB,ABBVIE DEUTSCHLAND Gmbh and Co.KG,Allemagne,16913502H,2024-08-16,Princeps
SMACTYL,3 g,Poudre pour suspension orale,B/30Sachets,DIOSMECTITE,PHARMAGHREB,Tunisie,9014071,2019-02-06,Générique
SMACTYL,3 g,Poudre pour suspension orale,B/12 sachets,DIOSMECTITE,PHARMAGHREB,Tunisie,9014072,2020-06-29,Générique
SMECTA ORANGE-VANILLE,3 GR,Poudre pour suspension orale,B/30S,DIOSMECTITE,IPSEN HEALTHCARE,FRANCE,25003011,2023-01-09,Princeps
SMECTITE,3 g,Poudre pour suspension buvable,B/30 Sachets,DIOSMECTITE,ADWYA,Tunisie,9044551,2025-07-22,Générique
SMOFKABIVEN E,1100 Kcal,Emulsion injectable,B/4 Poches à trois compartiments/ 986 ml,ACIDES AMINES+GLUCOSE+LIPIDES,FRESENIUS KABI FRANCE,FRANCE,3153161H,2018-05-18,Princeps
SMOFKABIVEN E,1600 Kcal,Emulsion injectable,B/4 Poches à trois compartiments/ 1477 ml,ACIDES AMINES+GLUCOSE+LIPIDES,FRESENIUS KABI FRANCE,FRANCE,3153162H,2018-05-18,Princeps
SMOFKABIVEN E,2200 Kcal,Emulsion injectable,B/4 Poches à trois compartiments/ 1970 ml,ACIDES AMINES+GLUCOSE+LIPIDES,FRESENIUS KABI FRANCE,FRANCE,3153163H,2018-05-18,Princeps
SOJOURN,100%,Liquide pour inhalation,B/1FL/250ML,SEVOFLURANE,PIRAMAL CRITICAL CARE INC,Etats Unis d'Amérique,20743011H,2021-03-09,Générique
SOLACY ADULTE,,Gélule,B/45,L CYSTINE+SOUFRE SUBLIME+VIT A,GRIMBERG,FRANCE,10173031,2007-02-22,Princeps
SOLACY PEDIATRIQUE,,Comprimé pour suspension buvable,B/60,L CYSTINE+SOUFRE+VITAMINE A+LEVURES,GRIMBERG,FRANCE,1073032,2008-06-25,Princeps
SOLUTE ISOTONIQUE DE NACL,0.9%,Solution injectable pour perfusion,FL/500 ML,CHLORURE DE SODIUM,BIEFFE MEDITAL s.p.a italia,ITALIE,7323081,1998-12-29,Générique
SOLUTE ISOTONIQUE GLUCOSE,5%,Solution injectable pour perfusion,FL/500 ML,GLUCOSE,BIEFFE MEDITAL s.p.a italia,ITALIE,7323082,1998-12-29,Générique
SOLUTION POUR DIALYSE PERITONEALE FORMULE 55,,Solution injectable,P/5000 ml,CALCIUM CHLORURE+GLUCOSE+SODIUM CHLORURE,BIEFFE MEDITAL s.p.a italia,ITALIE,7323096H,2001-08-09,Princeps
SOLUTION POUR DP AUTOMATISEE FORMULE 055,,Solution injectable,P/2000 ML,CALCIUM CHLORURE+GLUCOSE+SODIUM CHLORURE,BAXTER S.P.A,ITALIE,16133021H,2017-04-07,Princeps
SOLUTION POUR DP AUTOMATISEE FORMULE 055,,Solution injectable,P/2000 ML,CALCIUM CHLORURE+GLUCOSE+SODIUM CHLORURE,BIEFFE MEDITAL s.p.a italia,ITALIE,7323093H,2000-01-15,Princeps
SOLUTION POUR DP AUTOMATISEE FORMULE 062,,Solution injectable,P/2000 ML,CALCIUM CHLORURE+GLUCOSE+SODIUM CHLORURE,BAXTER S.P.A,ITALIE,16133022H,2017-04-07,Princeps
SOLUTION POUR DP AUTOMATISEE FORMULE 062,,Solution injectable,P/2000 ML,CALCIUM CHLORURE+GLUCOSE+SODIUM CHLORURE,BIEFFE MEDITAL s.p.a italia,ITALIE,7323092H,2000-01-15,Princeps
SOLUTION POUR DPCA FORMULE 055 L3,,Solution injectable,P/2000 ML,CALCIUM CHLORURE+GLUCOSE+SODIUM CHLORURE,BAXTER S.P.A,ITALIE,16133023H,2017-04-07,Princeps
SOLUTION POUR DPCA FORMULE 055 L3,,Solution injectable,P/2000 ML,CALCIUM CHLORURE+GLUCOSE+SODIUM CHLORURE,BIEFFE MEDITAL s.p.a italia,ITALIE,7323094H,2000-01-15,Princeps
SOLUTION POUR DPCA FORMULE 091 L3,,Solution injectable,P/2000 ML,CALCIUM CHLORURE+GLUCOSE+SODIUM CHLORURE,BAXTER S.P.A,ITALIE,16133024H,2017-04-07,Princeps
SOLUTION POUR DPCA FORMULE 091 L3,,Solution injectable,P/2000 ML,CALCIUM CHLORURE+GLUCOSE+SODIUM CHLORURE,BIEFFE MEDITAL s.p.a italia,ITALIE,7323095H,2000-01-15,Princeps
SOLUTION POUR DPCA FORMULE O62 L3,,Solution injectable,P/2000 ML,CALCIUM CHLORURE+GLUCOSE+SODIUM CHLORURE,BAXTER S.P.A,ITALIE,16133025H,2017-04-07,Princeps
SOLUTION POUR DPCA FORMULE O62 L3,,Solution injectable,P/2000 ML,CALCIUM CHLORURE+GLUCOSE+SODIUM CHLORURE,BIEFFE MEDITAL s.p.a italia,ITALIE,7323091H,2000-01-15,Princeps
SOLUVIT,,Pdre p.prep.injectable,b/10/10 ml,VITAMINES,FRESENIUS KABI FRANCE,FRANCE,3153201H,2020-06-12,Princeps
SOLVANT BCG INTRADERMIQUE,,Solution injectable,B/10 Flacons/2ml,SOLVANT POUR VACCIN BCG,INSTITUT PASTEUR DE TUNIS,Tunisie,9333061H,2010-07-28,Princeps
SOMATULINE LP,60 mg,Solution injectable,B/ 1 ser pré-remplie /0.5ml,LANREOTIDE,IPSEN Pharma,FRANCE,5723032H,2017-03-14,Princeps
SOMATULINE LP,90 mg,Solution injectable,B/ 1 ser pré-remplie /0.5ml,LANREOTIDE,IPSEN Pharma,FRANCE,5723033H,2017-03-14,Princeps
SOMATULINE LP,120 mg,Solution injectable,B/ 1 ser /0.5ml,LANREOTIDE,IPSEN Pharma,FRANCE,5723034H,2017-03-14,Princeps
SOMEX,10 mg,Comprimé pelliculé sécable,B/15,ZOLPIDEM,PHARMAGHREB,Tunisie,9013801,2011-06-01,Générique
SOOLANTRA,10mg/gr,Creme dermique,B/1tube de 15gr,IVERMECTINE,GALDERMA INTERNATIONAL,FRANCE,7393121,2020-12-23,Princeps
SOPHAMET 850,850 mg,Comprimé pelliculé,B/30,METFORMINE,SOPHARMA SA,BULGARIE,10793031,2020-08-06,Générique
SORBITOCHOLINE,,Ampoules buvables,C/100/10 ML,SORBITOL+CHOLINE,SIPHAT,Tunisie,9000342H,2000-01-24,Générique
SORBITOCHOLINE,,Ampoules buvables,C/20/10 ML,SORBITOL+CHOLINE,SIPHAT,Tunisie,9000341,1993-12-22,Générique
SORBITOL,5 GR,Poudre pour suspension orale,B/60 SACHETS,SORBITOL,SIPHAT,Tunisie,9003042H,1999-12-31,Générique
SORBITOL,5 GR,Poudre pour suspension orale,B/20 SACH,SORBITOL,SIPHAT,Tunisie,9003041,1989-01-17,Générique
SOTALOL VIATRIS,160 mg,Comprimé sécable,B/30,SOTALOL,VIATRIS SANTE,FRANCE,4923201,2013-07-22,Générique
SOTIRA,25 mg,Gélule,B/21,LENALIDOMIDE,HIKMA Pharmaceuticals Co Ltd,JORDANIE,66537623H,2022-09-09,Générique
SOTIRA,10 mg,Gélule,B/21,LENALIDOMIDE,HIKMA Pharmaceuticals Co Ltd,JORDANIE,6653761H,2022-09-09,Générique
SOTIRA,15 mg,Gélule,B/21,LENALIDOMIDE,HIKMA Pharmaceuticals Co Ltd,JORDANIE,6653362H,2022-09-09,Générique
SOTIRA,5 mg,Gélule,B/21,LENALIDOMIDE,HIKMA Pharmaceuticals Co Ltd,JORDANIE,6653764H,2022-09-09,Générique
SOUFRANE,2%,Spray nasal,FL/15 ML,THIOPHENECARBOXYLATE,ADWYA,Tunisie,9043751,2005-04-02,Princeps
SOULADOL 50,50 mg,Gélule,B/10,TRAMADOL,DORCAS,Tunisie,ST9313062,2019-02-06,Générique
SOVALDI,400mg,Comprimé,FL/28,SOFOSBUVIR,GILEAD SCIENCES Inc USA,Etats Unis d'Amérique,11353021H,2016-01-28,Princeps
SPASMAG IV,1.2 gr,Solution injectable,B/5/10ML,MAGNESIUM,GRIMBERG,FRANCE,1073051H,2011-01-20,Générique
SPASMOPAN,20 MG,Solution injectable,B/100/1 ML,N-BUTYLHYOSCINE BROMURE,APM,JORDANIE,5063116H,2002-04-11,Générique
SPASMOPRO,80 MG,Comprimé orodispersible,B/10,PHLOROGLUCINOL,GALIEN PHARMACEUTICALS,Tunisie,,,Générique
SPASMOPRO,80 MG,Comprimé orodispersible,B/20,PHLOROGLUCINOL,GALIEN PHARMACEUTICALS,Tunisie,,,Générique
SPIRA 1.5 MUI,1.5 MU,Comprimé pelliculé,B/16,SPIRAMYCINE,SIPHAT,Tunisie,9003543,1997-10-29,Générique
SPIRA 3 MUI,3 MU,Comprimé pelliculé,B/500,SPIRAMYCINE,SIPHAT,Tunisie,9003545H,2013-06-18,Générique
SPIRA 3 MUI,3 MU,Comprimé pelliculé,B/10,SPIRAMYCINE,SIPHAT,Tunisie,9003544,2004-03-29,Générique
SPIRACYNE,1.5 MU,Comprimé pelliculé,B/16,SPIRAMYCINE,DAR-ESSAYDALI.,Tunisie,9213241,2006-12-18,Générique
SPIRALIDE,3 MUI,Comprimé pelliculé,B/10,SPIRAMYCINE,GALPHARMA,Tunisie,9223421,2017-07-11,Générique
SPIRALIDE,1.5 MUI,Comprimé pelliculé sécable,B/16,SPIRAMYCINE,GALPHARMA,Tunisie,9223422,2018-03-07,Générique
SPIRO-K,25 mg,Comprimé pelliculé,B/30,SPIRONOLACTONE,PHILADELPHIA PHARMA,Tunisie,9353261,2021-02-16,Générique
SPIRO-K 100,100 mg,Comprimé pelliculé,B/30,SPIRONOLACTONE,PHILADELPHIA PHARMA,Tunisie,9353263,2021-05-31,Générique
SPIRO-K 75,75 mg,Comprimé pelliculé,B/30,SPIRONOLACTONE,PHILADELPHIA PHARMA,Tunisie,9353262,2021-02-16,Générique
SPORALIM,1 %,Lotion,FL/30 ML,TOLNAFTATE,OPALIA PHARMA,Tunisie,9023151,1993-01-20,Générique
SPORTENINE,,Comprimé à croquer,B/22,PRODUITS HOMEOPATHIQUES,BOIRON,FRANCE,6873544,2008-05-08,Princeps
SPRYCEL,70 mg,Comprimé pelliculé,B/60,DASATINIB,BRISTOL-MYERS SQUIBB PHARMA EEIG,Rayaume uni,1673023H,2009-10-27,Princeps
SPRYCEL,50 mg,Comprimé pelliculé,B/60,DASATINIB,BRISTOL-MYERS SQUIBB PHARMA EEIG,Rayaume uni,1673022H,2009-10-27,Princeps
SPRYCEL,20 mg,Comprimé pelliculé,B/60,DASATINIB,BRISTOL-MYERS SQUIBB PHARMA EEIG,Rayaume uni,1673021H,2009-10-27,Princeps
SPUTNIK LIGHT,,Solution injectable,FL/1 dose,vaccin recombinant à base d'adénovirus anti-COVID-19,FSBI N.F GAMALEYA RCEM of the Ministry of Health of Russia,Russie,25133013EP,2021-12-28,Princeps
SPUTNIK LIGHT,,Solution injectable,FL/5 doses,vaccin recombinant à base d'adénovirus anti-COVID-19,FSBI N.F GAMALEYA RCEM of the Ministry of Health of Russia,Russie,25133014EP,2021-12-28,Princeps
SRILANE,,Pommade dermique,T/60 GR,IDROCILAMIDE,PHARMAGHREB,Tunisie,9013301,1998-01-14,Princeps
STABLON.,12.5 MG,Comprime enrobé,B/28,TIANEPTINE,SERVIER,FRANCE,6353072,2019-03-13,Princeps
STALORAL,300 IR/ml,Gouttes buvables,C/3FL/10ML (300IR),ALLERGENES,STALLERGENES,FRANCE,3653033,2022-02-17,Princeps
STALORAL,10-300 IR/ml,Solution sublinguale,B/2FL/10ML,ALLERGENES,STALLERGENES,FRANCE,3653034,2024-12-27,Princeps
STALORAL,"10,100,300 IR/ml",Solution sublinguale,C/3FL/10ML(10ou100/ou300IR),ALLERGENES,STALLERGENES,FRANCE,3653031,2004-09-27,Princeps
STALORAL,300 IR/ml,Solution sublinguale,C/1FL/10ML (300IR),ALLERGENES,STALLERGENES,FRANCE,3653032,2004-09-27,Princeps
STAPHYDINE PER OS ENFANT ET NOURRISSON,250 mg/5ml,Suspension buvable,FL/90 ml,ACIDE FUSIDIQUE,DORCAS,Tunisie,9313191,2014-12-04,Générique
STELARA,90mg/ml,Solution injectable,B/1Seringue pré-remplie/1ml,USTEKINUMAB,Janssen-Cilag International N.V,BELGIQUE,15273043H,2021-03-15,Princeps
STELARA,45 mg/0.5ml,Solution injectable,B/1FL/0.5ml,USTEKINUMAB,Janssen-Cilag International N.V,BELGIQUE,15273041H,2021-03-15,Princeps
STELARA,45 mg/0.5ml,Solution injectable,B/1seringue pré-remplie/0.5ml,USTEKINUMAB,Janssen-Cilag International N.V,BELGIQUE,15273042H,2021-03-15,Princeps
STELARA,130mg/26ml,Solution injectable pour perfusion,B/1FL/30ML,USTEKINUMAB,Janssen-Cilag International N.V,BELGIQUE,15273044H,2021-03-26,Princeps
"STEROGYL 15 ""H""",600 000 UI/1.5 ml,Solution injectable,B/1 amp,ERGOCALCIFEROL,DESMA Pharma SARL,FRANCE,11103022,2022-06-17,Princeps
STIGMINE,0.5 mg/ml,Solution injectable,B/6/1 ml,NEOSTIGMINE,SAIPH,Tunisie,9164011H,2014-09-01,Générique
STIGMINE,0.5 mg/ml,Solution injectable,B/6/1 ml,NEOSTIGMINE,STERIPHARM,Tunisie,9443031H,2021-03-26,Générique
STILNOX,10 MG,Comprimé pelliculé sécable,B/14,ZOLPIDEM,SANOFI Winthrop Industrie.,FRANCE,6463052,2003-06-06,Princeps
STIMOL,1 gr,Poudre orale effervescente,B/18 sachets,CITRULLINE,BIOCODEX,FRANCE,5193051,2013-01-22,Princeps
STODAL,,Sirop,FL/200 ML,PRODUITS HOMEOPATHIQUES,BOIRON,FRANCE,6873131,1991-06-27,Princeps
STODALINE SANS SUCRE,,Sirop,FL/200 ML,PRODUITS HOMEOPATHIQUES,BOIRON,FRANCE,6873641,2020-07-20,Princeps
STREPSILS COOL,,Pastilles,B/24,ALCOOL DICHLORO-2 4 BENZYLIQUE+AMYLMETACRESOL,Reckitt Benckiser Healthcare UK Limited.,Rayaume uni,10673022,2016-03-21,Princeps
STREPSILS ORANGE WITH VITAMINE C,,Pastilles,B/36,ALCOOL DICHLORO-2 4 BENZYLIQUE+AMYLMETACRESOL+VITAMINE C,Reckitt Benckiser Healthcare UK Limited.,Rayaume uni,10673021,2015-06-19,Princeps
STRESAM,50 MG,Gélule,B/60,ETIFOXINE,BIOCODEX.,FRANCE,5193021,1998-04-25,Princeps
STRUCTOFLEX,625 mg,Gélule,B/60,GLUCOSAMINE,PIERRE FABRE MEDICAMENT .,FRANCE,6063371,2018-01-31,Princeps
STRUCTOVIAL,20 mg/2ml,Solution injectable,B/1seringue pré-remplie/2ml,HYALURONATE DE SODIUM,PIERRE FABRE MEDICAMENT,FRANCE,6063361,2017-03-14,Générique
STRUCTUM,500 mg,Gélule,B/60,CHONDROITINE,PIERRE FABRE MEDICAMENT .,FRANCE,6063241,2003-07-08,Princeps
SUFENTA,50 µg/10ml,Solution injectable,B/10/10 ml,SUFENTANIL,Piramal Critical Care B.V.,HOLLANDE,23693021H,2021-06-29,Princeps
SUFENTA,10 µg/2ml,Solution injectable,B/5/2 ml,SUFENTANIL,Piramal Critical Care B.V.,HOLLANDE,23693022H,2021-06-29,Princeps
SUFENTA,250 µg/5ml,Solution injectable,B/10/5 ml,SUFENTANIL,Piramal Critical Care B.V.,HOLLANDE,2363023H,2021-11-19,Princeps
SUFENTAMED,10 µg/2 ml,Solution injectable,B/5/2 ml,SUFENTANIL,UNIMED,Tunisie,9093771H,2013-03-12,Générique
SUFENTANIL MEDIS,250 µg/5 ml,Solution injectable,B/5/5 ml,SUFENTANIL,LES LABORATOIRES MEDIS,Tunisie,9233671H,2012-10-17,Générique
SUFENTANIL VIATRIS,50 µg/10ml,Solution injectable,B/20/10 ml,SUFENTANIL,VIATRIS SANTE,FRANCE,4923272H,2017-07-12,Générique
SUFENTANIL VIATRIS,10µg/2ml,Solution injectable,B/20/2 ml,SUFENTANIL,VIATRIS SANTE,FRANCE,4923271H,2017-04-10,Générique
SUGAMMADEX MEDIS,100MG/ML,Solution injectable,B/10FL de 2ml,SUGAMMADEX,LES LABORATOIRES MEDIS,Tunisie,ST9234121H,2023-05-23,Générique
SUGAMMADEX MEDIS,100 mg/ml,Solution injectable,B/10 flacons de 5ml,SUGAMMADEX,LES LABORATOIRES MEDIS,Tunisie,ST9234122H,2025-05-14,Générique
SULFATE DE MAGNESIUM PROAMP,15%,Solution injectable,B/50/10ML,MAGNESIUM,LABORATOIRE AGUETTANT,FRANCE,7093072H,2009-04-23,Générique
SUNITINIB AQVIDA,25mg,Gélule,B/30,SUNITINIB,AQVIDA GMBH,Allemagne,19463062H,2025-08-15,Générique
SUNITINIB AQVIDA,12.5mg,Gélule,B/30,SUNITINIB,AQVIDA GMBH,Allemagne,19463061H,2025-08-15,Générique
SUNITINIB AQVIDA,50mg,Gélule,B/30,SUNITINIB,AQVIDA GMBH,Allemagne,19463063H,2025-08-15,Générique
SUNITINIB NEAPOLIS,50mg,Gélule,B/28,SUNITINIB,NEAPOLIS PHARMA,Tunisie,9393302H,2024-11-06,Générique
SUNITINIB NEAPOLIS,25mg,Gélule,B/28,SUNITINIB,NEAPOLIS PHARMA,Tunisie,9393301H,2024-11-06,Générique
SUPLASYN,20 mg/2ml,Solution injectable,B/1/2ml,HYALURONATE DE SODIUM,NORDIC PHARMA,FRANCE,10783011,2007-07-10,Princeps
SUPRAMYLASE,3000 U.CEIP,Comprime enrobé,B/20,ALPHA-AMYLASE,SIPHAT,Tunisie,9003441,1995-02-18,Générique
SUPRAMYLASE,1000 U.CEIP/5ML,Sirop,FL/125 ML,ALPHA-AMYLASE,SIPHAT,Tunisie,9003442,1995-02-18,Générique
SUPRANE,100%,Liquide volatil pour inhalation,B/ 6 FL/240ML,DESFLURANE,BAXTER HEALTHCARE CORPORATION USA,Etats Unis d'Amérique,16973021H,2020-09-21,Princeps
SUPRASTENE,0.05%,Gouttes buvables,FL/30 ML,BETAMETHASONE,WEST PHARMA,Tunisie,9293141,2008-08-01,Générique
SURBRONC,30 mg/5ml,Solution buvable,FL/150 ML,AMBROXOL,BOEHRINGER INGELHEIM FRANCE,FRANCE,5213062,1993-09-10,Princeps
SUTENT,12.5 mg,Gélule,B/28,SUNITINIB,PFIZER Europe MA EEIG,BELGIQUE,8013061H,2020-05-18,Princeps
SUTENT,25 mg,Gélule,B/28,SUNITINIB,PFIZER Europe MA EEIG,BELGIQUE,8013062H,2020-07-20,Princeps
SUTENT,50 mg,Gélule,B/28,SUNITINIB,PFIZER Europe MA EEIG,BELGIQUE,8013063H,2020-05-18,Princeps
SUXAMETHONIUM AGUETTANT,10 mg/ ml,Solution injectable,B/ 10 seringues pré-remplies/ 10 ml,SUXAMETHONIUM,LABORATOIRE AGUETTANT,FRANCE,7093341H,2023-08-24,Générique
SUXAMETHONIUM CHLORID VUAB,100 mg,Poudre pour suspension injectable,B/1FL,SUXAMETHONIUM,VUAB PHARMA AS,République Tcheque,19873011H,2022-01-13,Générique
SUXAMETHONIUM-LABESFAL,100 mg/2ml,Solution injectable,B/100/2ml,SUXAMETHONIUM,LABESFAL - Laboratorios Almiro S.A,PORTUGAL,4333051H,2009-03-11,Générique
SYNERGIC IV,500 MG/500 MG,Pdre p.prep.injectable,B/1 FLACON,IMIPENEM+CILASTATINE,UNIMED,Tunisie,9093551H,2006-07-26,Générique
SYNERGIC IV AVEC SET DE TRANSFERT,500 mg/500 mg,Pdre p.prep.injectable,B/1 fl + set de transfert + poche de 100 ml de solvant.,IMIPENEM+CILASTATINE,UNIMED,Tunisie,9093552H,2008-04-21,Générique
SYNERGIC SET DE TRANSFERT PÉDIATRIQUE,250 mg/250 mg,Pdre p.prep.injectable,B/1 FL+ set de transfert + poche /100 ml de solvant.,IMIPENEM+CILASTATINE,UNIMED,Tunisie,9093553H,2009-10-30,Générique
SYNFLORIX,,Suspension injectable,B/1 dose,VACCIN PNEUMOCOCCIQUE POLYSACCHARIDIQUE CONJUGUEE,Glaxo Smith KLine Biologicals S.A (RIXENSART),BELGIQUE,7063141,2010-09-17,Princeps
SYNOCROM,20 mg/2ml,Solution injectable,B/1/2ml,HYALURONATE DE SODIUM,CROMA PHARMA GMBH,AUTRICHE,14203011,2013-03-29,Générique
SYNTHOL,,Gel dermique,T/ 75 GR,ACIDE SALICYLIQUE+LEVOMENTHOL+RESORCINOL+VERATROL,Laboratoires EUROGENERICS (EG LABO),FRANCE,26603021,2023-01-03,Princeps
SYNTHOL,,Gel dermique,T/100 GR,ACIDE SALICYLIQUE+MENTHOL+RESORCINE+VERATROL,GlaxoSmithKline Santé Grand Public,FRANCE,1783012,2003-06-06,Princeps
SYNTHOL,,Solution pour application cutanée,FL/450 ML,ACIDE SALICYLIQUE+MENTHOL+RESORCINE+VERATROL,GlaxoSmithKline Santé Grand Public,FRANCE,1783011,2002-03-06,Princeps
SYNTHOL,,Solution pour application cutanée,FL/225 ML,ACIDE SALICYLIQUE+MENTHOL+RESORCINE+VERATROL,GlaxoSmithKline Santé Grand Public,FRANCE,1783013,2006-08-24,Princeps
TACROLIMUS MEDIS,5 mg,Gélule,B/100,TACROLIMUS,LES LABORATOIRES MEDIS,Tunisie,ST9233722H,2014-05-14,Générique
TACROLIMUS MEDIS,0.5 mg,Gélule,B/100,TACROLIMUS,LES LABORATOIRES MEDIS,Tunisie,ST9233723H,2023-08-08,Générique
TACROLIMUS MEDIS,1 mg,Gélule,B/100,TACROLIMUS,LES LABORATOIRES MEDIS,Tunisie,ST9233721H,2014-05-14,Générique
TADALIS,20 mg,Comprimé pelliculé sécable,B/12,TADALAFIL,DAR-ESSAYDALI.,Tunisie,9213373,2015-07-07,Générique
TADALIS,20 mg,Comprimé pelliculé sécable,B/8,TADALAFIL,DAR-ESSAYDALI.,Tunisie,9213372,2015-07-07,Générique
TADALIS,10 mg,Comprimé pelliculé,B/4,TADALAFIL,DAR-ESSAYDALI.,Tunisie,9213375,2017-08-22,Générique
TADALIS,5 mg,Comprimé pelliculé,B/30,TADALAFIL,DAR-ESSAYDALI.,Tunisie,9213374,2017-08-25,Générique
TADALIS,20 mg,Comprimé pelliculé sécable,B/4,TADALAFIL,DAR-ESSAYDALI.,Tunisie,9213371,2015-03-04,Générique
TADAMAX,5 mg,Comprimé pelliculé sécable,B/30,TADALAFIL,GALPHARMA,Tunisie,9223611,2021-02-05,Générique
TADAMAX,10 mg,Comprimé pelliculé sécable,B/5,TADALAFIL,GALPHARMA,Tunisie,9223612,2021-02-05,Générique
TADAMAX,20 mg,Comprimé pelliculé sécable,B/5,TADALAFIL,GALPHARMA,Tunisie,9223613,2021-02-05,Générique
TADAPLUS SAIPH 20,20 mg,Comprimé pelliculé,B/8,TADALAFIL,SAIPH,Tunisie,9164125,2019-04-23,Générique
TADAPLUS SAIPH 20,20 mg,Comprimé pelliculé,B/4,TADALAFIL,SAIPH,Tunisie,9164124,2019-04-23,Générique
TADAPLUS SAIPH 5,5 mg,Comprimé pelliculé,B/30,TADALAFIL,SAIPH,Tunisie,9164121,2019-03-18,Générique
TADAPLUS SAIPH10,10 mg,Comprimé pelliculé,B/8,TADALAFIL,SAIPH,Tunisie,9164123,2019-04-23,Générique
TADAPLUS SAIPH10,10 mg,Comprimé pelliculé,B/4,TADALAFIL,SAIPH,Tunisie,9164122,2019-04-23,Générique
TADENAN,50 MG,Capsule molle,B/30,EXT DE PIYGEUM AFRICANUM,FOURNIER S.A,FRANCE,5410052,1994-12-19,Princeps
TAGIX,50 mg,Poudre pour solution pour perfusion,B/1 flacon,TIGECYCLINE,HIKMA Pharmaceuticals Co Ltd,JORDANIE,6653741H,2022-04-05,Générique
TALIN LP,5 mg,Comprimé à libération prolongée,B/30,TERBUTALINE,SAIPH,Tunisie,9163263,2008-08-09,Générique
TALLIS MONODOSE,1%,Solution externe,Tube / 4 gr,TERBINAFINE,OPALIA PHARMA,Tunisie,9023715,2011-05-17,Générique
TAMOXIFEN,10 MG,Comprimé,FL/30,TAMOXIFENE,EBEWE Pharma,AUTRICHE,6943061,1996-11-23,Générique
TANGANIL,500 mg,Comprimé sécable,B/30,ACETYLLEUCINE,PIERRE FABRE MEDICAMENT PRODUCTION TUNISIE,Tunisie,9323111,2011-07-18,Princeps
TANGANIL,500 MG,Solution injectable,B/5/5 ML,ACETYLLEUCINE,PIERRE FABRE MEDICAMENT .,FRANCE,6063172,1993-11-22,Princeps
TARDYFERON ENFANTS ET ADULTES,20 mg/ml,Solution buvable,FL/90ML,FER,PIERRE FABRE MEDICAMENT PRODUCTION TUNISIE,Tunisie,ST9323027,2025-11-03,Princeps
TARDYFERON NOURISSONS,20 mg/ml,Solution buvable,FL/45ML,FER,PIERRE FABRE MEDICAMENT PRODUCTION TUNISIE,Tunisie,ST9323028,2025-11-03,Générique
TAREG 80,80 mg,Comprimé pelliculé,B/28,VALSARTAN,TERIAK,Tunisie,9253571,2009-07-13,Princeps
TAREG 80,80 mg,Comprimé pelliculé,B/90,VALSARTAN,TERIAK,Tunisie,9253573,2013-11-12,Princeps
TARGOPLANIN,200 mg,Pdre p.prep.injectable,B/1 flacon,TEICOPLANINE,HIKMA Pharmaceuticals Co Ltd,JORDANIE,6653621H,2016-02-04,Générique
TASIGNA,200 mg,Gélule,B/28,NILOTINIB,NOVARTIS PHARMA SCHWEIZ AG,SUISSE,10283271H,2010-02-16,Princeps
TAVACET 500,5 MG/ML,Solution injectable pour perfusion,FL/100 ML,LEVOFLOXACINE,DORCAS,Tunisie,9313091H,2010-07-27,Générique
TAVACET 500,5 mg/ml,Solution injectable pour perfusion,B/ 6 flacons/ 100 ml,LEVOFLOXACINE,DORCAS,Tunisie,9313092H,2012-12-26,Générique
TAZAR,80 mg,Comprimé pelliculé sécable,B/30,VALSARTAN,PHARMAGHREB,Tunisie,9013871,2015-09-17,Générique
TAZAR,160 mg,Comprimé pelliculé sécable,B/30,VALSARTAN,PHARMAGHREB,Tunisie,9013872,2015-09-17,Générique
TAZAR,160 mg,Comprimé pelliculé sécable,B/90,VALSARTAN,PHARMAGHREB,Tunisie,9013876,2017-04-21,Générique
TAZAR,80 mg,Comprimé pelliculé sécable,B/90,VALSARTAN,PHARMAGHREB,Tunisie,9013875,2017-06-02,Générique
TAZIDINOL,20 mg,Comprimé pelliculé,B/60,TRIMETAZIDINE,IBN AL BAYTAR,Tunisie,9073361,2007-05-30,Générique
TAZOBACT,2GR/250MG,Pdre p.prep.injectable,B/1FL de 20 ml,PIPERACILLINE+TAZOBACTAM,UNIMED,Tunisie,9093933H,2017-07-18,Générique
TAZOBACT,4gr/500mg,Pdre p.prep.injectable,B/1FL de 20 ml,PIPERACILLINE+TAZOBACTAM,UNIMED,Tunisie,9093934H,2017-07-18,Générique
TAZOBACT SET DE TRANSFERT,2GR/250MG,Pdre p.prep.injectable,B/1FL + Set de Transfert(poche de NACL de 100 ml + dispositif de transfert),PIPERACILLINE+TAZOBACTAM,UNIMED,Tunisie,9093931H,2015-06-01,Générique
TAZOBACT SET DE TRANSFERT,4GR/500MG,Pdre p.prep.injectable,B/1FL + Set de Transfert(poche de NACL de 100 ml + dispositif de transfert),PIPERACILLINE+TAZOBACTAM,UNIMED,Tunisie,9093932H,2015-06-01,Générique
TAZOCILLINE,4GR/500MG,Pdre p.prep.injectable,B/1FL SS,PIPERACILLINE+TAZOBACTAM,PFIZER HOLDING FRANCE,FRANCE,5803082H,2001-05-15,Princeps
TAZOCILLINE,2GR/250MG,Pdre p.prep.injectable,B/1FL SS,PIPERACILLINE+TAZOBACTAM,PFIZER HOLDING FRANCE,FRANCE,5803081H,2001-05-15,Princeps
TAZOREX,4GR/500MG,Pdre p.prep.injectable,B/1FL/ SS,PIPERACILLINE+TAZOBACTAM,DEMO SA,GRECE,6855091H,2014-02-20,Générique
TECENTRIQ,1200mg,Solution injectable pour perfusion,B/1FL/20ML,ATEZOLIZUMAB,Roche Pharma (Schweiz) AG,SUISSE,6993261H,2022-12-22,Princeps
TECFIDERA,120 mg,Gélule gastrorésistante,B/14,DIMETHYLE FUMARATE,BIOGEN Idec Ltd,Rayaume uni,10913031H,2018-08-10,Princeps
TECFIDERA,240 mg,Gélule gastrorésistante,B/56,DIMETHYLE FUMARATE,BIOGEN Idec Ltd,Rayaume uni,10913032H,2018-08-10,Princeps
TEGADIS,50 mg,Poudre pour solution pour perfusion,B/10 flacons,TIGECYCLINE,LES LABORATOIRES MEDIS,Tunisie,ST9234062H,2022-03-14,Générique
TEGADIS,50 mg,Poudre pour solution pour perfusion,B/1 flacon,TIGECYCLINE,LES LABORATOIRES MEDIS,Tunisie,ST9234061H,2022-03-14,Générique
TEGOZOL,250 mg,Gélule,B/5,TÉMOZOLOMIDE,HIKMA Pharmaceuticals Co Ltd,JORDANIE,6553671,2017-04-06,Générique
TEGOZOL,20 mg,Gélule,B/5,TÉMOZOLOMIDE,HIKMA Pharmaceuticals Co Ltd,JORDANIE,6653672,2020-03-16,Générique
TEGOZOL,100 mg,Gélule,B/5,TÉMOZOLOMIDE,HIKMA Pharmaceuticals Co Ltd,JORDANIE,6653674,2020-03-16,Générique
TEGOZOL,5 mg,Gélule,B/5,TÉMOZOLOMIDE,HIKMA Pharmaceuticals Co Ltd,JORDANIE,6653673,2020-03-16,Générique
TEGRETOL,2%,Suspension buvable,FL/250 ml,CARBAMAZEPINE,NOVARTIS PHARMA SCHWEIZ AG,SUISSE,10283044,2007-05-31,Princeps
TEGRETOL LP,400 MG,Comprimé à libération prolongée,B/30,CARBAMAZEPINE,NOVARTIS PHARMA SCHWEIZ AG,SUISSE,10283042,2006-04-14,Princeps
TEGRETOL LP,200 mg,Comprimé secable l.p,B/50,CARBAMAZEPINE,NOVARTIS PHARMA SCHWEIZ AG,SUISSE,10283041,2006-04-14,Princeps
TEICO,400 mg,Pdre p.prep.injectable,B/10 FL,TEICOPLANINE,LES LABORATOIRES MEDIS,Tunisie,9233614H,2018-10-05,Générique
TEICO,200 mg,Pdre p.prep.injectable,B/10FL,TEICOPLANINE,LES LABORATOIRES MEDIS,Tunisie,9233613H,2018-10-05,Générique
TEICO,200 mg,Pdre p.prep.injectable,B/1FL+SLVT /3.2 ml,TEICOPLANINE,LES LABORATOIRES MEDIS,Tunisie,9233611H,2010-08-02,Générique
TEICO,400 mg,Pdre p.prep.injectable,B/1 FL+SLVT/ 3.2ML,TEICOPLANINE,LES LABORATOIRES MEDIS,Tunisie,9233612H,2010-08-02,Générique
TELMISARTAN VIATRIS,40 mg,Comprimé,B/30,TELMISARTAN,VIATRIS SANTE,FRANCE,4923261,2017-02-22,Générique
TELMISARTAN VIATRIS,80 mg,Comprimé,B/30,TELMISARTAN,VIATRIS SANTE,FRANCE,4923262,2017-02-22,Générique
TEMGESIC,0.300 MG,Solution injectable,B/10/1 ML,BUPRENORPHINE,SCHERING-PLOUGH SA,FRANCE,6523041BH,1991-02-13,Princeps
TEMO,100 mg,Gélule,B/5,TÉMOZOLOMIDE,LINO PHARMA,Tunisie,9453013H,2021-09-14,Générique
TEMO,5 mg,Gélule,B/5,TÉMOZOLOMIDE,LINO PHARMA,Tunisie,9453011H,2021-09-14,Générique
TEMO,20 mg,Gélule,B/5,TÉMOZOLOMIDE,LINO PHARMA,Tunisie,9453012H,2021-09-14,Générique
TEMO,250 mg,Gélule,B/5,TÉMOZOLOMIDE,LINO PHARMA,Tunisie,9453014H,2021-09-14,Générique
TEMOZOLOMIDE NEAPOLIS,100 mg,Gélule,B/5,TÉMOZOLOMIDE,NEAPOLIS PHARMA,Tunisie,9393243H,2022-09-09,Générique
TEMOZOLOMIDE NEAPOLIS,20 mg,Gélule,B/5,TÉMOZOLOMIDE,NEAPOLIS PHARMA,Tunisie,9393242H,2022-09-09,Générique
TEMOZOLOMIDE NEAPOLIS,250 mg,Gélule,B/5,TÉMOZOLOMIDE,NEAPOLIS PHARMA,Tunisie,9393244H,2022-09-09,Générique
TEMOZOLOMIDE NEAPOLIS,5 mg,Gélule,B/5,TÉMOZOLOMIDE,NEAPOLIS PHARMA,Tunisie,9393241H,2025-08-27,Générique
TERACETAM LP,500 mg,Comprimé pelliculé lp,B/60,LEVETIRACETAM,SAIPH,Tunisie,9164411,2025-06-27,Générique
TERACETAM LP,750 mg,Comprimé pelliculé lp,B/60,LEVETIRACETAM,SAIPH,Tunisie,9164412,2025-06-27,Générique
TEROS,20 mg,Comprimé pelliculé,B/4,TADALAFIL,TERIAK,Tunisie,9253832,2015-01-29,Générique
TEROS,10 mg,Comprimé pelliculé,B/4,TADALAFIL,TERIAK,Tunisie,9253831,2015-02-16,Générique
TEROS,5mg,Comprimé pelliculé,B/30,TADALAFIL,TERIAK,Tunisie,9253835,2016-08-17,Générique
TEROS,20 mg,Comprimé pelliculé,B/8,TADALAFIL,TERIAK,Tunisie,9253834,2015-07-28,Générique
TEROS,10 mg,Comprimé pelliculé,B/8,TADALAFIL,TERIAK,Tunisie,9253833,2015-07-28,Générique
TETAGAM P,250 UI,Solution injectable,B/1 seringue/1ml,IMMUNOGLOBULINE HUMAINE ANTITETANIQUE,CSL BEHRING GmbH,Allemagne,8143033,2013-08-16,Princeps
TETANUS GAMMA,250 UI,Solution injectable,B/1 seringue pré-remplie / 1 ml,IMMUNOGLOBULINE HUMAINE ANTITETANIQUE,KEDRION S.p.A,ITALIE,13043061,2014-04-24,Princeps
TETRADOX 100,100 MG,Comprimé,B/10,DOXYCYCLINE,IBN AL BAYTAR,Tunisie,9073222,1999-10-30,Générique
TETRADOX 100,100 MG,Comprimé,B/400,DOXYCYCLINE,IBN AL BAYTAR,Tunisie,9073223H,2000-04-14,Générique
TETRADOX 200,200 MG,Comprimé sécable,B/10,DOXYCYCLINE,IBN AL BAYTAR,Tunisie,9073221,1999-10-30,Générique
TETRALYSAL,300 mg,Gélule,B/28,LYMECYCLINE,GALDERMA INTERNATIONAL,FRANCE,7393101,2015-08-07,Princeps
TETRAXIM,,Suspension injectable,B/1 seringue/0.5 ml,VACCIN D+T+C+P,SANOFI Winthrop Industrie.,FRANCE,12063071,2011-07-15,Princeps
THEOPHYLLINE LP,100 mg,Gélule à libération prolongée,B/600,THEOPHYLLINE,SIPHAT,Tunisie,9000385H,1999-02-16,Générique
THERACELL,70 mg,Comprimé pelliculé,B/60,DASATINIB,THERA,Tunisie,9403091H,2020-06-29,Générique
THERACELL,50 mg,Comprimé pelliculé,B/60,DASATINIB,THERA,Tunisie,9403092H,2020-06-29,Générique
THERAFENIB,200 mg,Comprimé pelliculé,B/60,SORAFENIB,THERA,Tunisie,9403181H,2024-11-09,Générique
THERAGLOR,90 mg,Comprimé pelliculé,B/60,TICAGRELOR,THERA,Tunisie,9403111,2021-01-12,Générique
THIOCOLCHICOSIDE UNIMED,4 mg,Solution injectable,B/6 ampoules/2 ML,THIOCOLCHICOSIDE,UNIMED,Tunisie,9094021E,2019-02-06,Générique
THIOZYL,4 mg/2 ml,Solution injectable,B/6 Ampoules/2 ml,THIOCOLCHICOSIDE,DORCAS,Tunisie,9313281,2024-04-22,Générique
THYMOGLOBULINE,25 MG/5ML,Pdre p.prep.injectable,FL+S/5 ML,IMMUNOGLOBULINE DU LAPIN ANTI-THYMOCYTES HUMAINS,GENZYME POLYCLONALS S.A.S,FRANCE,1383021H,2004-07-10,Princeps
TIAFEN,200 mg,Comprimé,B/20,ACIDE TIAPROFENIQUE,SIMED,Tunisie,ST9083761,2019-03-18,Générique
TIAFEN,100 MG,Comprimé,B/30,ACIDE TIAPROFENIQUE,SIMED,Tunisie,ST 9083762,2019-07-22,Générique
TICAGREL,90 mg,Comprimé pelliculé,B/60,TICAGRELOR,TERIAK,Tunisie,9254261,2025-11-03,Générique
TIGECID,50 mg,Poudre pour solution pour perfusion,B/10FL,TIGECYCLINE,Centurion ilaç Sanayi ve ticaret A.S,TURQUIE,24733011H,2024-07-01,Générique
TIMO SP,0.5 %,Collyre,en solution B/1FL/5ML,TIMOLOL,STERIPHARM,Tunisie,9443221,2024-10-09,Générique
TIORFAN ENFANT,30 mg,Poudre pour solution orale,B/30 sachets,RACECADOTRIL,BIOPROJET PHARMA,FRANCE,2853012,2004-03-09,Princeps
TIORFAN NOURRISSON,10 mg,Poudre pour solution orale,B/16 sachets,RACECADOTRIL,BIOPROJET PHARMA,FRANCE,2853011,2004-03-09,Princeps
TIORTEC ENFANT,30 mg,Poudre pour solution orale,B/30,RACECADOTRIL,PHARMACARE,Tunisie,9343162,2016-04-28,Générique
TIORTEC NOURRISSONS,10 mg,Poudre pour solution orale,B/16,RACECADOTRIL,PHARMACARE,Tunisie,9343161,2016-04-28,Générique
TOBRACORT 3M,,Collyre,FL/5 ml,DEXAMETHASONE+TOBRAMYCINE,UNIMED,Tunisie,9093722,2014-12-04,Générique
TOFACITINIB NEAPOLIS,5 mg,Comprimé pelliculé,B/60,TOFACITINIB,NEAPOLIS PHARMA,Tunisie,9393231H,2022-06-17,Générique
TOMEC,100 mg/ 25mg,Collyre,FL/5 ml,DORZOLAMIDE+TIMOLOL,ABDI IBRAHIM IIac San. ve Tic. A.S.,TURQUIE,3733061,2020-10-07,Générique
TONICALCIUM ADULTES,,Ampoules buvables,B/20/10 ML,ASCORBATE DE DL-LYSINE+ASCORBATE DE CALCIUM,OPALIA PHARMA,Tunisie,ST9024152,2018-03-07,Princeps
TONICALCIUM ENFANTS,,Ampoules buvables,B/20/5 ML,ASCORBATE DE DL-LYSINE+ASCORBATE DE CALCIUM,OPALIA PHARMA,Tunisie,ST9024151,2018-03-07,Princeps
TOPLEXIL,,Sirop,FL/150ML,OXOMEMAZINE,ADWYA,Tunisie,9043031,1990-07-13,Princeps
TORRAL LP,400 mg,Comprimé pelliculé lp,B/400,PENTOXYFYLLINE,PHARMAGHREB,Tunisie,9013792H,2010-07-16,Générique
TORRAL LP,400 mg,Comprimé pelliculé lp,B/30,PENTOXYFYLLINE,PHARMAGHREB,Tunisie,9013791,2010-07-16,Générique
TORVA 40,40 mg,Comprimé pelliculé,B/30,ATORVASTATINE,SAIPH,Tunisie,9163614,2009-01-22,Générique
TORVA 40,40 mg,Comprimé pelliculé,B/60,ATORVASTATINE,SAIPH,Tunisie,9163618,2010-09-17,Générique
TORVA 40,40 mg,Comprimé pelliculé,B/90,ATORVASTATINE,SAIPH,Tunisie,9163619,2010-09-17,Générique
TOT'HEMA,0.7mg/1.33mg/50mg,Solution buvable,B/20AMP/10ml,CUIVRE+MANGANESE+FER,INNOTECH INTERNATIONAL,FRANCE,1763051,2022-01-26,Princeps
TOT'HEMA,200 MG,Ampoules buvables,C/20/10ML,VITAMINE B12+FER,SIPHAT,Tunisie,9003261,1993-07-09,Princeps
TOUFILEX ADULTES,,Suppositoire,B/8,ACIDE TENOIQUE+ESSENCES NATURELLES,PHARMAGHREB,Tunisie,9013463,2003-08-21,Générique
TOUFILEX ENFANTS,,Suppositoire,B/8,ACIDE TENOIQUE+ESSENCES NATURELLES,PHARMAGHREB,Tunisie,9013462,2003-07-02,Générique
TOUJEO SOLOSTAR,300unités/ml,Solution injectable,B/3Stylos/1.5ml,INSULINE GLARGINE,SANOFI-AVENTIS Deutschland GmbH,Allemagne,1823041,2021-01-26,Princeps
TOXICARB,20 gr/100ml,Suspension buvable,FL/250 ML,CHARBON,SERB,FRANCE,7273051H,2011-05-04,Princeps
TRAJENTA,5 mg,Comprimé pelliculé,B/28,LINAGLIPTINE,BOEHRINGER ING.INT.GmbH,Allemagne,11533061,2017-02-20,Princeps
TRANSILAX,10 gr,Poudre pour solution orale,B/20 sachets,POLYETHYLENE GLYCOL,IBN AL BAYTAR,Tunisie,9073531,2011-10-27,Générique
TRANSITON 10G,,Poudre pour solution orale,B/20 sachets,POLYETHYLENE GLYCOL,GALPHARMA,Tunisie,9223342,2013-08-22,Générique
TRANSITON ADULTE,10 g,Poudre pour solution orale,B/14 sachets,POLYETHYLENE GLYCOL,GALPHARMA,Tunisie,9223343,2019-11-26,Générique
TRANSITON ENFANT,4 gr/sachet,Poudre pour solution orale,B/20 sachets,POLYETHYLENE GLYCOL,GALPHARMA,Tunisie,9223341,2013-08-22,Générique
TRAZIMERA,420 mg,Poudre pour solution à diluer pour perfusion,B/1,TRASTUZUMAB,PFIZER Europe MA EEIG,BELGIQUE,8013202H,2025-07-21,Biosimilaire
TRAZIMERA,150 mg,Poudre pour solution à diluer pour perfusion,B/1,TRASTUZUMAB,PFIZER Europe MA EEIG,BELGIQUE,8013201H,2025-07-21,Biosimilaire
TREMFYA,100 mg,Solution injectable,B/1 stylo pré-rempli,GUSELKUMAB,Janssen-Cilag International N.V,BELGIQUE,15273091H,2025-12-31,Princeps
TREPARIN,250 ULS,Capsule molle,B/60,SULODEXIDE,SAIPH,Tunisie,9164432,2025-08-27,Générique
TREPARIN,250 ULS,Capsule molle,B/30,SULODEXIDE,SAIPH,Tunisie,9164431,2025-08-27,Générique
TRESIBA FLEXTOUCH,100 U/ ML,Solution injectable,B/5 stylos préremplis de 3 ml,INSULINE DEGLUDEC,NOVO NORDISK A/S Bagsvaerd,Denemark,5993131,2019-08-22,Princeps
TRESIBA FLEXTOUCH,200 U/ ML,Solution injectable,B/3 stylos préremplis de 3 ml,INSULINE DEGLUDEC,NOVO NORDISK A/S Bagsvaerd,Denemark,5993132,2019-08-22,Princeps
TREXAM,500 mg,Pdre p.prep.injectable,B/1 flacon de lyophilisat,PEMETREXED,Laboratorios Richmond S.A.C.I.F,Argentina,12213051H,2016-05-03,Générique
TRI-B,,Comprime enrobé,B/500,VITAMINE B1+VITAMINE B12+VITAMINE B6,SIPHAT,Tunisie,9000502H,2000-01-10,Générique
TRI-B,,Comprime enrobé,B/30,VITAMINE B1+VITAMINE B12+VITAMINE B6,SIPHAT,Tunisie,9000501,1993-03-30,Générique
TRIAXONE IM,1 GR,Pdre p.prep.injectable,B/1FL+S/3.5 ML,CEFTRIAXONE,JULPHAR,Emirats Arabes Unis,7473142H,2003-07-31,Générique
TRIAXONE IM,0.5 GR,Pdre p.prep.injectable,B/1FL+S/2 ML,CEFTRIAXONE,JULPHAR,Emirats Arabes Unis,7473144H,2003-07-31,Générique
TRIAXONE IM,0.25 GR,Pdre p.prep.injectable,B/1FL+S/2 ML,CEFTRIAXONE,JULPHAR,Emirats Arabes Unis,7473146H,2003-07-31,Générique
TRIAXONE IV,1 GR,Pdre p.prep.injectable,B/1 FL+solvant/10 ml,CEFTRIAXONE,JULPHAR,Emirats Arabes Unis,7473141H,2003-07-31,Générique
TRIAXONE IV,0.5 GR,Pdre p.prep.injectable,B/1FL+S/5 ML,CEFTRIAXONE,JULPHAR,Emirats Arabes Unis,7473143H,2003-07-31,Générique
TRIAXONE IV,0.25 GR,Pdre p.prep.injectable,B/1FL+S/5 ML,CEFTRIAXONE,JULPHAR,Emirats Arabes Unis,7473145H,2003-07-31,Générique
TRICIDINE PLUS,2% / 0.1%,Creme dermique,TUBE/5 g,ACIDE FUSIDIQUE+BETAMETHASONE,WEST PHARMA,Tunisie,9293013,2018-07-04,Générique
TRICIDINE PLUS,2% / 0.1%,Creme dermique,TUBE/15 g,ACIDE FUSIDIQUE+BETAMETHASONE,WEST PHARMA,Tunisie,9293014,2021-12-31,Générique
TRIFED PLUS,,Comprimé sécable,B/20,PARACETAMOL+PSEUDOEPHEDRINE+TRIPROLIDINE,IBN AL BAYTAR,Tunisie,9073181,1997-02-11,Générique
TRIFLUCAN,10 mg/ml,Poudre pour suspension orale,FL/24.4 gr,FLUCONAZOLE,PFIZER HOLDING FRANCE,FRANCE,6043046,2006-02-02,Princeps
TRIJAN,5 mg,Comprimé pelliculé,B/60,TOFACITINIB,HIKMA Pharmaceuticals Co Ltd,JORDANIE,6653871H,2025-08-07,Générique
TRIMBOW,87 µg/5 µg/9 µg,Solution pour inhalation,FL/120 doses,BECLOMETHASONE+FORMOTEROL+GLYCOPYRRONIUM,CHIESI FARMACEUTICI S.p.A,ITALIE,7133091,2024-05-23,Princeps
TRIMIDAR M FORTE,960 MG,Comprimé,B/16,COTRIMOXAZOLE,Dar Al Dawa Development and Investment Co.Ltd,JORDANIE,5403065,2006-01-04,Générique
TRIMOL,240 MG,Suspension buvable,FL/100ML,COTRIMOXAZOLE,JULPHAR,Emirats Arabes Unis,7473022,1992-06-20,Générique
TRIPYLORI,125mg/125mg/140mg,Gélule,B/1fl/120,BISMUTH +METRONIDAZOLE+TETRACYCLINE,SAIPH,Tunisie,9164271,2022-06-13,Générique
TRIVASTAL 50 MG LP,50 MG,Comprimé à libération prolongée,B/30,PIRIBEDIL,SERVIER,FRANCE,6353091,1999-12-18,Princeps
TROBIPOL,15 mg,Comprimé,B/30,ARIPIPRAZOLE,GALPHARMA,Tunisie,9223712,2025-05-27,Générique
TROBIPOL,10 mg,Comprimé,B/30,ARIPIPRAZOLE,GALPHARMA,Tunisie,9223711,2025-05-27,Générique
TROLAMINE NEITUM,0.67%,Emulsion,T/186 gr,TROLAMINE,ALEPT,FRANCE,12133022,2017-05-30,Générique
TROLAMINE NEITUM,0.67%,Emulsion,T/93 gr,TROLAMINE,ALEPT,FRANCE,12133021,2017-05-30,Générique
TROMBYL,75 mg,Comprimé,FL/100,ACIDE ACETYLSALICYLIQUE,PFIZER AB,SUEDE,13473011,2012-05-24,Princeps
TROPHIGIL,,Gélule Vaginale,FL/14,LACTOBACILLUS CASEI+PROGESTERONE+ESTRIOL,BESINS INTERNATIONAL,FRANCE,5173061,2015-11-04,Princeps
TRUXIMA,500 mg,Solution à diluer pour perfusion,B/1FL,RITUXIMAB,HIKMA Pharmaceuticals Co Ltd,JORDANIE,6653751H,2022-06-13,Biosimilaire
TRUXIMA,100 mg,Solution à diluer pour perfusion,B/2FL/10ML,RITUXIMAB,HIKMA Pharmaceuticals Co Ltd,JORDANIE,6653752H,2022-06-13,Biosimilaire
TUBERCULINE PPD RT 23,2 UI/0.1ml,Solution injectable,FL/15D/1.5 ml,TUBERCULINE,STATENS SERUM INSTITUT,Denemark,3223012,1999-12-18,Princeps
TUSSIDANE SANS SUCRE,1.5mg/ml,Solution buvable,FL/125ML,DEXTROMETHORPHANE,ELERTE FRANCE,FRANCE,14803011,2016-07-12,Princeps
TUSSIPAX,,Sirop,FL/125ML,DEXTROMETHORPHANE+GUAIFENESINE,OPALIA PHARMA,Tunisie,9023481,1998-06-26,Générique
TUSSIPAX ENFANT,,Sirop,FL/125ML,DEXTROMETHORPHANE+GUAIFENESINE,OPALIA PHARMA,Tunisie,9023482,2000-09-05,Générique
TYGACIL,50 mg,Pdre p.prep.injectable,B/10 flacons,TIGECYCLINE,PFIZER Limited UK,Rayaume uni,8063141H,2015-06-19,Princeps
TYGACIL,50 mg,Pdre p.prep.injectable,B/10 flacons,TIGECYCLINE,PFIZER Europe MA EEIG,BELGIQUE,8013161H,2022-01-13,Princeps
TYSABRI 300 MG,20 mg/ml,Solution injectable pour perfusion,B/1Fl/15 ml,NATALIZUMAB,BIOGEN Idec Ltd,Rayaume uni,10913041H,2020-10-08,Princeps
UBISTESIN ADRENALINEE,1/200 000 UI,Solution injectable,B/50 CARTOUCHES/1.7ML,ARTICAINE+ADRENALINE,3M Deutschland GmbH,Allemagne,10183012,2006-01-16,Princeps
UBISTESIN ADRENALINEE,1/100 000 UI,Solution injectable,B/50 CARTOUCHES/1.7ML,ARTICAINE+ADRENALINE,3M Deutschland GmbH,Allemagne,10183011,2006-01-16,Princeps
UCIDERM PLUS,,Creme dermique,Tube/15 gr,ACIDE FUSIDIQUE+BETAMETHASONE,SIMED,Tunisie,9083433,2004-07-27,Générique
UFEXIL,200 mg/100ml,Solution injectable pour perfusion,B/10FL/100 ml,CIPROFLOXACINE,DEMO SA,GRECE,6855101H,2016-07-14,Générique
ULDINE 20,20 MG,Comprimé pelliculé,B/30,FAMOTIDINE,SAIPH,Tunisie,9163191,1998-10-21,Générique
ULTIBRO BREEZHALER,85 µg/43 µg,Poudre pour inhalation buccale,B/30 Gélules +1 Inhalateur,MALÉATE D'INDACATÉROL/BROMURE DE GLYCOPYRRONIUM,NOVARTIS EUROPHARM LIMITED IRLANDE,Irelande,20833061,2021-03-26,Princeps
ULTRA-LEVURE,100 mg,Poudre pour solution orale,B/20 Sachets,SACCHAROMYCES BOULARDII,BIOCODEX.,FRANCE,5190023,2011-01-20,Princeps
ULTRA-LEVURE,200 mg,Gélule,FL/30,SACCHAROMYCES BOULARDII,BIOCODEX.,FRANCE,5190025,2020-05-18,Princeps
ULTRA-LEVURE,50 mg,Gélule,FL/20,SACCHAROMYCES BOULARDII,BIOCODEX,FRANCE,5190021,1995-07-11,Princeps
ULTRA-LEVURE,200 mg,Gélule,FL/10,SACCHAROMYCES BOULARDII,BIOCODEX.,FRANCE,5190024,2011-01-24,Princeps
ULTRASCAN,370 mg/ml,Solution injectable,B/1FL/50 ML,IOPROMIDE,LES LABORATOIRES MEDIS,Tunisie,9234153H,2024-04-22,Générique
ULTRASCAN,370 mg/ml,Solution injectable,B/1FL/100 ML,IOPROMIDE,LES LABORATOIRES MEDIS,Tunisie,9234154H,2024-04-22,Générique
ULTRASCAN,300 mg/ml,Solution injectable,FL/100 ML,IOPROMIDE,LES LABORATOIRES MEDIS,Tunisie,9234152H,2024-04-22,Générique
ULTRASCAN,300 mg/ml,Solution injectable,FL/50 ML,IOPROMIDE,LES LABORATOIRES MEDIS,Tunisie,9234151H,2024-04-22,Générique
ULTRAVIST 300,300 mg d'iode/ml,Solution injectable,B/10FL/50 ML,IOPROMIDE,BAYER AG,Allemagne,12853012,2009-08-11,Princeps
ULTRAVIST 300,300 mg d'iode/ml,Solution injectable,B/10FL/100 ML,IOPROMIDE,BAYER AG,Allemagne,12853013,2009-08-11,Princeps
ULTRAVIST 370,370mg d'iode/ml,Solution injectable,B/10FL/100 ML,IOPROMIDE,BAYER AG,Allemagne,12853015,2009-08-11,Princeps
ULTRAVIST 370,370mg d'iode/ml,Solution injectable,B/10FL/50 ML,IOPROMIDE,BAYER AG,Allemagne,12853014,2009-08-11,Princeps
UMAN ALBUMIN,200 gr/l,Solution injectable,FL/50 ML,ALBUMINE HUMAINE PLASMATIQUE,KEDRION S.p.A,ITALIE,13043021,2012-03-31,Princeps
UNICAINE 2%,,Solution injectable,B/50/10ML,LIDOCAINE,UNIMED,Tunisie,9093164H,1996-04-24,Générique
UNICROM 3M,4%,Collyre,FL/5 ML,CROMOGLYCATE DE SODIUM,UNIMED,Tunisie,9093056,2014-12-11,Générique
UNICROM 3M,2%,Collyre,FL/5 ML,CROMOGLYCATE DE SODIUM,UNIMED,Tunisie,9093055,2014-12-04,Générique
UNIGENTA 10,10 mg,Solution injectable,B/2/1 ml,GENTAMICINE,UNIMED,Tunisie,9093531,2005-11-30,Générique
UNIGENTA 160,160 mg,Solution injectable,B/1/2 ml,GENTAMICINE,UNIMED,Tunisie,9093536,2014-01-06,Générique
UNIGENTA 160,160 mg,Solution injectable,B/2/2ML,GENTAMICINE,UNIMED,Tunisie,9093535,2005-11-30,Générique
UNIGENTA 20,20 mg,Solution injectable,B/2/2 ml,GENTAMICINE,UNIMED,Tunisie,9093532,2005-11-30,Générique
UNIGENTA 40,40 mg,Solution injectable,B/2/2 ml,GENTAMICINE,UNIMED,Tunisie,9093533,2005-11-30,Générique
UNIGENTA 80,80 mg,Solution injectable,B/2/2 ml,GENTAMICINE,UNIMED,Tunisie,9093534,2005-11-30,Générique
UNIMAZOLE,10 mg,Comprimé sécable,B/60,THIAMAZOLE,UNI-PHARMA KLEON TSETIS PHARMACEUTICAL LABORATORIES S.A,GRECE,20513032,2024-07-30,Générique
UNIMAZOLE,5 mg,Comprimé sécable,B/60,THIAMAZOLE,UNI-PHARMA KLEON TSETIS PHARMACEUTICAL LABORATORIES S.A,GRECE,20513031,2024-07-30,Générique
UNIPHRINE,0.5%,Collyre,FL/5 ML,BENZALKONIUM CHLORURE+BORATE DE SOUDE+SYNEPHRINE,UNIMED,Tunisie,9093111A,1994-08-27,Générique
UPSA C CALCIUM,,Comprimé effervescent,TUBE DE 10,ACIDE ASCORBIQUE+CALCIUM,IPS (Industrie Pharmaceutique Said),Tunisie,9133151,1997-10-08,Princeps
UPSA-C,1000 mg,Comprimé effervescent,B/10,ACIDE ASCORBIQUE,IPS (Industrie Pharmaceutique Said),Tunisie,9133011A,1994-06-04,Princeps
UPTRAVI,200 µg,Comprimé pelliculé,B/60,SELEXIPAG,JANSSEN PHARMACEUTICA N.V BELGIQUE,BELGIQUE,15273071,2024-08-16,Princeps
UPTRAVI,400 mcg,Comprimé pelliculé,B/60 cp,SELEXIPAG,Janssen-Cilag International N.V,BELGIQUE,15273073,2024-08-16,Princeps
UPTRAVI,200 mcg,Comprimé pelliculé,B/140cp,SELEXIPAG,Janssen-Cilag International N.V,BELGIQUE,15273072,2024-08-16,Princeps
UPTRAVI,1600 mcg,Comprimé pelliculé,B/60 cp,SELEXIPAG,Janssen-Cilag International N.V,BELGIQUE,15273079,2024-08-16,Princeps
UPTRAVI,1200 mcg,Comprimé pelliculé,B/60 cp,SELEXIPAG,Janssen-Cilag International N.V,BELGIQUE,15273077,2024-08-16,Princeps
UPTRAVI,1400 mcg,Comprimé pelliculé,B/60 cp,SELEXIPAG,Janssen-Cilag International N.V,BELGIQUE,15273078,2024-08-16,Princeps
UPTRAVI,800 mcg,Comprimé pelliculé,B/60 cp,SELEXIPAG,Janssen-Cilag International N.V,BELGIQUE,15273075,2024-08-16,Princeps
UPTRAVI,1000 mcg,Comprimé pelliculé,B/60 cp,SELEXIPAG,Janssen-Cilag International N.V,BELGIQUE,15273076,2024-08-16,Princeps
UPTRAVI,600 mcg,Comprimé pelliculé,B/60 cp,SELEXIPAG,Janssen-Cilag International N.V,BELGIQUE,15273074,2024-08-16,Princeps
URITAB,10 mg,Comprimé à libération prolongée,B/30,ALFUZOSINE,TABUK Pharmaceutical .M. CO,Arabie Saoudite,12203021,2017-08-07,Générique
UROMITEXAN,400 MG,Solution injectable,B/5/4ML,MESNA,BAXTER ONCOLOGY GmbH,Allemagne,2613021H,2003-11-21,Princeps
URPEX,5%,Creme dermique,T/5 gr,ACICLOVIR,GALPHARMA,Tunisie,9223531,2018-11-15,Générique
UTP OPALIA,2 mg,Solution buvable,B/45 sachet-dose/2ml,ACIDE URIDINE-5' TRIPHOSPHORIQUE,OPALIA PHARMA,Tunisie,9023732,2013-08-22,Générique
UTP OPALIA,2 mg,Solution buvable,B/45/2ml,ACIDE URIDINE-5' TRIPHOSPHORIQUE,OPALIA PHARMA,Tunisie,9023731,2005-10-15,Générique
UTROGESTAN,100 MG,Capsule molle,B/30,PROGESTERONE,BESINS INTERNATIONAL,FRANCE,5173031,1995-01-06,Princeps
UTROGESTAN,200 MG,Capsule molle,B/15,PROGESTERONE,BESINS INTERNATIONAL,FRANCE,5173032,2002-06-08,Princeps
UVIMAG B6.,,Ampoules buvables,C/20/10 ML,MAGNESIUM+VITAMINE B6,SIPHAT,Tunisie,9003591,1997-02-28,Princeps
VAAMOX ENFANT,1 gr /100 mg,Pdre p.prep.injectable,B/1 flacon,AMOXICILLINE+ACIDE CLAVULANIQUE,UNIMED,Tunisie,9093387,2005-06-16,Générique
VAAMOX ENFANT,1 gr /100 mg,Pdre p.prep.injectable,B/10 flacons,AMOXICILLINE+ACIDE CLAVULANIQUE,UNIMED,Tunisie,9093388,2005-06-16,Générique
VAAMOX IV ADULTE,1g/200mg,Pdre p.prep.injectable,B/10 flacons,AMOXICILLINE+ACIDE CLAVULANIQUE,UNIMED,Tunisie,9093386,2003-12-09,Générique
VAAMOX IV ADULTE,1gr/200mg,Pdre p.prep.injectable,B/1 flacon,AMOXICILLINE+ACIDE CLAVULANIQUE,UNIMED,Tunisie,9093385,2003-12-09,Générique
VAAMOX IV ENFANT ET NOURRISSON,500 mg/50 mg,Pdre p.prep.injectable,B/1 flacon,AMOXICILLINE+ACIDE CLAVULANIQUE,UNIMED,Tunisie,9093381,2003-12-09,Générique
VAAMOX IV ENFANT ET NOURRISSON,500 mg/50 mg,Pdre p.prep.injectable,B/10 flacons,AMOXICILLINE+ACIDE CLAVULANIQUE,UNIMED,Tunisie,9093382,2003-12-09,Générique
VACAINE 100,5 mg/ml,Solution injectable,B/10/20ML,BUPIVACAINE,DORCAS,Tunisie,9313182H,2014-05-14,Générique
VACAINE 50,2.5 mg/ ml,Solution injectable,B/10/20 ml,BUPIVACAINE,DORCAS,Tunisie,9313181H,2014-05-14,Générique
VACCIN BCG LYOPHILISE INTRADERMIQUE,,Pdre p.prep.injectable,B/10 fl+10 fl .solv/2 ml,VACCIN BCG,INSTITUT PASTEUR DE TUNIS,Tunisie,9333032H,2010-07-22,Princeps
VACCIN BCG LYOPHILISE INTRADERMIQUE,,Pdre p.prep.injectable,B/1 fl+1 fl .solv/2 ml,VACCIN BCG,INSTITUT PASTEUR DE TUNIS,Tunisie,9333031,2010-07-22,Princeps
VACCIN DTP (DTC) ADSORBE,,Suspension injectable,B/50FL/5ML/10 DOSES,VACCIN D+T+C,SERUM INSTITUTE OF INDIA,Inde,3693011H,2005-12-20,Princeps
VACCIN DU VIRUS VIVANT DE LA ROUGEOLE ET DE LA RUBEOLE USP,,Pdre p.prep.injectable,B/50 FL/5 ml/10 doses+B/50 amp diluant/5 ml/10 doses,VACCIN R+RU,SERUM INSTITUTE OF INDIA,Inde,3693021H,2007-05-31,Princeps
VAGILEN,500 MG,Ovule,B/10,METRONIDAZOLE,OPALIA PHARMA,Tunisie,9023241,1995-02-18,Générique
VAGILEN,500 MG,Ovule,B/50,METRONIDAZOLE,OPALIA PHARMA,Tunisie,9023242H,1997-12-24,Générique
VALECORT NEOMYCINE,,Creme dermique,T/10 GR,BETAMETHASONE+NEOMYCINE,PHARMADERM,Tunisie,9053084,1996-11-05,Générique
VALECORT NEOMYCINE,,Lotion,FL/15 GR,BETAMETHASONE+NEOMYCINE,PHARMADERM,Tunisie,9053086,1997-06-07,Générique
VALECORT NEOMYCINE,,Pommade dermique,T/10 GR,BETAMETHASONE+NEOMYCINE,PHARMADERM,Tunisie,9053082,1996-11-05,Générique
VALOREG 160,160 mg,Comprimé pelliculé,FL/30,VALSARTAN,WEST PHARMA,Tunisie,9293172,2011-03-11,Générique
VALOREG 80,80 mg,Comprimé pelliculé,FL/30,VALSARTAN,WEST PHARMA,Tunisie,9293171,2011-03-11,Générique
VALOZID,80 mg/12.5mg,Comprimé pelliculé,FL/30,VALSARTAN+HYDROCHLOROTHIAZIDE,WEST PHARMA,Tunisie,9293181,2011-07-13,Générique
VALPROATE DE SODIUM AGUETTANT,400 MG/4 ML,Solution injectable,B/10 amp /4ML,VALPROATE DE SODIUM,LABORATOIRE AGUETTANT,FRANCE,7093301H,2017-08-07,Générique
VALPROATE DE SODIUM VIATRIS,500 mg,Comprimé pelliculé sécable lp,Fl/30,VALPROATE DE SODIUM + ACIDE VALPROIQUE,VIATRIS SANTE,FRANCE,4923211,2013-11-07,Générique
VALSAR,80 mg,Comprimé pelliculé,B/28,VALSARTAN,TERIAK,Tunisie,9253781,2014-09-23,Générique
VALSAR,160 mg,Comprimé pelliculé,B/28,VALSARTAN,TERIAK,Tunisie,9253782,2014-09-23,Générique
VAMINOLACT,,Solution injectable pour perfusion,FL/500 ml,ACIDES AMINES,FRESENIUS KABI FRANCE,FRANCE,3153112H,2016-07-14,Générique
VAMINOLACT,,Solution injectable pour perfusion,FL/100 ml,ACIDES AMINES,FRESENIUS KABI FRANCE,FRANCE,3153111H,2016-07-14,Générique
VANCO,1 g,Lyophilisat pour solution injectable,B/1 FL,VANCOMYCINE,LES LABORATOIRES MEDIS,Tunisie,9233223H,2021-12-31,Générique
VANCO 500,500 mg,Pdre p.prep.injectable,B/10 Flacons,VANCOMYCINE,LES LABORATOIRES MEDIS,Tunisie,9233222H,2018-06-07,Générique
VANCO 500,500 mg,Pdre p.prep.injectable,B/1 FLACON,VANCOMYCINE,LES LABORATOIRES MEDIS,Tunisie,9233221H,2002-04-04,Générique
VANCOLON,500 mg,Pdre p.prep.injectable,B/1 flacon sans solvant,VANCOMYCINE,JULPHAR,Emirats Arabes Unis,7473181H,2012-07-13,Générique
VANCOMED 500,500 mg,Pdre p.prep.injectable,B/1 flacon,VANCOMYCINE,UNIMED,Tunisie,ST9093941H,2015-07-29,Générique
VANCOMYCIN HIKMA,1000 mg,Pdre p.prep.injectable,B/1 flacon,VANCOMYCINE,HIKMA Pharmaceuticals Co Ltd,JORDANIE,6653532H,2017-03-17,Générique
VANCOMYCINE HIKMA 500,500 mg,Pdre p.prep.injectable,B/1 flacon,VANCOMYCINE,HIKMA Pharmaceuticals Co Ltd,JORDANIE,6653531H,2011-07-12,Générique
VANCOMYCINE KABI,500 mg,Pdre p.prep.injectable,B/1 flacon,VANCOMYCINE,FRESENIUS KABI FRANCE,FRANCE,3153121H,2017-01-12,Générique
VANCOMYCINE KABI,1 gr,Pdre p.prep.injectable,B/1 flacon,VANCOMYCINE,FRESENIUS KABI FRANCE,FRANCE,3153122H,2017-03-16,Générique
VANCOMYCINE MYLAN,500 mg,Pdre p.prep.injectable,B/1 flacon,VANCOMYCINE,MYLAN S.A.S,FRANCE,4923251H,2016-07-14,Générique
VASCOTEN,100 MG,Comprimé,B/20,ATENOLOL,MEDOCHEMIE LTD,CHYPRE,6973111,1992-01-25,Générique
VASCULAR,500 mg,Comprimé pelliculé,B/30,DIOSMINE+HESPERIDINE,DAR-ESSAYDALI.,Tunisie,9213471,2023-10-18,Générique
VASCULAR,1000 mg,Comprimé pelliculé,B/30,DIOSMINE+HESPERIDINE,DAR-ESSAYDALI.,Tunisie,9213472,2023-12-01,Générique
VASELINE,,Pommade dermique,T/20 GR,VASELINE,SIPHAT,Tunisie,9003411,1994-05-31,Générique
VASOBRAL,4 MG,Comprimé sécable,B/30,DIHYDROERGOCRYPTINE+CAFEINE,CHIESI S.A.S,FRANCE,5733012,1998-03-17,Princeps
VASOBRAL,,Gouttes buvables,FL/50 ML,DIHYDROERGOCRYPTINE+CAFEINE,CHIESI S.A.S,FRANCE,1263051,2003-07-24,Princeps
VASOGAZE,100 GR,Compresse imprégnée stérile,B/10/10CM X 10CM,VASELINE,ALLIANCE PHARMA,Tunisie,9303022,2008-05-21,Générique
VASOGAZE,100 gr,Compresse imprégnée stérile,B/1/10CM X 10CM,VASELINE,ALLIANCE PHARMA,Tunisie,9303021,2008-05-21,Générique
VASOGAZE,100 GR,Compresse imprégnée stérile,B/1/20CM X 20CM,VASELINE,ALLIANCE PHARMA,Tunisie,9303023,2008-05-21,Générique
VASOGAZE,100 GR,Compresse imprégnée stérile,B/10/20CM X 20CM,VASELINE,ALLIANCE PHARMA,Tunisie,9303024,2008-05-21,Générique
VASOGAZE,,Compresse imprégnée stérile,10X30cm B/10,VASELINE,ALLIANCE PHARMA,Tunisie,9303025,2011-03-14,Générique
VASOTRIM,20 mg,Comprimé pelliculé,B/60,TRIMETAZIDINE,DAR-ESSAYDALI.,Tunisie,9213331,2008-04-12,Générique
VASTAREL,35 mg,Comprimé pelliculé à libération modifiée,B/60,TRIMETAZIDINE,TERIAK,Tunisie,9253911,2016-06-02,Princeps
VASTAREL,35 mg,Comprimé à libération modifiée,B/60,TRIMETAZIDINE,SAIPH,Tunisie,9163202,2006-01-18,Princeps
VASTAREL.,20 MG/ML,Gouttes buvables,FL/60 ML,TRIMETAZIDINE,SERVIER,FRANCE,6353061,1998-02-19,Princeps
VAXIGRIP,,Suspension injectable,B/1 SER/0.5ML,VACCIN ANTIGRIPPE,SANOFI Winthrop Industrie.,FRANCE,11513101,2025-06-18,Princeps
VAXIGRIPTETRA,,Suspension injectable,B/1 SER/0.5ML,VACCIN ANTIGRIPPE,SANOFI Winthrop Industrie.,FRANCE,12063111,2020-08-25,Princeps
VEELBORE,3.5mg,Poudre pour solution injectable,B/1FL/ 8ML,BORTEZOMIB,HIKMA Pharmaceuticals Co Ltd,JORDANIE,6653721H,2021-09-09,Générique
VELCADE,3.5 mg,Pdre p.prep.injectable,B/1 flacon,BORTEZOMIB,Janssen-Cilag International N.V,BELGIQUE,15273011H,2015-08-10,Princeps
VELITEN,,Comprimé pelliculé,B/30,VITAMINE C+RUTOSIDE+VITAMINE E,ZAMBON FRANCE,FRANCE,6723081,2000-11-21,Princeps
VENCLYXTO,10 mg,Comprimé pelliculé,B/14,VENETOCLAX,ABBVIE DEUTSCHLAND Gmbh and Co.KG,Allemagne,1691345H,2022-01-04,Princeps
VENCLYXTO,100 mg,Comprimé pelliculé,B/14,VENETOCLAX,ABBVIE DEUTSCHLAND Gmbh and Co.KG,Allemagne,16913041H,2022-01-04,Princeps
VENCLYXTO,100 mg,Comprimé pelliculé,B/7,VENETOCLAX,ABBVIE DEUTSCHLAND Gmbh and Co.KG,Allemagne,16913043H,2022-01-04,Princeps
VENCLYXTO,100 mg,Comprimé pelliculé,B/112,VENETOCLAX,ABBVIE DEUTSCHLAND Gmbh and Co.KG,Allemagne,16913042H,2022-01-04,Princeps
VENCLYXTO,50 mg,Comprimé pelliculé,B/7,VENETOCLAX,ABBVIE DEUTSCHLAND Gmbh and Co.KG,Allemagne,16913044H,2022-01-04,Princeps
VENOFER,100 MG,Solution injectable,B/5/5 ML,FER,VIFOR International Inc,SUEDE,8793011H,1996-09-07,Princeps
VENTOL,2.5mg/2.5ml,Solution pour inhalation,B/60 unidoses de 2.5 ml,SALBUTAMOL,UNIMED,Tunisie,9094051H,2021-01-12,Générique
VENTOL,2.5mg/2.5ml,Solution pour inhalation,B/10 unidoses de 2.5 ml,SALBUTAMOL,UNIMED,Tunisie,9094052,2022-04-27,Générique
VERAX,5%,Gel dermique,Tube/30 GR,BENZYDAMINE,OPALIA PHARMA,Tunisie,9023202,1994-06-06,Générique
VERAX,5%,Gel dermique,Tube/70 gr,BENZYDAMINE,OPALIA PHARMA,Tunisie,9023206,2009-06-01,Générique
VERAX ADULTES,100 MG,Suppositoire,B/10,BENZYDAMINE,OPALIA PHARMA,Tunisie,9023205,1996-06-08,Générique
VERAX BLU,,Collutoire,FL/30ML,BENZYDAMINE,OPALIA PHARMA,Tunisie,9023203,1996-01-12,Générique
VERAX BLU,,Solute buccal,FL/120 ML,BENZYDAMINE,OPALIA PHARMA,Tunisie,9023201,1994-01-27,Générique
VERAX ENFANT,25 MG,Suppositoire,B/10,BENZYDAMINE,OPALIA PHARMA,Tunisie,9023204,1996-06-08,Générique
VERRULIA,,Comprimé à sucer,B/60,PRODUITS HOMEOPATHIQUES,BOIRON,FRANCE,6873601,2009-06-01,Princeps
VERSAVO,100 mg (25mg/ml),Solution à diluer pour perfusion,B/1FL/4ml,BEVACIZUMAB,Dr Reddy's Laboratories Ltd Biologics,Inde,20063021H,2025-08-15,Biosimilaire
VERSAVO,400 mg (25mg/ml),Solution à diluer pour perfusion,B/1FL/16 ml,BEVACIZUMAB,Dr Reddy's Laboratories Ltd Biologics,Inde,20063022H,2025-08-15,Biosimilaire
VESSEL,250 ULS,Capsule molle,B/50,SULODEXIDE,ALFASIGMA S.p.A.,ITALIE,6683081,1994-11-16,Princeps
VESSEL,600 UL,Solution injectable,B/10/2 ML,SULODEXIDE,ALFASIGMA S.p.A.,ITALIE,6683082,1994-11-16,Princeps
VEZIA,2 mg,Comprimé,B/28,DIENOGEST,LINO PHARMA,Tunisie,9453031,2021-12-31,Générique
VEZIA,2 mg,Comprimé,B/84,DIENOGEST,LINO PHARMA,Tunisie,9453032,2021-12-31,Générique
VFEND,200 mg,Poudre pour solution pour perfusion,B/1FLACON,VORICONAZOLE,PFIZER Europe MA EEIG,BELGIQUE,8013054H,2020-03-16,Princeps
VFEND,40 mg/ml,Poudre pour suspension orale,B/1FL/45 gr,VORICONAZOLE,PFIZER Europe MA EEIG,BELGIQUE,8013051H,2020-03-16,Princeps
VIACORAM,3.5 mg/2.5 mg,Comprimé,FL/30,PERINDOPRIL ARGININE+ AMLODIPINE,SERVIER,FRANCE,6353201,2022-09-09,Princeps
VIACORAM,7 mg/ 5 mg,Comprimé,FL/30,PERINDOPRIL ARGININE+ AMLODIPINE,SERVIER,FRANCE,6353202,2022-09-09,Princeps
VIACORIND,7 mg/2.5mg/5 mg,Comprimé pelliculé,B/30,PERINDOPRIL ARGININE+ INDAPAMIDE+ AMLODIPINE,SERVIER,FRANCE,6353211,2024-10-08,Princeps
VIADIS,100 mg,Comprimé,B/4,SILDENAFIL,LES LABORATOIRES MEDIS,Tunisie,9233663,2015-10-12,Générique
VIADIS,50 mg,Comprimé pelliculé,B/4,SILDENAFIL,LES LABORATOIRES MEDIS,Tunisie,9233662,2012-09-27,Générique
VIADIS,25 mg,Comprimé pelliculé,B/4,SILDENAFIL,LES LABORATOIRES MEDIS,Tunisie,9233661,2012-09-27,Générique
VIAGRA,100 MG,Comprimé pelliculé,B/4,SILDENAFIL,Upjohn EESV,HOLLANDE,25603021,2021-12-08,Princeps
VIAGRA,50 MG,Comprimé pelliculé,B/4,SILDENAFIL,Upjohn EESV,HOLLANDE,25603022,2021-12-08,Princeps
VIAGRA,25 MG,Comprimé pelliculé,B/4,SILDENAFIL,Upjohn EESV,HOLLANDE,25603023,2021-12-08,Princeps
VIALEBEX,20%,Solution injectable pour perfusion,FL/50 ML,ALBUMINE HUMAINE PLASMATIQUE,LFB-Biomédicaments,FRANCE,3163012H,1998-11-03,Princeps
VIALEBEX,20%,Solution injectable pour perfusion,FL/100 ML,ALBUMINE HUMAINE PLASMATIQUE,LFB-Biomédicaments,FRANCE,3163011H,1998-05-26,Princeps
VIAMAXIM,100 mg,Comprimé pelliculé,B/4,SILDENAFIL,GALPHARMA,Tunisie,9223442,2017-11-22,Générique
VIAMAXIM,50 mg,Comprimé pelliculé,B/4,SILDENAFIL,GALPHARMA,Tunisie,9223441,2017-11-22,Générique
VIAMAXIM,50 mg,Comprimé pelliculé,B/8,SILDENAFIL,GALPHARMA,Tunisie,9223443,2018-05-14,Générique
VIAMAXIM,100 mg,Comprimé pelliculé,B/8,SILDENAFIL,GALPHARMA,Tunisie,9223444,2018-05-14,Générique
VIATEC,100 mg,Comprimé pelliculé,B/4,SILDENAFIL,ADWYA,Tunisie,9044085,2011-12-07,Générique
VIATEC,25 mg,Comprimé pelliculé,B/4,SILDENAFIL,ADWYA,Tunisie,9044081,2011-12-07,Générique
VIATEC,50 mg,Comprimé pelliculé,B/4,SILDENAFIL,ADWYA,Tunisie,9044083,2011-12-07,Générique
VIATEC,50 mg,Comprimé pelliculé,B/8,SILDENAFIL,ADWYA,Tunisie,9044084,2011-12-07,Générique
VIATEC,100 mg,Comprimé pelliculé,B/8,SILDENAFIL,ADWYA,Tunisie,9044086,2011-12-07,Générique
VIATEC,25 mg,Comprimé pelliculé,B/8,SILDENAFIL,ADWYA,Tunisie,9044082,2011-12-07,Générique
VIAXON,50 mg,Comprimé Effervecent Sécable,B/1Tube/8,SILDENAFIL,PIERRE FABRE MEDICAMENT PRODUCTION TUNISIE,Tunisie,ST9323211,2020-07-20,Générique
VIBRA 200,200 MG,Comprimé sécable,B/8,DOXYCYCLINE,PFIZER TUNISIE,Tunisie,9243022,2000-04-13,Générique
VICTOZA,6 mg/ml,Solution injectable,B/ 2 stylos/ 3ml,LIRAGLUTIDE,NOVO NORDISK A/S Bagsvaerd,Denemark,5993111,2013-09-10,Princeps
VIDAZA,25 mg/ml,Poudre pour suspension injectable,B/1 flacon /100mg,AZACITIDINE,CELGENE EUROPE Limited,Rayaume uni,13483011H,2011-06-08,Princeps
VIEKIRAX,12.5mg/75mg/50mg,Comprimé pelliculé,B/56,OMBITASVIR+PARITAPREVIR+RITONAVIR,AbbVie Ltd,Rayaume uni,15623031H,2016-01-28,Princeps
VILDUS,50 mg,Comprimé,B/30,VILDAGLIPTINE,OPALIA PHARMA,Tunisie,9024281,2024-02-08,Générique
VINCRISTINE RICHTER,1 MG,Pdre p.prep.injectable,B/1+S/10ML,VINCRISTINE,GEDEON RICHTER,HONGRIE,6673021H,1990-10-23,Générique
VINOREL,50 mg/5 ml,Solution injectable,B/1FL/5 ML,VINORELBINE,ERIOCHEM,Argentina,12273022H,2010-07-27,Générique
VINOREL,10 mg/1 ml,Solution injectable,B/1/1ml,VINORELBINE,ERIOCHEM,Argentina,12273021H,2010-07-27,Générique
VIPDOMET,12.5 mg/1000 mg,Comprimé pelliculé,B/56,ALOGLIPTINE BENZOATE- METFORMINE CHLORHYDRATE,THE ARAB PHARMACEUTICAL MANUFACTURING PSC,JORDANIE,25083012,2025-03-25,Princeps
VIPIDIA,25 mg,Comprimé pelliculé,B/28,ALOGLIPTINE,THE ARAB PHARMACEUTICAL MANUFACTURING PSC,JORDANIE,25083022,2025-03-25,Princeps
VIPIDIA,12.5 mg,Comprimé pelliculé,B/28,ALOGLIPTINE,THE ARAB PHARMACEUTICAL MANUFACTURING PSC,JORDANIE,25083021,2025-03-25,Princeps
VISANNE,2 mg,Comprimé,B/28,DIENOGEST,JENAPHARM GmbH& Co.KG,Allemagne,17463031,2021-06-29,Princeps
VISCOAT,30 MG,Solution intra-oculaire,B/1 ser/0.75 ml,HYALURONATE DE SODIUM+CHONDROITIN,ALCON Laboratories UK Ltd,Rayaume uni,1903041,2006-08-24,Princeps
VISIPAQUE,320 mg/ml,Solution injectable,B/10/50 ml,IODIXANOL,GE HEALTHCARE AS NORVEGE,NORVEGE,2453041,2012-03-19,Princeps
VISIPAQUE,320 mg/ml,Solution injectable,B/10/200 ml,IODIXANOL,GE HEALTHCARE AS NORVEGE,NORVEGE,2453043,2012-03-19,Princeps
VISIPAQUE,320 mg/ml,Solution injectable,B/10/100 ml,IODIXANOL,GE HEALTHCARE AS NORVEGE,NORVEGE,2453042,2012-03-19,Princeps
VITA B12,1000 µg/ML,Solution injectable,B/4 Ampoules de 1 ML,VITAMINE B12,STERIPHARM,Tunisie,9443012,2020-08-25,Générique
VITA B12,1000 µg /ML,Solution injectable,B/50 Ampoules de 1 ML,VITAMINE B12,STERIPHARM,Tunisie,9443011H,2020-08-25,Générique
VITA C,500 MG,Comprimé à croquer,FL/16,ACIDE ASCORBIQUE,DAR-ESSAYDALI.,Tunisie,9213501,2025-08-27,Générique
VITA D3,200 000 UI/ML,Solution injectable,IM et Orale B/1 ampoule/1 ml,VITAMINE D,STERIPHARM,Tunisie,9443041,2021-03-26,Générique
VITAB12,1000 µg/ml,Solution injectable,B/5 Ampoules de 1 ml,VITAMINE B12,STERIPHARM,Tunisie,9443014,2024-06-21,Générique
VITACHOLINE 1.5,1.5 mg,Gélule,B/30,RIVASTIGMINE,TAHA PHARMA,Tunisie,9373171H,2017-02-21,Générique
VITACHOLINE 1.5,1.5 mg,Gélule,B/60,RIVASTIGMINE,TAHA PHARMA,Tunisie,9373175H,2019-06-17,Générique
VITACHOLINE 3,3 mg,Gélule,B/30,RIVASTIGMINE,TAHA PHARMA,Tunisie,9373172H,2017-02-21,Générique
VITACHOLINE 3,3 mg,Gélule,B/60,RIVASTIGMINE,TAHA PHARMA,Tunisie,9373176H,2019-06-17,Générique
VITACHOLINE 4.5,4.5 mg,Gélule,B/30,RIVASTIGMINE,TAHA PHARMA,Tunisie,9373173H,2017-02-21,Générique
VITACHOLINE 4.5,4.5 mg,Gélule,B/60,RIVASTIGMINE,TAHA PHARMA,Tunisie,9373177H,2019-06-17,Générique
VITACHOLINE 6,6 mg,Gélule,B/30,RIVASTIGMINE,TAHA PHARMA,Tunisie,9373174H,2017-02-21,Générique
VITACHOLINE 6,6 mg,Gélule,B/60,RIVASTIGMINE,TAHA PHARMA,Tunisie,9373178H,2019-06-17,Générique
VITALIPIDE ADULTES,,Emulsion injectable,B/10 ampoules/10 ml,VITAMINES,FRESENIUS KABI FRANCE,FRANCE,3153172,2018-08-10,Princeps
VITALIPIDE ENFANTS,,Emulsion injectable,B/10 ampoules/10 ml,VITAMINES,FRESENIUS KABI FRANCE,FRANCE,3153171,2018-08-10,Princeps
VITALIS,20 mg,Comprimé pelliculé sécable,B/4,TADALAFIL,LES LABORATOIRES MEDIS,Tunisie,9233771,2015-03-04,Générique
VITAMIN E 100,100 mg,Capsule molle,B/50,VITAMINE E,NOVENTIS s.r.o,République Tcheque,11553013,2011-12-28,Générique
VITAMIN E 100,100 mg,Capsule molle,FL/50,VITAMINE E,NOVENTIS s.r.o,République Tcheque,11553011,2007-12-18,Générique
VITAMIN E 200,200 mg,Capsule molle,B/60,VITAMINE E,NOVENTIS s.r.o,République Tcheque,11553014,2011-12-28,Générique
VITAMIN E 200,200 mg,Capsule molle,FL/50,VITAMINE E,NOVENTIS s.r.o,République Tcheque,11553012,2007-12-18,Générique
VITAMINE A-CREME,1MUI%,Creme dermique,T/30 GR,VITAMINE A,OPALIA PHARMA,Tunisie,9023291,1995-08-11,Générique
VITAMINE B1,100 MG,Solution injectable,B/50/2 ML,VITAMINE B1,SIPHAT,Tunisie,ST9000372H,1999-12-31,Générique
VITAMINE B1,100 MG,Solution injectable,B/4/2 ML,VITAMINE B1,SIPHAT,Tunisie,ST9000371,1993-12-21,Générique
VITAMINE B12 1000,1000 µG,Solution injectable,B/50/1 ML,VITAMINE B12,SIPHAT,Tunisie,ST9000392H,2000-01-24,Générique
VITAMINE B12 1000,1000 µG,Solution injectable,B/4/1 ML,VITAMINE B12,SIPHAT,Tunisie,ST9000391,1993-04-30,Générique
VITAMINE C,500 MG,Comprimé,B/500,VITAMINE C,SIPHAT,Tunisie,9000451H,1994-11-22,Générique
VITAMINE C 500,500 MG,Comprimé,B/20,VITAMINE C,SIPHAT,Tunisie,9000451,1993-03-23,Générique
VITAMINE C IPS,500 mg,Comprimé à croquer,B /2 Tubes/10,ACIDE ASCORBIQUE,IPS (Industrie Pharmaceutique Said),Tunisie,9273101,2006-12-15,Générique
VITAMINE C UPSA 500,500 mg,Comprimé à sucer,Boite /20,ACIDE ASCORBIQUE,IPS (Industrie Pharmaceutique Said),Tunisie,9133071b,2002-01-24,Princeps
VITAMINE D3 B.O.N,200 000 UI/ML,Solution injectable,B/1 ampoule/1 ml,VITAMINE D,BOUCHARA-RECORDATI,FRANCE,7313061,2000-11-14,Princeps
VITAMYL,1 GR,Comprimé effervescent,Tube/10,ACIDE ASCORBIQUE,IPS (Industrie Pharmaceutique Said),Tunisie,9273091,2006-12-15,Générique
VITAPRED1,(1 mg),Comprimé orodispersible,FL/30,PREDNISOLONE,TAHA PHARMA,Tunisie,9373045,2016-08-09,Générique
VITAPRED1,1 mg/ml,Solution buvable,B/1FL/50ml,PREDNISOLONE,TAHA PHARMA,Tunisie,93730410,2023-02-15,Générique
VITAPRED5,5mg,Comprimé orodispersible,B/10,PREDNISOLONE,TAHA PHARMA,Tunisie,9373047,2017-03-28,Générique
VITARGINE,250mg/100mg/20mg,Comprimé pelliculé,B/24,ARGININE CHLORHYDRATE+VITAMINE B1+VITAMINE B6,ADWYA,Tunisie,9044451,2021-03-22,Générique
VITARGINE,250mg/100mg/20mg,Comprimé pelliculé,B/60,ARGININE CHLORHYDRATE+VITAMINE B1+VITAMINE B6,ADWYA,Tunisie,9044452,2022-12-07,Générique
VITASCORBOL SANS SUCRE TAMPONNÉ,500 mg,Comprimé à sucer,B/2tubes/12,VITAMINE C,IBN AL BAYTAR,Tunisie,9073351,2007-05-18,Générique
VITFEN,200 mg,Comprimé effervescent,B/2Tubes/10,IBUPROFEN,IPS (Industrie Pharmaceutique Said),Tunisie,9273081,2006-12-15,Générique
VOLFENAC 100 ADULTE,100 MG,Suppositoire,B/8,DICLOFENAC,IPS (Industrie Pharmaceutique Said),Tunisie,9273011,2006-03-31,Générique
VOLTARENE ENFANT,25 mg,Suppositoire,B/10,DICLOFENAC,TERIAK,Tunisie,9253474,2010-05-06,Princeps
VOLTARENE RETARD,75 mg,Comprimé pelliculé,B/20,DICLOFENAC,NOVARTIS PHARMA SCHWEIZ AG,SUISSE,10283461,2024-11-22,Princeps
VOLTARENE RETARD,75 mg,Dragée,B/20,DICLOFENAC,TERIAK,Tunisie,9254231,2025-03-25,Princeps
VOLTARENE RETARD,75 mg,Dragée,B/30,DICLOFENAC,TERIAK,Tunisie,9254232,2025-11-03,Princeps
VOLUVEN,,Solution injectable pour perfusion,Poche/500 ml,HYDROXYETHYLAMIDON+CHLORURE DE SODIUM,FRESENIUS KABI FRANCE,FRANCE,3153041H,2009-11-23,Princeps
VORICO,200 mg,Comprimé pelliculé,B/30,VORICONAZOLE,PHILADELPHIA PHARMA,Tunisie,9353162H,2016-12-22,Générique
VORICO,50 mg,Comprimé pelliculé,B/30,VORICONAZOLE,PHILADELPHIA PHARMA,Tunisie,9353161H,2016-12-22,Générique
VORIFONG,200 mg,Poudre lyophilisée pour solution pour perfusion,B/1 FL,VORICONAZOLE,NEAPOLIS PHARMA,Tunisie,9393321,2025-06-27,Générique
VOTREX 100 MG LP,100 mg,Comprimé à libération prolongée,B/10,DICLOFENAC,IBN AL BAYTAR,Tunisie,9073401,2008-07-30,Générique
VOTRIENT,400 mg,Comprimé pelliculé,FL/30,PAZOPANIB,NOVARTIS EUROPHARM LIMITED IRLANDE,Irelande,20833072H,2022-06-24,Princeps
VOTRIENT,200 mg,Comprimé pelliculé,Fl/30,PAZOPANIB,NOVARTIS EUROPHARM LIMITED IRLANDE,Irelande,20833071H,2022-06-24,Princeps
VYZULTA,0.024%,Collyre,B/1 FL/5ml,LATANOPROSTENE BUNOD,"BAUSCH &LOMB, INC.",Etats Unis d'Amérique,24213011,2023-04-04,Princeps
WARIACTIV-CHLORURE D'ETHYLE,,Aérosol,FL/100ML,ETHYLE CHLORURE,WALTER RITTER,Allemagne,7773011,1999-05-05,Générique
WILATE,900UI/ 800UI.,Pdre p.prep.injectable,B/1 FL poudre+1 FL solvant+set de transfert+2 tampons alcoolisés,FACTEUR VIII+VON WILLEBRAND,OCTAPHARMA pharmazeutika produktionges.m.b.h,AUTRICHE,10043041H,2014-05-14,Princeps
WILATE,450UI/ 400UI,Pdre p.prep.injectable,B/1 FL poudre+1 FL solvant+set de transfert +2 tampons alcoolisés,FACTEUR VIII+VON WILLEBRAND,OCTAPHARMA pharmazeutika produktionges.m.b.h,AUTRICHE,10043042H,2014-05-14,Princeps
WINDOL,1 g,Comprimé pelliculé sécable,B/8,PARACETAMOL,TERIAK,Tunisie,9253532,2016-05-02,Générique
WINDOL,500 mg,Comprimé pelliculé sécable,B/16,PARACETAMOL,TERIAK,Tunisie,9253533,2018-01-15,Générique
WINDOL PEDIATRIQUE,3%,Suspension buvable,FL/90 ML,PARACETAMOL,TERIAK,Tunisie,9253531,2009-03-02,Générique
WINRHO SDF,300 µG,Pdre p.prep.injectable,FL+S/8.5 ML,IMMUNOGLOBULINE HUMAINE ANTI D,CANGENE,Canada,3213011,1999-12-18,Princeps
X-BACK200,200 mg,Gélule,B/30,CELECOXIB,PHILADELPHIA PHARMA,Tunisie,9353223,2018-04-03,Générique
X-BACK200,200 mg,Gélule,B/10,CELECOXIB,PHILADELPHIA PHARMA,Tunisie,9353221,2018-04-03,Générique
X-BACK200,200 mg,Gélule,B/20,CELECOXIB,PHILADELPHIA PHARMA,Tunisie,9353222,2018-04-03,Générique
XABAN,10 mg,Comprimé pelliculé,B/30,RIVAROXABAN,TERIAK,Tunisie,9254172,2020-07-20,Générique
XABAN,10 mg,Comprimé pelliculé,B/10,RIVAROXABAN,TERIAK,Tunisie,9254171,2020-07-20,Générique
XABAN,15 mg,Comprimé pelliculé,B/42,RIVAROXABAN,TERIAK,Tunisie,9254173,2020-08-25,Générique
XABAN,20 mg,Comprimé pelliculé,B/30,RIVAROXABAN,TERIAK,Tunisie,9254175,2020-07-20,Générique
XABAN,20 mg,Comprimé pelliculé,B/10,RIVAROXABAN,TERIAK,Tunisie,9254174,2020-07-20,Générique
XABAN,15 mg,Comprimé pelliculé,B/28,RIVAROXABAN,TERIAK,Tunisie,9254176,2021-03-30,Générique
XALACOM,50 MCG+5MG/ML,Collyre,B/1FL/2.5 ML,LATANOPROST+TIMOLOL,Viatris UP,FRANCE,26323031,2022-08-09,Princeps
XALIPLAT 100,100 mg,Pdre p.prep.injectable,B/1 flacon,OXALIPLATINE,Laboratorios Richmond S.A.C.I.F,Argentina,12213032H,2010-07-27,Générique
XALIPLAT 50,50 mg,Pdre p.prep.injectable,B/1 flacon,OXALIPLATINE,Laboratorios Richmond S.A.C.I.F,Argentina,12213031H,2010-07-27,Générique
XALKORI,200 mg,Gélule,FL/60,CRIZOTINIB,PF PRISM C.V C/O PFIZER NETHERLANDS,HOLLANDE,20473021H,2020-06-12,Princeps
XALKORI,250 mg,Gélule,FL/60,CRIZOTINIB,PF PRISM C.V C/O PFIZER NETHERLANDS,HOLLANDE,20473022H,2020-06-12,Princeps
XANAX,0.75 mg/ml,Gouttes buvables,FL/20 ml,ALPRAZOLAM,Upjohn SRL,BELGIQUE,25903011,2021-11-19,Princeps
XARELTO,15 mg,Comprimé pelliculé,B/28,RIVAROXABAN,BAYER AG...,Allemagne,8363023,2020-10-07,Princeps
XARELTO,15 mg,Comprimé pelliculé,B/42,RIVAROXABAN,BAYER AG...,Allemagne,8363021,2020-10-08,Princeps
XARELTO,20 mg,Comprimé pelliculé,B/28,RIVAROXABAN,BAYER AG...,Allemagne,8363022,2020-10-08,Princeps
XARELTO,10 mg,Comprimé pelliculé,B/10,RIVAROXABAN,BAYER AG...,Allemagne,8363025,2020-11-20,Princeps
XARELTO,10 mg,Comprimé pelliculé,B/30,RIVAROXABAN,BAYER AG...,Allemagne,8363024,2020-11-20,Princeps
XATRAL LP,10 MG,Comprimé à libération prolongée,B/30,ALFUZOSINE,SANOFI Winthrop Industrie.,FRANCE,6453043,2001-07-14,Princeps
XEDOL,100 mg,Suppositoire,B/10,DICLOFENAC,PHARMAGHREB,Tunisie,9013734,2007-09-03,Générique
XEDOL ÉMULGEL,1%,Gel dermique,Tube/ 50 g,DICLOFENAC,PHARMAGHREB,Tunisie,9013731,2007-09-03,Générique
XELJANZ,5 mg,Comprimé pelliculé,B/60,TOFACITINIB,PF PRISM C.V C/O PFIZER NETHERLANDS,HOLLANDE,20473011H,2018-11-29,Princeps
XICALM,15 mg,Comprimé orodispersible,B/18,MELOXICAM,OPALIA PHARMA,Tunisie,9024082,2021-07-30,Générique
XICALM,7.5 mg,Comprimé orodispersible,B/18,MELOXICAM,OPALIA PHARMA,Tunisie,9024081,2021-07-30,Générique
XINIB,20 mg,Comprimé pelliculé,B/30,RIVAROXABAN,GALPHARMA,Tunisie,9223703,2024-08-15,Générique
XINIB,15 mg,Comprimé pelliculé,B/30,RIVAROXABAN,GALPHARMA,Tunisie,9223702,2024-08-15,Générique
XINIB,10 mg,Comprimé pelliculé,B/30,RIVAROXABAN,GALPHARMA,Tunisie,9223701,2024-08-15,Générique
XINIB,10 mg,Comprimé pelliculé,B/15,RIVAROXABAN,GALPHARMA,Tunisie,9223704,2025-05-12,Générique
XINIB,15 mg,Comprimé pelliculé,B/50,RIVAROXABAN,GALPHARMA,Tunisie,9223706,2025-05-12,Générique
XINIB,20 mg,Comprimé pelliculé,B/10,RIVAROXABAN,GALPHARMA,Tunisie,9223705,2025-05-12,Générique
XOLAIR,150 mg,Poudre pour solution injectable,B/ 1FL pdre + solvant /2 ml,OMALIZUMAB,NOVARTIS PHARMA SCHWEIZ AG,SUISSE,10333011H,2018-11-21,Princeps
XOPAQUE 350,350 mg/ml,Solution Injectable Intravasculaire,B/6FL/50 ml,IOHEXOL,DORCAS,Tunisie,9313242H,2021-04-28,Générique
XYLAR 500,500 mg,Comprimé pelliculé,B/14,CLARITHROMYCINE,IBN AL BAYTAR,Tunisie,9073321,2006-07-26,Générique
XYLOCAINE URETRAL,2%,Gel urétral,B/une Séringue pré-remplie/10 gr,LIDOCAINE,ASPEN PHARMA TRADING Limited,Irelande,15493072,2022-01-26,Princeps
XYLOCAINE VISQUEUSE,2%,Gel oral,T/100 GR,LIDOCAINE,ASTRA ZENECA,FRANCE,5103022,1994-03-05,Princeps
XYLOGEL,2%,Gel oral,Tube/60 gr,LIDOCAINE,PHARMADERM,Tunisie,9053231,2014-08-15,Générique
XYNOLID,600 mg,Comprimé pelliculé,B/10,LINÉZOLIDE,SAIPH,Tunisie,9164401,2025-06-27,Générique
YDRALBUM,200 g/l,Solution injectable,B/1FL/20 g/100 ML,ALBUMINE HUMAINE PLASMATIQUE,LFB-Biomédicaments,FRANCE,3163102H,2019-05-22,Princeps
ZARZIO,48 MU,Solution injectable,B/5 Seringues/0.5ML,FILGRASTIM,SANDOZ GmbH,AUTRICHE,11073011H,2012-10-17,Princeps
ZARZIO,30 MU,Solution injectable,B/5 Seringues/0.5ML,FILGRASTIM,SANDOZ GmbH,AUTRICHE,11073012H,2012-10-17,Princeps
ZAVEDOS 10,10 mg,Pdre p.prep.injectable,B/1 flacon,IDARUBICINE,PFIZER HOLDING FRANCE,FRANCE,10803211H,2010-08-11,Princeps
ZAVICEFTA,2g/0.5g,Poudre pour solution pour perfusion,B/10FL,CEFTAZIDIME+AVIBACTAM,PFIZER Ireland Pharmaceuticals Unlimited Company.,Irelande,14433021H,2022-02-17,Princeps
ZECLAR 500,500 mg,Comprimé pelliculé,B/14,CLARITHROMYCINE,SAIPH,Tunisie,9163402,2003-10-29,Princeps
ZECLAR 500,500 mg,Comprimé pelliculé,B/10,CLARITHROMYCINE,SAIPH,Tunisie,9163404,2008-07-28,Princeps
ZECLAR ENFANT,25 mg /ml,Poudre pour suspension orale,FL/60 ml+pipette doseuse,CLARITHROMYCINE,SAIPH,Tunisie,9163405,2009-01-20,Princeps
ZECLAR ENFANT,50 mg /ml,Granulés pour suspension buvable,FL/60 ml+pipette doseuse,CLARITHROMYCINE,SAIPH,Tunisie,9163406,2009-11-24,Princeps
ZEFFIX,100 mg,Comprimé pelliculé,B/28,LAMIVUDINE,GlaxoSmithKline (Ireland) Limited,Irelande,24833031,2023-08-08,Princeps
ZELBORAF,240 mg,Comprimé pelliculé,B/56,VEMURAFENIB,ROCHE PHARMA (SCHWEIZ) LTD SUISSE,SUISSE,6993251H,2021-11-09,Princeps
ZEMITRON,8 MG,Comprime enrobé,B/10,ONDANSETRONE,ADVANCED PHARMACEUTICAL IND.,JORDANIE,4213031H,2001-05-28,Générique
ZENALIA,,Comprimé sublingual,B/30,PRODUITS HOMEOPATHIQUES,BOIRON,FRANCE,6873611,2009-06-01,Princeps
ZENDIS,4%,Suspension buvable,Fl/10 ml,ALBENDAZOLE,SIMED,Tunisie,9083591,2013-08-22,Générique
ZERBAXA,1gr/0.5gr,Poudre pour solution pour perfusion,B/10FL/20ML,CEFTOLOZANE+TAZOBACTAM,Merck Sharp & Dohme (UK) Limited,Rayaume uni,15643011H,2022-08-09,Princeps
ZIDOVUDINA,100 MG,Gélule,B/100,ZIDOVUDINE,COMBINO PHARM S.L,ESPAGNE,1483021H,2002-01-23,Générique
ZIFUR IM/IV,750 mg,Pdre p.prep.injectable,B/1 flacon,CEFUROXIME,UNIMED,Tunisie,9094002H,2017-11-21,Générique
ZIFUR IM/IV,250 mg,Pdre p.prep.injectable,B/1 flacon,CEFUROXIME,UNIMED,Tunisie,9094001H,2017-11-21,Générique
ZIFUR IV,1500 mg,Pdre p.prep.injectable,B/1 flacon,CEFUROXIME,UNIMED,Tunisie,9094003H,2017-11-22,Générique
ZINFORO,600 MG,Poudre pour solution pour perfusion,B/10FL,CEFTAROLINE FOSAMIL,PFIZER Ireland Pharmaceuticals Unlimited Company.,Irelande,14433011H,2020-03-16,Princeps
ZITROCIN,500 mg,Comprimé pelliculé,B/3,AZITHROMYCINE,TERIAK,Tunisie,9253411,2007-09-03,Générique
ZITROCIN 600 MG,40 mg/ml,Poudre pour suspension orale,FL/15 ml,AZITHROMYCINE,TERIAK,Tunisie,9253412,2010-02-22,Générique
ZOLADEX,3.6 MG,Implant,B/1 IMPLANT,GOSERELINE,ASTRA ZENECA,FRANCE,5683091H,1992-05-30,Princeps
ZOLADEX,10.8 MG,Implant,B/1 IMPLANT,GOSERELINE,ASTRA ZENECA,FRANCE,5683092H,1999-02-10,Princeps
ZOLAM 25,25 mg/5 ml,Solution injectable,B/50 ampoules/5 ml,MIDAZOLAM,DORCAS,Tunisie,9313212H,2015-07-06,Générique
ZOLAM 5,5 mg/ml,Solution injectable,B/50 ampoules/1 ml,MIDAZOLAM,DORCAS,Tunisie,9313211H,2015-07-06,Générique
ZOLEDRA,4 mg,Pdre p.prep.injectable,B/1 flacon,ACIDE ZOLÉDRONIQUE,LES LABORATOIRES MEDIS,Tunisie,9233701H,2014-05-14,Générique
ZOLEDRA,4mg,Pdre p.prep.injectable,B/ FL/15ml,ACIDE ZOLÉDRONIQUE,LES LABORATOIRES MEDIS,Tunisie,9233702H,2017-02-21,Générique
ZOLEDRONIC ACID HIKMA,4 mg,Pdre p.prep.injectable,B/1 flacon 10 ml,ACIDE ZOLÉDRONIQUE,HIKMA Pharmaceuticals Co Ltd,JORDANIE,6653571H,2014-02-20,Générique
ZOLENAT,4 MG/5 ML,Solution injectable pour perfusion,B/1 flacon 5 ml,ACIDE ZOLÉDRONIQUE,GENSENTA ILAC SANAYI VE TICARET A.S.,TURQUIE,21463011H,2024-07-01,Générique
ZOLOL 3M,100 mg/ 25mg,Collyre,FL/5 ml,DORZOLAMIDE+TIMOLOL,UNIMED,Tunisie,9093672,2015-03-30,Générique
ZOLPIDEM VIATRIS,10 mg,Comprimé pelliculé sécable,B/14,ZOLPIDEM,VIATRIS SANTE,FRANCE,4923231,2014-09-04,Générique
ZOLPINOX,10 mg,Comprimé pelliculé sécable,B/15,ZOLPIDEM,ADWYA,Tunisie,9044071,2011-06-01,Générique
ZOVASTIN,40 mg,Comprimé pelliculé,B/30,SIMVASTATINE,TERIAK,Tunisie,9253452,2007-09-03,Générique
ZOVASTIN,20 MG,Comprimé pelliculé,B/30,SIMVASTATINE,TERIAK,Tunisie,9253451,2007-09-03,Générique
ZYDEX B,,Creme dermique,Tube/15 gr,ACIDE FUSIDIQUE+BETAMETHASONE,BEIT JALA Pharmaceutical Co,PALESTINE,13453021,2021-07-27,Générique
ZYPREXA,5 MG,Comprime enrobé,B/28,OLANZAPINE,ELI LILLY NEDERLAND BV,HOLLANDE,4323021,2004-12-28,Princeps
ZYPREXA,10 MG,Comprime enrobé,B/28,OLANZAPINE,ELI LILLY NEDERLAND BV,HOLLANDE,4323022,2004-12-31,Princeps
ZYVOXID,2mg/ml,Solution injectable pour perfusion,B/10 poches/300 ml,LINÉZOLIDE,PFIZER HOLDING FRANCE,FRANCE,10803053H,2015-06-05,Princeps
ZYVOXID,600 mg,Comprimé pelliculé,B/10,LINÉZOLIDE,PFIZER HOLDING FRANCE,FRANCE,10803052H,2008-09-20,Princeps