"id","name","overall_status","first_trimester_status","second_trimester_status","third_trimester_status","delivery_status","summary","source_url"
"1700","5 GRAMINEES","UNKNOWN","UNKNOWN","UNKNOWN","UNKNOWN","UNKNOWN","UNKNOWN",
"1701","ACARBOSE","UNKNOWN","UNKNOWN","UNKNOWN","UNKNOWN","UNKNOWN","UNKNOWN",
"1405","ACEBUTOLOL","SAFE","SAFE","SAFE","SAFE","CAUTION","Les données disponibles avec acebutolol en cours de grossesse sont nombreuses, sans signal de risque malformatif significatif retenu à ce jour.","https://www.lecrat.fr/7141/"
"1406","ACENOCOUMAROL","UNSAFE","SAFE","UNSAFE","UNSAFE","CAUTION","Acenocoumarol est classé UNSAFE en raison d'une embryopathie spécifique documentée : syndrome malformatif, appelé « warfarin embryopathy » ou « embryopathie aux anti-vitamine K ». Les AVK passent le placenta et peuvent entraîner des hémorragies fœtales et/ou néonatales.","https://www.lecrat.fr/10077/"
"1407","ACETAZOLAMIDE","CAUTION","CAUTION","CAUTION","CAUTION","NOT_APPLICABLE","La classification CAUTION de acetazolamide reflète des données insuffisantes en cours de grossesse pour permettre une évaluation complète du risque, en particulier au-delà du premier trimestre. Les données au premier trimestre sont limitées et ne permettent pas d'exclure formellement tout risque malformatif.","https://www.lecrat.fr/7458/"
"1702","ACETYLSALICYLATE DE LYSINE","UNKNOWN","UNKNOWN","UNKNOWN","UNKNOWN","UNKNOWN","UNKNOWN",
"1408","ACICLOVIR","SAFE","SAFE","SAFE","SAFE","CAUTION","Les données publiées chez les femmes enceintes exposées à aciclovir sont très nombreuses et aucun effet malformatif n'est retenu à ce jour, y compris pour les expositions au premier trimestre.","https://www.lecrat.fr/8587/"
"1409","ACIDE ACETYLSALICYLIQUE","SAFE","SAFE","SAFE","SAFE","CAUTION","Les données publiées chez les femmes enceintes exposées à acide acetylsalicylique sont très nombreuses et aucun effet malformatif n'est retenu à ce jour, y compris pour les expositions au premier trimestre.","https://www.lecrat.fr/4172/"
"1703","ACIDE BORIQUE","UNKNOWN","UNKNOWN","UNKNOWN","UNKNOWN","UNKNOWN","UNKNOWN",
"1410","ACIDE CLAVULANIQUE","CAUTION","CAUTION","CAUTION","CAUTION","CAUTION","Le acide clavulanique est classé CAUTION en raison d'un profil de risque nécessitant des précautions spécifiques selon le terme de la grossesse. En cas d'utilisation en fin de grossesse, une surveillance néonatale est recommandée en raison d'effets possibles chez le nouveau-né.","https://www.lecrat.fr/6705/"
"1704","ACIDE FOLIQUE","UNKNOWN","UNKNOWN","UNKNOWN","UNKNOWN","UNKNOWN","UNKNOWN",
"1411","ACIDE FUSIDIQUE","SAFE","SAFE","SAFE","SAFE","CAUTION","Les données disponibles avec acide fusidique en cours de grossesse sont limitées, sans signal de risque malformatif significatif retenu à ce jour. Son utilisation est possible tout au long de la grossesse lorsqu'elle est cliniquement justifiée, avec une surveillance adaptée lors de l'accouchement.","https://www.lecrat.fr/7467/"
"1412","ACIDE IOXITALAMIQUE","SAFE","SAFE","SAFE","SAFE","CAUTION","Les données disponibles avec acide ioxitalamique en cours de grossesse sont nombreuses, sans signal de risque malformatif significatif retenu à ce jour.","https://www.lecrat.fr/9780/"
"1413","ACIDE MEFENAMIQUE","UNSAFE","CAUTION","CAUTION","UNSAFE","CAUTION","Acide mefenamique est classé UNSAFE car il est formellement contre-indiqué en cours de grossesse en raison d'effets délétères documentés sur le développement embryo-fœtal. Aux stades avancés de la grossesse, le risque de toxicité rénale fœtale et de toxicité cardiovasculaire est également documenté.","https://www.lecrat.fr/7481/"
"1414","ACIDE N-ACETYL-ASPARTYL-GLUTAMIQUE","SAFE","SAFE","SAFE","SAFE","CAUTION","Les données disponibles avec acide n-acetyl-aspartyl-glutamique en cours de grossesse sont limitées, sans signal de risque malformatif significatif retenu à ce jour. Son utilisation est possible tout au long de la grossesse lorsqu'elle est cliniquement justifiée, avec une surveillance adaptée lors de l'accouchement.","https://www.lecrat.fr/6940/"
"1415","ACIDE NIFLUMIQUE","UNSAFE","CAUTION","CAUTION","UNSAFE","CAUTION","Acide niflumique est classé UNSAFE car il est formellement contre-indiqué en cours de grossesse en raison d'effets délétères documentés sur le développement embryo-fœtal. Aux stades avancés de la grossesse, le risque de toxicité rénale fœtale et de toxicité cardiovasculaire est également documenté.","https://www.lecrat.fr/15389/"
"1705","ACIDE SALICYLIQUE","UNKNOWN","UNKNOWN","UNKNOWN","UNKNOWN","UNKNOWN","UNKNOWN",
"1416","ACIDE TIAPROFENIQUE","UNSAFE","CAUTION","CAUTION","UNSAFE","CAUTION","Acide tiaprofenique est classé UNSAFE car il est formellement contre-indiqué en cours de grossesse en raison d'effets délétères documentés sur le développement embryo-fœtal. Aux stades avancés de la grossesse, le risque de toxicité rénale fœtale et de toxicité cardiovasculaire est également documenté.","https://www.lecrat.fr/7497/"
"1417","ACIDE VALPROIQUE","UNSAFE","UNSAFE","UNSAFE","UNSAFE","UNSAFE","Acide valproique est classé UNSAFE car il est formellement contre-indiqué en cours de grossesse en raison d'effets délétères documentés sur le développement embryo-fœtal. L’acide valproïque en monothérapie entraîne un syndrome polymalformatif dans près de 11% des cas en moyenne. L’acide valproïque passe le placenta : à terme, les concentrations néonatales sont équivalentes ou supérieures aux concentrations maternelles.","https://www.lecrat.fr/12594/"
"1418","ACITRETINE","UNSAFE","UNSAFE","UNSAFE","UNSAFE","UNSAFE","Acitretine est classé UNSAFE car il est formellement contre-indiqué en cours de grossesse en raison d'effets délétères documentés sur le développement embryo-fœtal. L’acitrétine et l’étrétinate entraînent un tableau malformatif proche de celui de l’isotrétinoïne La fréquence de ce tableau ne peut pas être calculée, car sa mise en évidence ne repose que sur des cas isolés.","https://www.lecrat.fr/10880/"
"1419","ADAPALENE","CAUTION","CAUTION","CAUTION","CAUTION","CAUTION","La classification CAUTION de adapalene reflète des données insuffisantes en cours de grossesse pour permettre une évaluation complète du risque, en particulier au-delà du premier trimestre. Les données au premier trimestre sont limitées et ne permettent pas d'exclure formellement tout risque malformatif.","https://www.lecrat.fr/6371/"
"1706","ALANINE","UNKNOWN","UNKNOWN","UNKNOWN","UNKNOWN","UNKNOWN","UNKNOWN",
"1420","ALBENDAZOLE","CAUTION","CAUTION","SAFE","SAFE","CAUTION","Le albendazole est classé CAUTION en raison d'un profil de risque nécessitant des précautions spécifiques selon le terme de la grossesse. En cas d'utilisation en fin de grossesse, une surveillance néonatale est recommandée en raison d'effets possibles chez le nouveau-né.","https://www.lecrat.fr/7580/"
"1707","ALBUMINE HUMAINE PLASMATIQUE","UNKNOWN","UNKNOWN","UNKNOWN","UNKNOWN","UNKNOWN","UNKNOWN",
"1421","ALENDRONATE","CAUTION","CAUTION","CAUTION","CAUTION","CAUTION","La classification CAUTION de alendronate reflète des données insuffisantes en cours de grossesse pour permettre une évaluation complète du risque, en particulier au-delà du premier trimestre. Les données au premier trimestre sont limitées et ne permettent pas d'exclure formellement tout risque malformatif.","https://www.lecrat.fr/11484/"
"1708","ALENDRONATE ANHYDRE","UNKNOWN","UNKNOWN","UNKNOWN","UNKNOWN","UNKNOWN","UNKNOWN",
"1709","ALFACALCIDOL","UNKNOWN","UNKNOWN","UNKNOWN","UNKNOWN","UNKNOWN","UNKNOWN",
"1422","ALFUZOSINE","CAUTION","CAUTION","CAUTION","CAUTION","CAUTION","La classification CAUTION de alfuzosine reflète des données insuffisantes en cours de grossesse pour permettre une évaluation complète du risque, en particulier au-delà du premier trimestre. Les données au premier trimestre sont limitées et ne permettent pas d'exclure formellement tout risque malformatif.","https://www.lecrat.fr/7679/"
"1710","ALGINATES","UNKNOWN","UNKNOWN","UNKNOWN","UNKNOWN","UNKNOWN","UNKNOWN",
"1699","ALLOPURINOL","CAUTION","CAUTION","CAUTION","CAUTION","CAUTION","L'allopurinol peut être utilisé seulement en absence d'alternative plus sûre, avec une surveillance prénatale ciblée, particulièrement au premier trimestre.","https://www.lecrat.fr/3147/"
"1423","ALPRAZOLAM","SAFE","SAFE","SAFE","SAFE","CAUTION","Les données publiées chez les femmes enceintes exposées à alprazolam sont très nombreuses et aucun effet malformatif n'est retenu à ce jour, y compris pour les expositions au premier trimestre. Aspect néonatal Les benzodiazépines utilisées jusqu’à l’accouchement peuvent entraîner chez le nouveau-né deux types d’événements transitoires qui peuvent se succéder : Des signes d’imprégnation cf.","https://www.lecrat.fr/6046/"
"1424","ALTIZIDE","CAUTION","CAUTION","CAUTION","CAUTION","CAUTION","Le altizide est classé CAUTION en raison d'un profil de risque nécessitant des précautions spécifiques selon le terme de la grossesse. En cas d'utilisation en fin de grossesse, une surveillance néonatale est recommandée en raison d'effets possibles chez le nouveau-né.","https://www.lecrat.fr/11553/"
"1711","ALUMINIUM HYDROXYDE","UNKNOWN","UNKNOWN","UNKNOWN","UNKNOWN","UNKNOWN","UNKNOWN",
"1712","ALUMINIUM OXYDE","UNKNOWN","UNKNOWN","UNKNOWN","UNKNOWN","UNKNOWN","UNKNOWN",
"1713","ALVERINE CITRATE","UNKNOWN","UNKNOWN","UNKNOWN","UNKNOWN","UNKNOWN","UNKNOWN",
"1714","AMANTADINE","UNKNOWN","UNKNOWN","UNKNOWN","UNKNOWN","UNKNOWN","UNKNOWN",
"1425","AMILORIDE","SAFE","SAFE","SAFE","SAFE","CAUTION","Les données disponibles avec amiloride en cours de grossesse sont limitées, sans signal de risque malformatif significatif retenu à ce jour.","https://www.lecrat.fr/7417/"
"1715","AMIODARONE","UNKNOWN","UNKNOWN","UNKNOWN","UNKNOWN","UNKNOWN","UNKNOWN",
"1426","AMISULPRIDE","CAUTION","CAUTION","CAUTION","CAUTION","CAUTION","La classification CAUTION de amisulpride reflète des données insuffisantes en cours de grossesse pour permettre une évaluation complète du risque, en particulier au-delà du premier trimestre. Les données au premier trimestre sont limitées et ne permettent pas d'exclure formellement tout risque malformatif. En cas d'utilisation en fin de grossesse, une surveillance néonatale est recommandée en raison d'effets possibles chez le nouveau-né.","https://www.lecrat.fr/12031/"
"1427","AMITRIPTYLINE","SAFE","SAFE","SAFE","SAFE","CAUTION","Les données disponibles avec amitriptyline en cours de grossesse sont très nombreuses, sans signal de risque malformatif significatif retenu à ce jour. Lors d’utilisations d’imipraminiques à fortes doses jusqu’à l’accouchement, des symptômes néonatals, le plus souvent transitoires et peu sévères, peuvent parfois apparaître dans les premiers jours de vie.","https://www.lecrat.fr/4145/"
"1428","AMLODIPINE","SAFE","SAFE","SAFE","SAFE","CAUTION","Les données disponibles avec amlodipine en cours de grossesse sont limitées, sans signal de risque malformatif significatif retenu à ce jour.","https://www.lecrat.fr/7335/"
"1429","AMOROLFINE","SAFE","SAFE","SAFE","SAFE","CAUTION","Les données disponibles avec amorolfine en cours de grossesse sont limitées, sans signal de risque malformatif significatif retenu à ce jour. Son utilisation est possible tout au long de la grossesse lorsqu'elle est cliniquement justifiée, avec une surveillance adaptée lors de l'accouchement.","https://www.lecrat.fr/10280/"
"1430","AMOXICILLINE","SAFE","SAFE","SAFE","SAFE","CAUTION","Les données publiées chez les femmes enceintes exposées à amoxicilline sont très nombreuses et aucun effet malformatif n'est retenu à ce jour. En cas d'utilisation jusqu'à l'accouchement, une surveillance néonatale est recommandée en raison d'effets indésirables possibles chez le nouveau-né.","https://www.lecrat.fr/6654/"
"1431","AMPHOTERICINE B","SAFE","SAFE","SAFE","SAFE","CAUTION","Les données disponibles avec amphotericine b en cours de grossesse sont limitées, sans signal de risque malformatif significatif retenu à ce jour. Passe le placenta : la concentration dans le sang de cordon est de 72% de la concentration maternelle.","https://www.lecrat.fr/10226/"
"1432","AMPICILLINE","SAFE","SAFE","SAFE","SAFE","CAUTION","Les données publiées chez les femmes enceintes exposées à ampicilline sont très nombreuses et aucun effet malformatif n'est retenu à ce jour. En cas d'utilisation jusqu'à l'accouchement, une surveillance néonatale est recommandée en raison d'effets indésirables possibles chez le nouveau-né.","https://www.lecrat.fr/13210/"
"1716","ARGENT COLLARGOL","UNKNOWN","UNKNOWN","UNKNOWN","UNKNOWN","UNKNOWN","UNKNOWN",
"1717","ARGENT COLLOIDAL","UNKNOWN","UNKNOWN","UNKNOWN","UNKNOWN","UNKNOWN","UNKNOWN",
"1433","ARIPIPRAZOLE","SAFE","SAFE","SAFE","SAFE","CAUTION","Les données publiées chez les femmes enceintes exposées à aripiprazole sont très nombreuses et aucun effet malformatif n'est retenu à ce jour, y compris pour les expositions au premier trimestre.","https://www.lecrat.fr/12062/"
"1434","ATENOLOL","SAFE","SAFE","SAFE","SAFE","CAUTION","Les données publiées chez les femmes enceintes exposées à atenolol sont très nombreuses et aucun effet malformatif n'est retenu à ce jour, y compris pour les expositions au premier trimestre.","https://www.lecrat.fr/9259/"
"1435","ATORVASTATINE","CAUTION","CAUTION","CAUTION","CAUTION","CAUTION","Le atorvastatine est classé CAUTION en raison d'un profil de risque nécessitant des précautions spécifiques selon le terme de la grossesse. En cas d'utilisation en fin de grossesse, une surveillance néonatale est recommandée en raison d'effets possibles chez le nouveau-né.","https://www.lecrat.fr/8611/"
"1718","ATROPINE","UNKNOWN","UNKNOWN","UNKNOWN","UNKNOWN","UNKNOWN","UNKNOWN",
"1719","ATTAPULGITE DE MORMOIRON ACTIVEE","UNKNOWN","UNKNOWN","UNKNOWN","UNKNOWN","UNKNOWN","UNKNOWN",
"1436","AZATHIOPRINE","SAFE","SAFE","SAFE","SAFE","CAUTION","Les données publiées chez les femmes enceintes exposées à azathioprine sont très nombreuses et aucun effet malformatif n'est retenu à ce jour, y compris pour les expositions au premier trimestre.","https://www.lecrat.fr/8894/"
"1437","AZELASTINE","SAFE","SAFE","SAFE","SAFE","CAUTION","Les données disponibles avec azelastine en cours de grossesse sont limitées, sans signal de risque malformatif significatif retenu à ce jour. Son utilisation est possible tout au long de la grossesse lorsqu'elle est cliniquement justifiée, avec une surveillance adaptée lors de l'accouchement.","https://www.lecrat.fr/4986/"
"1438","AZITHROMYCINE","SAFE","SAFE","SAFE","SAFE","CAUTION","Les données publiées chez les femmes enceintes exposées à azithromycine sont très nombreuses et aucun effet malformatif n'est retenu à ce jour. En cas d'utilisation jusqu'à l'accouchement, une surveillance néonatale est recommandée en raison d'effets indésirables possibles chez le nouveau-né.","https://www.lecrat.fr/6362/"
"1439","BACLOFENE","SAFE","SAFE","SAFE","SAFE","CAUTION","Les données disponibles avec baclofene en cours de grossesse sont limitées, sans signal de risque malformatif significatif retenu à ce jour.","https://www.lecrat.fr/9133/"
"1720","BARYUM SULFATE","UNKNOWN","UNKNOWN","UNKNOWN","UNKNOWN","UNKNOWN","UNKNOWN",
"1440","BECLOMETASONE","SAFE","SAFE","SAFE","SAFE","CAUTION","Les données publiées chez les femmes enceintes exposées à beclometasone sont très nombreuses et aucun effet malformatif n'est retenu à ce jour. En effet, un asthme mal équilibré peut avoir un effet délétère sur la grossesse/le nouveau-né (prématurité, petit poids de naissance…).","https://www.lecrat.fr/8199/"
"1721","BELLADONA","UNKNOWN","UNKNOWN","UNKNOWN","UNKNOWN","UNKNOWN","UNKNOWN",
"1722","BENSERAZIDE","UNKNOWN","UNKNOWN","UNKNOWN","UNKNOWN","UNKNOWN","UNKNOWN",
"1723","BENZALKONIUM","UNKNOWN","UNKNOWN","UNKNOWN","UNKNOWN","UNKNOWN","UNKNOWN",
"1724","BENZALKONIUM CHLORURE","UNKNOWN","UNKNOWN","UNKNOWN","UNKNOWN","UNKNOWN","UNKNOWN",
"1441","BENZATHINE BENZYLPENICILLINE","SAFE","SAFE","SAFE","SAFE","CAUTION","Les données publiées chez les femmes enceintes exposées à benzathine benzylpenicilline sont limitées et aucun effet malformatif n'est retenu à ce jour. En cas d'utilisation jusqu'à l'accouchement, une surveillance néonatale est recommandée en raison d'effets indésirables possibles chez le nouveau-né.","https://www.lecrat.fr/13304/"
"1442","BENZOATE DE BENZYLE","SAFE","SAFE","SAFE","SAFE","CAUTION","Les données disponibles avec benzoate de benzyle en cours de grossesse sont nombreuses, sans signal de risque malformatif significatif retenu à ce jour.","https://www.lecrat.fr/7606/"
"1725","BENZODODECINIUM","UNKNOWN","UNKNOWN","UNKNOWN","UNKNOWN","UNKNOWN","UNKNOWN",
"1726","BENZYDAMINE","UNKNOWN","UNKNOWN","UNKNOWN","UNKNOWN","UNKNOWN","UNKNOWN",
"1443","BENZYLPENICILLINE","SAFE","SAFE","SAFE","SAFE","CAUTION","Les données publiées chez les femmes enceintes exposées à benzylpenicilline sont limitées et aucun effet malformatif n'est retenu à ce jour. En cas d'utilisation jusqu'à l'accouchement, une surveillance néonatale est recommandée en raison d'effets indésirables possibles chez le nouveau-né.","https://www.lecrat.fr/13304/"
"1727","BENZYLTHIOURACILE","UNKNOWN","UNKNOWN","UNKNOWN","UNKNOWN","UNKNOWN","UNKNOWN",
"1728","BETA","UNKNOWN","UNKNOWN","UNKNOWN","UNKNOWN","UNKNOWN","UNKNOWN",
"1444","BETAMETHASONE","SAFE","SAFE","SAFE","SAFE","CAUTION","Les données disponibles avec betamethasone en cours de grossesse sont nombreuses, sans signal de risque malformatif significatif retenu à ce jour.","https://www.lecrat.fr/5016/"
"1445","BETAXOLOL","SAFE","SAFE","SAFE","SAFE","CAUTION","Les données disponibles avec betaxolol en cours de grossesse sont nombreuses, sans signal de risque malformatif significatif retenu à ce jour.","https://www.lecrat.fr/9257/"
"1446","BIMATOPROST","SAFE","SAFE","SAFE","SAFE","CAUTION","Les données disponibles avec bimatoprost en cours de grossesse sont limitées, sans signal de risque malformatif significatif retenu à ce jour. Son utilisation est possible tout au long de la grossesse lorsqu'elle est cliniquement justifiée, avec une surveillance adaptée lors de l'accouchement.","https://www.lecrat.fr/9985/"
"1447","BIPERIDENE","SAFE","SAFE","SAFE","SAFE","CAUTION","Les données disponibles avec biperidene en cours de grossesse sont limitées, sans signal de risque malformatif significatif retenu à ce jour.","https://www.lecrat.fr/10172/"
"1448","BISOPROLOL","SAFE","SAFE","SAFE","SAFE","CAUTION","Les données publiées chez les femmes enceintes exposées à bisoprolol sont nombreuses et aucun effet malformatif n'est retenu à ce jour, y compris pour les expositions au premier trimestre.","https://www.lecrat.fr/7432/"
"1729","BORATE DE SOUDE","UNKNOWN","UNKNOWN","UNKNOWN","UNKNOWN","UNKNOWN","UNKNOWN",
"1449","BRIMONIDINE","SAFE","SAFE","SAFE","SAFE","CAUTION","Les données disponibles avec brimonidine en cours de grossesse sont limitées, sans signal de risque malformatif significatif retenu à ce jour. Chez le nouveau-né, la brimonidine est contre-indiquée en raison d’effets secondaires graves survenus lors de traitements par voie oculaire : hypotension, bradycardie, hypothermie, apnée.","https://www.lecrat.fr/9937/"
"1450","BRINZOLAMIDE","SAFE","SAFE","SAFE","SAFE","CAUTION","Les données disponibles avec brinzolamide en cours de grossesse sont limitées, sans signal de risque malformatif significatif retenu à ce jour. Son utilisation est possible tout au long de la grossesse lorsqu'elle est cliniquement justifiée, avec une surveillance adaptée lors de l'accouchement.","https://www.lecrat.fr/9948/"
"1451","BROMAZEPAM","SAFE","SAFE","SAFE","SAFE","CAUTION","Les données disponibles avec bromazepam en cours de grossesse sont limitées, sans signal de risque malformatif significatif retenu à ce jour. Aspect néonatal Les benzodiazépines utilisées jusqu’à l’accouchement peuvent entraîner chez le nouveau-né deux types d’évènements transitoires qui peuvent se succéder : Des signes d’imprégnation cf.","https://www.lecrat.fr/6057/"
"1452","BROMHEXINE","SAFE","SAFE","SAFE","SAFE","CAUTION","Les données disponibles avec bromhexine en cours de grossesse sont limitées, sans signal de risque malformatif significatif retenu à ce jour. Son utilisation est possible tout au long de la grossesse lorsqu'elle est cliniquement justifiée, avec une surveillance adaptée lors de l'accouchement.","https://www.lecrat.fr/11818/"
"1453","BROMOCRIPTINE","SAFE","SAFE","SAFE","SAFE","CAUTION","Les données disponibles avec bromocriptine en cours de grossesse sont très nombreuses, sans signal de risque malformatif significatif retenu à ce jour. En cas d'utilisation jusqu'à l'accouchement, une surveillance néonatale est recommandée en raison d'effets indésirables possibles chez le nouveau-né.","https://www.lecrat.fr/8972/"
"1454","BUDESONIDE","SAFE","SAFE","SAFE","SAFE","CAUTION","Les données publiées chez les femmes enceintes exposées à budesonide sont très nombreuses et aucun effet malformatif n'est retenu à ce jour. En effet, un asthme mal équilibré peut avoir un effet délétère sur la grossesse/le nouveau-né (prématurité, petit poids de naissance…).","https://www.lecrat.fr/8207/"
"1456","CAFEINE","SAFE","SAFE","SAFE","SAFE","CAUTION","Les données disponibles avec cafeine en cours de grossesse sont très nombreuses, sans signal de risque malformatif significatif retenu à ce jour.","https://www.lecrat.fr/4278/"
"1732","CALCIFEDIOL","UNKNOWN","UNKNOWN","UNKNOWN","UNKNOWN","UNKNOWN","UNKNOWN",
"1457","CALCIPOTRIOL","SAFE","SAFE","SAFE","SAFE","CAUTION","Les données publiées chez les femmes enceintes exposées à calcipotriol sont très nombreuses et aucun effet malformatif n'est retenu à ce jour. Son utilisation est possible tout au long de la grossesse lorsqu'elle est cliniquement justifiée, avec une surveillance adaptée lors de l'accouchement.","https://www.lecrat.fr/10888/"
"1733","CALCIUM","UNKNOWN","UNKNOWN","UNKNOWN","UNKNOWN","UNKNOWN","UNKNOWN",
"1734","CALCIUM CARBONATE","UNKNOWN","UNKNOWN","UNKNOWN","UNKNOWN","UNKNOWN","UNKNOWN",
"1458","CANDESARTAN","UNSAFE","SAFE","UNSAFE","UNSAFE","CAUTION","Candesartan est classé UNSAFE car il est formellement contre-indiqué en cours de grossesse en raison d'effets délétères documentés sur le développement embryo-fœtal. Aux stades avancés de la grossesse, le risque de toxicité rénale fœtale est également documenté.","https://www.lecrat.fr/7366/"
"1459","CANDESARTAN  HYDROCHLOROTHIAZIDE","CAUTION","CAUTION","CAUTION","CAUTION","CAUTION","Le candesartan hydrochlorothiazide est classé CAUTION en raison d'un profil de risque nécessitant des précautions spécifiques selon le terme de la grossesse. En cas d'utilisation en fin de grossesse, une surveillance néonatale est recommandée en raison d'effets possibles chez le nouveau-né.","https://www.lecrat.fr/7226/"
"1735","CANDESARTAN CILEXETIL","UNKNOWN","UNKNOWN","UNKNOWN","UNKNOWN","UNKNOWN","UNKNOWN",
"1460","CAPTOPRIL","UNSAFE","SAFE","UNSAFE","UNSAFE","CAUTION","Captopril est classé UNSAFE car il est formellement contre-indiqué en cours de grossesse en raison d'effets délétères documentés sur le développement embryo-fœtal. Aux stades avancés de la grossesse, le risque de toxicité rénale fœtale est également documenté.","https://www.lecrat.fr/7199/"
"1461","CARBAMAZEPINE","SAFE","SAFE","SAFE","SAFE","CAUTION","Les données disponibles avec carbamazepine en cours de grossesse sont très nombreuses, sans signal de risque malformatif significatif retenu à ce jour.","https://www.lecrat.fr/12249/"
"1736","CARBOMERE","UNKNOWN","UNKNOWN","UNKNOWN","UNKNOWN","UNKNOWN","UNKNOWN",
"1737","CARBONATE DE CALCIUM","UNKNOWN","UNKNOWN","UNKNOWN","UNKNOWN","UNKNOWN","UNKNOWN",
"1738","CARMELLOSE","UNKNOWN","UNKNOWN","UNKNOWN","UNKNOWN","UNKNOWN","UNKNOWN",
"1739","CARRAGHAHEEN","UNKNOWN","UNKNOWN","UNKNOWN","UNKNOWN","UNKNOWN","UNKNOWN",
"1740","CARRAGHENATES","UNKNOWN","UNKNOWN","UNKNOWN","UNKNOWN","UNKNOWN","UNKNOWN",
"1462","CARTEOLOL","SAFE","SAFE","SAFE","SAFE","CAUTION","Les données disponibles avec carteolol en cours de grossesse sont limitées, sans signal de risque malformatif significatif retenu à ce jour.","https://www.lecrat.fr/9916/"
"1463","CARVEDILOL","SAFE","SAFE","SAFE","SAFE","CAUTION","Les données disponibles avec carvedilol en cours de grossesse sont nombreuses, sans signal de risque malformatif significatif retenu à ce jour.","https://www.lecrat.fr/9281/"
"1464","CEFADROXIL","SAFE","SAFE","SAFE","SAFE","CAUTION","Les données publiées chez les femmes enceintes exposées à cefadroxil sont nombreuses et aucun effet malformatif n'est retenu à ce jour. En cas d'utilisation jusqu'à l'accouchement, une surveillance néonatale est recommandée en raison d'effets indésirables possibles chez le nouveau-né.","https://www.lecrat.fr/13206/"
"1465","CEFAZOLINE","SAFE","SAFE","SAFE","SAFE","CAUTION","Les données disponibles avec cefazoline en cours de grossesse sont nombreuses, sans signal de risque malformatif significatif retenu à ce jour.","https://www.lecrat.fr/13273/"
"1466","CEFIXIME","SAFE","SAFE","SAFE","SAFE","CAUTION","Les données disponibles avec cefixime en cours de grossesse sont limitées, sans signal de risque malformatif significatif retenu à ce jour. Son utilisation est possible tout au long de la grossesse lorsqu'elle est cliniquement justifiée, avec une surveillance adaptée lors de l'accouchement.","https://www.lecrat.fr/13143/"
"1467","CEFOTAXIME","SAFE","SAFE","SAFE","SAFE","CAUTION","Les données disponibles avec cefotaxime en cours de grossesse sont limitées, sans signal de risque malformatif significatif retenu à ce jour. Son utilisation est possible tout au long de la grossesse lorsqu'elle est cliniquement justifiée, avec une surveillance adaptée lors de l'accouchement.","https://www.lecrat.fr/3062/"
"1468","CEFPODOXIME","SAFE","SAFE","SAFE","SAFE","CAUTION","Les données disponibles avec cefpodoxime en cours de grossesse sont limitées, sans signal de risque malformatif significatif retenu à ce jour. Son utilisation est possible tout au long de la grossesse lorsqu'elle est cliniquement justifiée, avec une surveillance adaptée lors de l'accouchement.","https://www.lecrat.fr/13321/"
"1469","CEFUROXIME","SAFE","SAFE","SAFE","SAFE","CAUTION","Les données disponibles avec cefuroxime en cours de grossesse sont limitées, sans signal de risque malformatif significatif retenu à ce jour. Son utilisation est possible tout au long de la grossesse lorsqu'elle est cliniquement justifiée, avec une surveillance adaptée lors de l'accouchement.","https://www.lecrat.fr/13343/"
"1470","CELECOXIB","UNSAFE","CAUTION","CAUTION","UNSAFE","CAUTION","Celecoxib est classé UNSAFE car il est formellement contre-indiqué en cours de grossesse en raison d'effets délétères documentés sur le développement embryo-fœtal. Aux stades avancés de la grossesse, le risque de toxicité rénale fœtale et de toxicité cardiovasculaire est également documenté.","https://www.lecrat.fr/15396/"
"1471","CELIPROLOL","SAFE","SAFE","SAFE","SAFE","CAUTION","Les données disponibles avec celiprolol en cours de grossesse sont limitées, sans signal de risque malformatif significatif retenu à ce jour.","https://www.lecrat.fr/9275/"
"1741","CETHOXINIUM","UNKNOWN","UNKNOWN","UNKNOWN","UNKNOWN","UNKNOWN","UNKNOWN",
"1472","CETIRIZINE","SAFE","SAFE","SAFE","SAFE","CAUTION","Les données publiées chez les femmes enceintes exposées à cetirizine sont très nombreuses et aucun effet malformatif n'est retenu à ce jour. En cas d'utilisation jusqu'à l'accouchement, une surveillance néonatale est recommandée en raison d'effets indésirables possibles chez le nouveau-né.","https://www.lecrat.fr/3084/"
"1742","CETRORELIX","UNKNOWN","UNKNOWN","UNKNOWN","UNKNOWN","UNKNOWN","UNKNOWN",
"1743","CHARBON ACTIVE","UNKNOWN","UNKNOWN","UNKNOWN","UNKNOWN","UNKNOWN","UNKNOWN",
"1473","CHLORDIAZEPOXIDE","SAFE","SAFE","SAFE","SAFE","CAUTION","Les données publiées chez les femmes enceintes exposées à chlordiazepoxide sont très nombreuses et aucun effet malformatif n'est retenu à ce jour, y compris pour les expositions au premier trimestre. Aspect néonatal Les benzodiazépines utilisées jusqu’à l’accouchement peuvent entraîner chez le nouveau-né deux types d’évènements transitoires qui peuvent se succéder : Des signes d’imprégnation cf.","https://www.lecrat.fr/6979/"
"1744","CHLORHEXIDINE","UNKNOWN","UNKNOWN","UNKNOWN","UNKNOWN","UNKNOWN","UNKNOWN",
"1745","CHLORMADINONE ACETATE","UNKNOWN","UNKNOWN","UNKNOWN","UNKNOWN","UNKNOWN","UNKNOWN",
"1746","CHLOROCRESOL","UNKNOWN","UNKNOWN","UNKNOWN","UNKNOWN","UNKNOWN","UNKNOWN",
"1474","CHLOROTHIAZIDE","CAUTION","CAUTION","CAUTION","CAUTION","CAUTION","Le chlorothiazide est classé CAUTION en raison d'un profil de risque nécessitant des précautions spécifiques selon le terme de la grossesse. En cas d'utilisation en fin de grossesse, une surveillance néonatale est recommandée en raison d'effets possibles chez le nouveau-né.","https://www.lecrat.fr/7226/"
"1475","CHLORPROMAZINE","SAFE","SAFE","SAFE","SAFE","CAUTION","Les données publiées chez les femmes enceintes exposées à chlorpromazine sont très nombreuses et aucun effet malformatif n'est retenu à ce jour, y compris pour les expositions au premier trimestre.","https://www.lecrat.fr/3580/"
"1747","CHLORTALIDONE","UNKNOWN","UNKNOWN","UNKNOWN","UNKNOWN","UNKNOWN","UNKNOWN",
"1748","CHLORTETRACYCLINE","UNKNOWN","UNKNOWN","UNKNOWN","UNKNOWN","UNKNOWN","UNKNOWN",
"1749","CHLORURE DE POTASSIUM","UNKNOWN","UNKNOWN","UNKNOWN","UNKNOWN","UNKNOWN","UNKNOWN",
"1750","CHLORURE DE SODIUM","UNKNOWN","UNKNOWN","UNKNOWN","UNKNOWN","UNKNOWN","UNKNOWN",
"1751","CICLOPIROXOLAMINE","UNKNOWN","UNKNOWN","UNKNOWN","UNKNOWN","UNKNOWN","UNKNOWN",
"1476","CIMETIDINE","CAUTION","CAUTION","CAUTION","CAUTION","CAUTION","Le cimetidine est classé CAUTION en raison d'un profil de risque nécessitant des précautions spécifiques selon le terme de la grossesse.","https://www.lecrat.fr/12801/"
"1752","CIPROFIBRATE","UNKNOWN","UNKNOWN","UNKNOWN","UNKNOWN","UNKNOWN","UNKNOWN",
"1477","CIPROFLOXACINE","SAFE","SAFE","SAFE","SAFE","CAUTION","Les données publiées chez les femmes enceintes exposées à ciprofloxacine sont très nombreuses et aucun effet malformatif n'est retenu à ce jour, y compris pour les expositions au premier trimestre. Les fluoroquinolones n’ont plus leur place dans le traitement de la cystite aigue de la femme ( .","https://www.lecrat.fr/6630/"
"1478","CITALOPRAM","SAFE","SAFE","SAFE","SAFE","CAUTION","Les données publiées chez les femmes enceintes exposées à citalopram sont très nombreuses et aucun effet malformatif n'est retenu à ce jour, y compris pour les expositions au premier trimestre. Chez environ 30% des nouveau-nés de mères traitées jusqu’à l’accouchement par un antidépresseur IRSS/IRSNa, des symptômes néonatals, le plus souvent transitoires, peu sévères et de courte durée, peuvent apparaître dans les premiers jours de vie.","https://www.lecrat.fr/3961/"
"1479","CLARITHROMYCINE","SAFE","SAFE","SAFE","SAFE","CAUTION","Les données publiées chez les femmes enceintes exposées à clarithromycine sont très nombreuses et aucun effet malformatif n'est retenu à ce jour. En cas d'utilisation jusqu'à l'accouchement, une surveillance néonatale est recommandée en raison d'effets indésirables possibles chez le nouveau-né.","https://www.lecrat.fr/13419/"
"1753","CLIDINIUM","UNKNOWN","UNKNOWN","UNKNOWN","UNKNOWN","UNKNOWN","UNKNOWN",
"1480","CLINDAMYCINE","SAFE","SAFE","SAFE","SAFE","CAUTION","Les données publiées chez les femmes enceintes exposées à clindamycine sont très nombreuses et aucun effet malformatif n'est retenu à ce jour. En cas d'utilisation jusqu'à l'accouchement, une surveillance néonatale est recommandée en raison d'effets indésirables possibles chez le nouveau-né.","https://www.lecrat.fr/6313/"
"1481","CLOBAZAM","SAFE","SAFE","SAFE","SAFE","CAUTION","Les données disponibles avec clobazam en cours de grossesse sont très nombreuses, sans signal de risque malformatif significatif retenu à ce jour.","https://www.lecrat.fr/12497/"
"1482","CLOBETASOL","SAFE","SAFE","SAFE","SAFE","CAUTION","Les données disponibles avec clobetasol en cours de grossesse sont nombreuses, sans signal de risque malformatif significatif retenu à ce jour. Son utilisation est possible tout au long de la grossesse lorsqu'elle est cliniquement justifiée, avec une surveillance adaptée lors de l'accouchement.","https://www.lecrat.fr/5165/"
"1754","CLOMIFENE","UNKNOWN","UNKNOWN","UNKNOWN","UNKNOWN","UNKNOWN","UNKNOWN",
"1483","CLOMIPRAMINE","SAFE","SAFE","SAFE","SAFE","CAUTION","Les données disponibles avec clomipramine en cours de grossesse sont très nombreuses, sans signal de risque malformatif significatif retenu à ce jour. Lors d’utilisations d’imipraminiques à fortes doses jusqu’à l’accouchement, des symptômes néonatals, le plus souvent transitoires et peu sévères, peuvent parfois apparaître dans les premiers jours de vie.","https://www.lecrat.fr/4100/"
"1484","CLONAZEPAM","SAFE","SAFE","SAFE","SAFE","CAUTION","Les données publiées chez les femmes enceintes exposées à clonazepam sont très nombreuses et aucun effet malformatif n'est retenu à ce jour, y compris pour les expositions au premier trimestre.","https://www.lecrat.fr/11239/"
"1755","CLOPIDOGREL","UNKNOWN","UNKNOWN","UNKNOWN","UNKNOWN","UNKNOWN","UNKNOWN",
"1485","CLORAZEPATE DIPOTASSIQUE","SAFE","SAFE","SAFE","SAFE","CAUTION","Les données publiées chez les femmes enceintes exposées à clorazepate dipotassique sont très nombreuses et aucun effet malformatif n'est retenu à ce jour, y compris pour les expositions au premier trimestre. Aspect néonatal Les benzodiazépines utilisées jusqu’à l’accouchement peuvent entraîner chez le nouveau-né deux types d’évènements transitoires qui peuvent se succéder : Des signes d’imprégnation cf.","https://www.lecrat.fr/3878/"
"1486","CLOTRIMAZOLE","SAFE","SAFE","SAFE","SAFE","CAUTION","Les données publiées chez les femmes enceintes exposées à clotrimazole sont très nombreuses et aucun effet malformatif n'est retenu à ce jour. En cas d'utilisation jusqu'à l'accouchement, une surveillance néonatale est recommandée en raison d'effets indésirables possibles chez le nouveau-né.","https://www.lecrat.fr/10189/"
"1487","CLOZAPINE","SAFE","SAFE","SAFE","SAFE","CAUTION","Les données disponibles avec clozapine en cours de grossesse sont limitées, sans signal de risque malformatif significatif retenu à ce jour.","https://www.lecrat.fr/12027/"
"1488","CODEINE","SAFE","SAFE","SAFE","SAFE","CAUTION","Les données publiées chez les femmes enceintes exposées à codeine sont très nombreuses et aucun effet malformatif n'est retenu à ce jour, y compris pour les expositions au premier trimestre. Si la codéine est poursuivie jusqu’à l’accouchement, de principe le signaler au pédiatre de maternité car il s’agit d’un opiacé faible (cf.","https://www.lecrat.fr/4478/"
"1489","COLCHICINE","SAFE","SAFE","SAFE","SAFE","CAUTION","Les données publiées chez les femmes enceintes exposées à colchicine sont très nombreuses et aucun effet malformatif n'est retenu à ce jour. En cas d'utilisation jusqu'à l'accouchement, une surveillance néonatale est recommandée en raison d'effets indésirables possibles chez le nouveau-né.","https://www.lecrat.fr/9166/"
"1756","COLECALCIFEROL","UNKNOWN","UNKNOWN","UNKNOWN","UNKNOWN","UNKNOWN","UNKNOWN",
"1490","COQUELUCHE","SAFE","SAFE","SAFE","SAFE","SAFE","Aucun effet malformatif, fœtal ou néonatal retenu. La vaccination est recommandée entre 20 et 36 SA pour protéger le nouveau-né grâce au transfert placentaire des anticorps maternels.","https://www.lecrat.fr/9429/"
"1491","COTRIMOXAZOLE","CAUTION","CAUTION","SAFE","SAFE","CAUTION","Le cotrimoxazole est classé CAUTION en raison d'un profil de risque nécessitant des précautions spécifiques selon le terme de la grossesse. En cas d'utilisation en fin de grossesse, une surveillance néonatale est recommandée en raison d'effets possibles chez le nouveau-né.","https://www.lecrat.fr/6660/"
"1492","CROMOGLYCATE DE SODIUM","SAFE","SAFE","SAFE","SAFE","CAUTION","Les données publiées chez les femmes enceintes exposées à cromoglycate de sodium sont très nombreuses et aucun effet malformatif n'est retenu à ce jour. Son utilisation est possible tout au long de la grossesse lorsqu'elle est cliniquement justifiée, avec une surveillance adaptée lors de l'accouchement.","https://www.lecrat.fr/4745/"
"1757","CUPRESSACEE","UNKNOWN","UNKNOWN","UNKNOWN","UNKNOWN","UNKNOWN","UNKNOWN",
"1758","CYANOCOBALAMINE","UNKNOWN","UNKNOWN","UNKNOWN","UNKNOWN","UNKNOWN","UNKNOWN",
"1759","CYCLOPENTOLATE","UNKNOWN","UNKNOWN","UNKNOWN","UNKNOWN","UNKNOWN","UNKNOWN",
"1493","CYPROHEPTADINE","CAUTION","CAUTION","CAUTION","CAUTION","CAUTION","La classification CAUTION de cyproheptadine reflète des données insuffisantes en cours de grossesse pour permettre une évaluation complète du risque, en particulier au-delà du premier trimestre. Les données au premier trimestre sont limitées et ne permettent pas d'exclure formellement tout risque malformatif. En cas d'utilisation en fin de grossesse, une surveillance néonatale est recommandée en raison d'effets possibles chez le nouveau-né.","https://www.lecrat.fr/6794/"
"1760","CYPROTERONE","UNKNOWN","UNKNOWN","UNKNOWN","UNKNOWN","UNKNOWN","UNKNOWN",
"1494","Cabergoline","SAFE","SAFE","SAFE","SAFE","CAUTION","Les données disponibles avec cabergoline en cours de grossesse sont très nombreuses, sans signal de risque malformatif significatif retenu à ce jour. En cas d'utilisation jusqu'à l'accouchement, une surveillance néonatale est recommandée en raison d'effets indésirables possibles chez le nouveau-né.","https://www.lecrat.fr/8978/"
"1761","D. PTERONYSSINUS (100% DPT)","UNKNOWN","UNKNOWN","UNKNOWN","UNKNOWN","UNKNOWN","UNKNOWN",
"1762","DALTEPARINE SODIQUE","UNKNOWN","UNKNOWN","UNKNOWN","UNKNOWN","UNKNOWN","UNKNOWN",
"1698","DANAZOL","UNSAFE","UNSAFE","UNSAFE","UNSAFE","UNSAFE","Le danazol est tératogène et contre-indiqué pendant toute la grossesse, surtout pour les fœtus féminins.","https://www.lecrat.fr/3147/"
"1763","DAPAGLIFLOZINE","UNKNOWN","UNKNOWN","UNKNOWN","UNKNOWN","UNKNOWN","UNKNOWN",
"1764","DELAPRIL","UNKNOWN","UNKNOWN","UNKNOWN","UNKNOWN","UNKNOWN","UNKNOWN",
"1495","DESLORATADINE","SAFE","SAFE","SAFE","SAFE","CAUTION","Les données publiées chez les femmes enceintes exposées à desloratadine sont très nombreuses et aucun effet malformatif n'est retenu à ce jour. En cas d'utilisation jusqu'à l'accouchement, une surveillance néonatale est recommandée en raison d'effets indésirables possibles chez le nouveau-né.","https://www.lecrat.fr/3662/"
"1765","DESMOPRESSINE","UNKNOWN","UNKNOWN","UNKNOWN","UNKNOWN","UNKNOWN","UNKNOWN",
"1496","DESOGESTREL","SAFE","SAFE","SAFE","SAFE","CAUTION","Les données publiées chez les femmes enceintes exposées à desogestrel sont très nombreuses et aucun effet malformatif n'est retenu à ce jour. Son utilisation est possible tout au long de la grossesse lorsqu'elle est cliniquement justifiée, avec une surveillance adaptée lors de l'accouchement.","https://www.lecrat.fr/6224/"
"1497","DESONIDE","SAFE","SAFE","SAFE","SAFE","CAUTION","Les données disponibles avec desonide en cours de grossesse sont nombreuses, sans signal de risque malformatif significatif retenu à ce jour. Son utilisation est possible tout au long de la grossesse lorsqu'elle est cliniquement justifiée, avec une surveillance adaptée lors de l'accouchement.","https://www.lecrat.fr/5170/"
"1766","DETEMIR","UNKNOWN","UNKNOWN","UNKNOWN","UNKNOWN","UNKNOWN","UNKNOWN",
"1498","DEXAMETHASONE","SAFE","SAFE","SAFE","SAFE","CAUTION","Les données disponibles avec dexamethasone en cours de grossesse sont nombreuses, sans signal de risque malformatif significatif retenu à ce jour.","https://www.lecrat.fr/5021/"
"1499","DEXCHLORPHENIRAMINE","SAFE","SAFE","SAFE","SAFE","CAUTION","Les données publiées chez les femmes enceintes exposées à dexchlorpheniramine sont très nombreuses et aucun effet malformatif n'est retenu à ce jour, y compris pour les expositions au premier trimestre. En cas d'utilisation jusqu'à l'accouchement, une surveillance néonatale est recommandée en raison d'effets indésirables possibles chez le nouveau-né.","https://www.lecrat.fr/6800/"
"1500","DIAZEPAM","SAFE","SAFE","SAFE","SAFE","CAUTION","Les données publiées chez les femmes enceintes exposées à diazepam sont très nombreuses et aucun effet malformatif n'est retenu à ce jour, y compris pour les expositions au premier trimestre. Aspect néonatal Les benzodiazépines utilisées jusqu’à l’accouchement peuvent entraîner chez le nouveau-né deux types d’évènements transitoires qui peuvent se succéder : Des signes d’imprégnation cf.","https://www.lecrat.fr/3869/"
"1501","DICLOFENAC","UNSAFE","CAUTION","CAUTION","UNSAFE","CAUTION","Diclofenac est classé UNSAFE car il est formellement contre-indiqué en cours de grossesse en raison d'effets délétères documentés sur le développement embryo-fœtal. Aux stades avancés de la grossesse, le risque de toxicité rénale fœtale et de toxicité cardiovasculaire est également documenté.","https://www.lecrat.fr/15298/"
"1767","DIGOXINE","UNKNOWN","UNKNOWN","UNKNOWN","UNKNOWN","UNKNOWN","UNKNOWN",
"1768","DIHYDROERGOTOXINE","UNKNOWN","UNKNOWN","UNKNOWN","UNKNOWN","UNKNOWN","UNKNOWN",
"1502","DILTIAZEM","SAFE","SAFE","SAFE","SAFE","CAUTION","Les données disponibles avec diltiazem en cours de grossesse sont limitées, sans signal de risque malformatif significatif retenu à ce jour.","https://www.lecrat.fr/9322/"
"1503","DIMETICONE","SAFE","SAFE","SAFE","SAFE","CAUTION","Les données disponibles avec dimeticone en cours de grossesse sont limitées, sans signal de risque malformatif significatif retenu à ce jour. Son utilisation est possible tout au long de la grossesse lorsqu'elle est cliniquement justifiée, avec une surveillance adaptée lors de l'accouchement.","https://www.lecrat.fr/12157/"
"1769","DIOSMECTITE","UNKNOWN","UNKNOWN","UNKNOWN","UNKNOWN","UNKNOWN","UNKNOWN",
"1505","DIPHENHYDRAMINE","SAFE","SAFE","SAFE","SAFE","CAUTION","Les données publiées chez les femmes enceintes exposées à diphenhydramine sont très nombreuses et aucun effet malformatif n'est retenu à ce jour. Son utilisation est possible tout au long de la grossesse lorsqu'elle est cliniquement justifiée, avec une surveillance adaptée lors de l'accouchement.","https://www.lecrat.fr/3474/"
"1504","DIPHTERIE","SAFE","SAFE","SAFE","SAFE","CAUTION","Les données publiées chez les femmes enceintes exposées à diphterie sont très nombreuses et aucun effet malformatif n'est retenu à ce jour. En cas d'utilisation jusqu'à l'accouchement, une surveillance néonatale est recommandée en raison d'effets indésirables possibles chez le nouveau-né.","https://www.lecrat.fr/9526/"
"1770","DIPYRIDAMOLE","UNKNOWN","UNKNOWN","UNKNOWN","UNKNOWN","UNKNOWN","UNKNOWN",
"1771","DISOPYRAMIDE PHOSPHATE","UNKNOWN","UNKNOWN","UNKNOWN","UNKNOWN","UNKNOWN","UNKNOWN",
"1506","DOCUSATE SODIQUE","SAFE","SAFE","SAFE","SAFE","CAUTION","Les données publiées chez les femmes enceintes exposées à docusate sodique sont nombreuses et aucun effet malformatif n'est retenu à ce jour. En cas d'utilisation jusqu'à l'accouchement, une surveillance néonatale est recommandée en raison d'effets indésirables possibles chez le nouveau-né.","https://www.lecrat.fr/8801/"
"1918","DODECYL-1.4.7 TRIAZA-OCTANE 8 ACIDE ACETIQUE","UNKNOWN","UNKNOWN","UNKNOWN","UNKNOWN","UNKNOWN","UNKNOWN",
"1919","DODECYL-3-CARBO","UNKNOWN","UNKNOWN","UNKNOWN","UNKNOWN","UNKNOWN","UNKNOWN",
"1507","DOMPERIDONE","SAFE","SAFE","SAFE","SAFE","CAUTION","Les données publiées chez les femmes enceintes exposées à domperidone sont très nombreuses et aucun effet malformatif n'est retenu à ce jour. En cas d'utilisation jusqu'à l'accouchement, une surveillance néonatale est recommandée en raison d'effets indésirables possibles chez le nouveau-né.","https://www.lecrat.fr/3446/"
"1508","DORZOLAMIDE","SAFE","SAFE","SAFE","SAFE","CAUTION","Les données disponibles avec dorzolamide en cours de grossesse sont limitées, sans signal de risque malformatif significatif retenu à ce jour. Son utilisation est possible tout au long de la grossesse lorsqu'elle est cliniquement justifiée, avec une surveillance adaptée lors de l'accouchement.","https://www.lecrat.fr/9981/"
"1772","DOXAZOSINE","UNKNOWN","UNKNOWN","UNKNOWN","UNKNOWN","UNKNOWN","UNKNOWN",
"1509","DOXYCYCLINE","CAUTION","SAFE","CAUTION","CAUTION","CAUTION","Le doxycycline est classé CAUTION en raison d'un profil de risque nécessitant des précautions spécifiques selon le terme de la grossesse. Au premier trimestre, les données disponibles sont rassurantes sur le plan malformatif, aucun effet tératogène n'étant retenu à ce jour.","https://www.lecrat.fr/6396/"
"1773","DUTASTERIDE","UNKNOWN","UNKNOWN","UNKNOWN","UNKNOWN","UNKNOWN","UNKNOWN",
"1510","DYDROGESTERONE","SAFE","SAFE","SAFE","SAFE","CAUTION","Les données publiées chez les femmes enceintes exposées à dydrogesterone sont très nombreuses et aucun effet malformatif n'est retenu à ce jour. Son utilisation est possible tout au long de la grossesse lorsqu'elle est cliniquement justifiée, avec une surveillance adaptée lors de l'accouchement.","https://www.lecrat.fr/11321/"
"1774","DYDROGESTRONE","UNKNOWN","UNKNOWN","UNKNOWN","UNKNOWN","UNKNOWN","UNKNOWN",
"1775","EAU OXYGENEE","UNKNOWN","UNKNOWN","UNKNOWN","UNKNOWN","UNKNOWN","UNKNOWN",
"1511","ECONAZOLE","SAFE","SAFE","SAFE","SAFE","CAUTION","Les données disponibles avec econazole en cours de grossesse sont nombreuses, sans signal de risque malformatif significatif retenu à ce jour. Aucun effet malformatif, foetal ou néonatal attribuable au traitement n’a été rapporté à ce jour.","https://www.lecrat.fr/10272/"
"1512","ELETRIPTAN","SAFE","SAFE","SAFE","SAFE","CAUTION","Les données publiées chez les femmes enceintes exposées à eletriptan sont nombreuses et aucun effet malformatif n'est retenu à ce jour. En cas d'utilisation jusqu'à l'accouchement, une surveillance néonatale est recommandée en raison d'effets indésirables possibles chez le nouveau-né.","https://www.lecrat.fr/10981/"
"1776","EMPAGLIFLOZINE","UNKNOWN","UNKNOWN","UNKNOWN","UNKNOWN","UNKNOWN","UNKNOWN",
"1513","ENALAPRIL","UNSAFE","SAFE","UNSAFE","UNSAFE","CAUTION","Enalapril est classé UNSAFE car il est formellement contre-indiqué en cours de grossesse en raison d'effets délétères documentés sur le développement embryo-fœtal. Aux stades avancés de la grossesse, le risque de toxicité rénale fœtale est également documenté.","https://www.lecrat.fr/7208/"
"1777","ENOXACINE","UNKNOWN","UNKNOWN","UNKNOWN","UNKNOWN","UNKNOWN","UNKNOWN",
"1778","ENOXAPARINE","UNKNOWN","UNKNOWN","UNKNOWN","UNKNOWN","UNKNOWN","UNKNOWN",
"1779","ERGOCALCIFEROL","UNKNOWN","UNKNOWN","UNKNOWN","UNKNOWN","UNKNOWN","UNKNOWN",
"1780","ERGOTAMINE TARTRATE","UNKNOWN","UNKNOWN","UNKNOWN","UNKNOWN","UNKNOWN","UNKNOWN",
"1514","ERYTHROMYCINE","SAFE","SAFE","SAFE","SAFE","CAUTION","Les données publiées chez les femmes enceintes exposées à erythromycine sont très nombreuses et aucun effet malformatif n'est retenu à ce jour. Un risque de sténose du pylore est évoqué chez les nouveau-nés directement traités par érythromycine.","https://www.lecrat.fr/6322/"
"1515","ESCITALOPRAM","SAFE","SAFE","SAFE","SAFE","CAUTION","Les données publiées chez les femmes enceintes exposées à escitalopram sont très nombreuses et aucun effet malformatif n'est retenu à ce jour, y compris pour les expositions au premier trimestre. Chez environ 30% des nouveau-nés de mères traitées jusqu’à l’accouchement par un antidépresseur IRSS/IRSNa, des symptômes néonatals, le plus souvent transitoires, peu sévères et de courte durée, peuvent apparaître dans les premiers jours de vie.","https://www.lecrat.fr/4018/"
"1516","ESOMEPRAZOLE","SAFE","SAFE","SAFE","SAFE","CAUTION","Les données publiées chez les femmes enceintes exposées à esomeprazole sont très nombreuses et aucun effet malformatif n'est retenu à ce jour. En cas d'utilisation jusqu'à l'accouchement, une surveillance néonatale est recommandée en raison d'effets indésirables possibles chez le nouveau-né.","https://www.lecrat.fr/12852/"
"1781","ESSENCE DE TEREBENTHINE","UNKNOWN","UNKNOWN","UNKNOWN","UNKNOWN","UNKNOWN","UNKNOWN",
"1517","ESTRADIOL","SAFE","SAFE","SAFE","SAFE","CAUTION","Les données disponibles avec estradiol en cours de grossesse sont limitées, sans signal de risque malformatif significatif retenu à ce jour. Son utilisation est possible tout au long de la grossesse lorsqu'elle est cliniquement justifiée, avec une surveillance adaptée lors de l'accouchement.","https://www.lecrat.fr/6218/"
"1518","ETHINYLESTRADIOL","SAFE","SAFE","SAFE","SAFE","CAUTION","Les données disponibles avec ethinylestradiol en cours de grossesse sont très nombreuses, sans signal de risque malformatif significatif retenu à ce jour. En cas d'utilisation jusqu'à l'accouchement, une surveillance néonatale est recommandée en raison d'effets indésirables possibles chez le nouveau-né.","https://www.lecrat.fr/6225/"
"1519","FAMOTIDINE","SAFE","SAFE","SAFE","SAFE","CAUTION","Les données publiées chez les femmes enceintes exposées à famotidine sont très nombreuses et aucun effet malformatif n'est retenu à ce jour. En cas d'utilisation jusqu'à l'accouchement, une surveillance néonatale est recommandée en raison d'effets indésirables possibles chez le nouveau-né.","https://www.lecrat.fr/12839/"
"1782","FENOFIBRATE","UNKNOWN","UNKNOWN","UNKNOWN","UNKNOWN","UNKNOWN","UNKNOWN",
"1520","FENOTEROL","CAUTION","CAUTION","CAUTION","CAUTION","CAUTION","La classification CAUTION de fenoterol reflète des données insuffisantes en cours de grossesse pour permettre une évaluation complète du risque, en particulier au-delà du premier trimestre. Les données au premier trimestre sont limitées et ne permettent pas d'exclure formellement tout risque malformatif. En cas d'utilisation en fin de grossesse, une surveillance néonatale est recommandée en raison d'effets possibles chez le nouveau-né.","https://www.lecrat.fr/8070/"
"1783","FENTANYL","UNKNOWN","UNKNOWN","UNKNOWN","UNKNOWN","UNKNOWN","UNKNOWN",
"1784","FER","UNKNOWN","UNKNOWN","UNKNOWN","UNKNOWN","UNKNOWN","UNKNOWN",
"1785","FER3","UNKNOWN","UNKNOWN","UNKNOWN","UNKNOWN","UNKNOWN","UNKNOWN",
"1786","FEREDETATE DE SODIUM","UNKNOWN","UNKNOWN","UNKNOWN","UNKNOWN","UNKNOWN","UNKNOWN",
"1521","FEXOFENADINE","SAFE","SAFE","SAFE","SAFE","CAUTION","Les données publiées chez les femmes enceintes exposées à fexofenadine sont très nombreuses et aucun effet malformatif n'est retenu à ce jour. En cas d'utilisation jusqu'à l'accouchement, une surveillance néonatale est recommandée en raison d'effets indésirables possibles chez le nouveau-né.","https://www.lecrat.fr/4981/"
"1787","FINASTERIDE","UNKNOWN","UNKNOWN","UNKNOWN","UNKNOWN","UNKNOWN","UNKNOWN",
"1522","FLECAINIDE","SAFE","SAFE","SAFE","SAFE","CAUTION","Les données disponibles avec flecainide en cours de grossesse sont limitées, sans signal de risque malformatif significatif retenu à ce jour.","https://www.lecrat.fr/9320/"
"1788","FLUCLOXACILLINE","UNKNOWN","UNKNOWN","UNKNOWN","UNKNOWN","UNKNOWN","UNKNOWN",
"1523","FLUCONAZOLE","SAFE","SAFE","SAFE","SAFE","CAUTION","Les données publiées chez les femmes enceintes exposées à fluconazole sont très nombreuses et aucun effet malformatif n'est retenu à ce jour, y compris pour les expositions au premier trimestre.","https://www.lecrat.fr/10230/"
"1789","FLUDROCORTISONE","UNKNOWN","UNKNOWN","UNKNOWN","UNKNOWN","UNKNOWN","UNKNOWN",
"1790","FLUOCINONIDE","UNKNOWN","UNKNOWN","UNKNOWN","UNKNOWN","UNKNOWN","UNKNOWN",
"1524","FLUOROMETHOLONE","SAFE","SAFE","SAFE","SAFE","CAUTION","Les données disponibles avec fluorometholone en cours de grossesse sont nombreuses, sans signal de risque malformatif significatif retenu à ce jour. Son utilisation est possible tout au long de la grossesse lorsqu'elle est cliniquement justifiée, avec une surveillance adaptée lors de l'accouchement.","https://www.lecrat.fr/5070/"
"1525","FLUOXETINE","SAFE","SAFE","SAFE","SAFE","CAUTION","Les données publiées chez les femmes enceintes exposées à fluoxetine sont très nombreuses et aucun effet malformatif n'est retenu à ce jour, y compris pour les expositions au premier trimestre. Chez environ 30% des nouveau-nés de mères traitées jusqu’à l’accouchement par un antidépresseur IRSS, des symptômes néonatals, le plus souvent transitoires, peu sévères et de courte durée, peuvent apparaître dans les premiers jours de vie.","https://www.lecrat.fr/4025/"
"1526","FLURBIPROFENE","UNSAFE","CAUTION","CAUTION","UNSAFE","CAUTION","Flurbiprofene est classé UNSAFE car il est formellement contre-indiqué en cours de grossesse en raison d'effets délétères documentés sur le développement embryo-fœtal. Aux stades avancés de la grossesse, le risque de toxicité rénale fœtale et de toxicité cardiovasculaire est également documenté.","https://www.lecrat.fr/15293/"
"1527","FLUTICASONE","SAFE","SAFE","SAFE","SAFE","CAUTION","Les données publiées chez les femmes enceintes exposées à fluticasone sont très nombreuses et aucun effet malformatif n'est retenu à ce jour. En effet, un asthme mal équilibré peut avoir un effet délétère sur la grossesse/le nouveau-né (prématurité, petit poids de naissance…).","https://www.lecrat.fr/8107/"
"1528","FLUVASTATINE","CAUTION","CAUTION","CAUTION","CAUTION","CAUTION","La classification CAUTION de fluvastatine reflète des données insuffisantes en cours de grossesse pour permettre une évaluation complète du risque, en particulier au-delà du premier trimestre. Les données au premier trimestre sont limitées et ne permettent pas d'exclure formellement tout risque malformatif. En cas d'utilisation en fin de grossesse, une surveillance néonatale est recommandée en raison d'effets possibles chez le nouveau-né.","https://www.lecrat.fr/8632/"
"1529","FLUVOXAMINE","SAFE","SAFE","SAFE","SAFE","CAUTION","Les données publiées chez les femmes enceintes exposées à fluvoxamine sont nombreuses et aucun effet malformatif n'est retenu à ce jour, y compris pour les expositions au premier trimestre. Ces signes traduisent soit une imprégnation du nouveau-né, soit un syndrome de sevrage.","https://www.lecrat.fr/12211/"
"1530","FORMOTEROL","SAFE","SAFE","SAFE","SAFE","CAUTION","Les données publiées chez les femmes enceintes exposées à formoterol sont nombreuses et aucun effet malformatif n'est retenu à ce jour. En effet, un asthme mal équilibré peut avoir un effet délétère sur la grossesse/le nouveau-né (prématurité, petit poids de naissance…).","https://www.lecrat.fr/8043/"
"1531","FOSFOMYCINE","SAFE","SAFE","SAFE","SAFE","CAUTION","Les données publiées chez les femmes enceintes exposées à fosfomycine sont très nombreuses et aucun effet malformatif n'est retenu à ce jour. En cas d'utilisation jusqu'à l'accouchement, une surveillance néonatale est recommandée en raison d'effets indésirables possibles chez le nouveau-né.","https://www.lecrat.fr/6678/"
"1532","FRAMYCETINE","SAFE","SAFE","SAFE","SAFE","CAUTION","Les données disponibles avec framycetine en cours de grossesse sont limitées (quelques cas seulement), sans signal de risque malformatif significatif retenu à ce jour. En cas d'utilisation jusqu'à l'accouchement, une surveillance néonatale est recommandée en raison d'effets indésirables possibles chez le nouveau-né.","https://www.lecrat.fr/13362/"
"1533","FROVATRIPTAN","SAFE","SAFE","SAFE","SAFE","CAUTION","Les données publiées chez les femmes enceintes exposées à frovatriptan sont limitées et aucun effet malformatif n'est retenu à ce jour.","https://www.lecrat.fr/11003/"
"1791","FSH","UNKNOWN","UNKNOWN","UNKNOWN","UNKNOWN","UNKNOWN","UNKNOWN",
"1792","FUMARATE DE FER","UNKNOWN","UNKNOWN","UNKNOWN","UNKNOWN","UNKNOWN","UNKNOWN",
"1534","FUROSEMIDE","SAFE","SAFE","SAFE","SAFE","CAUTION","Les données disponibles avec furosemide en cours de grossesse sont nombreuses, sans signal de risque malformatif significatif retenu à ce jour. Passe le placenta : les concentrations néonatales sont similaires voire supérieures à celles de la mère. Si le traitement est poursuivi jusqu’à l’accouchement, en informer les intervenants prenant en charge le nouveau-né, pour qu’ils puissent adapter la surveillance (ionogramme, diurèse).","https://www.lecrat.fr/11557/"
"1535","GABAPENTINE","SAFE","SAFE","SAFE","SAFE","CAUTION","Les données publiées chez les femmes enceintes exposées à gabapentine sont très nombreuses et aucun effet malformatif n'est retenu à ce jour, y compris pour les expositions au premier trimestre. Passe le placenta et s’accumule chez le fœtus. A terme, les concentrations plasmatiques néonatales sont proches du double de celles de la mère.","https://www.lecrat.fr/12557/"
"1793","GAIAZULENE","UNKNOWN","UNKNOWN","UNKNOWN","UNKNOWN","UNKNOWN","UNKNOWN",
"1794","GANCICLOVIR","UNKNOWN","UNKNOWN","UNKNOWN","UNKNOWN","UNKNOWN","UNKNOWN",
"1536","GENTAMICINE","SAFE","SAFE","SAFE","SAFE","CAUTION","Les données disponibles avec gentamicine en cours de grossesse sont limitées (quelques cas seulement), sans signal de risque malformatif significatif retenu à ce jour. En cas de traitement prolongé ou répété, tenir compte de l’exposition in utero à la gentamicine lors du dépistage néonatal des troubles de l’audition (cf.","https://www.lecrat.fr/7712/"
"1795","GINKGO BILOBA","UNKNOWN","UNKNOWN","UNKNOWN","UNKNOWN","UNKNOWN","UNKNOWN",
"1796","GLARGINE","UNKNOWN","UNKNOWN","UNKNOWN","UNKNOWN","UNKNOWN","UNKNOWN",
"1537","GLIBENCLAMIDE","CAUTION","CAUTION","CAUTION","CAUTION","CAUTION","La classification CAUTION de glibenclamide reflète des données insuffisantes en cours de grossesse pour permettre une évaluation complète du risque, en particulier au-delà du premier trimestre. Les données au premier trimestre sont limitées et ne permettent pas d'exclure formellement tout risque malformatif. En cas d'utilisation en fin de grossesse, une surveillance néonatale est recommandée en raison d'effets possibles chez le nouveau-né.","https://www.lecrat.fr/9002/"
"1797","GLICLAZIDE","UNKNOWN","UNKNOWN","UNKNOWN","UNKNOWN","UNKNOWN","UNKNOWN",
"1798","GLIMEPIRIDE","UNKNOWN","UNKNOWN","UNKNOWN","UNKNOWN","UNKNOWN","UNKNOWN",
"1799","GLIPIZIDE","UNKNOWN","UNKNOWN","UNKNOWN","UNKNOWN","UNKNOWN","UNKNOWN",
"1800","GLIQUIDONE","UNKNOWN","UNKNOWN","UNKNOWN","UNKNOWN","UNKNOWN","UNKNOWN",
"1801","GLUCAGON","UNKNOWN","UNKNOWN","UNKNOWN","UNKNOWN","UNKNOWN","UNKNOWN",
"1802","GLUCONOLACTATE","UNKNOWN","UNKNOWN","UNKNOWN","UNKNOWN","UNKNOWN","UNKNOWN",
"1803","GLULISINE","UNKNOWN","UNKNOWN","UNKNOWN","UNKNOWN","UNKNOWN","UNKNOWN",
"1804","GLYCOPYRRONIUM BROMIDE","UNKNOWN","UNKNOWN","UNKNOWN","UNKNOWN","UNKNOWN","UNKNOWN",
"1805","GONADOTROPHINE CHORIONIQUE","UNKNOWN","UNKNOWN","UNKNOWN","UNKNOWN","UNKNOWN","UNKNOWN",
"1806","GRISEOFULVINE","UNKNOWN","UNKNOWN","UNKNOWN","UNKNOWN","UNKNOWN","UNKNOWN",
"1538","HALOPERIDOL","SAFE","SAFE","SAFE","SAFE","CAUTION","Les données publiées chez les femmes enceintes exposées à haloperidol sont nombreuses et aucun effet malformatif n'est retenu à ce jour, y compris pour les expositions au premier trimestre.","https://www.lecrat.fr/12044/"
"1539","HEPTAMINOL","CAUTION","CAUTION","CAUTION","CAUTION","CAUTION","La classification CAUTION de heptaminol reflète des données insuffisantes en cours de grossesse pour permettre une évaluation complète du risque, en particulier au-delà du premier trimestre. Les données au premier trimestre sont limitées et ne permettent pas d'exclure formellement tout risque malformatif.","https://www.lecrat.fr/8537/"
"1807","HEXAMIDINE","UNKNOWN","UNKNOWN","UNKNOWN","UNKNOWN","UNKNOWN","UNKNOWN",
"1540","HYDROCHLOROTHIAZIDE","CAUTION","CAUTION","CAUTION","CAUTION","CAUTION","Le hydrochlorothiazide est classé CAUTION en raison d'un profil de risque nécessitant des précautions spécifiques selon le terme de la grossesse. En cas d'utilisation en fin de grossesse, une surveillance néonatale est recommandée en raison d'effets possibles chez le nouveau-né.","https://www.lecrat.fr/7226/"
"1808","HYDROCHLOROTHIZIDE","UNKNOWN","UNKNOWN","UNKNOWN","UNKNOWN","UNKNOWN","UNKNOWN",
"1809","HYDROCHLORTHIAZIDE","UNKNOWN","UNKNOWN","UNKNOWN","UNKNOWN","UNKNOWN","UNKNOWN",
"1541","HYDROCORTISONE","SAFE","SAFE","SAFE","SAFE","CAUTION","Les données disponibles avec hydrocortisone en cours de grossesse sont nombreuses, sans signal de risque malformatif significatif retenu à ce jour. Un impact sur la surrénale fœtale et néonatale est possible en théorie avec tous les corticoïdes administrés à la mère par voie générale en fin de grossesse.","https://www.lecrat.fr/5077/"
"1810","HYDROQUINONE","UNKNOWN","UNKNOWN","UNKNOWN","UNKNOWN","UNKNOWN","UNKNOWN",
"1811","HYDROXOCOBALAMINE","UNKNOWN","UNKNOWN","UNKNOWN","UNKNOWN","UNKNOWN","UNKNOWN",
"1542","HYDROXYCHLOROQUINE","SAFE","SAFE","SAFE","SAFE","CAUTION","Les données publiées chez les femmes enceintes exposées à hydroxychloroquine sont très nombreuses et aucun effet malformatif n'est retenu à ce jour, y compris pour les expositions au premier trimestre. Les données de la littérature sur cet aspect restent toutefois contradictoires et ce résultat doit être confirmé par d’autres travaux L’hydroxychloroquine","https://www.lecrat.fr/3386/"
"1812","HYDROXYDE D'AL ET DE MG","UNKNOWN","UNKNOWN","UNKNOWN","UNKNOWN","UNKNOWN","UNKNOWN",
"1543","HYDROXYZINE","CAUTION","CAUTION","CAUTION","CAUTION","CAUTION","Le hydroxyzine est classé CAUTION en raison d'un profil de risque nécessitant des précautions spécifiques selon le terme de la grossesse. En cas d'utilisation en fin de grossesse, une surveillance néonatale est recommandée en raison d'effets possibles chez le nouveau-né.","https://www.lecrat.fr/3899/"
"1813","HYPOCHLORITE DE SODIUM","UNKNOWN","UNKNOWN","UNKNOWN","UNKNOWN","UNKNOWN","UNKNOWN",
"1814","HYPROMELLOSE","UNKNOWN","UNKNOWN","UNKNOWN","UNKNOWN","UNKNOWN","UNKNOWN",
"1544","IBUPROFEN","UNSAFE","CAUTION","CAUTION","UNSAFE","CAUTION","Ibuprofen est classé UNSAFE car il est formellement contre-indiqué en cours de grossesse en raison d'effets délétères documentés sur le développement embryo-fœtal. Aux stades avancés de la grossesse, le risque de toxicité rénale fœtale et de toxicité cardiovasculaire est également documenté.","https://www.lecrat.fr/15292/"
"1545","INDACATEROL","SAFE","SAFE","SAFE","SAFE","CAUTION","Les données disponibles avec indacaterol en cours de grossesse sont limitées, sans signal de risque malformatif significatif retenu à ce jour.","https://www.lecrat.fr/8024/"
"1546","INDAPAMIDE","CAUTION","CAUTION","CAUTION","CAUTION","CAUTION","La classification CAUTION de indapamide reflète des données insuffisantes en cours de grossesse pour permettre une évaluation complète du risque, en particulier au-delà du premier trimestre. Les données au premier trimestre sont limitées et ne permettent pas d'exclure formellement tout risque malformatif.","https://www.lecrat.fr/11551/"
"1547","INDOMETACINE","UNSAFE","CAUTION","CAUTION","UNSAFE","CAUTION","Indometacine est classé UNSAFE car il est formellement contre-indiqué en cours de grossesse en raison d'effets délétères documentés sur le développement embryo-fœtal. Aux stades avancés de la grossesse, le risque de toxicité rénale fœtale et de toxicité cardiovasculaire est également documenté.","https://www.lecrat.fr/13468/"
"1815","INSULINE ASPARTATE","UNKNOWN","UNKNOWN","UNKNOWN","UNKNOWN","UNKNOWN","UNKNOWN",
"1816","INSULINE ASPARTE","UNKNOWN","UNKNOWN","UNKNOWN","UNKNOWN","UNKNOWN","UNKNOWN",
"1817","INSULINE DEGLUDEC","UNKNOWN","UNKNOWN","UNKNOWN","UNKNOWN","UNKNOWN","UNKNOWN",
"1818","INSULINE HUMAINE","UNKNOWN","UNKNOWN","UNKNOWN","UNKNOWN","UNKNOWN","UNKNOWN",
"1548","IOBITRIDOL","SAFE","SAFE","SAFE","SAFE","CAUTION","Les données disponibles avec iobitridol en cours de grossesse sont nombreuses, sans signal de risque malformatif significatif retenu à ce jour.","https://www.lecrat.fr/9780/"
"1549","IOPAMIDOL","SAFE","SAFE","SAFE","SAFE","CAUTION","Les données disponibles avec iopamidol en cours de grossesse sont nombreuses, sans signal de risque malformatif significatif retenu à ce jour.","https://www.lecrat.fr/9780/"
"1819","IPRATROPIUM BROMURE","UNKNOWN","UNKNOWN","UNKNOWN","UNKNOWN","UNKNOWN","UNKNOWN",
"1550","IRBESARTAN","UNSAFE","SAFE","UNSAFE","UNSAFE","CAUTION","Irbesartan est classé UNSAFE car il est formellement contre-indiqué en cours de grossesse en raison d'effets délétères documentés sur le développement embryo-fœtal. Aux stades avancés de la grossesse, le risque de toxicité rénale fœtale est également documenté.","https://www.lecrat.fr/7378/"
"1820","IRGASAN","UNKNOWN","UNKNOWN","UNKNOWN","UNKNOWN","UNKNOWN","UNKNOWN",
"1551","ISOCONAZOLE","SAFE","SAFE","SAFE","SAFE","CAUTION","Les données disponibles avec isoconazole en cours de grossesse sont limitées, sans signal de risque malformatif significatif retenu à ce jour. Son utilisation est possible tout au long de la grossesse lorsqu'elle est cliniquement justifiée, avec une surveillance adaptée lors de l'accouchement.","https://www.lecrat.fr/10276/"
"1552","ISONIAZIDE","SAFE","SAFE","SAFE","SAFE","CAUTION","Les données disponibles avec isoniazide en cours de grossesse sont très nombreuses, sans signal de risque malformatif significatif retenu à ce jour.","https://www.lecrat.fr/8414/"
"1821","ISOSORBIDE DINITRATE","UNKNOWN","UNKNOWN","UNKNOWN","UNKNOWN","UNKNOWN","UNKNOWN",
"1553","ISOTRETINOINE","UNSAFE","UNSAFE","UNSAFE","UNSAFE","UNSAFE","Isotretinoine est classé UNSAFE car il est formellement contre-indiqué en cours de grossesse en raison d'effets délétères documentés sur le développement embryo-fœtal. L’isotrétinoïne par voie orale entraîne un syndrome malformatif dans environ 20% des cas.","https://www.lecrat.fr/6376/"
"1554","ISRADIPINE","SAFE","SAFE","SAFE","SAFE","CAUTION","Les données disponibles avec isradipine en cours de grossesse sont limitées, sans signal de risque malformatif significatif retenu à ce jour.","https://www.lecrat.fr/9379/"
"1822","IVABRADINE","UNKNOWN","UNKNOWN","UNKNOWN","UNKNOWN","UNKNOWN","UNKNOWN",
"1555","KETOCONAZOLE","SAFE","SAFE","SAFE","SAFE","CAUTION","Les données publiées chez les femmes enceintes exposées à ketoconazole sont nombreuses et aucun effet malformatif n'est retenu à ce jour. Son utilisation est possible tout au long de la grossesse lorsqu'elle est cliniquement justifiée, avec une surveillance adaptée lors de l'accouchement.","https://www.lecrat.fr/7564/"
"1556","KETOPROFENE","UNSAFE","CAUTION","CAUTION","UNSAFE","CAUTION","Ketoprofene est classé UNSAFE car il est formellement contre-indiqué en cours de grossesse en raison d'effets délétères documentés sur le développement embryo-fœtal. Aux stades avancés de la grossesse, le risque de toxicité rénale fœtale et de toxicité cardiovasculaire est également documenté.","https://www.lecrat.fr/15338/"
"1557","KETOTIFENE","SAFE","SAFE","SAFE","SAFE","CAUTION","Les données disponibles avec ketotifene en cours de grossesse sont limitées, sans signal de risque malformatif significatif retenu à ce jour. Son utilisation est possible tout au long de la grossesse lorsqu'elle est cliniquement justifiée, avec une surveillance adaptée lors de l'accouchement.","https://www.lecrat.fr/6804/"
"1823","LACTOBACILLUS ACIDOPHILUS","UNKNOWN","UNKNOWN","UNKNOWN","UNKNOWN","UNKNOWN","UNKNOWN",
"1558","LAMOTRIGINE","SAFE","SAFE","SAFE","SAFE","CAUTION","Les données publiées chez les femmes enceintes exposées à lamotrigine sont très nombreuses et aucun effet malformatif n'est retenu à ce jour, y compris pour les expositions au premier trimestre. A terme, les concentrations plasmatiques maternelles et néonatales sont équivalentes.","https://www.lecrat.fr/7035/"
"1559","LANSOPRAZOLE","SAFE","SAFE","SAFE","SAFE","CAUTION","Les données publiées chez les femmes enceintes exposées à lansoprazole sont très nombreuses et aucun effet malformatif n'est retenu à ce jour. En cas d'utilisation jusqu'à l'accouchement, une surveillance néonatale est recommandée en raison d'effets indésirables possibles chez le nouveau-né.","https://www.lecrat.fr/12850/"
"1560","LATANOPROST","SAFE","SAFE","SAFE","SAFE","CAUTION","Les données disponibles avec latanoprost en cours de grossesse sont limitées, sans signal de risque malformatif significatif retenu à ce jour. Son utilisation est possible tout au long de la grossesse lorsqu'elle est cliniquement justifiée, avec une surveillance adaptée lors de l'accouchement.","https://www.lecrat.fr/9944/"
"1561","LEFLUNOMIDE","UNSAFE","UNSAFE","UNSAFE","UNSAFE","UNSAFE","Leflunomide est classé UNSAFE en raison d'un effet tératogène documenté constituant une contre-indication à son utilisation pendant la grossesse. Les données publiées chez les femmes enceintes exposées au léflunomide ou au tériflunomide au 1er trimestre de la grossesse sont nombreuses et aucun effet malformatif attribuable au traitement n’est Aspect infectieux Du fait de l’immunosuppression induite par le traitement, un risque accru d’infections materno-foetales est théoriquement possible chez les femmes enceintes traitées par léflunomide/tériflunomide (listériose, CMV, toxoplasmose…).","https://www.lecrat.fr/10803/"
"1562","LERCANIDIPINE","CAUTION","CAUTION","CAUTION","CAUTION","CAUTION","La classification CAUTION de lercanidipine reflète des données insuffisantes en cours de grossesse pour permettre une évaluation complète du risque, en particulier au-delà du premier trimestre. Les données au premier trimestre sont limitées et ne permettent pas d'exclure formellement tout risque malformatif.","https://www.lecrat.fr/7234/"
"1563","LEVETIRACETAM","SAFE","SAFE","SAFE","SAFE","CAUTION","Les données publiées chez les femmes enceintes exposées à levetiracetam sont très nombreuses et aucun effet malformatif n'est retenu à ce jour, y compris pour les expositions au premier trimestre. A terme, les concentrations maternelles et néonatales sont équivalentes.","https://www.lecrat.fr/7045/"
"1564","LEVOCABASTINE","SAFE","SAFE","SAFE","SAFE","CAUTION","Les données disponibles avec levocabastine en cours de grossesse sont limitées, sans signal de risque malformatif significatif retenu à ce jour. Son utilisation est possible tout au long de la grossesse lorsqu'elle est cliniquement justifiée, avec une surveillance adaptée lors de l'accouchement.","https://www.lecrat.fr/6924/"
"1565","LEVOCETIRIZINE","SAFE","SAFE","SAFE","SAFE","CAUTION","Les données publiées chez les femmes enceintes exposées à levocetirizine sont très nombreuses et aucun effet malformatif n'est retenu à ce jour. En cas d'utilisation jusqu'à l'accouchement, une surveillance néonatale est recommandée en raison d'effets indésirables possibles chez le nouveau-né.","https://www.lecrat.fr/3101/"
"1824","LEVODOPA","UNKNOWN","UNKNOWN","UNKNOWN","UNKNOWN","UNKNOWN","UNKNOWN",
"1566","LEVOFLOXACINE","SAFE","SAFE","SAFE","SAFE","CAUTION","Les données publiées chez les femmes enceintes exposées à levofloxacine sont nombreuses et aucun effet malformatif n'est retenu à ce jour, y compris pour les expositions au premier trimestre. En cas d'utilisation jusqu'à l'accouchement, une surveillance néonatale est recommandée en raison d'effets indésirables possibles chez le nouveau-né.","https://www.lecrat.fr/13191/"
"1567","LEVOMEPROMAZINE","CAUTION","CAUTION","CAUTION","CAUTION","CAUTION","La classification CAUTION de levomepromazine reflète des données insuffisantes en cours de grossesse pour permettre une évaluation complète du risque, en particulier au-delà du premier trimestre. Les données au premier trimestre sont limitées et ne permettent pas d'exclure formellement tout risque malformatif. En cas d'utilisation en fin de grossesse, une surveillance néonatale est recommandée en raison d'effets possibles chez le nouveau-né.","https://www.lecrat.fr/12107/"
"1568","LEVONORGESTREL","SAFE","SAFE","SAFE","SAFE","CAUTION","Les données publiées chez les femmes enceintes exposées à levonorgestrel sont très nombreuses et aucun effet malformatif n'est retenu à ce jour. Son utilisation est possible tout au long de la grossesse lorsqu'elle est cliniquement justifiée, avec une surveillance adaptée lors de l'accouchement.","https://www.lecrat.fr/19659/"
"1825","LEVOTHYROXINE","UNKNOWN","UNKNOWN","UNKNOWN","UNKNOWN","UNKNOWN","UNKNOWN",
"1826","LH","UNKNOWN","UNKNOWN","UNKNOWN","UNKNOWN","UNKNOWN","UNKNOWN",
"1569","LIDOCAINE","SAFE","SAFE","SAFE","SAFE","CAUTION","Les données publiées chez les femmes enceintes exposées à lidocaine sont nombreuses et aucun effet malformatif n'est retenu à ce jour. Son utilisation est possible tout au long de la grossesse lorsqu'elle est cliniquement justifiée, avec une surveillance adaptée lors de l'accouchement.","https://www.lecrat.fr/8323/"
"1827","LINCOMYCINE","UNKNOWN","UNKNOWN","UNKNOWN","UNKNOWN","UNKNOWN","UNKNOWN",
"1828","LINDANE","UNKNOWN","UNKNOWN","UNKNOWN","UNKNOWN","UNKNOWN","UNKNOWN",
"1829","LIPINUS ALBUS","UNKNOWN","UNKNOWN","UNKNOWN","UNKNOWN","UNKNOWN","UNKNOWN",
"1696","LITHIUM CARBONATE","CAUTION","CAUTION","CAUTION","CAUTION","CAUTION","Le lithium peut être utilisé pendant la grossesse uniquement si aucune alternative plus sûre n'est disponible, avec surveillance prénatale rapprochée.","https://www.lecrat.fr/11974/"
"1570","LOPERAMIDE","SAFE","SAFE","SAFE","SAFE","CAUTION","Les données publiées chez les femmes enceintes exposées à loperamide sont nombreuses et aucun effet malformatif n'est retenu à ce jour, y compris pour les expositions au premier trimestre. Aspect néonatal En théorie, l’administration d’un médicament jusqu’à l’accouchement peut entraîner des effets néonatals dont la nature se superpose souvent aux effets recherchés et/ou indésirables chez l’adulte.","https://www.lecrat.fr/6597/"
"1571","LORATADINE","SAFE","SAFE","SAFE","SAFE","CAUTION","Les données publiées chez les femmes enceintes exposées à loratadine sont très nombreuses et aucun effet malformatif n'est retenu à ce jour. En cas d'utilisation jusqu'à l'accouchement, une surveillance néonatale est recommandée en raison d'effets indésirables possibles chez le nouveau-né.","https://www.lecrat.fr/3673/"
"1572","LORAZEPAM","SAFE","SAFE","SAFE","SAFE","CAUTION","Les données publiées chez les femmes enceintes exposées à lorazepam sont très nombreuses et aucun effet malformatif n'est retenu à ce jour, y compris pour les expositions au premier trimestre. Il est caractérisé notamment par une hyperexcitabilité, une agitation et des trémulations néonatales survenant à distance de l’accouchement.","https://www.lecrat.fr/6061/"
"1573","LOSARTAN","UNSAFE","SAFE","UNSAFE","UNSAFE","CAUTION","Losartan est classé UNSAFE car il est formellement contre-indiqué en cours de grossesse en raison d'effets délétères documentés sur le développement embryo-fœtal. Aux stades avancés de la grossesse, le risque de toxicité rénale fœtale est également documenté.","https://www.lecrat.fr/7384/"
"1830","LUTROPINE ALFA","UNKNOWN","UNKNOWN","UNKNOWN","UNKNOWN","UNKNOWN","UNKNOWN",
"1831","MAGNESIUM CARBONATE","UNKNOWN","UNKNOWN","UNKNOWN","UNKNOWN","UNKNOWN","UNKNOWN",
"1832","MAGNESIUM HYDROXYDE","UNKNOWN","UNKNOWN","UNKNOWN","UNKNOWN","UNKNOWN","UNKNOWN",
"1833","MAGNESIUM TRISILICATE","UNKNOWN","UNKNOWN","UNKNOWN","UNKNOWN","UNKNOWN","UNKNOWN",
"1574","MANIDIPINE","CAUTION","CAUTION","CAUTION","CAUTION","CAUTION","La classification CAUTION de manidipine reflète des données insuffisantes en cours de grossesse pour permettre une évaluation complète du risque, en particulier au-delà du premier trimestre. Les données au premier trimestre sont limitées et ne permettent pas d'exclure formellement tout risque malformatif.","https://www.lecrat.fr/9381/"
"1575","MEBENDAZOLE","SAFE","SAFE","SAFE","SAFE","CAUTION","Les données publiées chez les femmes enceintes exposées à mebendazole sont très nombreuses et aucun effet malformatif n'est retenu à ce jour. En cas d'utilisation jusqu'à l'accouchement, une surveillance néonatale est recommandée en raison d'effets indésirables possibles chez le nouveau-né.","https://www.lecrat.fr/7657/"
"1834","MEBEVERINE","UNKNOWN","UNKNOWN","UNKNOWN","UNKNOWN","UNKNOWN","UNKNOWN",
"1576","MEDROGESTONE","SAFE","SAFE","SAFE","SAFE","CAUTION","Les données publiées chez les femmes enceintes exposées à medrogestone sont très nombreuses et aucun effet malformatif n'est retenu à ce jour.","https://www.lecrat.fr/11315/"
"1835","MELANGE ACARIENS DERMATOPHAGOIDES(PTERONYSSINUS+FARINAE)","UNKNOWN","UNKNOWN","UNKNOWN","UNKNOWN","UNKNOWN","UNKNOWN",
"1577","MELOXICAM","UNSAFE","CAUTION","CAUTION","UNSAFE","CAUTION","Meloxicam est classé UNSAFE car il est formellement contre-indiqué en cours de grossesse en raison d'effets délétères documentés sur le développement embryo-fœtal. Aux stades avancés de la grossesse, le risque de toxicité rénale fœtale et de toxicité cardiovasculaire est également documenté.","https://www.lecrat.fr/15368/"
"1836","MENTHA PIPERITA","UNKNOWN","UNKNOWN","UNKNOWN","UNKNOWN","UNKNOWN","UNKNOWN",
"1837","MEPHENESINE","UNKNOWN","UNKNOWN","UNKNOWN","UNKNOWN","UNKNOWN","UNKNOWN",
"1838","MEPROBAMATE","UNKNOWN","UNKNOWN","UNKNOWN","UNKNOWN","UNKNOWN","UNKNOWN",
"1578","MEQUITAZINE","CAUTION","CAUTION","CAUTION","CAUTION","CAUTION","La classification CAUTION de mequitazine reflète des données insuffisantes en cours de grossesse pour permettre une évaluation complète du risque, en particulier au-delà du premier trimestre. Les données au premier trimestre sont limitées et ne permettent pas d'exclure formellement tout risque malformatif.","https://www.lecrat.fr/6812/"
"1839","MERCUROBUTOL","UNKNOWN","UNKNOWN","UNKNOWN","UNKNOWN","UNKNOWN","UNKNOWN",
"1579","MESALAZINE","SAFE","SAFE","SAFE","SAFE","CAUTION","Les données publiées chez les femmes enceintes exposées à mesalazine sont très nombreuses et aucun effet malformatif n'est retenu à ce jour, y compris pour les expositions au premier trimestre.","https://www.lecrat.fr/10857/"
"1580","METFORMINE","SAFE","SAFE","SAFE","SAFE","CAUTION","Les données publiées chez les femmes enceintes exposées à metformine sont très nombreuses et aucun effet malformatif n'est retenu à ce jour, y compris pour les expositions au premier trimestre.","https://www.lecrat.fr/8992/"
"1581","METHOTREXATE","UNSAFE","UNSAFE","UNSAFE","UNSAFE","UNSAFE","Methotrexate est classé UNSAFE car il est formellement contre-indiqué en cours de grossesse en raison d'effets délétères documentés sur le développement embryo-fœtal. Des tableaux malformatifs ont été observés dès 12,5 mg en dose totale.","https://www.lecrat.fr/3331/"
"1840","METHYCLOTHIAZIDE","UNKNOWN","UNKNOWN","UNKNOWN","UNKNOWN","UNKNOWN","UNKNOWN",
"1582","METHYLDOPA","SAFE","SAFE","SAFE","SAFE","CAUTION","Les données publiées chez les femmes enceintes exposées à methyldopa sont très nombreuses et aucun effet malformatif n'est retenu à ce jour, y compris pour les expositions au premier trimestre. Chez les nouveau-nés la demi-vie d’élimination plasmatique de la méthyldopa est plus longue que celle de l’adulte (2 à 3 heures).","https://www.lecrat.fr/7193/"
"1841","METHYLERGOMETRINE","UNKNOWN","UNKNOWN","UNKNOWN","UNKNOWN","UNKNOWN","UNKNOWN",
"1583","METHYLPREDNISOLONE","SAFE","SAFE","SAFE","SAFE","CAUTION","Les données disponibles avec methylprednisolone en cours de grossesse sont nombreuses, sans signal de risque malformatif significatif retenu à ce jour.","https://www.lecrat.fr/3521/"
"1842","METHYLTHIONINIUM","UNKNOWN","UNKNOWN","UNKNOWN","UNKNOWN","UNKNOWN","UNKNOWN",
"1584","METOCLOPRAMIDE","SAFE","SAFE","SAFE","SAFE","CAUTION","Les données publiées chez les femmes enceintes exposées à metoclopramide sont très nombreuses et aucun effet malformatif n'est retenu à ce jour. En cas d'utilisation jusqu'à l'accouchement, une surveillance néonatale est recommandée en raison d'effets indésirables possibles chez le nouveau-né.","https://www.lecrat.fr/3419/"
"1585","METOPROLOL","SAFE","SAFE","SAFE","SAFE","CAUTION","Les données publiées chez les femmes enceintes exposées à metoprolol sont très nombreuses et aucun effet malformatif n'est retenu à ce jour, y compris pour les expositions au premier trimestre.","https://www.lecrat.fr/4326/"
"1586","METRONIDAZOLE","SAFE","SAFE","SAFE","SAFE","CAUTION","Les données publiées chez les femmes enceintes exposées à metronidazole sont très nombreuses et aucun effet malformatif n'est retenu à ce jour. En cas d'utilisation jusqu'à l'accouchement, une surveillance néonatale est recommandée en raison d'effets indésirables possibles chez le nouveau-né.","https://www.lecrat.fr/10412/"
"1587","MICONAZOLE","SAFE","SAFE","SAFE","SAFE","CAUTION","Les données publiées chez les femmes enceintes exposées à miconazole sont très nombreuses et aucun effet malformatif n'est retenu à ce jour. En cas d'utilisation jusqu'à l'accouchement, une surveillance néonatale est recommandée en raison d'effets indésirables possibles chez le nouveau-né.","https://www.lecrat.fr/7524/"
"1588","MIRTAZAPINE","SAFE","SAFE","SAFE","SAFE","CAUTION","Les données disponibles avec mirtazapine en cours de grossesse sont très nombreuses, sans signal de risque malformatif significatif retenu à ce jour.","https://www.lecrat.fr/4116/"
"1589","MISOPROSTOL","CAUTION","CAUTION","CAUTION","CAUTION","CAUTION","Le misoprostol est classé CAUTION en raison d'un profil de risque nécessitant des précautions spécifiques selon le terme de la grossesse.","https://www.lecrat.fr/3357/"
"1590","MIZOLASTINE","CAUTION","CAUTION","CAUTION","CAUTION","CAUTION","La classification CAUTION de mizolastine reflète des données insuffisantes en cours de grossesse pour permettre une évaluation complète du risque, en particulier au-delà du premier trimestre. Les données au premier trimestre sont limitées et ne permettent pas d'exclure formellement tout risque malformatif.","https://www.lecrat.fr/6826/"
"1843","MOLSIDOMINE","UNKNOWN","UNKNOWN","UNKNOWN","UNKNOWN","UNKNOWN","UNKNOWN",
"1591","MOMETASONE","SAFE","SAFE","SAFE","SAFE","CAUTION","Les données publiées chez les femmes enceintes exposées à mometasone sont très nombreuses et aucun effet malformatif n'est retenu à ce jour. En effet, un asthme mal équilibré peut avoir un effet délétère sur la grossesse/le nouveau-né (prématurité, petit poids de naissance…).","https://www.lecrat.fr/8128/"
"1592","MONTELUKAST","SAFE","SAFE","SAFE","SAFE","CAUTION","Les données publiées chez les femmes enceintes exposées à montelukast sont très nombreuses et aucun effet malformatif n'est retenu à ce jour, y compris pour les expositions au premier trimestre. En effet, un asthme mal équilibré peut avoir un effet délétère sur la grossesse/le nouveau-né (prématurité, petit poids de naissance…).","https://www.lecrat.fr/4943/"
"1844","MONTMORILLONITE BEIDELLITIQUE","UNKNOWN","UNKNOWN","UNKNOWN","UNKNOWN","UNKNOWN","UNKNOWN",
"1593","MORPHINE","SAFE","SAFE","SAFE","SAFE","CAUTION","Les données publiées chez les femmes enceintes exposées à morphine sont très nombreuses et aucun effet malformatif n'est retenu à ce jour, y compris pour les expositions au premier trimestre. Il survient à distance de la naissance (de quelques heures à quelques jours) et se manifeste notamment par une irritabilité, des trémulations, un cri aigu et une hypertonie.","https://www.lecrat.fr/4552/"
"1594","MOXONIDINE","CAUTION","CAUTION","CAUTION","CAUTION","CAUTION","La classification CAUTION de moxonidine reflète des données insuffisantes en cours de grossesse pour permettre une évaluation complète du risque, en particulier au-delà du premier trimestre. Les données au premier trimestre sont limitées et ne permettent pas d'exclure formellement tout risque malformatif.","https://www.lecrat.fr/9383/"
"1595","MUPIROCINE","SAFE","SAFE","SAFE","SAFE","CAUTION","Les données disponibles avec mupirocine en cours de grossesse sont limitées, sans signal de risque malformatif significatif retenu à ce jour. Son utilisation est possible tout au long de la grossesse lorsqu'elle est cliniquement justifiée, avec une surveillance adaptée lors de l'accouchement.","https://www.lecrat.fr/13403/"
"1730","N-BROMURE D'IPRATROPIUM","UNKNOWN","UNKNOWN","UNKNOWN","UNKNOWN","UNKNOWN","UNKNOWN",
"1731","N-BUTYLHYOSCINE BROMURE","UNKNOWN","UNKNOWN","UNKNOWN","UNKNOWN","UNKNOWN","UNKNOWN",
"1845","NADROPARINE CALCIQUE","UNKNOWN","UNKNOWN","UNKNOWN","UNKNOWN","UNKNOWN","UNKNOWN",
"1846","NAFTIDROFURYL","UNKNOWN","UNKNOWN","UNKNOWN","UNKNOWN","UNKNOWN","UNKNOWN",
"1847","NAPHAZOLINE NITRATE","UNKNOWN","UNKNOWN","UNKNOWN","UNKNOWN","UNKNOWN","UNKNOWN",
"1596","NAPROXENE","UNSAFE","CAUTION","CAUTION","UNSAFE","CAUTION","Naproxene est classé UNSAFE car il est formellement contre-indiqué en cours de grossesse en raison d'effets délétères documentés sur le développement embryo-fœtal. Aux stades avancés de la grossesse, le risque de toxicité rénale fœtale et de toxicité cardiovasculaire est également documenté.","https://www.lecrat.fr/15359/"
"1597","NEBIVOLOL","SAFE","SAFE","SAFE","SAFE","CAUTION","Les données disponibles avec nebivolol en cours de grossesse sont limitées, sans signal de risque malformatif significatif retenu à ce jour.","https://www.lecrat.fr/7442/"
"1598","NEFOPAM","SAFE","SAFE","SAFE","SAFE","CAUTION","Les données disponibles avec nefopam en cours de grossesse sont limitées, sans signal de risque malformatif significatif retenu à ce jour. Son utilisation est possible tout au long de la grossesse lorsqu'elle est cliniquement justifiée, avec une surveillance adaptée lors de l'accouchement.","https://www.lecrat.fr/7885/"
"1599","NEOMYCINE","SAFE","SAFE","SAFE","SAFE","CAUTION","Les données disponibles avec neomycine en cours de grossesse sont limitées (quelques cas seulement), sans signal de risque malformatif significatif retenu à ce jour. En cas d'utilisation jusqu'à l'accouchement, une surveillance néonatale est recommandée en raison d'effets indésirables possibles chez le nouveau-né.","https://www.lecrat.fr/5053/"
"1848","NETILMICINE SULFATE","UNKNOWN","UNKNOWN","UNKNOWN","UNKNOWN","UNKNOWN","UNKNOWN",
"1600","NICARDIPINE","SAFE","SAFE","SAFE","SAFE","CAUTION","Les données disponibles avec nicardipine en cours de grossesse sont très nombreuses, sans signal de risque malformatif significatif retenu à ce jour. Par voie IV, dans la menace d’accouchement prématurée, quelques cas d’œdèmes aigus du poumon maternels ont été rapportés.","https://www.lecrat.fr/7162/"
"1601","NIFEDIPINE","SAFE","SAFE","SAFE","SAFE","CAUTION","Les données disponibles avec nifedipine en cours de grossesse sont très nombreuses, sans signal de risque malformatif significatif retenu à ce jour. Pictogrammes sur les boîtes de médicaments : le CRAT n’est pas d’accord .","https://www.lecrat.fr/7173/"
"1849","NIFUROXAZIDE","UNKNOWN","UNKNOWN","UNKNOWN","UNKNOWN","UNKNOWN","UNKNOWN",
"1602","NITRENDIPINE","SAFE","SAFE","SAFE","SAFE","CAUTION","Les données disponibles avec nitrendipine en cours de grossesse sont limitées, sans signal de risque malformatif significatif retenu à ce jour.","https://www.lecrat.fr/9377/"
"1603","NITROFURANTOINE","SAFE","SAFE","SAFE","SAFE","CAUTION","Les données publiées chez les femmes enceintes exposées à nitrofurantoine sont très nombreuses et aucun effet malformatif n'est retenu à ce jour. En cas d'utilisation jusqu'à l'accouchement, une surveillance néonatale est recommandée en raison d'effets indésirables possibles chez le nouveau-né.","https://www.lecrat.fr/6683/"
"1604","NOMEGESTROL","SAFE","SAFE","SAFE","SAFE","CAUTION","Les données publiées chez les femmes enceintes exposées à nomegestrol sont très nombreuses et aucun effet malformatif n'est retenu à ce jour. Son utilisation est possible tout au long de la grossesse lorsqu'elle est cliniquement justifiée, avec une surveillance adaptée lors de l'accouchement.","https://www.lecrat.fr/11370/"
"1850","NORETHISTERONE","UNKNOWN","UNKNOWN","UNKNOWN","UNKNOWN","UNKNOWN","UNKNOWN",
"1605","NORFLOXACINE","SAFE","SAFE","SAFE","SAFE","CAUTION","Les données publiées chez les femmes enceintes exposées à norfloxacine sont nombreuses et aucun effet malformatif n'est retenu à ce jour, y compris pour les expositions au premier trimestre. En cas d'utilisation jusqu'à l'accouchement, une surveillance néonatale est recommandée en raison d'effets indésirables possibles chez le nouveau-né.","https://www.lecrat.fr/12885/"
"1606","NYSTATINE","SAFE","SAFE","SAFE","SAFE","CAUTION","Les données publiées chez les femmes enceintes exposées à nystatine sont très nombreuses et aucun effet malformatif n'est retenu à ce jour. En cas d'utilisation jusqu'à l'accouchement, une surveillance néonatale est recommandée en raison d'effets indésirables possibles chez le nouveau-né.","https://www.lecrat.fr/10278/"
"1607","OFLOXACINE","SAFE","SAFE","SAFE","SAFE","CAUTION","Les données publiées chez les femmes enceintes exposées à ofloxacine sont nombreuses et aucun effet malformatif n'est retenu à ce jour, y compris pour les expositions au premier trimestre. En cas d'utilisation jusqu'à l'accouchement, une surveillance néonatale est recommandée en raison d'effets indésirables possibles chez le nouveau-né.","https://www.lecrat.fr/6625/"
"1608","OLANZAPINE","SAFE","SAFE","SAFE","SAFE","CAUTION","Les données publiées chez les femmes enceintes exposées à olanzapine sont très nombreuses et aucun effet malformatif n'est retenu à ce jour, y compris pour les expositions au premier trimestre. A terme, les concentrations plasmatiques néonatales sont proches de celles de la mère (70% en moyenne).","https://www.lecrat.fr/12025/"
"1851","OLIVIER","UNKNOWN","UNKNOWN","UNKNOWN","UNKNOWN","UNKNOWN","UNKNOWN",
"1609","OLMESARTAN","UNSAFE","SAFE","UNSAFE","UNSAFE","CAUTION","Olmesartan est classé UNSAFE car il est formellement contre-indiqué en cours de grossesse en raison d'effets délétères documentés sur le développement embryo-fœtal. Aux stades avancés de la grossesse, le risque de toxicité rénale fœtale est également documenté.","https://www.lecrat.fr/7392/"
"1852","OLMESARTAN MEDOXOMIL","UNKNOWN","UNKNOWN","UNKNOWN","UNKNOWN","UNKNOWN","UNKNOWN",
"1853","OLODATEROL","UNKNOWN","UNKNOWN","UNKNOWN","UNKNOWN","UNKNOWN","UNKNOWN",
"1610","OLOPATADINE","SAFE","SAFE","SAFE","SAFE","CAUTION","Les données disponibles avec olopatadine en cours de grossesse sont limitées, sans signal de risque malformatif significatif retenu à ce jour. Son utilisation est possible tout au long de la grossesse lorsqu'elle est cliniquement justifiée, avec une surveillance adaptée lors de l'accouchement.","https://www.lecrat.fr/6930/"
"1611","OMEPRAZOLE","SAFE","SAFE","SAFE","SAFE","CAUTION","Les données publiées chez les femmes enceintes exposées à omeprazole sont très nombreuses et aucun effet malformatif n'est retenu à ce jour. En cas d'utilisation jusqu'à l'accouchement, une surveillance néonatale est recommandée en raison d'effets indésirables possibles chez le nouveau-né.","https://www.lecrat.fr/12876/"
"1926","OPIUM","SAFE","SAFE","SAFE","SAFE","CAUTION","Aucun effet malformatif retenu. À doses suprathérapeutiques jusqu'à l'accouchement, risque de syndrome de sevrage néonatal. La codéine ou le tramadol sont préférés si un antalgique de palier 2 est nécessaire.","https://www.lecrat.fr/11750/"
"1854","OTYLONIUM BROMURE","UNKNOWN","UNKNOWN","UNKNOWN","UNKNOWN","UNKNOWN","UNKNOWN",
"1924","OXACILLINE","SAFE","SAFE","SAFE","SAFE","SAFE","Aucun effet malformatif, fœtal ou néonatal attribuable au traitement retenu. L'oxacilline peut être utilisée quel que soit le terme de la grossesse.","https://www.lecrat.fr/13325/"
"1922","OXAZEPAM","CAUTION","SAFE","CAUTION","CAUTION","CAUTION","Aucun effet malformatif retenu au 1er trimestre. Aux 2ème et 3ème trimestres, risque de diminution des mouvements fœtaux. À l'accouchement, risque de signes d'imprégnation ou de sevrage néonatal, minimisés par la courte demi-vie de l'oxazépam.","https://www.lecrat.fr/3891/"
"1925","OXETORONE","CAUTION","CAUTION","CAUTION","CAUTION","CAUTION","Aucune donnée publiée chez la femme enceinte ; d'autres molécules (amitriptyline, propranolol, métoprolol) sont préférées quel que soit le terme. Contacter le CRAT en cas d'inefficacité de ces alternatives.","https://www.lecrat.fr/4394/"
"1923","OXYBUTYNINE","SAFE","SAFE","SAFE","SAFE","CAUTION","Aucun effet malformatif ou fœtal retenu. En cas de maintien jusqu'à l'accouchement, des effets atropiniques théoriques peuvent survenir chez le nouveau-né ; l'équipe néonatale doit être informée.","https://www.lecrat.fr/11915/"
"1920","OXYTETRACYCLINE","UNKNOWN","UNKNOWN","UNKNOWN","UNKNOWN","UNKNOWN","UNKNOWN",
"1921","PANCREATINE","UNKNOWN","UNKNOWN","UNKNOWN","UNKNOWN","UNKNOWN","UNKNOWN",
"1612","PANTOPRAZOLE","SAFE","SAFE","SAFE","SAFE","CAUTION","Les données publiées chez les femmes enceintes exposées à pantoprazole sont très nombreuses et aucun effet malformatif n'est retenu à ce jour. En cas d'utilisation jusqu'à l'accouchement, une surveillance néonatale est recommandée en raison d'effets indésirables possibles chez le nouveau-né.","https://www.lecrat.fr/12889/"
"1613","PARACETAMOL","SAFE","SAFE","SAFE","SAFE","CAUTION","Les données publiées chez les femmes enceintes exposées à paracetamol sont très nombreuses et aucun effet malformatif n'est retenu à ce jour. En cas d'utilisation jusqu'à l'accouchement, une surveillance néonatale est recommandée en raison d'effets indésirables possibles chez le nouveau-né.","https://www.lecrat.fr/4165/"
"1855","PARIETAIRE","UNKNOWN","UNKNOWN","UNKNOWN","UNKNOWN","UNKNOWN","UNKNOWN",
"1614","PAROXETINE","SAFE","SAFE","SAFE","SAFE","CAUTION","Les données publiées chez les femmes enceintes exposées à paroxetine sont très nombreuses et aucun effet malformatif n'est retenu à ce jour, y compris pour les expositions au premier trimestre. Chez environ 30% des nouveau-nés de mères traitées jusqu’à l’accouchement par un antidépresseur IRSS/IRSNa, des symptômes néonatals, le plus souvent transitoires, peu sévères et de courte durée, peuvent apparaître dans les premiers jours de vie.","https://www.lecrat.fr/4033/"
"1856","PENICILLAMINE","UNKNOWN","UNKNOWN","UNKNOWN","UNKNOWN","UNKNOWN","UNKNOWN",
"1857","PENTOXYFYLLINE","UNKNOWN","UNKNOWN","UNKNOWN","UNKNOWN","UNKNOWN","UNKNOWN",
"1615","PERINDOPRIL","UNSAFE","SAFE","UNSAFE","UNSAFE","CAUTION","Perindopril est classé UNSAFE car il est formellement contre-indiqué en cours de grossesse en raison d'effets délétères documentés sur le développement embryo-fœtal. Aux stades avancés de la grossesse, le risque de toxicité rénale fœtale est également documenté.","https://www.lecrat.fr/7320/"
"1616","PEROXYDE DE BENZOYLE","SAFE","SAFE","SAFE","SAFE","CAUTION","Les données disponibles avec peroxyde de benzoyle en cours de grossesse sont limitées, sans signal de risque malformatif significatif retenu à ce jour. Son utilisation est possible tout au long de la grossesse lorsqu'elle est cliniquement justifiée, avec une surveillance adaptée lors de l'accouchement.","https://www.lecrat.fr/6314/"
"1858","PHENAZONE","UNKNOWN","UNKNOWN","UNKNOWN","UNKNOWN","UNKNOWN","UNKNOWN",
"1859","PHENIRAMINE","UNKNOWN","UNKNOWN","UNKNOWN","UNKNOWN","UNKNOWN","UNKNOWN",
"1617","PHENOBARBITAL","CAUTION","CAUTION","CAUTION","CAUTION","CAUTION","Le phenobarbital est classé CAUTION en raison d'un profil de risque nécessitant des précautions spécifiques selon le terme de la grossesse. En cas d'utilisation en fin de grossesse, une surveillance néonatale est recommandée en raison d'effets possibles chez le nouveau-né.","https://www.lecrat.fr/8134/"
"1860","PHENOXYMETHYLPENICILLINE","UNKNOWN","UNKNOWN","UNKNOWN","UNKNOWN","UNKNOWN","UNKNOWN",
"1861","PHENYLEPHRINE","UNKNOWN","UNKNOWN","UNKNOWN","UNKNOWN","UNKNOWN","UNKNOWN",
"1618","PHENYTOINE","SAFE","SAFE","SAFE","SAFE","CAUTION","Les données disponibles avec phenytoine en cours de grossesse sont très nombreuses, sans signal de risque malformatif significatif retenu à ce jour. Aspect néonatal La phénytoïne","https://www.lecrat.fr/7086/"
"1862","PHLOROGLUCINOL","UNKNOWN","UNKNOWN","UNKNOWN","UNKNOWN","UNKNOWN","UNKNOWN",
"1863","PHYTOMENADIONE","UNKNOWN","UNKNOWN","UNKNOWN","UNKNOWN","UNKNOWN","UNKNOWN",
"1864","PICLOXYDINE","UNKNOWN","UNKNOWN","UNKNOWN","UNKNOWN","UNKNOWN","UNKNOWN",
"1619","PILOCARPINE","SAFE","SAFE","SAFE","SAFE","CAUTION","Les données disponibles avec pilocarpine en cours de grossesse sont limitées, sans signal de risque malformatif significatif retenu à ce jour.","https://www.lecrat.fr/9942/"
"1620","PIMOZIDE","CAUTION","CAUTION","CAUTION","CAUTION","CAUTION","La classification CAUTION de pimozide reflète des données insuffisantes en cours de grossesse pour permettre une évaluation complète du risque, en particulier au-delà du premier trimestre. Les données au premier trimestre sont limitées et ne permettent pas d'exclure formellement tout risque malformatif. En cas d'utilisation en fin de grossesse, une surveillance néonatale est recommandée en raison d'effets possibles chez le nouveau-né.","https://www.lecrat.fr/12033/"
"1865","PINAVERIUM","UNKNOWN","UNKNOWN","UNKNOWN","UNKNOWN","UNKNOWN","UNKNOWN",
"1621","PIPAMPERONE","CAUTION","CAUTION","CAUTION","CAUTION","CAUTION","La classification CAUTION de pipamperone reflète des données insuffisantes en cours de grossesse pour permettre une évaluation complète du risque, en particulier au-delà du premier trimestre. Les données au premier trimestre sont limitées et ne permettent pas d'exclure formellement tout risque malformatif. En cas d'utilisation en fin de grossesse, une surveillance néonatale est recommandée en raison d'effets possibles chez le nouveau-né.","https://www.lecrat.fr/12085/"
"1622","PIPOTIAZINE","CAUTION","CAUTION","CAUTION","CAUTION","CAUTION","La classification CAUTION de pipotiazine reflète des données insuffisantes en cours de grossesse pour permettre une évaluation complète du risque, en particulier au-delà du premier trimestre. Les données au premier trimestre sont limitées et ne permettent pas d'exclure formellement tout risque malformatif. En cas d'utilisation en fin de grossesse, une surveillance néonatale est recommandée en raison d'effets possibles chez le nouveau-né.","https://www.lecrat.fr/12064/"
"1623","PIRACETAM","CAUTION","CAUTION","CAUTION","CAUTION","CAUTION","La classification CAUTION de piracetam reflète des données insuffisantes en cours de grossesse pour permettre une évaluation complète du risque, en particulier au-delà du premier trimestre. Les données au premier trimestre sont limitées et ne permettent pas d'exclure formellement tout risque malformatif. En cas d'utilisation en fin de grossesse, une surveillance néonatale est recommandée en raison d'effets possibles chez le nouveau-né.","https://www.lecrat.fr/10379/"
"1866","PIRIBEDIL","UNKNOWN","UNKNOWN","UNKNOWN","UNKNOWN","UNKNOWN","UNKNOWN",
"1624","PIROXICAM","UNSAFE","CAUTION","CAUTION","UNSAFE","CAUTION","Piroxicam est classé UNSAFE car il est formellement contre-indiqué en cours de grossesse en raison d'effets délétères documentés sur le développement embryo-fœtal. Aux stades avancés de la grossesse, le risque de toxicité rénale fœtale et de toxicité cardiovasculaire est également documenté.","https://www.lecrat.fr/15336/"
"1625","PIZOTIFENE","CAUTION","CAUTION","CAUTION","CAUTION","CAUTION","La classification CAUTION de pizotifene reflète des données insuffisantes en cours de grossesse pour permettre une évaluation complète du risque, en particulier au-delà du premier trimestre. Les données au premier trimestre sont limitées et ne permettent pas d'exclure formellement tout risque malformatif.","https://www.lecrat.fr/4381/"
"1626","POLIOMYELITE","SAFE","SAFE","SAFE","SAFE","CAUTION","Les données publiées chez les femmes enceintes exposées à poliomyelite sont très nombreuses et aucun effet malformatif n'est retenu à ce jour. En cas d'utilisation jusqu'à l'accouchement, une surveillance néonatale est recommandée en raison d'effets indésirables possibles chez le nouveau-né.","https://www.lecrat.fr/9583/"
"1867","POLLENS ARBRES ET ARBUSTES","UNKNOWN","UNKNOWN","UNKNOWN","UNKNOWN","UNKNOWN","UNKNOWN",
"1868","POLLENS GRAMINEES","UNKNOWN","UNKNOWN","UNKNOWN","UNKNOWN","UNKNOWN","UNKNOWN",
"1627","POLYETHYLENE GLYCOL","CAUTION","CAUTION","CAUTION","CAUTION","CAUTION","La classification CAUTION de polyethylene glycol reflète des données insuffisantes en cours de grossesse pour permettre une évaluation complète du risque, en particulier au-delà du premier trimestre. Les données au premier trimestre sont limitées et ne permettent pas d'exclure formellement tout risque malformatif.","https://www.lecrat.fr/8711/"
"1869","POLYMALTOSE COMPLEXE","UNKNOWN","UNKNOWN","UNKNOWN","UNKNOWN","UNKNOWN","UNKNOWN",
"1870","POLYMIXINE B","UNKNOWN","UNKNOWN","UNKNOWN","UNKNOWN","UNKNOWN","UNKNOWN",
"1628","POLYMYXINE B","SAFE","SAFE","SAFE","SAFE","CAUTION","Les données disponibles avec polymyxine b en cours de grossesse sont limitées, sans signal de risque malformatif significatif retenu à ce jour. L'utilisation en fin de grossesse doit rester prudente en raison d'une possible toxicité fœtale rénale ou cardiovasculaire à doses élevées.","https://www.lecrat.fr/5046/"
"1871","POLYSTYRENE SULFONATE DE NA","UNKNOWN","UNKNOWN","UNKNOWN","UNKNOWN","UNKNOWN","UNKNOWN",
"1872","POLYVIDONE","UNKNOWN","UNKNOWN","UNKNOWN","UNKNOWN","UNKNOWN","UNKNOWN",
"1873","POLYVIDONE IODEE","UNKNOWN","UNKNOWN","UNKNOWN","UNKNOWN","UNKNOWN","UNKNOWN",
"1874","PRAMIPEXOLE","UNKNOWN","UNKNOWN","UNKNOWN","UNKNOWN","UNKNOWN","UNKNOWN",
"1629","PRAVASTATINE","CAUTION","CAUTION","CAUTION","CAUTION","CAUTION","Le pravastatine est classé CAUTION en raison d'un profil de risque nécessitant des précautions spécifiques selon le terme de la grossesse. En cas d'utilisation en fin de grossesse, une surveillance néonatale est recommandée en raison d'effets possibles chez le nouveau-né.","https://www.lecrat.fr/8622/"
"1630","PRAZEPAM","SAFE","SAFE","SAFE","SAFE","CAUTION","Les données publiées chez les femmes enceintes exposées à prazepam sont très nombreuses et aucun effet malformatif n'est retenu à ce jour, y compris pour les expositions au premier trimestre. Aspect néonatal Les benzodiazépines utilisées jusqu’à l’accouchement peuvent entraîner chez le nouveau-né deux types d’évènements transitoires qui peuvent se succéder : Des signes d’imprégnation cf.","https://www.lecrat.fr/3817/"
"1631","PRAZOSINE","CAUTION","CAUTION","CAUTION","CAUTION","CAUTION","La classification CAUTION de prazosine reflète des données insuffisantes en cours de grossesse pour permettre une évaluation complète du risque, en particulier au-delà du premier trimestre. Les données au premier trimestre sont limitées et ne permettent pas d'exclure formellement tout risque malformatif. En cas d'utilisation en fin de grossesse, une surveillance néonatale est recommandée en raison d'effets possibles chez le nouveau-né.","https://www.lecrat.fr/9350/"
"1632","PREDNISOLONE","SAFE","SAFE","SAFE","SAFE","CAUTION","Les données disponibles avec prednisolone en cours de grossesse sont nombreuses, sans signal de risque malformatif significatif retenu à ce jour. Dans le placenta, l’essentiel de la prednisolone est métabolisée en prednisone inactive.","https://www.lecrat.fr/3509/"
"1633","PREDNISONE","SAFE","SAFE","SAFE","SAFE","CAUTION","Les données disponibles avec prednisone en cours de grossesse sont nombreuses, sans signal de risque malformatif significatif retenu à ce jour. La prednisolone synthétisée dans le foie maternel à partir de la prednisone est métabolisée dans le placenta en prednisone inactive.","https://www.lecrat.fr/3515/"
"1634","PREGABALINE","SAFE","SAFE","SAFE","SAFE","CAUTION","Les données disponibles avec pregabaline en cours de grossesse sont très nombreuses, sans signal de risque malformatif significatif retenu à ce jour.","https://www.lecrat.fr/12574/"
"1875","PRIFINIUM","UNKNOWN","UNKNOWN","UNKNOWN","UNKNOWN","UNKNOWN","UNKNOWN",
"1876","PRILOCAINE","UNKNOWN","UNKNOWN","UNKNOWN","UNKNOWN","UNKNOWN","UNKNOWN",
"1635","PRISTINAMYCINE","SAFE","SAFE","SAFE","SAFE","CAUTION","Les données disponibles avec pristinamycine en cours de grossesse sont limitées, sans signal de risque malformatif significatif retenu à ce jour. Son utilisation est possible tout au long de la grossesse lorsqu'elle est cliniquement justifiée, avec une surveillance adaptée lors de l'accouchement.","https://www.lecrat.fr/13417/"
"1636","PROGESTERONE","SAFE","SAFE","SAFE","SAFE","CAUTION","Les données publiées chez les femmes enceintes exposées à progesterone sont très nombreuses et aucun effet malformatif n'est retenu à ce jour, y compris pour les expositions au premier trimestre. En cas d'utilisation jusqu'à l'accouchement, une surveillance néonatale est recommandée en raison d'effets indésirables possibles chez le nouveau-né.","https://www.lecrat.fr/11307/"
"1637","PROMETHAZINE","SAFE","SAFE","SAFE","SAFE","CAUTION","Les données publiées chez les femmes enceintes exposées à promethazine sont très nombreuses et aucun effet malformatif n'est retenu à ce jour, y compris pour les expositions au premier trimestre. Par ailleurs, un effet sédatif est théoriquement possible chez les nouveau-nés de mères traitées par une phénothiazine avant l’accouchement.","https://www.lecrat.fr/3528/"
"1638","PROPERICIAZINE","CAUTION","CAUTION","CAUTION","CAUTION","CAUTION","La classification CAUTION de propericiazine reflète des données insuffisantes en cours de grossesse pour permettre une évaluation complète du risque, en particulier au-delà du premier trimestre. Les données au premier trimestre sont limitées et ne permettent pas d'exclure formellement tout risque malformatif. En cas d'utilisation en fin de grossesse, une surveillance néonatale est recommandée en raison d'effets possibles chez le nouveau-né.","https://www.lecrat.fr/12066/"
"1639","PROPRANOLOL","SAFE","SAFE","SAFE","SAFE","CAUTION","Les données publiées chez les femmes enceintes exposées à propranolol sont nombreuses et aucun effet malformatif n'est retenu à ce jour, y compris pour les expositions au premier trimestre.","https://www.lecrat.fr/4317/"
"1640","PYRANTEL","SAFE","SAFE","SAFE","SAFE","CAUTION","Les données disponibles avec pyrantel en cours de grossesse sont limitées, sans signal de risque malformatif significatif retenu à ce jour. Son utilisation est possible tout au long de la grossesse lorsqu'elle est cliniquement justifiée, avec une surveillance adaptée lors de l'accouchement.","https://www.lecrat.fr/7588/"
"1641","PYRIDOSTIGMINE BROMURE","SAFE","SAFE","SAFE","SAFE","CAUTION","Les données disponibles avec pyridostigmine bromure en cours de grossesse sont limitées, sans signal de risque malformatif significatif retenu à ce jour.","https://www.lecrat.fr/3376/"
"1642","QUETIAPINE","SAFE","SAFE","SAFE","SAFE","CAUTION","Les données publiées chez les femmes enceintes exposées à quetiapine sont très nombreuses et aucun effet malformatif n'est retenu à ce jour, y compris pour les expositions au premier trimestre. A terme, les concentrations plasmatiques néonatales représentent environ 20% des concentrations maternelles.","https://www.lecrat.fr/12060/"
"1643","RACECADOTRIL","SAFE","SAFE","SAFE","SAFE","CAUTION","Les données disponibles avec racecadotril en cours de grossesse sont limitées, sans signal de risque malformatif significatif retenu à ce jour. Son utilisation est possible tout au long de la grossesse lorsqu'elle est cliniquement justifiée, avec une surveillance adaptée lors de l'accouchement.","https://www.lecrat.fr/6606/"
"1877","RALOXIFENE","UNKNOWN","UNKNOWN","UNKNOWN","UNKNOWN","UNKNOWN","UNKNOWN",
"1644","RAMIPRIL","UNSAFE","SAFE","UNSAFE","UNSAFE","CAUTION","Ramipril est classé UNSAFE car il est formellement contre-indiqué en cours de grossesse en raison d'effets délétères documentés sur le développement embryo-fœtal. Aux stades avancés de la grossesse, le risque de toxicité rénale fœtale est également documenté.","https://www.lecrat.fr/7328/"
"1878","RANELATE DE STRONTIUM","UNKNOWN","UNKNOWN","UNKNOWN","UNKNOWN","UNKNOWN","UNKNOWN",
"1645","RANITIDINE","SAFE","SAFE","SAFE","SAFE","CAUTION","Les données publiées chez les femmes enceintes exposées à ranitidine sont très nombreuses et aucun effet malformatif n'est retenu à ce jour. En cas d'utilisation jusqu'à l'accouchement, une surveillance néonatale est recommandée en raison d'effets indésirables possibles chez le nouveau-né.","https://www.lecrat.fr/12805/"
"1879","REPAGLINIDE","UNKNOWN","UNKNOWN","UNKNOWN","UNKNOWN","UNKNOWN","UNKNOWN",
"1646","RIFAMPICINE","SAFE","SAFE","SAFE","SAFE","CAUTION","Les données disponibles avec rifampicine en cours de grossesse sont limitées, sans signal de risque malformatif significatif retenu à ce jour.","https://www.lecrat.fr/8385/"
"1647","RIFAMYCINE","SAFE","SAFE","SAFE","SAFE","CAUTION","Les données disponibles avec rifamycine en cours de grossesse sont limitées, sans signal de risque malformatif significatif retenu à ce jour.","https://www.lecrat.fr/8385/"
"1880","RIFAXIMINA","UNKNOWN","UNKNOWN","UNKNOWN","UNKNOWN","UNKNOWN","UNKNOWN",
"1648","RISEDRONATE","CAUTION","CAUTION","CAUTION","CAUTION","CAUTION","La classification CAUTION de risedronate reflète des données insuffisantes en cours de grossesse pour permettre une évaluation complète du risque, en particulier au-delà du premier trimestre. Les données au premier trimestre sont limitées et ne permettent pas d'exclure formellement tout risque malformatif.","https://www.lecrat.fr/11521/"
"1649","RISPERIDONE","SAFE","SAFE","SAFE","SAFE","CAUTION","Les données disponibles avec risperidone en cours de grossesse sont très nombreuses, sans signal de risque malformatif significatif retenu à ce jour. A terme, les concentrations néonatales correspondent en moyenne à la moitié des concentrations maternelles.","https://www.lecrat.fr/11946/"
"1881","ROPINIROLE","UNKNOWN","UNKNOWN","UNKNOWN","UNKNOWN","UNKNOWN","UNKNOWN",
"1650","ROSUVASTATINE","CAUTION","CAUTION","CAUTION","CAUTION","CAUTION","La classification CAUTION de rosuvastatine reflète des données insuffisantes en cours de grossesse pour permettre une évaluation complète du risque, en particulier au-delà du premier trimestre. Les données au premier trimestre sont limitées et ne permettent pas d'exclure formellement tout risque malformatif. En cas d'utilisation en fin de grossesse, une surveillance néonatale est recommandée en raison d'effets possibles chez le nouveau-né.","https://www.lecrat.fr/8643/"
"1651","ROXITHROMYCINE","SAFE","SAFE","SAFE","SAFE","CAUTION","Les données publiées chez les femmes enceintes exposées à roxithromycine sont très nombreuses et aucun effet malformatif n'est retenu à ce jour. En cas d'utilisation jusqu'à l'accouchement, une surveillance néonatale est recommandée en raison d'effets indésirables possibles chez le nouveau-né.","https://www.lecrat.fr/13450/"
"1882","RUSCOGENINES","UNKNOWN","UNKNOWN","UNKNOWN","UNKNOWN","UNKNOWN","UNKNOWN",
"1652","SALBUTAMOL","SAFE","SAFE","SAFE","SAFE","CAUTION","Les données publiées chez les femmes enceintes exposées à salbutamol sont très nombreuses et aucun effet malformatif n'est retenu à ce jour, y compris pour les expositions au premier trimestre. , à posologie usuelle, aucun effet fœtal ou néonatal particulier attribuable au traitement n’a été rapporté à ce jour.","https://www.lecrat.fr/8048/"
"1653","SALMETEROL","SAFE","SAFE","SAFE","SAFE","CAUTION","Les données publiées chez les femmes enceintes exposées à salmeterol sont très nombreuses et aucun effet malformatif n'est retenu à ce jour. En effet, un asthme mal équilibré peut avoir un effet délétère sur la grossesse/le nouveau-né (prématurité, petit poids de naissance…).","https://www.lecrat.fr/8053/"
"1883","SERENOA REPENS","UNKNOWN","UNKNOWN","UNKNOWN","UNKNOWN","UNKNOWN","UNKNOWN",
"1654","SERTRALINE","SAFE","SAFE","SAFE","SAFE","CAUTION","Les données publiées chez les femmes enceintes exposées à sertraline sont très nombreuses et aucun effet malformatif n'est retenu à ce jour, y compris pour les expositions au premier trimestre. Ces signes traduisent soit une imprégnation du nouveau-né, soit un syndrome de sevrage.","https://www.lecrat.fr/4044/"
"1655","SILODOSINE","CAUTION","CAUTION","CAUTION","CAUTION","CAUTION","La classification CAUTION de silodosine reflète des données insuffisantes en cours de grossesse pour permettre une évaluation complète du risque, en particulier au-delà du premier trimestre. Les données au premier trimestre sont limitées et ne permettent pas d'exclure formellement tout risque malformatif.","https://www.lecrat.fr/11950/"
"1884","SIMETHICONE","UNKNOWN","UNKNOWN","UNKNOWN","UNKNOWN","UNKNOWN","UNKNOWN",
"1656","SIMETICONE","SAFE","SAFE","SAFE","SAFE","CAUTION","Les données disponibles avec simeticone en cours de grossesse sont limitées, sans signal de risque malformatif significatif retenu à ce jour. Son utilisation est possible tout au long de la grossesse lorsqu'elle est cliniquement justifiée, avec une surveillance adaptée lors de l'accouchement.","https://www.lecrat.fr/12157/"
"1657","SIMVASTATINE","CAUTION","CAUTION","CAUTION","CAUTION","CAUTION","Le simvastatine est classé CAUTION en raison d'un profil de risque nécessitant des précautions spécifiques selon le terme de la grossesse. En cas d'utilisation en fin de grossesse, une surveillance néonatale est recommandée en raison d'effets possibles chez le nouveau-né.","https://www.lecrat.fr/8653/"
"1885","SOLIFENACINE SUCCINATE","UNKNOWN","UNKNOWN","UNKNOWN","UNKNOWN","UNKNOWN","UNKNOWN",
"1658","SOTALOL","SAFE","SAFE","SAFE","SAFE","CAUTION","Les données disponibles avec sotalol en cours de grossesse sont nombreuses, sans signal de risque malformatif significatif retenu à ce jour.","https://www.lecrat.fr/9279/"
"1659","SPIRAMYCINE","SAFE","SAFE","SAFE","SAFE","CAUTION","Les données publiées chez les femmes enceintes exposées à spiramycine sont limitées et aucun effet malformatif n'est retenu à ce jour. En cas d'utilisation jusqu'à l'accouchement, une surveillance néonatale est recommandée en raison d'effets indésirables possibles chez le nouveau-né.","https://www.lecrat.fr/13448/"
"1660","SPIRONOLACTONE","CAUTION","SAFE","CAUTION","CAUTION","CAUTION","Le spironolactone est classé CAUTION en raison d'un profil de risque nécessitant des précautions spécifiques selon le terme de la grossesse. Au premier trimestre, les données disponibles sont rassurantes sur le plan malformatif, aucun effet tératogène n'étant retenu à ce jour. En cas d'utilisation en fin de grossesse, une surveillance néonatale est recommandée en raison d'effets possibles chez le nouveau-né.","https://www.lecrat.fr/11555/"
"1886","SUCRALFATE","UNKNOWN","UNKNOWN","UNKNOWN","UNKNOWN","UNKNOWN","UNKNOWN",
"1887","SULFAGUANIDINE","UNKNOWN","UNKNOWN","UNKNOWN","UNKNOWN","UNKNOWN","UNKNOWN",
"1661","SULFASALAZINE","SAFE","SAFE","SAFE","SAFE","CAUTION","Les données publiées chez les femmes enceintes exposées à sulfasalazine sont très nombreuses et aucun effet malformatif n'est retenu à ce jour, y compris pour les expositions au premier trimestre.","https://www.lecrat.fr/10827/"
"1662","SULFIRAME","CAUTION","CAUTION","CAUTION","CAUTION","CAUTION","La classification CAUTION de sulfirame reflète des données insuffisantes en cours de grossesse pour permettre une évaluation complète du risque, en particulier au-delà du premier trimestre. Les données au premier trimestre sont limitées et ne permettent pas d'exclure formellement tout risque malformatif.","https://www.lecrat.fr/12788/"
"1663","SULPIRIDE","CAUTION","CAUTION","CAUTION","CAUTION","CAUTION","La classification CAUTION de sulpiride reflète des données insuffisantes en cours de grossesse pour permettre une évaluation complète du risque, en particulier au-delà du premier trimestre. Les données au premier trimestre sont limitées et ne permettent pas d'exclure formellement tout risque malformatif. En cas d'utilisation en fin de grossesse, une surveillance néonatale est recommandée en raison d'effets possibles chez le nouveau-né.","https://www.lecrat.fr/11994/"
"1888","SUMATRIPTANE","UNKNOWN","UNKNOWN","UNKNOWN","UNKNOWN","UNKNOWN","UNKNOWN",
"1889","SYNEPHRINE","UNKNOWN","UNKNOWN","UNKNOWN","UNKNOWN","UNKNOWN","UNKNOWN",
"1890","TAMOXIFENE","UNKNOWN","UNKNOWN","UNKNOWN","UNKNOWN","UNKNOWN","UNKNOWN",
"1665","TAMSULOSINE","CAUTION","CAUTION","CAUTION","CAUTION","CAUTION","La classification CAUTION de tamsulosine reflète des données insuffisantes en cours de grossesse pour permettre une évaluation complète du risque, en particulier au-delà du premier trimestre. Les données au premier trimestre sont limitées et ne permettent pas d'exclure formellement tout risque malformatif.","https://www.lecrat.fr/7685/"
"1666","TELMISARTAN","UNSAFE","SAFE","UNSAFE","UNSAFE","CAUTION","Telmisartan est classé UNSAFE car il est formellement contre-indiqué en cours de grossesse en raison d'effets délétères documentés sur le développement embryo-fœtal. Aux stades avancés de la grossesse, le risque de toxicité rénale fœtale est également documenté.","https://www.lecrat.fr/7398/"
"1891","TENONITROZOLE","UNKNOWN","UNKNOWN","UNKNOWN","UNKNOWN","UNKNOWN","UNKNOWN",
"1667","TERBINAFINE","SAFE","SAFE","SAFE","SAFE","CAUTION","Les données publiées chez les femmes enceintes exposées à terbinafine sont nombreuses et aucun effet malformatif n'est retenu à ce jour, y compris pour les expositions au premier trimestre. Découverte d’une grossesse pendant le traitement la patiente quant au risque malformatif de la terbinafine quelle que soit sa voie d’administration.","https://www.lecrat.fr/10267/"
"1668","TERBUTALINE","SAFE","SAFE","SAFE","SAFE","CAUTION","Les données publiées chez les femmes enceintes exposées à terbutaline sont très nombreuses et aucun effet malformatif n'est retenu à ce jour, y compris pour les expositions au premier trimestre. , les bêta-2 mimétiques peuvent entraîner, en particulier à fortes doses, une tachycardie fœtale et/ou néonatale parallèle à la tachycardie maternelle, ainsi que des perturbations de la glycémie néonatale en cas d’exposition avant l’accouchement.","https://www.lecrat.fr/8060/"
"1697","TESTOSTERONE","UNSAFE","UNSAFE","UNSAFE","UNSAFE","UNSAFE","La testostérone est tératogène et doit être évitée pendant toute la grossesse, notamment en raison de ses effets sur les fœtus féminins.","https://www.lecrat.fr/3147/"
"1664","TETANOS","SAFE","SAFE","SAFE","SAFE","CAUTION","Les données disponibles avec tetanos en cours de grossesse sont très nombreuses, sans signal de risque malformatif significatif retenu à ce jour.","https://www.lecrat.fr/9640/"
"1892","TETRACAINE","UNKNOWN","UNKNOWN","UNKNOWN","UNKNOWN","UNKNOWN","UNKNOWN",
"1893","TETRACYCLINE","UNKNOWN","UNKNOWN","UNKNOWN","UNKNOWN","UNKNOWN","UNKNOWN",
"1894","TETRAHYDROZOLINE","UNKNOWN","UNKNOWN","UNKNOWN","UNKNOWN","UNKNOWN","UNKNOWN",
"1669","THEOPHYLLINE","SAFE","SAFE","SAFE","SAFE","CAUTION","Les données publiées chez les femmes enceintes exposées à theophylline sont nombreuses et aucun effet malformatif n'est retenu à ce jour, y compris pour les expositions au premier trimestre. Sa demi-vie d’élimination plasmatique est longue, de l’ordre de 6,7 heures chez l’adulte et de 30 heures chez le nouveau-né.","https://www.lecrat.fr/4958/"
"1670","THIAMAZOLE","CAUTION","CAUTION","CAUTION","CAUTION","CAUTION","La classification CAUTION de thiamazole reflète des données insuffisantes en cours de grossesse pour permettre une évaluation complète du risque, en particulier au-delà du premier trimestre. Les données au premier trimestre sont limitées et ne permettent pas d'exclure formellement tout risque malformatif. En cas d'utilisation en fin de grossesse, une surveillance néonatale est recommandée en raison d'effets possibles chez le nouveau-né.","https://www.lecrat.fr/8685/"
"1895","THIAMPHENICOL","UNKNOWN","UNKNOWN","UNKNOWN","UNKNOWN","UNKNOWN","UNKNOWN",
"1671","THIOCOLCHICOSIDE","CAUTION","CAUTION","CAUTION","CAUTION","CAUTION","La classification CAUTION de thiocolchicoside reflète des données insuffisantes en cours de grossesse pour permettre une évaluation complète du risque, en particulier au-delà du premier trimestre. Les données au premier trimestre sont limitées et ne permettent pas d'exclure formellement tout risque malformatif.","https://www.lecrat.fr/9127/"
"1672","TIANEPTINE","SAFE","SAFE","SAFE","SAFE","CAUTION","Les données disponibles avec tianeptine en cours de grossesse sont limitées, sans signal de risque malformatif significatif retenu à ce jour.","https://www.lecrat.fr/12492/"
"1673","TIAPRIDE","CAUTION","CAUTION","CAUTION","CAUTION","CAUTION","La classification CAUTION de tiapride reflète des données insuffisantes en cours de grossesse pour permettre une évaluation complète du risque, en particulier au-delà du premier trimestre. Les données au premier trimestre sont limitées et ne permettent pas d'exclure formellement tout risque malformatif. En cas d'utilisation en fin de grossesse, une surveillance néonatale est recommandée en raison d'effets possibles chez le nouveau-né.","https://www.lecrat.fr/12029/"
"1896","TILBROQUINOL","UNKNOWN","UNKNOWN","UNKNOWN","UNKNOWN","UNKNOWN","UNKNOWN",
"1897","TILIQUINOL","UNKNOWN","UNKNOWN","UNKNOWN","UNKNOWN","UNKNOWN","UNKNOWN",
"1674","TIMOLOL","SAFE","SAFE","SAFE","SAFE","CAUTION","Les données publiées chez les femmes enceintes exposées à timolol sont nombreuses et aucun effet malformatif n'est retenu à ce jour, y compris pour les expositions au premier trimestre.","https://www.lecrat.fr/7450/"
"1675","TINIDAZOLE","SAFE","SAFE","SAFE","SAFE","CAUTION","Les données disponibles avec tinidazole en cours de grossesse sont limitées, sans signal de risque malformatif significatif retenu à ce jour. Son utilisation est possible tout au long de la grossesse lorsqu'elle est cliniquement justifiée, avec une surveillance adaptée lors de l'accouchement.","https://www.lecrat.fr/10416/"
"1898","TINZAPARINE","UNKNOWN","UNKNOWN","UNKNOWN","UNKNOWN","UNKNOWN","UNKNOWN",
"1676","TIOTROPIUM","SAFE","SAFE","SAFE","SAFE","CAUTION","Les données disponibles avec tiotropium en cours de grossesse sont limitées, sans signal de risque malformatif significatif retenu à ce jour.","https://www.lecrat.fr/4928/"
"1677","TIXOCORTOL","SAFE","SAFE","SAFE","SAFE","CAUTION","Les données disponibles avec tixocortol en cours de grossesse sont nombreuses, sans signal de risque malformatif significatif retenu à ce jour. Son utilisation est possible tout au long de la grossesse lorsqu'elle est cliniquement justifiée, avec une surveillance adaptée lors de l'accouchement.","https://www.lecrat.fr/5082/"
"1678","TOBRAMYCINE","SAFE","SAFE","SAFE","SAFE","CAUTION","Les données disponibles avec tobramycine en cours de grossesse sont limitées (quelques cas seulement), sans signal de risque malformatif significatif retenu à ce jour. En cas de traitement prolongé ou répété, tenir compte de l’exposition in utero à la tobramycine lors du dépistage néonatal des troubles de l’audition (cf.","https://www.lecrat.fr/7735/"
"1899","TOLNAFTATE","UNKNOWN","UNKNOWN","UNKNOWN","UNKNOWN","UNKNOWN","UNKNOWN",
"1679","TOLTERODINE","CAUTION","CAUTION","CAUTION","CAUTION","CAUTION","La classification CAUTION de tolterodine reflète des données insuffisantes en cours de grossesse pour permettre une évaluation complète du risque, en particulier au-delà du premier trimestre. Les données au premier trimestre sont limitées et ne permettent pas d'exclure formellement tout risque malformatif.","https://www.lecrat.fr/11929/"
"1680","TRAMADOL","SAFE","SAFE","SAFE","SAFE","CAUTION","Les données publiées chez les femmes enceintes exposées à tramadol sont très nombreuses et aucun effet malformatif n'est retenu à ce jour, y compris pour les expositions au premier trimestre. Aspect néonatal Le tramadol","https://www.lecrat.fr/4541/"
"1681","TRANDOLAPRIL","UNSAFE","SAFE","UNSAFE","UNSAFE","CAUTION","Trandolapril est classé UNSAFE car il est formellement contre-indiqué en cours de grossesse en raison d'effets délétères documentés sur le développement embryo-fœtal. Aux stades avancés de la grossesse, le risque de toxicité rénale fœtale est également documenté.","https://www.lecrat.fr/7344/"
"1682","TRAVOPROST","SAFE","SAFE","SAFE","SAFE","CAUTION","Les données disponibles avec travoprost en cours de grossesse sont limitées, sans signal de risque malformatif significatif retenu à ce jour. Son utilisation est possible tout au long de la grossesse lorsqu'elle est cliniquement justifiée, avec une surveillance adaptée lors de l'accouchement.","https://www.lecrat.fr/9946/"
"1900","TRETINOINE","UNKNOWN","UNKNOWN","UNKNOWN","UNKNOWN","UNKNOWN","UNKNOWN",
"1683","TRIAMCINOLONE","SAFE","SAFE","SAFE","SAFE","CAUTION","Les données publiées chez les femmes enceintes exposées à triamcinolone sont nombreuses et aucun effet malformatif n'est retenu à ce jour, y compris pour les expositions au premier trimestre. Un impact sur la surrénale fœtale et néonatale est en théorie possible avec tous les corticoïdes administrés à la mère par voie générale en fin de grossesse.","https://www.lecrat.fr/5000/"
"1684","TRIAMTERENE","CAUTION","CAUTION","CAUTION","CAUTION","CAUTION","La classification CAUTION de triamterene reflète des données insuffisantes en cours de grossesse pour permettre une évaluation complète du risque, en particulier au-delà du premier trimestre. Les données au premier trimestre sont limitées et ne permettent pas d'exclure formellement tout risque malformatif.","https://www.lecrat.fr/7422/"
"1901","TRICHLOCARBAN","UNKNOWN","UNKNOWN","UNKNOWN","UNKNOWN","UNKNOWN","UNKNOWN",
"1902","TRICLOSAN","UNKNOWN","UNKNOWN","UNKNOWN","UNKNOWN","UNKNOWN","UNKNOWN",
"1685","TRIHEXYPHENIDYLE","SAFE","SAFE","SAFE","SAFE","CAUTION","Les données disponibles avec trihexyphenidyle en cours de grossesse sont limitées, sans signal de risque malformatif significatif retenu à ce jour.","https://www.lecrat.fr/10183/"
"1686","TRIMEBUTINE","CAUTION","CAUTION","CAUTION","CAUTION","CAUTION","La classification CAUTION de trimebutine reflète des données insuffisantes en cours de grossesse pour permettre une évaluation complète du risque, en particulier au-delà du premier trimestre. Les données au premier trimestre sont limitées et ne permettent pas d'exclure formellement tout risque malformatif.","https://www.lecrat.fr/20035/"
"1687","TRIMETHYLPHLOROGLUCINOL","SAFE","SAFE","SAFE","SAFE","CAUTION","Les données publiées chez les femmes enceintes exposées à trimethylphloroglucinol sont très nombreuses et aucun effet malformatif n'est retenu à ce jour. En cas d'utilisation jusqu'à l'accouchement, une surveillance néonatale est recommandée en raison d'effets indésirables possibles chez le nouveau-né.","https://www.lecrat.fr/11748/"
"1688","TRIMIPRAMINE","CAUTION","CAUTION","CAUTION","CAUTION","CAUTION","Le trimipramine est classé CAUTION en raison d'un profil de risque nécessitant des précautions spécifiques selon le terme de la grossesse. En cas d'utilisation en fin de grossesse, une surveillance néonatale est recommandée en raison d'effets possibles chez le nouveau-né.","https://www.lecrat.fr/12507/"
"1903","TRINITRINE","UNKNOWN","UNKNOWN","UNKNOWN","UNKNOWN","UNKNOWN","UNKNOWN",
"1904","TROPICAMIDE","UNKNOWN","UNKNOWN","UNKNOWN","UNKNOWN","UNKNOWN","UNKNOWN",
"1689","URSODESOXYCHOLIQUE ACIDE","SAFE","SAFE","SAFE","SAFE","CAUTION","Les données disponibles avec ursodesoxycholique acide en cours de grossesse sont très nombreuses, sans signal de risque malformatif significatif retenu à ce jour.","https://www.lecrat.fr/9013/"
"1690","VALACICLOVIR","SAFE","SAFE","SAFE","SAFE","CAUTION","Les données publiées chez les femmes enceintes exposées à valaciclovir sont très nombreuses et aucun effet malformatif n'est retenu à ce jour, y compris pour les expositions au premier trimestre.","https://www.lecrat.fr/8595/"
"1905","VALPROATE DE SODIUM","UNKNOWN","UNKNOWN","UNKNOWN","UNKNOWN","UNKNOWN","UNKNOWN",
"1691","VALPROMIDE","UNSAFE","UNSAFE","UNSAFE","UNSAFE","UNSAFE","Valpromide est classé UNSAFE car il est formellement contre-indiqué en cours de grossesse en raison d'effets délétères documentés sur le développement embryo-fœtal. L’acide valproïque en monothérapie entraîne un syndrome polymalformatif dans près de 11% des cas en moyenne. L’acide valproïque passe le placenta : à terme, les concentrations néonatales sont équivalentes ou supérieures aux concentrations maternelles.","https://www.lecrat.fr/12594/"
"1692","VALSARTAN","UNSAFE","SAFE","UNSAFE","UNSAFE","CAUTION","Valsartan est classé UNSAFE car il est formellement contre-indiqué en cours de grossesse en raison d'effets délétères documentés sur le développement embryo-fœtal. Aux stades avancés de la grossesse, le risque de toxicité rénale fœtale est également documenté.","https://www.lecrat.fr/7406/"
"1906","VATERIA INDICA","UNKNOWN","UNKNOWN","UNKNOWN","UNKNOWN","UNKNOWN","UNKNOWN",
"1693","VENLAFAXINE","SAFE","SAFE","SAFE","SAFE","CAUTION","Les données publiées chez les femmes enceintes exposées à venlafaxine sont très nombreuses et aucun effet malformatif n'est retenu à ce jour, y compris pour les expositions au premier trimestre. Ces signes traduisent soit une imprégnation du nouveau-né, soit un syndrome de sevrage.","https://www.lecrat.fr/4091/"
"1907","VERAPAMIL CHLORHYDRATE","UNKNOWN","UNKNOWN","UNKNOWN","UNKNOWN","UNKNOWN","UNKNOWN",
"1694","VIGABATRIN","CAUTION","CAUTION","CAUTION","CAUTION","CAUTION","La classification CAUTION de vigabatrin reflète des données insuffisantes en cours de grossesse pour permettre une évaluation complète du risque, en particulier au-delà du premier trimestre. Les données au premier trimestre sont limitées et ne permettent pas d'exclure formellement tout risque malformatif. En cas d'utilisation en fin de grossesse, une surveillance néonatale est recommandée en raison d'effets possibles chez le nouveau-né.","https://www.lecrat.fr/8176/"
"1908","VILDAGLIPTINE","UNKNOWN","UNKNOWN","UNKNOWN","UNKNOWN","UNKNOWN","UNKNOWN",
"1909","VITAMINE A","UNKNOWN","UNKNOWN","UNKNOWN","UNKNOWN","UNKNOWN","UNKNOWN",
"1910","VITAMINE B1","UNKNOWN","UNKNOWN","UNKNOWN","UNKNOWN","UNKNOWN","UNKNOWN",
"1911","VITAMINE C","UNKNOWN","UNKNOWN","UNKNOWN","UNKNOWN","UNKNOWN","UNKNOWN",
"1912","VITAMINE D","UNKNOWN","UNKNOWN","UNKNOWN","UNKNOWN","UNKNOWN","UNKNOWN",
"1913","VITAMINE E","UNKNOWN","UNKNOWN","UNKNOWN","UNKNOWN","UNKNOWN","UNKNOWN",
"1914","XYLENE","UNKNOWN","UNKNOWN","UNKNOWN","UNKNOWN","UNKNOWN","UNKNOWN",
"1915","YOHIMBINE CHLORHYDRATE","UNKNOWN","UNKNOWN","UNKNOWN","UNKNOWN","UNKNOWN","UNKNOWN",
"1916","ZINC SULFATE","UNKNOWN","UNKNOWN","UNKNOWN","UNKNOWN","UNKNOWN","UNKNOWN",
"1917","ZIPRASIDONE","UNKNOWN","UNKNOWN","UNKNOWN","UNKNOWN","UNKNOWN","UNKNOWN",
"1695","ZOFENOPRIL","UNSAFE","SAFE","UNSAFE","UNSAFE","CAUTION","Zofenopril est classé UNSAFE car il est formellement contre-indiqué en cours de grossesse en raison d'effets délétères documentés sur le développement embryo-fœtal. Aux stades avancés de la grossesse, le risque de toxicité rénale fœtale est également documenté.","https://www.lecrat.fr/7360/"