dci_a,dci_b,severity,description
ABATACEPT,ANTI-TNF ALPHA,DECONSEILLEE,Majoration de l’immunodépression.
ABIRATERONE,METOPROLOL,PRECAUTION_EMPLOI,"Chez l'insuffisant cardiaque, risque d'augmentation des effets indésirables du métoprolol, par diminution de son métabolisme Surveillance clinique. Si besoin, adaptation de la posologie du hépatique par l'abiratérone. métoprolol pendant le traitement par l'abiratérone."
ABIRATERONE,PROPAFENONE,PRECAUTION_EMPLOI,"Risque d'augmentation des effets indésirables de la propafénone, par diminution de son métabolisme hépatique par l'abiratérone. Surveillance clinique. Si besoin, adaptation de la posologie de la propafénone pendant le traitement par l'abiratérone."
ABIRATERONE,RIFAMPICINE,DECONSEILLEE,"Diminution notable des concentrations plasmatiques de l’abiratérone, avec risque de moindre efficacité."
ABROCITINIB,FLUCONAZOLE,PRECAUTION_EMPLOI,Risque de majoration des effets indésirables de l’abrocitinib par diminution de son métabolisme. Réduire la posologie de l’abrocitinib de moitié en cas de traitement par le fluconazole.
ABROCITINIB,FLUVOXAMINE,PRECAUTION_EMPLOI,Risque de majoration des effets indésirables de l’abrocitinib par diminution de son métabolisme. Réduire la posologie de l’abrocitinib de moitié en cas de traitement par la fluvoxamine.
ACETAZOLAMIDE,ACIDE ACETYLSALICYLIQUE,DECONSEILLEE,"Majoration des effets indésirables, et notamment de l'acidose métabolique, de l'acide acétylsalicylique à doses élevées et de l'acétazolamide, par diminution de l'élimination de l'acide acétylsalicylique par l'acétazolamide."
ACETAZOLAMIDE,CARBAMAZEPINE,PRECAUTION_EMPLOI,"Augmentation des concentrations plasmatiques de carbamazépine avec signes de surdosage. Surveillance clinique et, si besoin, contrôle des concentrations plasmatiques de carbamazépine et réduction éventuelle de sa posologie."
ACETAZOLAMIDE,LITHIUM,PRECAUTION_EMPLOI,Diminution de la lithémie avec risque de baisse de l’efficacité thérapeutique. Surveillance stricte de la lithémie et adaptation éventuelle de la posologie du lithium.
ACETAZOLAMIDE,VALPROMIDE,PRECAUTION_EMPLOI,"Augmentation de l'hyperammoniémie, avec risque accru d'encéphalopathie. Surveillance clinique et biologique régulière."
ACIDE ACETOHYDROXAMIQUE,FER,A_PRENDRE_EN_COMPTE,Diminution de l'absorption digestive de ces deux médicaments par chélation du fer.
ACIDE ACETYLSALICYLIQUE,ACETAZOLAMIDE,DECONSEILLEE,"Majoration des effets indésirables, et notamment de l'acidose métabolique, de l'acide acétylsalicylique à doses élevées et de l'acétazolamide, par diminution de l'élimination de l'acide acétylsalicylique par l'acétazolamide."
ACIDE ACETYLSALICYLIQUE,ANTI-INFLAMMATOIRES NON STÉROÏDIENS,DECONSEILLEE,Majoration du risque ulcérogène et hémorragique digestif. Association déconseillée avec : - des doses anti-inflammatoires d'acide acétylsalicylique (>=1g par prise et/ou >=3g par jour) - des doses antalgiques ou antipyrétiques (>=500 mg par prise et/ou <3g par jour) A prendre en compte avec : - des doses antiagrégantes (de 50 mg à 375 mg par jour en 1 ou plusieurs prises)
ACIDE ACETYLSALICYLIQUE,CLOPIDOGREL,DECONSEILLEE,Majoration du risque hémorragique par addition des activités antiagrégantes plaquettaires. Association déconseillée : - en dehors des indications validées pour cette association dans les syndromes coronariens aigus. Précaution d'emploi : - dans les indications validées pour cette association dans les syndromes coronariens aigus. Surveillance clinique.
ACIDE ACETYLSALICYLIQUE,DEFERASIROX,A_PRENDRE_EN_COMPTE,Majoration du risque ulcérogène et hémorragique digestif. A prendre en compte : - Pour des doses anti-inflammatoires d'acide acétylsalicylique ( 1g par prise et/ou 3g par jour) - Pour des doses antalgiques ou antipyrétiques d'acide acétylsalicylique ( 500 mg par prise et/ou <3g par jour) et ( 500 mg par prise et/ou <3g par jour)
ACIDE ACETYLSALICYLIQUE,DIURÉTIQUES,PRECAUTION_EMPLOI,"Pour des doses anti-inflammatoires d'acide acétylsalicylique (>= 1g par prise et/ou >= 3g par jour) ou pour des doses antalgiques ou Hydrater le malade et surveiller la fonction rénale en début de traitement antipyrétiques (>= 500 mg par prise et/ou < 3g par jour) : et régulièrement pendant l’association. Insuffisance rénale aiguë chez le patient à risque (âgé, déshydraté, avec une fonction rénale altérée), par diminution de la filtration glomérulaire secondaire à une diminution de la synthèse des prostaglandines rénales. Par ailleurs, réduction de l'effet antihypertenseur."
ACIDE ASCORBIQUE,CICLOSPORINE,A_PRENDRE_EN_COMPTE,"Risque de diminution des concentrations sanguines de la ciclosporine, notamment en cas d’association avec la vitamine E."
ACIDE ASCORBIQUE,DÉFÉRIPRONE,PRECAUTION_EMPLOI,"Par extrapolation à partir de l’interaction avec la déféroxamine : avec l’acide ascorbique à fortes doses et par voie IV, risque d’anomalies de la fonction cardiaque, voire insuffisance cardiaque aiguë (en général réversible à l’arrêt de la vitamine C)."
ACIDE ASCORBIQUE,DÉFÉROXAMINE,PRECAUTION_EMPLOI,"Avec l'acide ascorbique à fortes doses et par voie IV : anomalies de la fonction cardiaque, voire insuffisance cardiaque aiguë (en En cas d'hémochromatose, ne donner de la vitamine C qu'après avoir général réversible à l'arrêt de la vitamine C). commencé le traitement par la déféroxamine. Surveiller la fonction cardiaque en cas d'association."
ACIDE CHOLIQUE,PHÉNOBARBITAL,CONTRE_INDICATION,Effet antagoniste du barbiturique.
ACIDE CLODRONIQUE,ESTRAMUSTINE,PRECAUTION_EMPLOI,Risque d’augmentation des concentrations plasmatiques d’estramustine par le clodronate. Surveillance clinique au cours de l’association.
ACIDE FOLINIQUE,FLUOROURACILE,A_PRENDRE_EN_COMPTE,"Potentialisation des effets, à la fois cytostatiques et indésirables, du fluoro-uracile."
ACIDE FUSIDIQUE,OMBITASVIR + PARITAPRÉVIR,CONTRE_INDICATION,Augmentation des concentrations plasmatiques de l'acide fusidique par diminution de son métabolisme hépatique par la bithérapie.
ACIDE NICOTINIQUE,ALCOOL,A_PRENDRE_EN_COMPTE,"Risque de prurit, de rougeur et de chaleur, lié à une potentialisation de l'effet vasodilatateur."
ACIDE URSODESOXYCHOLIQUE,CICLOSPORINE,A_PRENDRE_EN_COMPTE,Risque de variation des concentrations sanguines de ciclosporine.
ACITRETINE,ALCOOL,CONTRE_INDICATION,"Chez la femme en âge de procréer, risque de transformation de l’acitrétine en étrétinate, puissant tératogène dont la demi-vie très prolongée (120 jours) expose à un risque tératogène majeur en cas de grossesse, pendant le traitement et les 2 mois suivant son arrêt."
ACITRETINE,METHOTREXATE,CONTRE_INDICATION,Risque de majoration de l'hépatotoxicité du méthotrexate.
ADRÉNALINE,ANESTHÉSIQUES VOLATILS HALOGÉNÉS,PRECAUTION_EMPLOI,"Troubles du rythme ventriculaire graves par augmentation de l'excitabilité cardiaque. Limiter l'apport, par exemple : moins de 0,1 mg d'adrénaline en 10 minutes ou 0,3 mg en 1 heure chez l'adulte."
ADRÉNALINE,IMAO IRRÉVERSIBLES,PRECAUTION_EMPLOI,"Troubles du rythme ventriculaire graves par augmentation de l'excitabilité cardiaque. Limiter l'apport, par exemple : moins de 0,1 mg d'adrénaline en 10 minutes ou 0,3 mg en 1 heure chez l'adulte."
AFATINIB,AMIODARONE,PRECAUTION_EMPLOI,"Augmentation des concentrations plasmatiques d’afatinib par augmentation de son absorption par l'amiodarone. Il est recommandé d’administrer l'amiodarone le plus à distance possible de l’afatinib, en respectant de préférence un intervalle de 6 heures ou de 12 heures par rapport à la prise d’afatinib."
AFATINIB,CICLOSPORINE,PRECAUTION_EMPLOI,"Augmentation des concentrations plasmatique d’afatinib par augmentation de son absorption par la ciclosporine. Il est recommandé d’administrer la ciclosporine le plus à distance possible de l’afatinib, en respectant de préférence un intervalle de 6 heures ou de 12 heures par rapport à la prise d’afatinib."
AFATINIB,ERYTHROMYCINE,PRECAUTION_EMPLOI,"Augmentation des concentrations plasmatique d’afatinib par augmentation de son absorption par l'érythromycine. Il est recommandé d’administrer l'érythromycine le plus à distance possible de l’afatinib, en respectant de préférence un intervalle de 6 heures ou de 12 heures par rapport à la prise d’afatinib."
AGOMELATINE,CIPROFLOXACINE,DECONSEILLEE,"Augmentation des concentrations d'agomélatine, avec risque de majoration des effets indésirables."
AGOMELATINE,FLUVOXAMINE,CONTRE_INDICATION,"Augmentation des concentrations d'agomélatine, avec risque de majoration des effets indésirables."
ALBENDAZOLE,RIFAMPICINE,PRECAUTION_EMPLOI,"Diminution importante des concentrations plasmatiques de l’albendazole et de son métabolite actif par l’inducteur, avec risque Surveillance clinique de la réponse thérapeutique et adaptation de baisse de son efficacité. éventuelle de la posologie de l’albendazole pendant le traitement avec l’inducteur enzymatique et après son arrêt."
ALCALINISANTS URINAIRES,HYDROQUINIDINE,PRECAUTION_EMPLOI,"Augmentation des concentrations plasmatiques de l'hydroquinidine et risque de surdosage (diminution de l'excrétion rénale de Surveillance clinique, ECG et éventuellement contrôle des l'hydroquinidine par alcalinisation des urines). concentrations de l'hydroquinidine ; si besoin, adaptation de la posologie pendant le traitement alcalinisant et après son arrêt."
ALCALINISANTS URINAIRES,QUINIDINE,PRECAUTION_EMPLOI,"Augmentation des concentrations plasmatiques de la quinidine et risque de surdosage (diminution de l'excrétion rénale de la Surveillance clinique, ECG et éventuellement contrôle de la quinidine par alcalinisation des urines). quinidinémie ; si besoin, adaptation de la posologie pendant le traitement alcalinisant et après son arrêt."
ALCOOL,ACIDE NICOTINIQUE,A_PRENDRE_EN_COMPTE,"Risque de prurit, de rougeur et de chaleur, lié à une potentialisation de l'effet vasodilatateur."
ALFENTANIL,CIMETIDINE,PRECAUTION_EMPLOI,Avec la cimétidine utilisée à des doses supérieures ou égales à 800 mg/j : augmentation de l'effet dépresseur respiratoire de Adapter la posologie de l'alfentanil en cas de traitement par la l'analgésique opiacé par diminution de son métabolisme hépatique. cimétidine.
ALFENTANIL,DILTIAZEM,PRECAUTION_EMPLOI,Augmentation de l'effet dépresseur respiratoire de l'analgésique opiacé par diminution de son métabolisme hépatique. Adapter la posologie de l'alfentanil en cas de traitement par le diltiazem.
ALFENTANIL,ERYTHROMYCINE,PRECAUTION_EMPLOI,Augmentation de l'effet dépresseur respiratoire de l'analgésique opiacé par diminution de son métabolisme hépatique. Adapter la posologie de l'alfentanil en cas de traitement par l'érythromycine.
ALFENTANIL,FLUCONAZOLE,PRECAUTION_EMPLOI,Augmentation de l'effet dépresseur respiratoire de l'analgésique opiacé par diminution de son métabolisme hépatique. Adapter la posologie de l'alfentanil en cas de traitement par le fluconazole.
ALFUZOSINE,OMBITASVIR + PARITAPRÉVIR,CONTRE_INDICATION,Augmentation des concentrations plasmatiques de l'afuzosine par diminution de son métabolisme hépatique par la bithérapie.
ALLOPURINOL,ANTIVITAMINES K,PRECAUTION_EMPLOI,Augmentation du risque hémorragique. Contrôle plus fréquent de l'INR. Adaptation éventuelle de la posologie de l'antivitamine K pendant le traitement par l'allopurinol et 8 jours après son arrêt.
ALLOPURINOL,DIDANOSINE,DECONSEILLEE,Augmentation des concentrations plasmatiques de didanosine et de ses effets indésirables.
ALLOPURINOL,PÉNICILLINES A,A_PRENDRE_EN_COMPTE,Risque accru de réactions cutanées.
ALLOPURINOL,VIDARABINE,DECONSEILLEE,"Risque accru de troubles neurologiques (tremblements, confusion) par inhibition partielle du métabolisme de l'antiviral."
ALPHABLOQUANTS À VISÉE UROLOGIQUE,ANTIHYPERTENSEURS ALPHA-BLOQUANTS,DECONSEILLEE,Majoration de l'effet hypotenseur. Risque d'hypotension orthostatique sévère.
ALPHABLOQUANTS À VISÉE UROLOGIQUE,ANTIHYPERTENSEURS SAUF ALPHA-BLOQUANTS,A_PRENDRE_EN_COMPTE,Majoration de l'effet hypotenseur. Risque d'hypotension orthostatique majoré.
ALUMINIUM,CITRATES,PRECAUTION_EMPLOI,"Risque de facilitation du passage systémique de l’aluminium, notamment en cas de fonction rénale altérée. Prendre les topiques gastro-intestinaux à base d'aluminium à distance des citrates (plus de 2 heures si possible), y compris les citrates naturels (jus d'agrumes)."
AMBRISENTAN,CICLOSPORINE,A_PRENDRE_EN_COMPTE,"Doublement des concentrations d’ambrisentan, avec majoration de l’effet vasodilatateur (céphalées)."
AMINOSIDES,AMPHOTERICINE B,A_PRENDRE_EN_COMPTE,Avec l'amphotéricine B administrée par voie IV : risque accru de néphrotoxicité.
AMINOSIDES,ATALUREN,CONTRE_INDICATION,Risque de potentialisation de la toxicité rénale de l’aminoside.
AMINOSIDES,BOTULIQUE,DECONSEILLEE,Risque d'augmentation des effets de la toxine botulique avec les aminosides (par extrapolation à partir des effets observés au cours Utiliser un autre antibiotique. du botulisme).
AMINOSIDES,CEFALOTINE,PRECAUTION_EMPLOI,L'augmentation de la néphrotoxicité des aminosides par la céfalotine est discutée. Surveillance de la fonction rénale.
AMINOSIDES,CICLOSPORINE,A_PRENDRE_EN_COMPTE,"Augmentation de la créatininémie plus importante que sous ciclosporine seule, avec majoration du risque néphrotoxique."
AMINOSIDES,CURARES,PRECAUTION_EMPLOI,"Potentialisation des curares lorque l'antibiotique est administré par voie parentérale et/ou péritonéale avant, pendant ou après l'agent Surveiller le degré de curarisation en fin d'anesthésie. curarisant."
AMINOSIDES,ORGANOPLATINES,A_PRENDRE_EN_COMPTE,"Addition des effets néphrotoxiques et/ou ototoxiques, notamment en cas d'insuffisance rénale préalable."
AMINOSIDES,POLYMYXINE B,DECONSEILLEE,"Addition des effets néphrotoxiques. Si l'association ne peut être évitée, surveillance stricte avec une justification bactériologique indiscutable."
AMINOSIDES,TACROLIMUS,A_PRENDRE_EN_COMPTE,Augmentation de la créatininémie plus importante que sous tacrolimus seul (synergie des effets néphrotoxiques des deux substances).
AMIODARONE,AFATINIB,PRECAUTION_EMPLOI,"Augmentation des concentrations plasmatiques d’afatinib par augmentation de son absorption par l'amiodarone. Il est recommandé d’administrer l'amiodarone le plus à distance possible de l’afatinib, en respectant de préférence un intervalle de 6 heures ou de 12 heures par rapport à la prise d’afatinib."
AMIODARONE,ANTIVITAMINES K,PRECAUTION_EMPLOI,Augmentation de l'effet de l'antivitamine K et du risque hémorragique. Contrôle plus fréquent de l'INR. Adaptation éventuelle de la posologie de l'antivitamine K pendant le traitement par l'amiodarone et jusqu'à 4 semaines après son arrêt.
AMIODARONE,BÊTA-BLOQUANTS,PRECAUTION_EMPLOI,Troubles de l'automatisme et de la conduction (suppression des mécanismes sympathiques compensateurs). Surveillance clinique et ECG.
AMIODARONE,BÊTA-BLOQUANTS DANS L'INSUFFISANCE CARDIAQUE,PRECAUTION_EMPLOI,Troubles de l'automatisme et de la conduction cardiaque avec risque de bradycardie excessive. Surveillance clinique et ECG régulière.
AMIODARONE,CICLOSPORINE,DECONSEILLEE,"Augmentation des concentrations sanguines de ciclosporine, par diminution de son métabolisme hépatique, avec risque d'effets Dosage des concentrations sanguines de ciclosporine, contrôle de la néphrotoxiques. fonction rénale et adaptation de la posologie de la ciclosporine pendant le traitement par l'amiodarone."
AMIODARONE,COBICISTAT,CONTRE_INDICATION,Risque de majoration des effets indésirables de l'amiodarone par diminution de son métabolisme par le cobicistat.
AMIODARONE,DABIGATRAN,PRECAUTION_EMPLOI,"Augmentation des concentrations plasmatiques de dabigatran, avec majoration du risque de saignement. Dans l'indication post-chirurgicale : surveillance clinique et adaptation de la posologie du dabigatran si nécessaire, sans excéder 150 mg/j."
AMIODARONE,DIGOXINE,PRECAUTION_EMPLOI,"Dépression de l'automatisme (bradycardie excessive) et troubles de la conduction auriculo-ventriculaire. De plus, augmentation de la Surveillance clinique, ECG et, s'il y a lieu, contrôle de la digoxinémie et digoxinémie par diminution de la clairance de la digoxine. adaptation de la posologie de la digoxine."
AMIODARONE,DILTIAZEM,DECONSEILLEE,"Pour diltiazem voie injectable : risque de bradycardie et de bloc auriculo-ventriculaire Association déconseillée avec : - le diltiazem IV Pour diltiazem per os : risque de bradycardie ou de bloc auriculo- Si l'association ne peut être évitée, surveillance clinique et ECG continu. ventriculaire, notamment chez les personnes âgées. Précaution d'emploi avec : - le diltiazem per os Surveillance clinique et ECG."
AMIODARONE,DOCETAXEL,PRECAUTION_EMPLOI,Risque de majoration des effets indésirables du docétaxel par diminution de son métabolisme hépatique par l’amiodarone Surveillance clinique et adaptation éventuelle de la posologie du docétaxel.
AMIODARONE,ESMOLOL,PRECAUTION_EMPLOI,"Troubles de la contractilité, de l'automatisme et de la conduction (suppression des mécanismes sympathiques compensateurs). Surveillance clinique et ECG."
AMIODARONE,FIDAXOMICINE,DECONSEILLEE,Augmentation des concentrations plasmatiques de la fidaxomicine.
AMIODARONE,FLUCONAZOLE,PRECAUTION_EMPLOI,"Risque d’allongement de l’intervalle QT. Surveillance clinique, particulièrement aux fortes doses de fluconazole (800 mg/j)."
AMLODIPINE,SIMVASTATINE,PRECAUTION_EMPLOI,Risque majoré d’effets indésirables (dose-dépendants) à type de rhabdomyolyse (diminution du métabolisme hépatique de Ne pas dépasser la posologie de 20 mg/j de simvastatine ou utiliser une l’hypocholestérolémiant). autre statine non concernée par ce type d’interaction.
AMPHOTERICINE B,AMINOSIDES,A_PRENDRE_EN_COMPTE,Avec l'amphotéricine B administrée par voie IV : risque accru de néphrotoxicité.
AMPHOTERICINE B,CICLOSPORINE,A_PRENDRE_EN_COMPTE,Avec l'amphotéricine B administrée par voie IV : augmentation de la créatininémie plus importante que sous ciclosporine seule (synergie des effets néphrotoxiques des deux substances).
AMPHOTERICINE B,TACROLIMUS,A_PRENDRE_EN_COMPTE,Avec l'amphotéricine B administrée par voie IV : augmentation de la créatininémie plus importante que sous tacrolimus seul (synergie des effets néphrotoxiques des deux substances).
AMPHOTERICINE B,ZIDOVUDINE,PRECAUTION_EMPLOI,Avec l'amphotéricine B administrée par voie IV : augmentation de la toxicité hématologique (addition d'effets de toxicité médullaire). Contrôle plus fréquent de l'hémogramme.
ANAGRELIDE,ANTIAGRÉGANTS PLAQUETTAIRES,DECONSEILLEE,Majoration des événements hémorragiques.
ANAGRELIDE,OMEPRAZOLE,A_PRENDRE_EN_COMPTE,Risque de moindre efficacité de l'anagrélide par augmentation de son métabolisme par l'oméprazole. Préférer un autre inhibiteur de la pompe à protons.
ANAKINRA,ANTI-TNF ALPHA,DECONSEILLEE,Risque accru d'infections graves et de neutropénies.
ANAKINRA,ETANERCEPT,DECONSEILLEE,Risque accru d'infections graves et de neutropénies.
ANDROGÈNES,ANTIVITAMINES K,PRECAUTION_EMPLOI,Augmentation du risque hémorragique par effet direct sur la coagulation et/ou les systèmes fibrinolytiques. Contrôle plus fréquent de l’INR. Adaptation de la posologie de l’antivitamine K pendant le traitement par l'androgène et après son arrêt.
ANESTHÉSIQUES VOLATILS HALOGÉNÉS,ADRÉNALINE,PRECAUTION_EMPLOI,"Troubles du rythme ventriculaire graves par augmentation de l'excitabilité cardiaque. Limiter l'apport, par exemple : moins de 0,1 mg d'adrénaline en 10 minutes ou 0,3 mg en 1 heure chez l'adulte."
ANESTHÉSIQUES VOLATILS HALOGÉNÉS,BÊTA-BLOQUANTS,PRECAUTION_EMPLOI,"Réduction des réactions cardiovasculaires de compensation par les bêta-bloquants. L'inhibition bêta-adrénergique peut être levée En règle générale, ne pas arrêter le traitement bêta-bloquant et, de durant l'intervention par les bêta-mimétiques. toute façon, éviter l'arrêt brutal. Informer l'anesthésiste de ce traitement."
ANESTHÉSIQUES VOLATILS HALOGÉNÉS,BÊTA-BLOQUANTS DANS L'INSUFFISANCE CARDIAQUE,PRECAUTION_EMPLOI,"Réduction des réactions cardiovasculaires de compensation par les bêta-bloquants. L'inhibition bêta-adrénergique peut être levée En règle générale, ne pas arrêter le traitement bêta-bloquant et, de durant l'intervention par les bêta-stimulants. toute façon, éviter l'arrêt brutal. Informer l'anesthésiste de ce traitement."
ANESTHÉSIQUES VOLATILS HALOGÉNÉS,ISONIAZIDE,PRECAUTION_EMPLOI,"Potentialisation de l'effet hépatotoxique de l'isonazide, avec formation accrue de métabolites toxiques de l'isoniazide. En cas d'intervention programmée, arrêter, par prudence, le traitement par l'isoniazide une semaine avant l'intervention et ne le reprendre que 15 jours après."
ANESTHÉSIQUES VOLATILS HALOGÉNÉS,ISOPRENALINE,DECONSEILLEE,Troubles du rythme ventriculaire graves par augmentation de l'excitabilité cardiaque.
ANESTHÉSIQUES VOLATILS HALOGÉNÉS,SYMPATHOMIMÉTIQUES ALPHA ET BÊTA,A_PRENDRE_EN_COMPTE,Décrit avec l'halothane et le cyclopropane. Troubles du rythme ventriculaire graves par augmentation de l'excitabilité cardiaque.
ANESTHÉSIQUES VOLATILS HALOGÉNÉS,SYMPATHOMIMÉTIQUES INDIRECTS,PRECAUTION_EMPLOI,"Poussée hypertensive peropératoire. En cas d'intervention programmée, il est préférable d'interrompre le traitement quelques jours avant l'intervention."
ANTABUSE,ALCOOL,DECONSEILLEE,"Effet antabuse (chaleur, rougeurs, vomissements, tachycardie). Eviter la prise de boissons alcoolisées et de médicaments contenant de l'alcool. Tenir compte de l’élimination complète des médicaments en se référant à leur demi-vie avant la reprise de boissons alcoolisées ou du médicament contenant de l’alcool."
ANTIAGRÉGANTS PLAQUETTAIRES,ANAGRELIDE,DECONSEILLEE,Majoration des événements hémorragiques.
ANTIAGRÉGANTS PLAQUETTAIRES,ANTI-INFLAMMATOIRES NON STÉROÏDIENS,A_PRENDRE_EN_COMPTE,"Augmentation du risque hémorragique, notamment gastro-intestinal."
ANTIAGRÉGANTS PLAQUETTAIRES,COBIMÉTINIB,PRECAUTION_EMPLOI,Augmentation du risque hémorragique. Surveillance clinique.
ANTIAGRÉGANTS PLAQUETTAIRES,DÉFIBROTIDE,DECONSEILLEE,Risque hémorragique accru.
ANTIAGRÉGANTS PLAQUETTAIRES,HÉPARINES,A_PRENDRE_EN_COMPTE,Augmentation du risque hémorragique.
ANTIAGRÉGANTS PLAQUETTAIRES,IBRUTINIB,PRECAUTION_EMPLOI,Augmentation du risque hémorragique. Surveillance clinique.
ANTIAGRÉGANTS PLAQUETTAIRES,THROMBOLYTIQUES,A_PRENDRE_EN_COMPTE,Augmentation du risque hémorragique.
ANTIARYTHMIQUES CLASSE IA,ESMOLOL,PRECAUTION_EMPLOI,"Troubles de la contractilité, de l'automatisme et de la conduction (suppression des mécanismes sympathiques compensateurs). Surveillance clinique et ECG."
ANTIARYTHMIQUES CLASSE IA,RIFAMPICINE,PRECAUTION_EMPLOI,"Diminution des concentrations plasmatiques et de l'efficacité de l'antiarythmique (augmentation de son métabolisme hépatique). Surveillance clinique, ECG et éventuellement de la concentration plasmatique de l'antiarythmique. Si besoin, adaptation de la posologie de l'antiarythmique pendant le traitement par la rifampicine et après son arrêt (risque de surdosage en antiarythmique)."
ANTICHOLINESTÉRASIQUES,BÊTA-BLOQUANTS DANS L'INSUFFISANCE CARDIAQUE,PRECAUTION_EMPLOI,"Risque de bradycardie excessive (addition des effets bradycardisants). Surveillance clinique régulière, notamment en début d'association."
ANTICHOLINESTÉRASIQUES,PILOCARPINE,A_PRENDRE_EN_COMPTE,"Risque d'addition des effets indésirables cholinergiques, notamment digestifs."
ANTICHOLINESTÉRASIQUES,SUXAMETHONIUM,A_PRENDRE_EN_COMPTE,"Risque d'allongement du bloc moteur, majoré en cas de déficit partiel en pseudocholinestérase."
ANTICONVULSIVANTS MÉTABOLISÉS,MILLEPERTUIS,CONTRE_INDICATION,Risque de diminution des concentrations plasmatiques et de l'efficacité de l'anticonvulsivant.
ANTIHYPERTENSEURS ALPHA-BLOQUANTS,ALPHABLOQUANTS À VISÉE UROLOGIQUE,DECONSEILLEE,Majoration de l'effet hypotenseur. Risque d'hypotension orthostatique sévère.
ANTIHYPERTENSEURS ALPHA-BLOQUANTS,ANTIHYPERTENSEURS SAUF ALPHA-BLOQUANTS,A_PRENDRE_EN_COMPTE,Majoration de l'effet hypotenseur. Risque majoré d'hypotension orthostatique.
ANTIHYPERTENSEURS CENTRAUX,BÊTA-BLOQUANTS,PRECAUTION_EMPLOI,Augmentation importante de la pression artérielle en cas d'arrêt brutal du traitement par l'antihypertenseur central. Eviter l'arrêt brutal du traitement par l'antihypertenseur central. Surveillance clinique.
ANTIHYPERTENSEURS CENTRAUX,BÊTA-BLOQUANTS DANS L'INSUFFISANCE CARDIAQUE,DECONSEILLEE,"Diminution centrale du tonus sympathique et effet vasodilatateur des antihypertenseurs centraux, préjudiciables en cas d'insuffisance cardiaque traitée par bêta-bloquant et vasodilatateur."
ANTIHYPERTENSEURS CENTRAUX,DILTIAZEM,A_PRENDRE_EN_COMPTE,Troubles de l'automatisme (troubles de la conduction auriculo- ventriculaire par addition des effets négatifs sur la conduction).
ANTIHYPERTENSEURS CENTRAUX,VERAPAMIL,A_PRENDRE_EN_COMPTE,Troubles de l'automatisme (troubles de la conduction auriculo- ventriculaire par addition des effets négatifs sur la conduction).
ANTIHYPERTENSEURS CENTRAUX,YOHIMBINE,DECONSEILLEE,Inhibition possible de l'activité antihypertensive par antagonisme au niveau des récepteurs.
ANTIHYPERTENSEURS SAUF ALPHA-BLOQUANTS,ALPHABLOQUANTS À VISÉE UROLOGIQUE,A_PRENDRE_EN_COMPTE,Majoration de l'effet hypotenseur. Risque d'hypotension orthostatique majoré.
ANTIHYPERTENSEURS SAUF ALPHA-BLOQUANTS,ANTIHYPERTENSEURS ALPHA-BLOQUANTS,A_PRENDRE_EN_COMPTE,Majoration de l'effet hypotenseur. Risque majoré d'hypotension orthostatique.
ANTI-INFLAMMATOIRES NON STÉROÏDIENS,ACIDE ACETYLSALICYLIQUE,DECONSEILLEE,Majoration du risque ulcérogène et hémorragique digestif. Association déconseillée avec : - des doses anti-inflammatoires d'acide acétylsalicylique (>=1g par prise et/ou >=3g par jour) - des doses antalgiques ou antipyrétiques (>=500 mg par prise et/ou <3g par jour) A prendre en compte avec : - des doses antiagrégantes (de 50 mg à 375 mg par jour en 1 ou plusieurs prises)
ANTI-INFLAMMATOIRES NON STÉROÏDIENS,ANTIAGRÉGANTS PLAQUETTAIRES,A_PRENDRE_EN_COMPTE,"Augmentation du risque hémorragique, notamment gastro-intestinal."
ANTI-INFLAMMATOIRES NON STÉROÏDIENS,BÊTA-BLOQUANTS,A_PRENDRE_EN_COMPTE,Réduction de l'effet antihypertenseur (inhibition des prostaglandines vasodilatatrices par les anti-inflammatoires non stéroïdiens).
ANTI-INFLAMMATOIRES NON STÉROÏDIENS,CICLOSPORINE,PRECAUTION_EMPLOI,"Risque d’addition des effets néphrotoxiques, notamment chez le sujet âgé. Surveiller la fonction rénale en début de traitement par l’AINS."
ANTI-INFLAMMATOIRES NON STÉROÏDIENS,COBIMÉTINIB,PRECAUTION_EMPLOI,Augmentation du risque hémorragique. Surveillance clinique.
ANTI-INFLAMMATOIRES NON STÉROÏDIENS,DEFERASIROX,A_PRENDRE_EN_COMPTE,Majoration du risque ulcérogène et hémorragique digestif.
ANTI-INFLAMMATOIRES NON STÉROÏDIENS,DIURÉTIQUES,PRECAUTION_EMPLOI,"Insuffisance rénale aiguë chez le patient à risque (âgé, déshydraté, sous diurétiques, avec une fonction rénale altérée), par diminution Hydrater le malade et surveiller la fonction rénale en début de traitement de la filtration glomérulaire secondaire à une diminution de la et régulièrement pendant l'association. synthèse des prostaglandines rénales. Ces effets sont généralement réversibles. Par ailleurs, réduction de l’effet antihypertenseur."
ANTI-INFLAMMATOIRES NON STÉROÏDIENS,GLUCOCORTICOÏDES,A_PRENDRE_EN_COMPTE,Augmentation du risque d’ulcération et d’hémorragie gastro- intestinale.
ANTI-INFLAMMATOIRES NON STÉROÏDIENS,HÉPARINES,DECONSEILLEE,"Augmentation du risque hémorragique (agression de la muqueuse gastroduodénale par les anti-inflammatoires non stéroïdiens). Si l'association ne peut être évitée, surveillance clinique étroite."
ANTIPARKINSONIENS DOPAMINERGIQUES,NEUROLEPTIQUES ANTIPSYCHOTIQUES,DECONSEILLEE,"Antagonisme réciproque du dopaminergique et des neuroleptiques. Le dopaminergique peut provoquer ou aggraver les troubles psychotiques. En cas de nécessité d'un traitement par neuroleptiques chez le patient parkinsonien traité par dopaminergique, ces derniers doivent être diminués progressivement jusqu'à l'arrêt (leur arrêt brutal expose à un risque de ""syndrome malin des neuroleptiques"")."
ANTIPURINES,ANTIVITAMINES K,PRECAUTION_EMPLOI,Augmentation du risque hémorragique. Contrôle plus fréquent de l'INR. Adaptation éventuelle de la posologie de l'antivitamine K à la mise en route du traitement par l'immunomodulateur et après son arrêt.
ANTIPURINES,RIBAVIRINE,DECONSEILLEE,"Risque majoré d'effets indésirables graves, par inhibition du métabolisme de l'immunomodulateur par la ribavirine."
ANTISÉCRÉTOIRES ANTIHISTAMINIQUES H2,ATAZANAVIR,A_PRENDRE_EN_COMPTE,Risque de diminution des concentrations plasmatiques de l'atazanavir.
ANTISÉCRÉTOIRES ANTIHISTAMINIQUES H2,CYANOCOBALAMINE,A_PRENDRE_EN_COMPTE,"Risque de carence en cyanocobalamine après traitement prolongé (quelques années), la réduction de l’acidité gastrique par ces médicaments pouvant diminuer l’absorption digestive de la vitamine B12."
ANTISEPTIQUES MERCURIELS,POVIDONE IODÉE,DECONSEILLEE,"Erythèmes, phlyctènes, voire nécrose cutanéo-muqueuse (formation d'un complexe caustique en cas d'utilisation concomitante d'antiseptiques iodés et mercuriels). L'interaction dépend de la stabilité de l'organo-mercuriel au niveau cutané et de la sensibilité individuelle."
ANTI-TNF ALPHA,ABATACEPT,DECONSEILLEE,Majoration de l’immunodépression.
ANTITUSSIFS MORPHINE-LIKE,METHADONE,A_PRENDRE_EN_COMPTE,"Risque majoré de dépression respiratoire, pouvant être fatale en cas de surdosage."
ANTITUSSIFS MORPHINIQUES VRAIS,METHADONE,A_PRENDRE_EN_COMPTE,"Risque majoré de dépression respiratoire, pouvant être fatale en cas de surdosage."
ANTIVITAMINES K,ALLOPURINOL,PRECAUTION_EMPLOI,Augmentation du risque hémorragique. Contrôle plus fréquent de l'INR. Adaptation éventuelle de la posologie de l'antivitamine K pendant le traitement par l'allopurinol et 8 jours après son arrêt.
ANTIVITAMINES K,AMIODARONE,PRECAUTION_EMPLOI,Augmentation de l'effet de l'antivitamine K et du risque hémorragique. Contrôle plus fréquent de l'INR. Adaptation éventuelle de la posologie de l'antivitamine K pendant le traitement par l'amiodarone et jusqu'à 4 semaines après son arrêt.
ANTIVITAMINES K,ANDROGÈNES,PRECAUTION_EMPLOI,Augmentation du risque hémorragique par effet direct sur la coagulation et/ou les systèmes fibrinolytiques. Contrôle plus fréquent de l’INR. Adaptation de la posologie de l’antivitamine K pendant le traitement par l'androgène et après son arrêt.
APALUTAMIDE,ATORVASTATINE,DECONSEILLEE,"Risque de diminution très importante des concentrations de l'atorvastatine, et perte d‘efficacité, par augmentation de son métabolisme hépatique par l’apalutamide."
APALUTAMIDE,CABAZITAXEL,DECONSEILLEE,"Risque de diminution très importante des concentrations du cabazitaxel, et perte d‘efficacité, par augmentation de son métabolisme hépatique par l’apalutamide."
APALUTAMIDE,DOCETAXEL,DECONSEILLEE,"Risque de diminution très importante des concentrations du docétaxel, et perte d‘efficacité, par augmentation de son métabolisme hépatique par l’apalutamide."
APALUTAMIDE,IMMUNOSUPPRESSEURS,DECONSEILLEE,"Risque de diminution très importante des concentrations des immunosuppresseurs, et perte d‘efficacité, par augmentation de leur métabolisme hépatique par l’apalutamide."
APALUTAMIDE,METHADONE,DECONSEILLEE,"Risque de diminution très importante des concentrations de la méthadone, et perte d‘efficacité, par augmentation de son métabolisme hépatique par l’apalutamide."
APALUTAMIDE,OLAPARIB,DECONSEILLEE,"Risque de diminution très importante des concentrations de l'olaparib, et perte d‘efficacité, par augmentation de son métabolisme hépatique par l’apalutamide."
APALUTAMIDE,OMEPRAZOLE,DECONSEILLEE,"Risque de diminution très importante des concentrations de l'oméprazole, et perte d‘efficacité, par augmentation de son métabolisme hépatique par l’apalutamide."
APALUTAMIDE,PIMOZIDE,DECONSEILLEE,"Risque de diminution très importante des concentrations du pimozide, et perte d‘efficacité, par augmentation de son métabolisme hépatique par l’apalutamide."
APALUTAMIDE,SIMVASTATINE,DECONSEILLEE,"Risque de diminution très importante des concentrations de la simvastatine, et perte d‘efficacité, par augmentation de son métabolisme hépatique par l’apalutamide."
APIXABAN,FLUCONAZOLE,DECONSEILLEE,"Augmentation des concentrations plasmatiques de l'apixaban par le fluconazole, avec majoration du risque de saignement."
APIXABAN,RIFAMPICINE,DECONSEILLEE,"Diminution des concentrations plasmatiques de l’apixaban par la rifampicine, avec risque de diminution de l’effet thérapeutique."
APOMORPHINE,SÉTRONS,CONTRE_INDICATION,Des hypotensions sévères et des pertes de connaissance ont été rapportées lors de l’association d’un sétron avec l’apomorphine.
APREPITANT,ANTIVITAMINES K,A_PRENDRE_EN_COMPTE,Risque de diminution de l’effet de l’antivitamine K par augmentation de son métabolisme hépatique par l’aprépitant.
APREPITANT,CYPROTERONE,PRECAUTION_EMPLOI,"Risque de diminution des concentrations de la cyprotérone avec risque de moindre efficacité contraceptive. Dans son utilisation comme contraceptif hormonal : Utiliser une méthode de contraception fiable, additionnelle ou alternative, pendant la durée de l'association."
APREPITANT,ESTROPROGESTATIFS CONTRACEPTIFS,PRECAUTION_EMPLOI,"Diminution de l’efficacité contraceptive par augmentation du métabolisme hépatique du contraceptif hormonal par l'aprépitant. Utiliser une méthode additionnelle de type mécanique (préservatif) pendant la durée de l’association, et un cycle suivant l’arrêt de l’aprépitant."
APREPITANT,IFOSFAMIDE,A_PRENDRE_EN_COMPTE,Risque d’augmentation de la neurotoxicité de l’ifosfamide.
APREPITANT,ITRACONAZOLE,A_PRENDRE_EN_COMPTE,Augmentation des concentrations d’aprépitant par diminution de son métabolisme hépatique par l’itraconazole.
APREPITANT,PIMOZIDE,CONTRE_INDICATION,"Risque majoré de troubles du rythme ventriculaire, notamment de torsades de pointes."
APREPITANT,PROGESTATIFS CONTRACEPTIFS,PRECAUTION_EMPLOI,"(Sauf stérilet), diminution des concentrations du progestatif, avec risque de moindre efficacité contraceptive. Utiliser de préférence une autre méthode contraceptive, en particulier de type mécanique, pendant la durée de l'association et un cycle suivant."
APREPITANT,RIFAMPICINE,DECONSEILLEE,Diminution très importante des concentrations d'aprépitant.
ARIPIPRAZOLE,NEUROLEPTIQUES ANTIPSYCHOTIQUES,A_PRENDRE_EN_COMPTE,"Risque de moindre efficacité, notamment de l’aripiprazole, suite à l’antagonisme des récepteurs dopaminergiques par le neuroleptique."
ATALUREN,AMINOSIDES,CONTRE_INDICATION,Risque de potentialisation de la toxicité rénale de l’aminoside.
ATAZANAVIR,ANTISÉCRÉTOIRES ANTIHISTAMINIQUES H2,A_PRENDRE_EN_COMPTE,Risque de diminution des concentrations plasmatiques de l'atazanavir.
ATAZANAVIR,BICTÉGRAVIR,DECONSEILLEE,Quadruplement des concentrations de bictégravir.
ATAZANAVIR,BUPRENORPHINE,A_PRENDRE_EN_COMPTE,"Risque de majoration ou de diminution des effets de la buprénorphine, à la fois par inhibition et accélération de son métabolisme par l’inhibiteur de protéases."
ATAZANAVIR,CLARITHROMYCINE,PRECAUTION_EMPLOI,"Augmentation des concentrations plasmatiques de clarithromycine et inhibition de la formation de son métabolite actif. Surveillance clinique et biologique régulière, notamment en début d'association."
ATAZANAVIR,EFAVIRENZ,DECONSEILLEE,"Risque de baisse de l’efficacité de l’atazanavir par augmentation de son métabolisme hépatique. Si l’association s’avère nécessaire, adaptation posologique de l’atazanavir avec surveillance clinique et biologique régulière, notamment en début d’association."
ATAZANAVIR,ETRAVIRINE,DECONSEILLEE,Risque de diminution des concentrations plasmatiques d’atazanavir par l’étravirine.
ATAZANAVIR,GLÉCAPRÉVIR + PIBRENTASVIR,CONTRE_INDICATION,Augmentation de l’hépatotoxicité avec la bithérapie.
ATAZANAVIR,LÉNACAPAVIR,DECONSEILLEE,"Lorsqu’il est associé au cobicistat, l’atazanavir provoque une augmentation très importante des concentrations de lénacapavir."
ATAZANAVIR,NEVIRAPINE,DECONSEILLEE,"Risque de baisse de l’efficacité de l’atazanavir par augmentation de son métabolisme hépatique. Si l’association s’avère nécessaire, adaptation posologique de l’atazanavir avec surveillance clinique et biologique régulière, notamment en début d’association."
ATORVASTATINE,APALUTAMIDE,DECONSEILLEE,"Risque de diminution très importante des concentrations de l'atorvastatine, et perte d‘efficacité, par augmentation de son métabolisme hépatique par l’apalutamide."
ATORVASTATINE,AZITHROMYCINE,PRECAUTION_EMPLOI,"Risque majoré d'effets indésirables (concentration-dépendants) à type de rhabdomyolyse, par diminution du métabolisme hépatique Utiliser des doses plus faibles d’hypocholestérolémiant ou une autre de l'hypocholestérolémiant. statine non concernée par ce type d’interaction."
ATORVASTATINE,CICLOSPORINE,PRECAUTION_EMPLOI,"Risque majoré d'effets indésirables (concentration-dépendants) à type de rhabdomyolyse (diminution du métabolisme de Ne pas dépasser la posologie de 10mg/jour d'atorvastatine. Si l'objectif l'hypocholestérolémiant). thérapeutique n'est pas atteint à cette posologie, utiliser une autre statine non concernée par ce type d'interaction."
ATORVASTATINE,CLARITHROMYCINE,PRECAUTION_EMPLOI,"Risque majoré d'effets indésirables (concentration-dépendants) à type de rhabdomyolyse, par diminution du métabolisme hépatique Utiliser des doses plus faibles d'hypocholestérolémiant. Si l'objectif de l'hypocholesterolémiant. thérapeutique n'est pas atteint, utiliser une autre statine non concernée par ce type d'interaction."
ATORVASTATINE,DILTIAZEM,PRECAUTION_EMPLOI,"Risque majoré d'effets indésirables (concentration-dépendants) à type de rhabdomyolyse, par diminution du métabolisme hépatique Utiliser des doses plus faibles d’hypocholestérolémiant ou une autre de l'hypocholestérolémiant. statine non concernée par ce type d’interaction."
ATORVASTATINE,ERYTHROMYCINE,PRECAUTION_EMPLOI,"Risque majoré d'effets indésirables (concentration-dépendants) à type de rhabdomyolyse, par diminution du métabolisme hépatique Utiliser des doses plus faibles d'hypocholestérolémiant. Si l'objectif de l'hypocholesterolémiant. thérapeutique n'est pas atteint, utiliser une autre statine non concernée par ce type d'interaction."
ATORVASTATINE,FLUCONAZOLE,PRECAUTION_EMPLOI,"Risque majoré d'effets indésirables concentration-dépendants à type de rhabdomyolyse (diminution du métabolisme hépatique de la Utiliser des doses plus faibles de l'hypocholestérolémiant. Si l'objectif statine). thérapeutique n'est pas atteint, utiliser une autre statine non concernée par ce type d'interaction."
ATORVASTATINE,GLÉCAPRÉVIR + PIBRENTASVIR,CONTRE_INDICATION,"Augmentation importante des concentrations plasmatiques d’atorvastatine par la bithérapie, avec risque majoré d’effets indésirables (concentration-dépendants) à type de rhabdomyolyses."
ATORVASTATINE,ITRACONAZOLE,CONTRE_INDICATION,Risque majoré d'effets indésirables (concentration-dépendants) à type de rhabdomyolyse (diminution du métabolisme hépatique de l'atorvastatine).
ATORVASTATINE,KETOCONAZOLE,CONTRE_INDICATION,Risque majoré d'effets indésirables (concentration-dépendants) à type de rhabdomyolyse (diminution du métabolisme hépatique de l'atorvastatine).
ATORVASTATINE,OMBITASVIR + PARITAPRÉVIR,CONTRE_INDICATION,Augmentation des concentrations plasmatiques de l'atorvastatine par diminution de son métabolisme hépatique par la bithérapie.
ATOVAQUONE,EFAVIRENZ,DECONSEILLEE,Diminution des concentrations plasmatiques d'atovaquone par l'inducteur enzymatique.
ATOVAQUONE,RIFABUTINE,A_PRENDRE_EN_COMPTE,Diminution modérée des concentrations plasmatiques d'atovaquone par l'inducteur enzymatique.
ATOVAQUONE,RIFAMPICINE,DECONSEILLEE,Diminution des concentrations plasmatiques d'atovaquone par l'inducteur enzymatique.
AVANAFIL,PAMPLEMOUSSE,DECONSEILLEE,"Augmentation des concentrations plasmatiques de l'avanafil, avec risque d’hypotension."
AZITHROMYCINE,ATORVASTATINE,PRECAUTION_EMPLOI,"Risque majoré d'effets indésirables (concentration-dépendants) à type de rhabdomyolyse, par diminution du métabolisme hépatique Utiliser des doses plus faibles d’hypocholestérolémiant ou une autre de l'hypocholestérolémiant. statine non concernée par ce type d’interaction."
AZITHROMYCINE,CICLOSPORINE,PRECAUTION_EMPLOI,"Risque d'augmentation des concentrations sanguines de ciclosporine et de la créatininémie. Dosage des concentrations sanguines de la ciclosporine, contrôle de la fonction rénale et adaptation de la posologie pendant l'association et après l'arrêt du macrolide."
AZITHROMYCINE,IVABRADINE,PRECAUTION_EMPLOI,"Risque majoré de troubles du rythme ventriculaires, notamment de torsades de pointes. De plus, risque d'augmentation des Surveillance clinique et ECG pendant l’association. concentrations plasmatiques de l’ivabradine par augmentation de son absorption par l’azithromycine."
AZITHROMYCINE,SIMVASTATINE,PRECAUTION_EMPLOI,"Risque majoré d'effets indésirables (concentration-dépendants) à type de rhabdomyolyse, par diminution du métabolisme hépatique Utiliser des doses plus faibles d’hypocholestérolémiant ou une autre de l'hypocholestérolémiant. statine non concernée par ce type d’interaction."
AZTREONAM,VALPROMIDE,PRECAUTION_EMPLOI,"Risque de survenue de crises convulsives, par diminution des concentrations plasmatiques de l'acide valproïque. Surveillance clinique, dosages plasmatiques et adaptation éventuelle de la posologie de l'anticonvulsivant pendant le traitement par l'anti- infectieux et après son arrêt."
BACLOFENE,LEVODOPA,A_PRENDRE_EN_COMPTE,"Risque d’aggravation du syndrome parkinsonien ou d’effets indésirables centraux (hallucinations visuelles, état confusionnel, céphalées)."
BARBITURIQUES,BENZODIAZÉPINES ET APPARENTÉS,A_PRENDRE_EN_COMPTE,"Risque majoré de sédation et de dépression respiratoire pouvant entraîner coma et décès, notamment chez le sujet âgé. Il convient de limiter autant que possible les doses et la durée de l’association."
BARBITURIQUES,MORPHINIQUES,A_PRENDRE_EN_COMPTE,"Risque majoré de sédation et de dépression respiratoire pouvant entraîner coma et décès, notamment chez le sujet âgé. Il convient de limiter autant que possible les doses et la durée de l’association."
BARBITURIQUES,OXYBATE DE SODIUM,CONTRE_INDICATION,"Risque majoré de dépression respiratoire, pouvant être fatale en cas de surdosage."
BENZODIAZÉPINES ET APPARENTÉS,BARBITURIQUES,A_PRENDRE_EN_COMPTE,"Risque majoré de sédation et de dépression respiratoire pouvant entraîner coma et décès, notamment chez le sujet âgé. Il convient de limiter autant que possible les doses et la durée de l’association."
BENZODIAZÉPINES ET APPARENTÉS,BUPRENORPHINE,A_PRENDRE_EN_COMPTE,"Avec la buprénorphine utilisée en traitement de substitution : risque majoré de dépression respiratoire, pouvant être fatale. Evaluer attentivement le rapport bénéfice/risque de cette association. Informer le patient de la nécessité de respecter les doses prescrites."
BENZODIAZÉPINES ET APPARENTÉS,CLOZAPINE,A_PRENDRE_EN_COMPTE,Risque accru de collapsus avec arrêt respiratoire et / ou cardiaque.
BENZODIAZÉPINES ET APPARENTÉS,MORPHINIQUES,A_PRENDRE_EN_COMPTE,"Risque majoré de sédation et de dépression respiratoire pouvant entraîner coma et décès, notamment chez le sujet âgé. Il convient de limiter autant que possible les doses et la durée de l’association."
BÊTA-2 MIMÉTIQUES,BÊTA-BLOQUANTS NON CARDIO-SÉLECTIFS,A_PRENDRE_EN_COMPTE,Risque de moindre efficacité réciproque par antagonisme pharmacodynamique.
BÊTA-2 MIMÉTIQUES,HALOTHANE,DECONSEILLEE,"En cas d'intervention obstétricale, majoration de l'inertie utérine avec risque hémorragique ; par ailleurs, troubles du rythme Interrompre le traitement par bêta-2 mimétiques si l'anesthésie doit se ventriculaires graves, par augmentation de la réactivité cardiaque. faire sous halothane."
BÊTA-2 MIMÉTIQUES,INSULINE,PRECAUTION_EMPLOI,Elévation de la glycémie par le bêta-2 mimétique. Renforcer la surveillance sanguine et urinaire.
BÊTA-2 MIMÉTIQUES,SULFAMIDES HYPOGLYCÉMIANTS,PRECAUTION_EMPLOI,"Elévation de la glycémie par le bêta-2 mimétique. Renforcer la surveillance sanguine et urinaire. Passer éventuellement à l'insuline, le cas échéant."
BÊTA-BLOQUANTS,AMIODARONE,PRECAUTION_EMPLOI,Troubles de l'automatisme et de la conduction (suppression des mécanismes sympathiques compensateurs). Surveillance clinique et ECG.
BÊTA-BLOQUANTS,ANESTHÉSIQUES VOLATILS HALOGÉNÉS,PRECAUTION_EMPLOI,"Réduction des réactions cardiovasculaires de compensation par les bêta-bloquants. L'inhibition bêta-adrénergique peut être levée En règle générale, ne pas arrêter le traitement bêta-bloquant et, de durant l'intervention par les bêta-mimétiques. toute façon, éviter l'arrêt brutal. Informer l'anesthésiste de ce traitement."
BÊTA-BLOQUANTS,ANTIHYPERTENSEURS CENTRAUX,PRECAUTION_EMPLOI,Augmentation importante de la pression artérielle en cas d'arrêt brutal du traitement par l'antihypertenseur central. Eviter l'arrêt brutal du traitement par l'antihypertenseur central. Surveillance clinique.
BÊTA-BLOQUANTS,ANTI-INFLAMMATOIRES NON STÉROÏDIENS,A_PRENDRE_EN_COMPTE,Réduction de l'effet antihypertenseur (inhibition des prostaglandines vasodilatatrices par les anti-inflammatoires non stéroïdiens).
BÊTA-BLOQUANTS,DIHYDROPYRIDINES,A_PRENDRE_EN_COMPTE,"Hypotension, défaillance cardiaque chez les patients en insuffisance cardiaque latente ou non contrôlée (addition des effets inotropes négatifs). Le bêta-bloquant peut par ailleurs minimiser la réaction sympathique réflexe mise en jeu en cas de répercussion hémodynamique excessive."
BÊTA-BLOQUANTS,DILTIAZEM,DECONSEILLEE,"Troubles de l'automatisme (bradycardie excessive, arrêt sinusal), troubles de la conduction sino-auriculaire et auriculo-ventriculaire et Une telle association ne doit se faire que sous surveillance clinique et défaillance cardiaque. ECG étroite, en particulier chez le sujet âgé ou en début de traitement."
BÊTA-BLOQUANTS,DIPYRIDAMOLE,A_PRENDRE_EN_COMPTE,Avec le dipyridamole par voie injectable : majoration de l'effet antihypertenseur.
BÊTA-BLOQUANTS,GLINIDES,PRECAUTION_EMPLOI,"Tous les bêta-bloquants peuvent masquer certains symptômes de l'hypoglycémie : palpitations et tachycardie. Prévenir le patient et renforcer, surtout en début de traitement, l'autosurveillance glycémique."
BÊTA-BLOQUANTS,GLIPTINES,PRECAUTION_EMPLOI,"Tous les bêtabloquants peuvent masquer certains symptômes de l'hypoglycémie : palpitations et tachycardie. Prévenir le patient et renforcer, surtout en début de traitement, l'autosurveillance glycémique."
BÊTA-BLOQUANTS,INSULINE,PRECAUTION_EMPLOI,"Tous les bêtabloquants peuvent masquer certains symptômes de l'hypoglycémie : palpitations et tachycardie. Prévenir le patient et renforcer, surtout en début de traitement, l'autosurveillance glycémique."
BÊTA-BLOQUANTS,LIDOCAINE,PRECAUTION_EMPLOI,"Avec la lidocaïne utilisée par voie IV : augmentation des concentrations plasmatiques de lidocaïne avec possibilité d'effets Surveillance clinique, ECG et éventuellement contrôle des indésirables neurologiques et cardiaques (diminution de la concentrations plasmatiques de lidocaïne pendant l'association et après clairance hépatique de la lidocaïne). l'arrêt du bêta-bloquant. Adaptation si besoin de la posologie de la lidocaïne."
BÊTA-BLOQUANTS,PROPAFENONE,PRECAUTION_EMPLOI,"Troubles de la contractilité, de l'automatisme et de la conduction (suppression des mécanismes sympathiques compensateurs). Surveillance clinique et ECG."
BÊTA-BLOQUANTS,SULFAMIDES HYPOGLYCÉMIANTS,PRECAUTION_EMPLOI,"Tous les bêta-bloquants peuvent masquer certains symptômes de l'hypoglycémie : palpitations et tachycardie. Prévenir le patient et renforcer, surtout en début de traitement, l'autosurveillance glycémique."
BÊTA-BLOQUANTS,VERAPAMIL,DECONSEILLEE,"Troubles de l'automatisme (bradycardie excessive, arrêt sinusal), trouble de la conduction sino-auriculaire et auriculo-ventriculaire et Une telle association ne doit se faire que sous surveillance clinique et défaillance cardiaque. ECG étroite, en particulier chez le sujet âgé ou en début de traitement."
BÊTA-BLOQUANTS DANS L'INSUFFISANCE CARDIAQUE,AMIODARONE,PRECAUTION_EMPLOI,Troubles de l'automatisme et de la conduction cardiaque avec risque de bradycardie excessive. Surveillance clinique et ECG régulière.
BÊTA-BLOQUANTS DANS L'INSUFFISANCE CARDIAQUE,ANESTHÉSIQUES VOLATILS HALOGÉNÉS,PRECAUTION_EMPLOI,"Réduction des réactions cardiovasculaires de compensation par les bêta-bloquants. L'inhibition bêta-adrénergique peut être levée En règle générale, ne pas arrêter le traitement bêta-bloquant et, de durant l'intervention par les bêta-stimulants. toute façon, éviter l'arrêt brutal. Informer l'anesthésiste de ce traitement."
BÊTA-BLOQUANTS DANS L'INSUFFISANCE CARDIAQUE,ANTICHOLINESTÉRASIQUES,PRECAUTION_EMPLOI,"Risque de bradycardie excessive (addition des effets bradycardisants). Surveillance clinique régulière, notamment en début d'association."
BÊTA-BLOQUANTS DANS L'INSUFFISANCE CARDIAQUE,ANTIHYPERTENSEURS CENTRAUX,DECONSEILLEE,"Diminution centrale du tonus sympathique et effet vasodilatateur des antihypertenseurs centraux, préjudiciables en cas d'insuffisance cardiaque traitée par bêta-bloquant et vasodilatateur."
BÊTA-BLOQUANTS DANS L'INSUFFISANCE CARDIAQUE,DIGOXINE,A_PRENDRE_EN_COMPTE,"Troubles de l’automatisme (bradycardie, arrêt sinusal) et troubles de la conduction sino-auriculaire et auriculo-ventriculaire."
BÊTA-BLOQUANTS DANS L'INSUFFISANCE CARDIAQUE,DIHYDROPYRIDINES,A_PRENDRE_EN_COMPTE,"Hypotension, défaillance cardiaque chez les malades en insuffisance cardiaque latente ou non contrôlée (effet inotrope négatif in vitro des dihydropyridines plus ou moins marqué et susceptibles de s'additionner aux effets inotropes négatifs des bêta- bloquants). La présence d'un traitement bêta-bloquant peut par ailleurs minimiser la réaction sympathique réflexe mise en jeu en cas de répercussion hémodynamique excessive."
BÊTA-BLOQUANTS DANS L'INSUFFISANCE CARDIAQUE,DILTIAZEM,DECONSEILLEE,"Effet inotrope négatif avec risque de décompensation de l’insuffisance cardiaque, troubles de l'automatisme (bradycardie, arrêt sinusal) et troubles de la conduction sino-auriculaire et auriculo-ventriculaire."
BÊTA-BLOQUANTS DANS L'INSUFFISANCE CARDIAQUE,GLINIDES,PRECAUTION_EMPLOI,"Tous les bêtabloquants peuvent masquer certains symptômes de l'hypoglycémie : palpitations et tachycardie. Prévenir le patient et renforcer, surtout en début de traitement, l'autosurveillance glycémique."
BÊTA-BLOQUANTS DANS L'INSUFFISANCE CARDIAQUE,INSULINE,PRECAUTION_EMPLOI,"Tous les bêtabloquants peuvent masquer certains symptômes de l'hypoglycémie : palpitations et tachycardie. Prévenir le patient et renforcer, surtout en début de traitement, l'autosurveillance glycémique."
BÊTA-BLOQUANTS DANS L'INSUFFISANCE CARDIAQUE,LIDOCAINE,A_PRENDRE_EN_COMPTE,Effet inotrope négatif avec risque de décompensation cardiaque.
BÊTA-BLOQUANTS DANS L'INSUFFISANCE CARDIAQUE,MEXILETINE,CONTRE_INDICATION,Effet inotrope négatif avec risque de décompensation cardiaque.
BÊTA-BLOQUANTS DANS L'INSUFFISANCE CARDIAQUE,NEUROLEPTIQUES,A_PRENDRE_EN_COMPTE,"Effet vasodilatateur et risque d'hypotension, notamment orthostatique (effet additif)."
BÊTA-BLOQUANTS NON CARDIO-SÉLECTIFS,BÊTA-2 MIMÉTIQUES,A_PRENDRE_EN_COMPTE,Risque de moindre efficacité réciproque par antagonisme pharmacodynamique.
BICTÉGRAVIR,ATAZANAVIR,DECONSEILLEE,Quadruplement des concentrations de bictégravir.
BICTÉGRAVIR,FER,PRECAUTION_EMPLOI,"Diminution de près des deux tiers de l'absorption du bictégravir en cas d’ingestion simultanée ou à jeun. Prendre le bictégravir au moins 2 heures avant les sels de fer, ou en même temps qu’un repas."
BICTÉGRAVIR,MILLEPERTUIS,CONTRE_INDICATION,"Diminution très importante des concentrations de bictégravir, avec risque de perte d’efficacité."
BICTÉGRAVIR,RIFAMPICINE,CONTRE_INDICATION,"Diminution très importante des concentrations de bictégravir, avec risque de perte d’efficacité."
BISPHOSPHONATES,CALCIUM,PRECAUTION_EMPLOI,"Pour les sels de calcium administrés par voie orale : diminution de l'absorption digestive des bisphosphonates. Prendre les sels de calcium et antiacides à distance des bisphosphonates (de 30 minutes au minimum à plus de 2 heures, si possible, selon le bisphosphonate)."
BISPHOSPHONATES,FER,PRECAUTION_EMPLOI,"Pour les sels de fer administrés par voie orale : diminution de l'absorption digestive des bisphosphonates. Prendre les sels de fer à distance des bisphosphonates (de 30 minutes au minimum à plus de 2 heures, si possible, selon le bisphosphonate)."
BLEOMYCINE,BRENTUXIMAB,CONTRE_INDICATION,Risque de majoration de la toxicité pulmonaire.
BOSENTAN,ANTIVITAMINES K,PRECAUTION_EMPLOI,Diminution de l'effet de l'antivitamine K par augmentation de son métabolisme hépatique. Contrôle plus fréquent de l'INR. Adaptation éventuelle de la posologie de l'antivitamine K.
BOSENTAN,CICLOSPORINE,CONTRE_INDICATION,Diminution importante des concentrations sanguines de la ciclosporine et augmentation des concentrations plasmatiques de bosentan.
BOSENTAN,CYPROTERONE,PRECAUTION_EMPLOI,"Risque de diminution de l'efficacité de la cyprotérone. Dans ses indications comme anti-androgène, surveillance clinique et si possible adaptation de la posologie de la cyprotérone pendant l'administration avec le bosentan et après son arrêt. Dans son utilisation comme contraceptif hormonal, utiliser une méthode de contraception fiable, additionnelle ou alternative pendant la durée de l'association."
BOSENTAN,ESTROPROGESTATIFS CONTRACEPTIFS,PRECAUTION_EMPLOI,"Diminution de l’efficacité contraceptive par augmentation du métabolisme hépatique du contraceptif hormonal par le bosentan. Utiliser une méthode additionnelle de type mécanique (préservatif) pendant la durée de l’association, et un cycle suivant l’arrêt du bosentan."
BOSENTAN,GLIBENCLAMIDE,PRECAUTION_EMPLOI,"Risque de moindre efficacité du glibenclamide par diminution de ses concentrations plasmatiques, en raison de l'effet inducteur du Surveillance de la glycémie, adaptation du traitement si besoin, et bosentan. Par ailleurs, des cas d'hépatotoxicité ont été rapportés surveillance des constantes biologiques hépatiques. lors de l'association."
BOSENTAN,PROGESTATIFS CONTRACEPTIFS,PRECAUTION_EMPLOI,"Risque de diminution de l'efficacité du contraceptif hormonal par augmentation de son métabolisme hépatique. Utiliser une méthode contraceptive fiable, additionnelle ou alternative, pendant la durée de l'association et un cycle suivant."
BOSENTAN,"PROGESTATIFS NON CONTRACEPTIFS, ASSOCIÉS OU NON À UN ESTROGÈNE",PRECAUTION_EMPLOI,Risque de diminution de l’efficacité du progestatif. Surveillance clinique et adaptation éventuelle de la posologie du traitement hormonal pendant l’administration du bosentan et après son arrêt.
BOSENTAN,RIFAMPICINE,DECONSEILLEE,"Risque de diminution, importante pour la rifampicine, des concentrations plasmatiques de bosentan."
BOTULIQUE,AMINOSIDES,DECONSEILLEE,Risque d'augmentation des effets de la toxine botulique avec les aminosides (par extrapolation à partir des effets observés au cours Utiliser un autre antibiotique. du botulisme).
BRADYCARDISANTS,FINGOLIMOD,DECONSEILLEE,"Potentialisation des effets bradycardisants pouvant avoir des conséquences fatales. Les bêta-bloquants sont d’autant plus à Surveillance clinique et ECG continu pendant les 6 heures suivant la risque qu’ils empêchent les mécanismes de compensation première dose voire 2 heures de plus, jusqu'au lendemain si nécessaire. adrénergique."
BRADYCARDISANTS,OZANIMOD,DECONSEILLEE,Potentialisation des effets bradycardisants pouvant avoir des conséquences fatales. Les bêta-bloquants sont d’autant plus à Surveillance clinique et ECG pendant au moins 6 heures. risque qu’ils empêchent les mécanismes de compensation adrénergique.
BRADYCARDISANTS,PONÉSIMOD,DECONSEILLEE,"Potentialisation des effets bradycardisants pouvant avoir des conséquences fatales. Les bêta-bloquants sont d’autant plus à Surveillance clinique et ECG continu pendant les 4 heures suivant la risque qu’ils empêchent les mécanismes de compensation première dose, jusqu'au lendemain si nécessaire. adrénergique."
BRENTUXIMAB,BLEOMYCINE,CONTRE_INDICATION,Risque de majoration de la toxicité pulmonaire.
BUPRENORPHINE,ATAZANAVIR,A_PRENDRE_EN_COMPTE,"Risque de majoration ou de diminution des effets de la buprénorphine, à la fois par inhibition et accélération de son métabolisme par l’inhibiteur de protéases."
BUPRENORPHINE,BENZODIAZÉPINES ET APPARENTÉS,A_PRENDRE_EN_COMPTE,"Avec la buprénorphine utilisée en traitement de substitution : risque majoré de dépression respiratoire, pouvant être fatale. Evaluer attentivement le rapport bénéfice/risque de cette association. Informer le patient de la nécessité de respecter les doses prescrites."
BUPRENORPHINE,ITRACONAZOLE,PRECAUTION_EMPLOI,"Augmentation des concentrations de buprénorphine par diminution de son métabolisme hépatique, avec risque de majoration de ses Surveillance clinique et adaptation de la posologie de la buprénorphine effets indésirables. pendant le traitement par l'inhibiteur et, le cas échéant, après son arrêt."
BUPRENORPHINE,KETOCONAZOLE,PRECAUTION_EMPLOI,"Augmentation des concentrations de buprénorphine par diminution de son métabolisme hépatique, avec risque de majoration de ses Surveillance clinique et adaptation de la posologie de la buprénorphine effets indésirables. pendant le traitement par l'inhibiteur et, le cas échéant, après son arrêt."
BUPROPION,CLOMIPRAMINE,PRECAUTION_EMPLOI,"Risque d'augmentation des effets indésirables de la clomipramine par diminution de son métabolisme hépatique par le bupropion. Surveillance clinique. Si besoin, adaptation de la posologie de la clomipramine pendant le traitement par le bupropion."
BUPROPION,CODEINE,DECONSEILLEE,Risque d’inefficacité de l’opiacé par inhibition de son métabolisme par l’inhibiteur.
BUPROPION,DESIPRAMINE,PRECAUTION_EMPLOI,"Risque d'augmentation des effets indésirables de la désipramine par diminution de son métabolisme hépatique par le bupropion. Surveillance clinique. Si besoin, adaptation de la posologie de la désipramine pendant le traitement par le bupropion."
BUPROPION,IMAO-B,CONTRE_INDICATION,Risque de crises hypertensives.
BUPROPION,MEQUITAZINE,DECONSEILLEE,"Risque de majoration des effets indésirables de la méquitazine, par inhibition de son métabolisme par l’inhibiteur enzymatique."
BUPROPION,METOPROLOL,PRECAUTION_EMPLOI,"Avec le métoprolol utilisé dans l'insuffisance cardiaque : risque d'augmentation des effets indésirables du métoprolol par diminution Surveillance clinique. Si besoin, adaptation de la posologie du de son métabolisme hépatique par le bupropion. métoprolol pendant le traitement par le bupropion."
BUPROPION,NORTRIPTYLINE,PRECAUTION_EMPLOI,"Risque d'augmentation des effets indésirables de la nortriptyline par diminution de son métabolisme hépatique par le bupropion. Surveillance clinique. Si besoin, adaptation de la posologie de la nortriptyline pendant le traitement par le bupropion."
BUPROPION,PROPAFENONE,PRECAUTION_EMPLOI,"Risque d'augmentation des effets indésirables de la propafénone par diminution de son métabolisme hépatique par le bupropion. Surveillance clinique. Si besoin, adaptation de la posologie de la propafénone pendant le traitement par le bupropion."
BUPROPION,TAMOXIFENE,DECONSEILLEE,"Risque de baisse de l'efficacité du tamoxifène, par inhibition de la formation de son métabolite actif par le bupropion."
BUPROPION,TETRABENAZINE,CONTRE_INDICATION,Augmentation possiblement très importante de l’exposition des métabolites actifs de la tétrabénazine.
BUPROPION,TRAMADOL,DECONSEILLEE,Risque d’inefficacité de l’opiacé par inhibition de son métabolisme par l’inhibiteur.
BUPROPION,VÉMURAFÉNIB,A_PRENDRE_EN_COMPTE,"Risque de diminution des concentrations du bupropion, avec augmentation de son métabolite actif et toxicité majorée."
BUSPIRONE,DIAZEPAM,A_PRENDRE_EN_COMPTE,Risque de majoration des effets indésirables de la buspirone.
BUSPIRONE,DILTIAZEM,PRECAUTION_EMPLOI,"Augmentation des concentrations plasmatiques de la buspirone par diminution de son métabolisme hépatique par le diltiazem, avec Surveillance clinique et adaptation de la posologie de la buspirone si augmentation de ses effets indésirables. nécessaire."
BUSULFAN,DEFERASIROX,A_PRENDRE_EN_COMPTE,Risque d’augmentation de la toxicité du busulfan par diminution de sa clairance par le déférasirox.
BUSULFAN,ITRACONAZOLE,DECONSEILLEE,Avec le busulfan à fortes doses : doublement des concentrations de busulfan par l’itraconazole.
BUSULFAN,METRONIDAZOLE,DECONSEILLEE,Avec le busulfan à fortes doses : doublement des concentrations de busulfan par le métronidazole.
CABAZITAXEL,APALUTAMIDE,DECONSEILLEE,"Risque de diminution très importante des concentrations du cabazitaxel, et perte d‘efficacité, par augmentation de son métabolisme hépatique par l’apalutamide."
CAFEINE,CIPROFLOXACINE,A_PRENDRE_EN_COMPTE,"Augmentation des concentrations plasmatiques de caféine, par diminution de son métabolisme hépatique."
CAFEINE,DIPYRIDAMOLE,PRECAUTION_EMPLOI,"Avec le dipyridamole par voie injectable : réduction de l’effet vasodilatateur du dipyridamole par la caféine. Interrompre un traitement à base de caféine au moins 5 jours avant une imagerie myocardique avec le dipyridamole et éviter la consommation de café, thé, chocolat ou cola dans les 24 heures qui précèdent le test."
CAFEINE,ENOXACINE,DECONSEILLEE,"Augmentation des concentrations plasmatiques de caféine, pouvant entraîner excitations et hallucinations, par diminution de son métabolisme hépatique."
CAFEINE,LITHIUM,A_PRENDRE_EN_COMPTE,"En cas d’arrêt brutal de la consommation de café ou de médicaments contenant de la caféine, risque d’augmentation de la lithémie."
CAFEINE,MEXILETINE,A_PRENDRE_EN_COMPTE,"Augmentation des concentrations plasmatiques de caféine, par inhibition de son métabolisme hépatique par la méxilétine."
CAFEINE,NORFLOXACINE,A_PRENDRE_EN_COMPTE,"Augmentation des concentrations plasmatiques de caféine, par diminution du métabolisme hépatique de la caféine."
CAFEINE,STIRIPENTOL,PRECAUTION_EMPLOI,"Augmentation possible des concentrations plasmatiques de la caféine, avec risque de surdosage, par inhibition de son Surveillance clinique et adaptation éventuelle de la posologie de caféine. métabolisme hépatique."
CALCITONINE,LITHIUM,PRECAUTION_EMPLOI,"Risque de baisse de l’efficacité du lithium par augmentation de son élimination rénale par la calcitonine. Surveillance clinique et biologique régulière, notamment en début d’association."
CALCIUM,BISPHOSPHONATES,PRECAUTION_EMPLOI,"Pour les sels de calcium administrés par voie orale : diminution de l'absorption digestive des bisphosphonates. Prendre les sels de calcium et antiacides à distance des bisphosphonates (de 30 minutes au minimum à plus de 2 heures, si possible, selon le bisphosphonate)."
CALCIUM,CIPROFLOXACINE,PRECAUTION_EMPLOI,"Diminution de l'absorption digestive de la ciprofloxacine. Prendre les sels de calcium à distance de la ciprofloxacine (plus de 2 heures, si possible)."
CALCIUM,CYCLINES,PRECAUTION_EMPLOI,"Diminution de l'absorption digestive des cyclines. Prendre les sels de calcium à distance des cyclines (plus de deux heures, si possible)."
CANAKINUMAB,ANTI-TNF ALPHA,DECONSEILLEE,Risque de majoration des infections graves.
CANNABIDIOL,MILLEPERTUIS,CONTRE_INDICATION,Diminution des concentrations plasmatiques de cannabidiol avec risque de perte d’efficacité.
CARBAMAZEPINE,ACETAZOLAMIDE,PRECAUTION_EMPLOI,"Augmentation des concentrations plasmatiques de carbamazépine avec signes de surdosage. Surveillance clinique et, si besoin, contrôle des concentrations plasmatiques de carbamazépine et réduction éventuelle de sa posologie."
CARBAMAZEPINE,CIMETIDINE,PRECAUTION_EMPLOI,"Avec la cimétidine utilisée à des doses supérieures ou égales à 800 mg/j : en début de traitement, augmentation des concentrations Surveillance clinique et réduction éventuelle de la posologie de la plasmatiques de carbamazépine par inhibition de son métabolisme carbamazépine, spécialement pendant les premiers jours de traitement hépatique par la cimétidine. par la cimétidine."
CARBAMAZEPINE,CLARITHROMYCINE,PRECAUTION_EMPLOI,"Augmentation des concentrations plasmatiques de carbamazépine avec signes de surdosage, par inhibition de son métabolisme Surveillance clinique et réduction éventuelle de la posologie de la hépatique. carbamazépine."
CARBAMAZEPINE,CLONAZEPAM,PRECAUTION_EMPLOI,"Augmentation des concentrations plasmatiques du métabolite actif de la carbamazépine. De plus, diminution des concentrations Surveillance clinique, dosages plasmatiques et adaptation éventuelle plasmatiques du clonazépam par augmentation de son des posologies des deux anticonvulsivants. métabolisme hépatique par la carbamazépine."
CARBAMAZEPINE,DANAZOL,PRECAUTION_EMPLOI,"Augmentation des concentrations plasmatiques de carbamazépine, avec signes de surdosage. Surveillance clinique et réduction éventuelle de la posologie de la carbamazépine."
CARBAMAZEPINE,DIGOXINE,PRECAUTION_EMPLOI,Augmentation des concentrations plasmatiques de carbamazépine et diminution de la digoxinémie. Prudence dans l'interprétation des concentrations plasmatiques.
CARBAMAZEPINE,ERYTHROMYCINE,DECONSEILLEE,"Augmentation des concentrations plasmatiques de carbamazépine, avec signes de surdosage, par inhibition de son métabolisme hépatique."
CARBAMAZEPINE,ETHOSUXIMIDE,PRECAUTION_EMPLOI,"Diminution des concentrations plasmatiques d'éthosuximide. Surveillance clinique, dosage plasmatique de l'éthosuximide et augmentation éventuelle de sa posologie."
CARBAMAZEPINE,FELBAMATE,PRECAUTION_EMPLOI,"Augmentation des concentrations plasmatiques du métabolite actif de la carbamazépine. De plus, diminution des concentrations Surveillance clinique, dosages plasmatiques et adaptation éventuelle plasmatiques de felbamate par augmentation de son métabolisme des posologies des deux anticonvulsivants. hépatique par la carbamazépine."
CARBAMAZEPINE,FLUCONAZOLE,PRECAUTION_EMPLOI,"Pour des doses de fluconazole >= 200 mg par jour : augmentation possible des effets indésirables de la carbamazépine. Adapter la posologie de carbamazépine, pendant et après l’arrêt du traitement antifongique."
CARBAMAZEPINE,FLUOXETINE,PRECAUTION_EMPLOI,"Augmentation des concentrations plasmatiques de carbamazépine avec signes de surdosage. Surveillance clinique, contrôle des concentrations plasmatiques de carbamazépine et réduction éventuelle de la posologie de la carbamazépine pendant le traitement par l'antidépresseur sérotoninergique et après son arrêt."
CARMUSTINE,CIMETIDINE,DECONSEILLEE,Avec la cimétidine utilisée à des doses supérieures ou égales à 800 mg/j : toxicité médullaire accrue (inhibition du métabolisme de la carmustine).
CARVEDILOL,CIMETIDINE,CONTRE_INDICATION,"Avec la cimétidine utilisée à des doses supérieures ou égales à 800 mg/j : augmentation des concentrations du carvédilol, pouvant Utiliser un autre antisécrétoire gastrique. être préjudiciables dans le cas du traitement de l'insuffisance cardiaque, par diminution de son métabolisme hépatique par la cimétidine."
CARVEDILOL,RIFAMPICINE,PRECAUTION_EMPLOI,"Diminution importante des concentrations plasmatiques du carvédilol, par augmentation de son métabolisme hépatique par la Surveillance clinique régulière et adaptation de la posologie du rifampicine. carvédilol pendant le traitement par la rifampicine. A l'arrêt de la rifampicine, risque de remontée importante des concentrations plasmatiques de carvédilol imposant une réduction posologique et une surveillance clinique étroite."
CEFALOTINE,AMINOSIDES,PRECAUTION_EMPLOI,L'augmentation de la néphrotoxicité des aminosides par la céfalotine est discutée. Surveillance de la fonction rénale.
CEFAMANDOLE,ANTIVITAMINES K,PRECAUTION_EMPLOI,Augmentation de l'effet de l'antivitamine K et du risque hémorragique. Contrôle plus fréquent de l'INR. Adaptation éventuelle de la posologie de l'antivitamine K pendant le traitement par la céphalosporine et après son arrêt.
CEFAZOLINE,ANTIVITAMINES K,PRECAUTION_EMPLOI,Augmentation de l'effet de l'antivitamine K et du risque hémorragique. Contrôle plus fréquent de l'INR. Adaptation éventuelle de la posologie de l'antivitamine K pendant le traitement par la céphalosporine et après son arrêt.
CEFTRIAXONE,ANTIVITAMINES K,PRECAUTION_EMPLOI,Augmentation de l'effet de l'antivitamine K et du risque hémorragique. Contrôle plus fréquent de l'INR. Adaptation éventuelle de la posologie de l'antivitamine K pendant le traitement par la céphalosporine et après son arrêt.
CHLORDIAZEPOXIDE,CIMETIDINE,PRECAUTION_EMPLOI,Avec la cimétidine utilisée à des doses supérieures ou égales à 800 mg/j : risque accru de somnolence. Avertir les patients de l'augmentation du risque en cas de conduite automobile ou d'utilisation de machines.
CHLOROQUINE,CICLOSPORINE,PRECAUTION_EMPLOI,"Risque d'augmentation des concentrations sanguines de ciclosporine et de la créatininémie. Dosage des concentrations sanguines de ciclosporine, contrôle de la fonction rénale et adaptation de la posologie pendant l'association et après l'arrêt de la chloroquine."
CHLOROQUINE,CIMETIDINE,A_PRENDRE_EN_COMPTE,Ralentissement de l’élimination de la chloroquine et risque de surdosage.
CHLOROQUINE,HORMONES THYROÏDIENNES,PRECAUTION_EMPLOI,"Risque d’hypothyroïdie clinique chez les patients substitués par hormones thyroïdiennes. Surveillance clinique et biologique. Adaptation, si besoin, de la posologie des hormones thyroïdiennes pendant le traitement par chloroquine et après son arrêt."
CHLORPROMAZINE,INSULINE,PRECAUTION_EMPLOI,A fortes posologies (100 mg par jour de chlorpromazine) : élévation de la glycémie (diminution de la libération de l'insuline). Prévenir le patient et renforcer l'autosurveillance glycémique. Adapter éventuellement la posologie de l'insuline pendant le traitement par le neuroleptique et après son arrêt.
CHLORPROMAZINE,SULFAMIDES HYPOGLYCÉMIANTS,PRECAUTION_EMPLOI,A fortes posologies (100 mg par jour de chlorpromazine) : élévation de la glycémie (diminution de la libération de l'insuline). Prévenir le patient et renforcer l'autosurveillance glycémique. Adapter éventuellement la posologie du neuroleptique pendant le traitement et après son arrêt.
CICLOSPORINE,ACIDE ASCORBIQUE,A_PRENDRE_EN_COMPTE,"Risque de diminution des concentrations sanguines de la ciclosporine, notamment en cas d’association avec la vitamine E."
CICLOSPORINE,ACIDE URSODESOXYCHOLIQUE,A_PRENDRE_EN_COMPTE,Risque de variation des concentrations sanguines de ciclosporine.
CICLOSPORINE,AFATINIB,PRECAUTION_EMPLOI,"Augmentation des concentrations plasmatique d’afatinib par augmentation de son absorption par la ciclosporine. Il est recommandé d’administrer la ciclosporine le plus à distance possible de l’afatinib, en respectant de préférence un intervalle de 6 heures ou de 12 heures par rapport à la prise d’afatinib."
CICLOSPORINE,AMBRISENTAN,A_PRENDRE_EN_COMPTE,"Doublement des concentrations d’ambrisentan, avec majoration de l’effet vasodilatateur (céphalées)."
CIMETIDINE,ALFENTANIL,PRECAUTION_EMPLOI,Avec la cimétidine utilisée à des doses supérieures ou égales à 800 mg/j : augmentation de l'effet dépresseur respiratoire de Adapter la posologie de l'alfentanil en cas de traitement par la l'analgésique opiacé par diminution de son métabolisme hépatique. cimétidine.
CIMETIDINE,ANTIVITAMINES K,A_PRENDRE_EN_COMPTE,Avec la cimétidine utilisée à des doses supérieures ou égales à 800 mg/j : augmentation de l'effet de l'antivitamine K et du risque hémorragique (diminution de son métabolisme hépatique).
CIMETIDINE,CARBAMAZEPINE,PRECAUTION_EMPLOI,"Avec la cimétidine utilisée à des doses supérieures ou égales à 800 mg/j : en début de traitement, augmentation des concentrations Surveillance clinique et réduction éventuelle de la posologie de la plasmatiques de carbamazépine par inhibition de son métabolisme carbamazépine, spécialement pendant les premiers jours de traitement hépatique par la cimétidine. par la cimétidine."
CIMETIDINE,CARMUSTINE,DECONSEILLEE,Avec la cimétidine utilisée à des doses supérieures ou égales à 800 mg/j : toxicité médullaire accrue (inhibition du métabolisme de la carmustine).
CINACALCET,CODEINE,DECONSEILLEE,Risque d’inefficacité de l’opiacé par inhibition de son métabolisme par l’inhibiteur.
CIPROFLOXACINE,AGOMELATINE,DECONSEILLEE,"Augmentation des concentrations d'agomélatine, avec risque de majoration des effets indésirables."
CIPROFLOXACINE,CAFEINE,A_PRENDRE_EN_COMPTE,"Augmentation des concentrations plasmatiques de caféine, par diminution de son métabolisme hépatique."
CIPROFLOXACINE,CALCIUM,PRECAUTION_EMPLOI,"Diminution de l'absorption digestive de la ciprofloxacine. Prendre les sels de calcium à distance de la ciprofloxacine (plus de 2 heures, si possible)."
CIPROFLOXACINE,CLOZAPINE,PRECAUTION_EMPLOI,"Augmentation des concentrations de clozapine avec risque de surdosage, par diminution de son métabolisme hépatique par la Surveillance clinique et réduction éventuelle de la posologie de la ciprofloxacine. clozapine pendant le traitement par la ciprofloxacine et après son arrêt."
CIPROFLOXACINE,METHOTREXATE,DECONSEILLEE,Augmentation de la toxicité du méthotrexate par inhibition de sa sécrétion tubulaire rénale par la ciprofloxacine.
CIPROFLOXACINE,PHÉNYTOÏNE,PRECAUTION_EMPLOI,"Variation, éventuellement importante, des concentrations de phénytoïne en cas de traitement par la ciprofloxacine. Surveillance clinique et contrôle des concentrations plasmatiques de l’anticonvulsivant pendant le traitement par ciprofloxacine et après son arrêt."
CIPROFLOXACINE,ROPINIROLE,PRECAUTION_EMPLOI,"Augmentation des concentrations de ropinirole avec risque de surdosage, par diminution de son métabolisme hépatique par la Surveillance clinique et réduction éventuelle de la posologie du ciprofloxacine. ropinirole pendant le traitement par la ciprofloxacine et après son arrêt."
CITRATES,ALUMINIUM,PRECAUTION_EMPLOI,"Risque de facilitation du passage systémique de l’aluminium, notamment en cas de fonction rénale altérée. Prendre les topiques gastro-intestinaux à base d'aluminium à distance des citrates (plus de 2 heures si possible), y compris les citrates naturels (jus d'agrumes)."
CLADRIBINE,LAMIVUDINE,DECONSEILLEE,Risque de diminution de l’efficacité de la cladribine par la lamivudine.
CLARITHROMYCINE,ATAZANAVIR,PRECAUTION_EMPLOI,"Augmentation des concentrations plasmatiques de clarithromycine et inhibition de la formation de son métabolite actif. Surveillance clinique et biologique régulière, notamment en début d'association."
CLARITHROMYCINE,ATORVASTATINE,PRECAUTION_EMPLOI,"Risque majoré d'effets indésirables (concentration-dépendants) à type de rhabdomyolyse, par diminution du métabolisme hépatique Utiliser des doses plus faibles d'hypocholestérolémiant. Si l'objectif de l'hypocholesterolémiant. thérapeutique n'est pas atteint, utiliser une autre statine non concernée par ce type d'interaction."
CLARITHROMYCINE,CARBAMAZEPINE,PRECAUTION_EMPLOI,"Augmentation des concentrations plasmatiques de carbamazépine avec signes de surdosage, par inhibition de son métabolisme Surveillance clinique et réduction éventuelle de la posologie de la hépatique. carbamazépine."
CLARITHROMYCINE,ETRAVIRINE,A_PRENDRE_EN_COMPTE,"Dans le traitement des infections à Mycobacterium avium complex, risque de diminution de l’efficacité de la clarithromycine par augmentation de son métabolisme hépatique par l’étravirine."
CLARITHROMYCINE,FIDAXOMICINE,DECONSEILLEE,Augmentation des concentrations plasmatiques de la fidaxomicine.
CLARITHROMYCINE,IMMUNOSUPPRESSEURS,DECONSEILLEE,"Augmentation très importante des concentrations sanguines de l'immunosuppresseur par inhibition de son métabolisme hépatique. En cas d’association, contrôle strict de la fonction rénale, dosage des concentrations sanguines de l'immunosuppresseur et adaptation éventuelle de la posologie."
CLARITHROMYCINE,LINEZOLIDE,A_PRENDRE_EN_COMPTE,"Risque de majoration des effets indésirables du linézolide par la clarithromycine, par augmentation de son absorption."
CLARITHROMYCINE,PRAVASTATINE,PRECAUTION_EMPLOI,Augmentation de la concentration plasmatique de la pravastatine par la clarithromycine. Surveillance clinique et biologique pendant le traitement par l'antibiotique.
CLINDAMYCINE,ANTIVITAMINES K,PRECAUTION_EMPLOI,Augmentation de l’effet de l’antivitamine K et du risque hémorragique. Contrôle plus fréquent de l’INR. Adaptation éventuelle de la posologie de l’antivitamine K pendant le traitement par clindamycine et après son arrêt.
CLINDAMYCINE,CICLOSPORINE,PRECAUTION_EMPLOI,Diminution des concentrations sanguines de l'immunosuppresseur avec risque de perte de l'activité immunosuppressive. Contrôle renforcé des dosages sanguins de ciclosporine et augmentation éventuelle de sa posologie.
CLINDAMYCINE,TACROLIMUS,PRECAUTION_EMPLOI,"Diminution des concentrations sanguines de l'immunosuppresseur, avec risque de perte de l'activité immunosuppressive. Contrôle renforcé des dosages sanguins de tacrolimus et augmentation éventuelle de sa posologie."
CLOBAZAM,STIRIPENTOL,PRECAUTION_EMPLOI,"Augmentation des concentrations plasmatiques de ces anticonvulsivants, avec risque de surdosage, par inhibition de leur Surveillance clinique, dosage plasmatique, lorsque cela est possible, de métabolisme hépatique. l'anticonvulsivant associé au stiripentol et éventuelle adaptation posologique de l'anticonvulsivant associé."
CLOMIPRAMINE,BUPROPION,PRECAUTION_EMPLOI,"Risque d'augmentation des effets indésirables de la clomipramine par diminution de son métabolisme hépatique par le bupropion. Surveillance clinique. Si besoin, adaptation de la posologie de la clomipramine pendant le traitement par le bupropion."
CLONAZEPAM,CARBAMAZEPINE,PRECAUTION_EMPLOI,"Augmentation des concentrations plasmatiques du métabolite actif de la carbamazépine. De plus, diminution des concentrations Surveillance clinique, dosages plasmatiques et adaptation éventuelle plasmatiques du clonazépam par augmentation de son des posologies des deux anticonvulsivants. métabolisme hépatique par la carbamazépine."
CLOPIDOGREL,ACIDE ACETYLSALICYLIQUE,DECONSEILLEE,Majoration du risque hémorragique par addition des activités antiagrégantes plaquettaires. Association déconseillée : - en dehors des indications validées pour cette association dans les syndromes coronariens aigus. Précaution d'emploi : - dans les indications validées pour cette association dans les syndromes coronariens aigus. Surveillance clinique.
CLOPIDOGREL,OZANIMOD,A_PRENDRE_EN_COMPTE,Risque d’augmentation des concentrations des métabolites actifs de l’onazimod.
CLOPIDOGREL,PACLITAXEL,A_PRENDRE_EN_COMPTE,"Augmentation des concentrations du paclitaxel par le clopidogrel, avec risque de majoration des effets indésirables."
CLOPIDOGREL,PHÉNYTOÏNE,PRECAUTION_EMPLOI,Augmentation des concentrations plasmatiques de phénytoïne avec signes de surdosage (inhibition du métabolisme de la Surveillance clinique et contrôle des concentrations plasmatiques de phénytoïne.
CLOPIDOGREL,REPAGLINIDE,A_PRENDRE_EN_COMPTE,"Augmentation des concentrations du répaglinide par le clopidogrel, avec risque de majoration des effets indésirables."
CLOPIDOGREL,SELEXIPAG,PRECAUTION_EMPLOI,Risque d’augmentation des effets indésirables du sélexipag par diminution de son métabolisme. Surveillance clinique étroite pendant l’association. Réduire de moitié la posologie (une seule prise par jour).
CLOZAPINE,BENZODIAZÉPINES ET APPARENTÉS,A_PRENDRE_EN_COMPTE,Risque accru de collapsus avec arrêt respiratoire et / ou cardiaque.
CLOZAPINE,CIPROFLOXACINE,PRECAUTION_EMPLOI,"Augmentation des concentrations de clozapine avec risque de surdosage, par diminution de son métabolisme hépatique par la Surveillance clinique et réduction éventuelle de la posologie de la ciprofloxacine. clozapine pendant le traitement par la ciprofloxacine et après son arrêt."
CLOZAPINE,FLUVOXAMINE,PRECAUTION_EMPLOI,"Augmentation des concentrations plasmatiques de clozapine avec signes de surdosage. Surveillance clinique accrue ; si besoin, adaptation de la posologie de la clozapine pendant le traitement par la fluvoxamine et après son arrêt."
COBICISTAT,AMIODARONE,CONTRE_INDICATION,Risque de majoration des effets indésirables de l'amiodarone par diminution de son métabolisme par le cobicistat.
COBICISTAT,ETRAVIRINE,DECONSEILLEE,Risque de diminution des concentrations plasmatiques du cobicistat par l’étravirine.
COBICISTAT,GLUCOCORTICOÏDES,PRECAUTION_EMPLOI,"Décrit chez des patients HIV. Risque d’insuffisance surrénale aiguë, même en cas d’injection unique. L’articulation peut Préférer un corticoïde non CYP3A4-dépendant (hydrocortisone). constituer un réservoir relarguant de façon continue le corticoïde CYP3A4-dépendant dans la circulation générale, avec augmentation possiblement très importante des concentrations du corticoïde, à l’origine d’une freination de la réponse hypothalamo- hypophysaire."
COBICISTAT,MILLEPERTUIS,CONTRE_INDICATION,Risque de diminution de l’efficacité du cobicistat par augmentation de son métabolisme par l’inducteur.
COBICISTAT,QUINIDINE,CONTRE_INDICATION,Risque de majoration des effets indésirables de la quinidine par diminution de son métabolisme par le cobicistat. Surveillance clinique.
COBICISTAT,RIFABUTINE,PRECAUTION_EMPLOI,"Augmentation très importante du métabolite de la rifabutine, avec risque de majoration de sa toxicité (uvéites, neutropénies). Par Réduction de la dose de rifabutine (150 mg 1 jour sur deux). ailleurs, possible diminution des concentrations de cobicistat. Surveillance clinique et biologique régulière, notamment en début d'association."
COBICISTAT,RIFAMPICINE,CONTRE_INDICATION,Risque de diminution de l’efficacité du cobicistat par augmentation de son métabolisme par l’inducteur.
COBIMÉTINIB,ANTIAGRÉGANTS PLAQUETTAIRES,PRECAUTION_EMPLOI,Augmentation du risque hémorragique. Surveillance clinique.
COBIMÉTINIB,ANTI-INFLAMMATOIRES NON STÉROÏDIENS,PRECAUTION_EMPLOI,Augmentation du risque hémorragique. Surveillance clinique.
COBIMÉTINIB,DÉFIBROTIDE,PRECAUTION_EMPLOI,Augmentation du risque hémorragique. Surveillance clinique.
COBIMÉTINIB,GLUCOCORTICOÏDES,PRECAUTION_EMPLOI,Augmentation du risque hémorragique. Surveillance clinique.
COBIMÉTINIB,HÉPARINES,PRECAUTION_EMPLOI,Augmentation du risque hémorragique. Surveillance clinique.
COBIMÉTINIB,PENTOXIFYLLINE,PRECAUTION_EMPLOI,Augmentation du risque hémorragique. Surveillance clinique.
COCAINE,DISULFIRAME,A_PRENDRE_EN_COMPTE,"Augmentation des concentrations de cocaïne par diminution de son métabolisme par le disulfirame, avec risque majoré de survenue de torsades de pointes."
CODEINE,BUPROPION,DECONSEILLEE,Risque d’inefficacité de l’opiacé par inhibition de son métabolisme par l’inhibiteur.
COLCHICINE,ANTIVITAMINES K,PRECAUTION_EMPLOI,Augmentation de l'effet de l'antivitamine K et du risque hémorragique. Contrôle plus fréquent de l'INR. Adaptation éventuelle de la posologie de l'antivitamine K pendant le traitement par la colchicine et 8 jours après son arrêt.
COLCHICINE,CICLOSPORINE,DECONSEILLEE,"Risque d’addition des effets indésirables neuromusculaires et augmentation de la toxicité de la colchicine avec risque de surdosage par inhibition de son élimination par la ciclosporine, notamment en cas d’insuffisance rénale préexistante."
COLCHICINE,FIBRATES,PRECAUTION_EMPLOI,"Risque de majoration des effets indésirables musculaires de ces substances, et notamment de rhabdomyolyse. Surveillance clinique et biologique, particulièrement au début de l’association."
COLCHICINE,FLUCONAZOLE,DECONSEILLEE,"Augmentation des effets indésirables de la colchicine, aux conséquences potentiellement fatales."
COLCHICINE,MACROLIDES,CONTRE_INDICATION,"Augmentation des effets indésirables de la colchicine, aux conséquences potentiellement fatales."
COLISTINE,CURARES,PRECAUTION_EMPLOI,"Potentialisation des curares lorque l'antibiotique est administré par voie parentérale et/ou péritonéale avant, pendant ou après l'agent Surveiller le degré de curarisation en fin d'anesthésie. curarisant."
CORTICOÏDES,MIFAMURTIDE,DECONSEILLEE,Risque de moindre efficacité du mifamurtide.
CORTICOÏDES,RITONAVIR,A_PRENDRE_EN_COMPTE,"Décrit chez des patients HIV. Risque d’insuffisance surrénale aiguë, même en cas d’injection Préférer un corticoïde non CYP3A4-dépendant (hydrocortisone) unique. L’articulation peut constituer un réservoir relarguant de façon continue le corticoïde CYP3A4-dépendant dans la circulation générale, avec augmentation possiblement très importante des concentrations du corticoïde à l’origine d’une freination de la réponse hypothalamo-hypophysaire."
CRIZOTINIB,IBRUTINIB,DECONSEILLEE,"Risque d’augmentation des concentrations plasmatiques d’ibrutinib par diminution de son métabolisme hépatique par le crizotinib. Si l’association ne peut être évitée, surveillance clinique étroite et réduction de la dose d’ibrutinib à 280 mg par jour pendant la durée de l’association."
CURARES,AMINOSIDES,PRECAUTION_EMPLOI,"Potentialisation des curares lorque l'antibiotique est administré par voie parentérale et/ou péritonéale avant, pendant ou après l'agent Surveiller le degré de curarisation en fin d'anesthésie. curarisant."
CURARES,COLISTINE,PRECAUTION_EMPLOI,"Potentialisation des curares lorque l'antibiotique est administré par voie parentérale et/ou péritonéale avant, pendant ou après l'agent Surveiller le degré de curarisation en fin d'anesthésie. curarisant."
CURARES,LINCOSANIDES,PRECAUTION_EMPLOI,"Potentialisation des curares lorque l'antibiotique est administré par voie parentérale et/ou péritonéale avant, pendant ou après l'agent Surveiller le degré de curarisation en fin d'anesthésie. curarisant."
CURARES,POLYMYXINE B,PRECAUTION_EMPLOI,"Potentialisation des curares lorque l'antibiotique est administré par voie parentérale et/ou péritonéale avant, pendant ou après l'agent Surveiller le degré de curarisation en fin d'anesthésie. curarisant."
CURARES NON DÉPOLARISANTS,GLUCOCORTICOÏDES,A_PRENDRE_EN_COMPTE,"Avec les glucocorticoïdes par voie IV : risque de myopathie sévère, réversible après un délai éventuellement long (plusieurs mois)."
CYANOCOBALAMINE,ANTISÉCRÉTOIRES ANTIHISTAMINIQUES H2,A_PRENDRE_EN_COMPTE,"Risque de carence en cyanocobalamine après traitement prolongé (quelques années), la réduction de l’acidité gastrique par ces médicaments pouvant diminuer l’absorption digestive de la vitamine B12."
CYCLINES,ANTIVITAMINES K,PRECAUTION_EMPLOI,"Augmentation de l'effet de l'antivitamine K et du risque hémorragique (pour la tigécycline, effet direct sur la coagulation Contrôle plus fréquent de l'INR. Adaptation éventuelle de la posologie et/ou les systèmes fibrinolytiques). de l'antivitamine K pendant le traitement par la cycline et après son arrêt."
CYCLINES,CALCIUM,PRECAUTION_EMPLOI,"Diminution de l'absorption digestive des cyclines. Prendre les sels de calcium à distance des cyclines (plus de deux heures, si possible)."
CYCLINES,FER,PRECAUTION_EMPLOI,"Diminution de l'absorption digestive des cyclines et du fer Prendre les sels de fer à distance des cyclines (plus de 2 heures, si possible)."
CYCLINES,RÉTINOÏDES,CONTRE_INDICATION,Risque d'hypertension intracrânienne.
CYCLINES,STRONTIUM,PRECAUTION_EMPLOI,"Diminution de l'absorption digestive du strontium. Prendre le strontium à distance des cyclines (plus de deux heures, si possible)."
CYCLINES,VITAMINE A,CONTRE_INDICATION,"En cas d'apport de 10,000 UI/j et plus : risque d’hypertension intracrânienne."
CYCLINES,ZINC,PRECAUTION_EMPLOI,Diminution de l'absorption digestive des cyclines. Prendre les sels de zinc à distance des cyclines (plus de 2 heures si possible).
CYCLOPHOSPHAMIDE,MILLEPERTUIS,CONTRE_INDICATION,"Risque d’augmentation des concentrations plasmatiques du métabolite actif du cyclophosphamide par le millepertuis, et donc de sa toxicité."
CYCLOPHOSPHAMIDE,PENTOSTATINE,DECONSEILLEE,Majoration du risque de toxicité pulmonaire pouvant être fatale.
CYPROTERONE,APREPITANT,PRECAUTION_EMPLOI,"Risque de diminution des concentrations de la cyprotérone avec risque de moindre efficacité contraceptive. Dans son utilisation comme contraceptif hormonal : Utiliser une méthode de contraception fiable, additionnelle ou alternative, pendant la durée de l'association."
CYTOTOXIQUES,ANTIVITAMINES K,PRECAUTION_EMPLOI,"Augmentation du risque thrombotique et hémorragique au cours des affections tumorales. De surcroit, possible interaction entre les Contrôle plus fréquent de l'INR. AVK et la chimiothérapie."
CYTOTOXIQUES,FLUCYTOSINE,A_PRENDRE_EN_COMPTE,Risque de majoration de la toxicité hématologique
DABIGATRAN,AMIODARONE,PRECAUTION_EMPLOI,"Augmentation des concentrations plasmatiques de dabigatran, avec majoration du risque de saignement. Dans l'indication post-chirurgicale : surveillance clinique et adaptation de la posologie du dabigatran si nécessaire, sans excéder 150 mg/j."
DABIGATRAN,CICLOSPORINE,CONTRE_INDICATION,"Augmentation de plus du double des concentrations plasmatiques de dabigatran, avec majoration du risque de saignement."
DABIGATRAN,DRONEDARONE,CONTRE_INDICATION,"Doublement des concentrations plasmatiques de dabigatran, avec majoration du risque de saignement."
DABIGATRAN,GLÉCAPRÉVIR + PIBRENTASVIR,CONTRE_INDICATION,"Doublement des concentrations plasmatiques de dabigatran, avec majoration du risque de saignements."
DABIGATRAN,ITRACONAZOLE,CONTRE_INDICATION,"Augmentation de plus du double des concentrations plasmatiques de dabigatran, avec majoration du risque de saignement."
DABIGATRAN,KETOCONAZOLE,CONTRE_INDICATION,"Augmentation de plus du double des concentrations plasmatiques de dabigatran, avec majoration du risque de saignement."
DABIGATRAN,PONATINIB,PRECAUTION_EMPLOI,Risque d’augmentation des concentrations plasmatiques du dabigatran par augmentation de son absorption intestinale par le Surveillance clinique et biologique étroite pendant l’association. ponatinib.
DABIGATRAN,QUINIDINE,PRECAUTION_EMPLOI,"Augmentation des concentrations plasmatiques de dabigatran, avec majoration du risque de saignement. Dans l'indication post-chirurgicale : surveillance clinique et adaptation de la posologie du dabigatran à 150 mg/j en une prise."
DABIGATRAN,RIFAMPICINE,DECONSEILLEE,"Diminution des concentrations plasmatiques de dabigatran, avec risque de diminution de l'effet thérapeutique."
DACARBAZINE,FOTEMUSTINE,PRECAUTION_EMPLOI,Avec la dacarbazine à doses élevées : risque de toxicité pulmonaire (syndrome de détresse respiratoire aiguë de l'adulte). Ne pas utiliser simultanément mais respecter un délai d'une semaine entre la dernière administration de fotémustine et le premier jour de la cure de dacarbazine.
DALFOPRISTINE,DIHYDROERGOTAMINE,CONTRE_INDICATION,Ergotisme avec possibilité de nécrose des extrémités (inhibition du métabolisme hépatique de l'alcaloïde de l'ergot de seigle).
DALFOPRISTINE,ERGOTAMINE,CONTRE_INDICATION,Ergotisme avec possibilité de nécrose des extrémités (inhibition du métabolisme hépatique de l'alcaloïde de l'ergot de seigle).
DALFOPRISTINE,IMMUNOSUPPRESSEURS,PRECAUTION_EMPLOI,"Augmentation des concentrations sanguines de l'immunosuppresseur par inhibition de son métabolisme hépatique. Dosage des concentrations sanguines de l'immunosuppresseur, contrôle de la fonction rénale et adaptation de la posologie pendant l'association et après son arrêt."
DALFOPRISTINE,PIMOZIDE,DECONSEILLEE,"Risque majoré de troubles du rythme ventriculaire, notamment de torsades de pointes."
DANAZOL,ANTIVITAMINES K,PRECAUTION_EMPLOI,Augmentation du risque hémorragique par effet direct sur la coagulation et/ou les systèmes fibrinolytiques. Contrôle plus fréquent de l’INR. Adaptation de la posologie de l’antivitamine K pendant le traitement par le danazol et après son arrêt.
DANAZOL,CARBAMAZEPINE,PRECAUTION_EMPLOI,"Augmentation des concentrations plasmatiques de carbamazépine, avec signes de surdosage. Surveillance clinique et réduction éventuelle de la posologie de la carbamazépine."
DANAZOL,CICLOSPORINE,PRECAUTION_EMPLOI,"Augmentation des concentrations sanguines de ciclosporine par inhibition de son métabolisme hépatique. Dosage des concentrations sanguines de ciclosporine, contrôle de la fonction rénale et adaptation de la posologie pendant l’association et après son arrêt."
DANAZOL,INSULINE,DECONSEILLEE,"Effet diabétogène du danazol. Si l'association ne peut être évitée, prévenir le patient et renforcer l'autosurveillance glycémique. Adapter éventuellement la posologie de l'insuline pendant le traitement par le danazol et après son arrêt."
DANTROLENE,DIHYDROPYRIDINES,DECONSEILLEE,"Avec le dantrolène administré par perfusion : chez l'animal des cas de fibrillations ventriculaires mortelles sont constamment observés lors de l'administration de vérapamil et de dantrolène IV. L'association d'un antagoniste du calcium et de dantrolène est donc potentiellement dangereuse. Cependant, quelques patients ont reçu l'association nifédipine et dantrolène sans inconvénient."
DANTROLENE,DILTIAZEM,CONTRE_INDICATION,"Avec le dantrolène administré par perfusion : chez l'animal, des cas de fibrillations ventriculaires mortelles sont constamment observés lors de l'administration de vérapamil et de dantrolène par voie IV. L'association d'un antagoniste du calcium et de dantrolène est donc potentiellement dangereuse. Cependant, quelques patients ont reçu l'association nifédipine et dantrolène sans inconvénient."
DANTROLENE,VERAPAMIL,CONTRE_INDICATION,"Avec le dantrolène administré par perfusion : chez l'animal, des cas de fibrillations ventriculaires mortelles sont constamment observés lors de l'administration de vérapamil et de dantrolène par voie IV. L'association d'un antagoniste du calcium et de dantrolène est donc potentiellement dangereuse. Cependant, quelques patients ont reçu l'association nifédipine et dantrolène sans inconvénient."
DAPSONE,ZIDOVUDINE,PRECAUTION_EMPLOI,Augmentation de la toxicité hématologique (addition d'effets de toxicité médullaire). Contrôle plus fréquent de l'hémogramme.
DARIFENACINE,METOPROLOL,PRECAUTION_EMPLOI,"Augmentation des concentrations plasmatiques du métoprolol, avec risque de surdosage, par diminution de son métabolisme Surveillance clinique et réduction de la posologie du métoprolol pendant hépatique par la darifénacine. le traitement par darifénacine."
DARIFENACINE,PROPAFENONE,PRECAUTION_EMPLOI,"Augmentation des concentrations plasmatiques de propafénone, avec risque de surdosage, par diminution de son métabolisme Surveillance clinique et réduction de la posologie de la propafénone hépatique par la darifénacine. pendant le traitement par darifénacine."
DAROLUTAMIDE,RIFAMPICINE,DECONSEILLEE,Diminution des concentrations plasmatiques de dalorutamide avec risque de perte d’efficacité.
DAROLUTAMIDE,ROSUVASTATINE,DECONSEILLEE,"Augmentation considérable (d’un facteur 5) des concentrations de rosuvastatine avec risque de rhabdomyolyse et/ou de néphrotoxicité, par augmentation de sa biodisponibilité."
DARUNAVIR,ETRAVIRINE,DECONSEILLEE,Risque de diminution des concentrations plasmatiques du darunavir par l’étravirine.
DASABUVIR,ETHINYLESTRADIOL,CONTRE_INDICATION,Augmentation de l’hépatotoxicité.
DASABUVIR,GEMFIBROZIL,CONTRE_INDICATION,Risque d’augmentation des concentrations plasmatiques du dasabuvir par le gemfibrozil.
DASABUVIR,MILLEPERTUIS,CONTRE_INDICATION,Risque de diminution des concentrations plasmatiques du dasabuvir par le millepertuis.
DASABUVIR,MITOTANE,CONTRE_INDICATION,Risque de diminution des concentrations plasmatiques du dasabuvir par le mitotane.
DEFERASIROX,ACIDE ACETYLSALICYLIQUE,A_PRENDRE_EN_COMPTE,Majoration du risque ulcérogène et hémorragique digestif. A prendre en compte : - Pour des doses anti-inflammatoires d'acide acétylsalicylique ( 1g par prise et/ou 3g par jour) - Pour des doses antalgiques ou antipyrétiques d'acide acétylsalicylique ( 500 mg par prise et/ou <3g par jour) et ( 500 mg par prise et/ou <3g par jour)
DÉFÉRIPRONE,ACIDE ASCORBIQUE,PRECAUTION_EMPLOI,"Par extrapolation à partir de l’interaction avec la déféroxamine : avec l’acide ascorbique à fortes doses et par voie IV, risque d’anomalies de la fonction cardiaque, voire insuffisance cardiaque aiguë (en général réversible à l’arrêt de la vitamine C)."
DÉFÉRIPRONE,DEFERASIROX,CONTRE_INDICATION,Risque d'hyperchélation.
DÉFÉROXAMINE,ACIDE ASCORBIQUE,PRECAUTION_EMPLOI,"Avec l'acide ascorbique à fortes doses et par voie IV : anomalies de la fonction cardiaque, voire insuffisance cardiaque aiguë (en En cas d'hémochromatose, ne donner de la vitamine C qu'après avoir général réversible à l'arrêt de la vitamine C). commencé le traitement par la déféroxamine. Surveiller la fonction cardiaque en cas d'association."
DÉFÉROXAMINE,DEFERASIROX,CONTRE_INDICATION,Risque d'hyperchélation.
DÉFIBROTIDE,ANTIAGRÉGANTS PLAQUETTAIRES,DECONSEILLEE,Risque hémorragique accru.
DÉFIBROTIDE,COBIMÉTINIB,PRECAUTION_EMPLOI,Augmentation du risque hémorragique. Surveillance clinique.
DÉFIBROTIDE,HÉPARINES,DECONSEILLEE,Risque hémorragique accru.
DÉFIBROTIDE,THROMBOLYTIQUES,CONTRE_INDICATION,Risque hémorragique accru.
DÉLAMANID,RIFAMPICINE,CONTRE_INDICATION,Diminution des concentrations plasmatiques de delamanid par augmentation de son métabolisme hépatique par l’inducteur.
DESIPRAMINE,BUPROPION,PRECAUTION_EMPLOI,"Risque d'augmentation des effets indésirables de la désipramine par diminution de son métabolisme hépatique par le bupropion. Surveillance clinique. Si besoin, adaptation de la posologie de la désipramine pendant le traitement par le bupropion."
DEXAMETHASONE,PRAZIQUANTEL,PRECAUTION_EMPLOI,"Diminution des concentrations plasmatiques du praziquantel, avec risque d'échec du traitement, par augmentation du métabolisme Décaler l'administration des deux médicaments d'au moins une hépatique du praziquantel par la dexaméthasone. semaine."
DEXAMETHASONE,RILPIVIRINE,CONTRE_INDICATION,"Avec la dexaméthasone par voie systémique (sauf en cas de prise unique), risque de diminution des concentrations plasmatiques de rilpivirine par augmentation de son métabolisme hépatique par la dexamethasone."
DEXTRAN,HÉPARINES,DECONSEILLEE,Augmentation du risque hémorragique (inhibition de la fonction plaquettaire par le dextran 40).
DEXTROMETHORPHANE,CINACALCET,CONTRE_INDICATION,"Augmentation très importante des concentrations plasmatiques de dextrométhorphane avec risque de surdosage, par diminution de son métabolisme hépatique par le cinacalcet."
DEXTROMETHORPHANE,IMAO IRRÉVERSIBLES,CONTRE_INDICATION,"Risque d'apparition d'un syndrome sérotoninergique : diarrhée, tachycardie, sueurs, tremblements, confusion voire coma."
DEXTROMETHORPHANE,"IMAO-A RÉVERSIBLES, Y COMPRIS OXAZOLIDINONES ET BLEU DE MÉTHYLÈNE",DECONSEILLEE,"Risque d'apparition d'un syndrome sérotoninergique : diarrhée, tachycardie, sueurs, tremblements, confusion voire coma."
DIAZEPAM,BUSPIRONE,A_PRENDRE_EN_COMPTE,Risque de majoration des effets indésirables de la buspirone.
DIAZEPAM,CIMETIDINE,PRECAUTION_EMPLOI,Avec la cimétidine utilisée à des doses supérieures ou égales à 800 mg/j : risque accru de somnolence. Avertir les patients de l'augmentation du risque en cas de conduite automobile ou d'utilisation de machines.
DIAZEPAM,PHÉNYTOÏNE,PRECAUTION_EMPLOI,"Variations imprévisibles : les concentrations plasmatiques de phénytoïne peuvent augmenter, avec signes de surdosage, mais Surveillance clinique et contrôle des concentrations plasmatiques de aussi diminuer ou rester stables. phénytoïne."
DIAZEPAM,STIRIPENTOL,PRECAUTION_EMPLOI,"Augmentation des concentrations plasmatiques du diazépam, avec risque de surdosage, par inhibition de son métabolisme hépatique. Surveillance clinique et dosage plasmatique, lorsque cela est possible, de l'anticonvulsivant associé au stiripentol et éventuelle adaptation posologique de l'anticonvulsivant associé."
DIDANOSINE,ALLOPURINOL,DECONSEILLEE,Augmentation des concentrations plasmatiques de didanosine et de ses effets indésirables.
DIGOXINE,AMIODARONE,PRECAUTION_EMPLOI,"Dépression de l'automatisme (bradycardie excessive) et troubles de la conduction auriculo-ventriculaire. De plus, augmentation de la Surveillance clinique, ECG et, s'il y a lieu, contrôle de la digoxinémie et digoxinémie par diminution de la clairance de la digoxine. adaptation de la posologie de la digoxine."
DIGOXINE,BÊTA-BLOQUANTS DANS L'INSUFFISANCE CARDIAQUE,A_PRENDRE_EN_COMPTE,"Troubles de l’automatisme (bradycardie, arrêt sinusal) et troubles de la conduction sino-auriculaire et auriculo-ventriculaire."
DIGOXINE,CALCIUM,CONTRE_INDICATION,"Risque de troubles du rythme graves, voire mortels avec les sels de calcium administrés par voie IV. Contre-indication : - avec les sels de calcium IV, hormis supplémentation parentérale. Précaution d'emploi : - avec les sels de calcium par voie orale. Surveillance clinique et, s'il y a lieu, contrôle de l'ECG et de la calcémie."
DIGOXINE,CARBAMAZEPINE,PRECAUTION_EMPLOI,Augmentation des concentrations plasmatiques de carbamazépine et diminution de la digoxinémie. Prudence dans l'interprétation des concentrations plasmatiques.
DIGOXINE,DRONEDARONE,DECONSEILLEE,"Dépression de l'automatisme (bradycardie excessive) et troubles de la conduction auriculo-ventriculaire. En outre, augmentation de Réduire de moitié les doses de digoxine. la digoxinémie par diminution du métabolisme de la digoxine. Surveillance clinique et ECG."
DIGOXINE,GLÉCAPRÉVIR + PIBRENTASVIR,PRECAUTION_EMPLOI,Augmentation des concentrations plasmatiques de la digoxine par la bithérapie. Surveillance clinique et éventuellement de la digoxinémie pendant le traitement par glécaprévir/ pibrentasvir.
DIGOXINE,HYDROQUINIDINE,PRECAUTION_EMPLOI,"Augmentation de la digoxinémie par diminution de la clairance rénale de la digoxine. De plus, troubles de l'automatisme Surveillance clinique et ECG. En cas de réponse inattendue, contrôler (bradycardie excessive et troubles de la conduction auriculo- la digoxinémie et adapter la posologie. ventriculaire)."
DIGOXINE,HYPOKALIÉMIANTS,PRECAUTION_EMPLOI,"Hypokaliémie favorisant les effets toxiques des digitaliques. Corriger auparavant toute hypokaliémie et réaliser une surveillance clinique, électrolytique et électrocardiographique."
DIHYDROERGOTAMINE,DALFOPRISTINE,CONTRE_INDICATION,Ergotisme avec possibilité de nécrose des extrémités (inhibition du métabolisme hépatique de l'alcaloïde de l'ergot de seigle).
DIHYDROERGOTAMINE,DILTIAZEM,CONTRE_INDICATION,Ergotisme avec possibilité de nécrose des extrémités (inhibition du métabolisme hépatique de l'alcaloïde de l'ergot de seigle).
DIHYDROERGOTAMINE,EFAVIRENZ,CONTRE_INDICATION,Ergotisme avec possibilité de nécrose des extrémités (inhibition du métabolisme hépatique de l'alcaloïde de l'ergot de seigle).
DIHYDROERGOTAMINE,MACROLIDES,CONTRE_INDICATION,Ergotisme avec possibilité de nécrose des extrémités (inhibition de l’élimination hépatique de l'alcaloïde de l’ergot de seigle).
DIHYDROERGOTAMINE,QUINUPRISTINE,CONTRE_INDICATION,Ergotisme avec possibilité de nécrose des extrémités (inhibition du métabolisme hépatique de l'alcaloïde de l'ergot de seigle).
DIHYDROERGOTAMINE,STIRIPENTOL,CONTRE_INDICATION,Ergotisme avec possibilité de nécrose des extrémités (inhibition de l’élimination hépatique de l'alcaloïde de l’ergot de seigle).
DIHYDROERGOTAMINE,TRICLABENDAZOLE,CONTRE_INDICATION,"Ergotisme avec possibilité de nécrose des extrémités (inhibition du métabolisme hépatique de l’alcaloïde de l’ergot de seigle). Respecter un délai de 24 heures entre l’arrêt du triclabendazole et la prise du médicament dérivé de l’ergot, et inversement."
DIHYDROPYRIDINES,BÊTA-BLOQUANTS,A_PRENDRE_EN_COMPTE,"Hypotension, défaillance cardiaque chez les patients en insuffisance cardiaque latente ou non contrôlée (addition des effets inotropes négatifs). Le bêta-bloquant peut par ailleurs minimiser la réaction sympathique réflexe mise en jeu en cas de répercussion hémodynamique excessive."
DIHYDROPYRIDINES,BÊTA-BLOQUANTS DANS L'INSUFFISANCE CARDIAQUE,A_PRENDRE_EN_COMPTE,"Hypotension, défaillance cardiaque chez les malades en insuffisance cardiaque latente ou non contrôlée (effet inotrope négatif in vitro des dihydropyridines plus ou moins marqué et susceptibles de s'additionner aux effets inotropes négatifs des bêta- bloquants). La présence d'un traitement bêta-bloquant peut par ailleurs minimiser la réaction sympathique réflexe mise en jeu en cas de répercussion hémodynamique excessive."
DILTIAZEM,ALFENTANIL,PRECAUTION_EMPLOI,Augmentation de l'effet dépresseur respiratoire de l'analgésique opiacé par diminution de son métabolisme hépatique. Adapter la posologie de l'alfentanil en cas de traitement par le diltiazem.
DILTIAZEM,AMIODARONE,DECONSEILLEE,"Pour diltiazem voie injectable : risque de bradycardie et de bloc auriculo-ventriculaire Association déconseillée avec : - le diltiazem IV Pour diltiazem per os : risque de bradycardie ou de bloc auriculo- Si l'association ne peut être évitée, surveillance clinique et ECG continu. ventriculaire, notamment chez les personnes âgées. Précaution d'emploi avec : - le diltiazem per os Surveillance clinique et ECG."
DILTIAZEM,ANTIHYPERTENSEURS CENTRAUX,A_PRENDRE_EN_COMPTE,Troubles de l'automatisme (troubles de la conduction auriculo- ventriculaire par addition des effets négatifs sur la conduction).
DILTIAZEM,ATORVASTATINE,PRECAUTION_EMPLOI,"Risque majoré d'effets indésirables (concentration-dépendants) à type de rhabdomyolyse, par diminution du métabolisme hépatique Utiliser des doses plus faibles d’hypocholestérolémiant ou une autre de l'hypocholestérolémiant. statine non concernée par ce type d’interaction."
DILTIAZEM,BÊTA-BLOQUANTS,DECONSEILLEE,"Troubles de l'automatisme (bradycardie excessive, arrêt sinusal), troubles de la conduction sino-auriculaire et auriculo-ventriculaire et Une telle association ne doit se faire que sous surveillance clinique et défaillance cardiaque. ECG étroite, en particulier chez le sujet âgé ou en début de traitement."
DILTIAZEM,BÊTA-BLOQUANTS DANS L'INSUFFISANCE CARDIAQUE,DECONSEILLEE,"Effet inotrope négatif avec risque de décompensation de l’insuffisance cardiaque, troubles de l'automatisme (bradycardie, arrêt sinusal) et troubles de la conduction sino-auriculaire et auriculo-ventriculaire."
DILTIAZEM,BUSPIRONE,PRECAUTION_EMPLOI,"Augmentation des concentrations plasmatiques de la buspirone par diminution de son métabolisme hépatique par le diltiazem, avec Surveillance clinique et adaptation de la posologie de la buspirone si augmentation de ses effets indésirables. nécessaire."
DILTIAZEM,DANTROLENE,CONTRE_INDICATION,"Avec le dantrolène administré par perfusion : chez l'animal, des cas de fibrillations ventriculaires mortelles sont constamment observés lors de l'administration de vérapamil et de dantrolène par voie IV. L'association d'un antagoniste du calcium et de dantrolène est donc potentiellement dangereuse. Cependant, quelques patients ont reçu l'association nifédipine et dantrolène sans inconvénient."
DILTIAZEM,DIHYDROERGOTAMINE,CONTRE_INDICATION,Ergotisme avec possibilité de nécrose des extrémités (inhibition du métabolisme hépatique de l'alcaloïde de l'ergot de seigle).
DILTIAZEM,DRONEDARONE,PRECAUTION_EMPLOI,"Risque de bradycardie ou de bloc auriculo-ventriculaire, notamment chez le sujet âgé. Par ailleurs, légère augmentation des Débuter le traitement par l’antagoniste calcique aux posologies concentrations de dronédarone par diminution de son métabolisme minimales recommandées, et ajuster les doses en fonction de l’ECG. par l’antagoniste des canaux calciques."
DILTIAZEM,ERGOTAMINE,CONTRE_INDICATION,Ergotisme avec possibilité de nécrose des extrémités (inhibition du métabolisme hépatique de l'alcaloïde de l'ergot de seigle).
DIPROPHYLLINE,PROBENECIDE,PRECAUTION_EMPLOI,Risque de surdosage par augmentation des concentrations plasmatiques de diprophylline (inhibition de sa sécrétion tubulaire Réduire la posologie de diprophylline pendant le traitement par le rénale). probénécide.
DIPYRIDAMOLE,THÉINE,PRECAUTION_EMPLOI,Avec le dipyridamole par voie injectable : réduction de l’effet vasodilatateur du dipyridamole par la théine. Eviter la consommation de produits à base de théine dans les 24 heures qui précèdent une imagerie myocardique avec le dipyridamole.
DIPYRIDAMOLE,BÊTA-BLOQUANTS,A_PRENDRE_EN_COMPTE,Avec le dipyridamole par voie injectable : majoration de l'effet antihypertenseur.
DIPYRIDAMOLE,CAFEINE,PRECAUTION_EMPLOI,"Avec le dipyridamole par voie injectable : réduction de l’effet vasodilatateur du dipyridamole par la caféine. Interrompre un traitement à base de caféine au moins 5 jours avant une imagerie myocardique avec le dipyridamole et éviter la consommation de café, thé, chocolat ou cola dans les 24 heures qui précèdent le test."
DIPYRIDAMOLE,THÉOPHYLLINE,PRECAUTION_EMPLOI,Avec le dipyridamole par voie injectable : réduction de l’effet vasodilatateur du dipyridamole par la théophylline. Interrompre un traitement par théophylline au moins 5 jours avant une imagerie myocardique avec le dipyridamole.
DISOPYRAMIDE,JOSAMYCINE,PRECAUTION_EMPLOI,"Risque de majoration des effets indésirables du disopyramide : hypoglycémies sévères, allongement de l’intervalle QT et troubles Surveillance clinique, biologique et électrocardiographique régulière. du rythme ventriculaire graves, notamment à type de torsades de pointes."
DISOPYRAMIDE,OMBITASVIR + PARITAPRÉVIR,CONTRE_INDICATION,Risque d’augmentation des concentrations plasmatiques de disopyramide et de ses effets indésirables.
DISULFIRAME,ANTIVITAMINES K,PRECAUTION_EMPLOI,Augmentation de l'effet de l'antivitamine K et du risque hémorragique. Contrôle plus fréquent de l'INR. Adaptation de la posologie de l'antivitamine K pendant le traitement par le disulfirame et 8 jours après son arrêt.
DIURÉTIQUES,ACIDE ACETYLSALICYLIQUE,PRECAUTION_EMPLOI,"Pour des doses anti-inflammatoires d'acide acétylsalicylique (>= 1g par prise et/ou >= 3g par jour) ou pour des doses antalgiques ou Hydrater le malade et surveiller la fonction rénale en début de traitement antipyrétiques (>= 500 mg par prise et/ou < 3g par jour) : et régulièrement pendant l’association. Insuffisance rénale aiguë chez le patient à risque (âgé, déshydraté, avec une fonction rénale altérée), par diminution de la filtration glomérulaire secondaire à une diminution de la synthèse des prostaglandines rénales. Par ailleurs, réduction de l'effet antihypertenseur."
DIURÉTIQUES,ANTI-INFLAMMATOIRES NON STÉROÏDIENS,PRECAUTION_EMPLOI,"Insuffisance rénale aiguë chez le patient à risque (âgé, déshydraté, sous diurétiques, avec une fonction rénale altérée), par diminution Hydrater le malade et surveiller la fonction rénale en début de traitement de la filtration glomérulaire secondaire à une diminution de la et régulièrement pendant l'association. synthèse des prostaglandines rénales. Ces effets sont généralement réversibles. Par ailleurs, réduction de l’effet antihypertenseur."
DOCETAXEL,AMIODARONE,PRECAUTION_EMPLOI,Risque de majoration des effets indésirables du docétaxel par diminution de son métabolisme hépatique par l’amiodarone Surveillance clinique et adaptation éventuelle de la posologie du docétaxel.
DOCETAXEL,APALUTAMIDE,DECONSEILLEE,"Risque de diminution très importante des concentrations du docétaxel, et perte d‘efficacité, par augmentation de son métabolisme hépatique par l’apalutamide."
DOCETAXEL,DRONEDARONE,PRECAUTION_EMPLOI,Risque de majoration de la toxicité du docétaxel par diminution de son métabolisme. Surveillance clinique et adaptation éventuelle de la posologie du docétaxel pendant le traitement par l’inhibiteur enzymatique.
DOCETAXEL,MILLEPERTUIS,CONTRE_INDICATION,Risque de moindre efficacité du taxane par augmentation de son métabolisme par le millepertuis.
DOMPERIDONE,FLUCONAZOLE,CONTRE_INDICATION,"Risque de troubles du rythme ventriculaire, notamment de torsades de pointes."
DOPAMINERGIQUES,NEUROLEPTIQUES ANTIÉMÉTIQUES,CONTRE_INDICATION,Antagonisme réciproque entre le dopaminergique et le neuroleptique. Utiliser un antiémétique dénué d'effets extrapyramidaux.
DOPAMINERGIQUES,TETRABENAZINE,DECONSEILLEE,Antagonisme réciproque entre le dopaminergique et la tétrabénazine.
"DOPAMINERGIQUES, HORS PARKINSON",NEUROLEPTIQUES ANTIPSYCHOTIQUES,CONTRE_INDICATION,Antagonisme réciproque de l'agoniste dopaminergique et des neuroleptiques.
DOXORUBICINE,VERAPAMIL,A_PRENDRE_EN_COMPTE,Risque de majoration de la toxicité de la doxorubicine par augmentation de ses concentrations plasmatiques.
DOXYCYCLINE,RIFAMPICINE,A_PRENDRE_EN_COMPTE,Risque de diminution importante des concentrations de doxycycline.
DRONEDARONE,DABIGATRAN,CONTRE_INDICATION,"Doublement des concentrations plasmatiques de dabigatran, avec majoration du risque de saignement."
DULOXETINE,CODEINE,DECONSEILLEE,Risque d’inefficacité de l’opiacé par inhibition de son métabolisme par l’inhibiteur.
DULOXETINE,ENOXACINE,CONTRE_INDICATION,Risque d’augmentation des effets indésirables de la duloxétine par diminution de son métabolisme hépatique par l'énoxacine.
DULOXETINE,FLUVOXAMINE,CONTRE_INDICATION,Risque d’augmentation des effets indésirables de la duloxétine par diminution de son métabolisme hépatique par la fluvoxamine.
DULOXETINE,MEQUITAZINE,DECONSEILLEE,"Risque de majoration des effets indésirables de la méquitazine, par inhibition de son métabolisme par l’inhibiteur enzymatique."
DULOXETINE,METOPROLOL,PRECAUTION_EMPLOI,"Augmentation des concentrations plasmatiques de métoprolol avec risque de surdosage, par diminution de son métabolisme hépatique Surveillance clinique et réduction de la posologie du métoprolol pendant par la duloxétine. le traitement par la duloxétine et après son arrêt."
DULOXETINE,PROPAFENONE,PRECAUTION_EMPLOI,"Augmentation des concentrations plasmatiques de propafénone avec risque de surdosage, par diminution de son métabolisme Surveillance clinique et réduction de la posologie de la propafénone hépatique par la duloxétine. pendant le traitement par la duloxétine et après son arrêt."
DULOXETINE,TAMOXIFENE,DECONSEILLEE,"Risque de baisse de l'efficacité du tamoxifène, par inhibition de la formation de son métabolite actif par la duloxétine."
DULOXETINE,TETRABENAZINE,CONTRE_INDICATION,Augmentation possiblement très importante de l’exposition des métabolites actifs de la tétrabénazine.
DULOXETINE,TRAMADOL,DECONSEILLEE,Risque d’inefficacité de l’opiacé par inhibition de son métabolisme par l’inhibiteur.
ECONAZOLE,ANTIVITAMINES K,PRECAUTION_EMPLOI,Quelle que soit la voie d'administration de l'éconazole : augmentation de l'effet de l'antivitamine K et du risque Contrôle plus fréquent de l'INR. Adaptation éventuelle de la posologie hémorragique. de l'antivitamine K pendant le traitement par éconazole et après son arrêt.
ÉDOXABAN,CICLOSPORINE,PRECAUTION_EMPLOI,"Augmentation des concentrations plasmatiques de l’édoxaban, avec majoration du risque de saignement. Réduire la dose d’édoxaban de moitié."
ÉDOXABAN,DRONEDARONE,PRECAUTION_EMPLOI,"Augmentation des concentrations plasmatiques de l’édoxaban, avec majoration du risque de saignement. Réduire la dose d’édoxaban de moitié."
EFAVIRENZ,ANTIVITAMINES K,PRECAUTION_EMPLOI,Diminution de l'effet de l'antivitamine K par augmentation de son métabolisme hépatique. Contrôle plus fréquent de l'INR. Adaptation éventuelle de la posologie de l'antivitamine K.
EFAVIRENZ,ATAZANAVIR,DECONSEILLEE,"Risque de baisse de l’efficacité de l’atazanavir par augmentation de son métabolisme hépatique. Si l’association s’avère nécessaire, adaptation posologique de l’atazanavir avec surveillance clinique et biologique régulière, notamment en début d’association."
EFAVIRENZ,ATOVAQUONE,DECONSEILLEE,Diminution des concentrations plasmatiques d'atovaquone par l'inducteur enzymatique.
EFAVIRENZ,DIHYDROERGOTAMINE,CONTRE_INDICATION,Ergotisme avec possibilité de nécrose des extrémités (inhibition du métabolisme hépatique de l'alcaloïde de l'ergot de seigle).
EFAVIRENZ,ERGOTAMINE,CONTRE_INDICATION,Ergotisme avec possibilité de nécrose des extrémités (inhibition du métabolisme hépatique de l'alcaloïde de l'ergot de seigle).
EFAVIRENZ,FOSAMPRENAVIR,PRECAUTION_EMPLOI,"Risque de baisse de l'efficacité de l'amprénavir. Surveillance clinique et biologique régulière, notamment en début d'association."
EFAVIRENZ,GINKGO,DECONSEILLEE,Risque de moindre efficacité de l'éfavirenz.
EFAVIRENZ,HORMONES THYROÏDIENNES,PRECAUTION_EMPLOI,"Risque d'hypothyroïdie clinique chez les patients hypothyroïdiens, par augmentation du métabolisme de la T3 et de la T4. Surveillance clinique et biologique. Adaptation, si besoin, de la posologie des hormones thyroïdiennes pendant le traitement par l'inducteur et après son arrêt."
EFAVIRENZ,LÉNACAPAVIR,DECONSEILLEE,Diminution importante des concentrations de lénacapavir.
EFAVIRENZ,MILLEPERTUIS,CONTRE_INDICATION,"Risque de diminution des concentrations d'éfavirenz, avec baisse d'efficacité."
EFAVIRENZ,PIMOZIDE,CONTRE_INDICATION,"Risque majoré de troubles du rythme ventriculaire, notamment de torsades de pointes."
EFAVIRENZ,RIFABUTINE,PRECAUTION_EMPLOI,"Diminution importante des concentrations de rifabutine, par augmentation de son métabolisme hépatique par l’éfavirenz. Adaptation éventuelle de la posologie de la rifabutine ou de l'éfavirenz Egalement, possibilité de diminution importante des concentrations pendant la durée de l'association. d'éfavirenz par la rifabutine."
ELTROMBOPAG,OZANIMOD,DECONSEILLEE,Risque d’augmentation des effets indésirables de l’ozanimod.
ELVITÉGRAVIR,ESTROPROGESTATIFS CONTRACEPTIFS,PRECAUTION_EMPLOI,"Diminution de l’efficacité contraceptive par augmentation du métabolisme hépatique du contraceptif hormonal par l'elvitégravir. Utiliser une méthode additionnelle de type mécanique (préservatif) pendant la durée de l’association, et un cycle suivant l’arrêt de l'elvitégravir."
ELVITÉGRAVIR,ITRACONAZOLE,PRECAUTION_EMPLOI,"Augmentation des concentrations plasmatiques d’elvitegravir par diminution de son métabolisme par l'itraconazole. Avec l’elvitegravir co-administré avec le cobicistat, surveillance clinique. Limiter la dose maximale d’itraconazole à 200 mg/j."
ELVITÉGRAVIR,KETOCONAZOLE,PRECAUTION_EMPLOI,"Augmentation des concentrations plasmatiques d’elvitegravir par diminution de son métabolisme par le kétoconazole. Avec l’elvitegravir co-administré avec le cobicistat, surveillance clinique. Limiter la dose maximale de kétoconazole à 200 mg/j."
ELVITÉGRAVIR,RIFABUTINE,A_PRENDRE_EN_COMPTE,Diminution des concentrations minimales d’elvitégravir.
ENOXACINE,CAFEINE,DECONSEILLEE,"Augmentation des concentrations plasmatiques de caféine, pouvant entraîner excitations et hallucinations, par diminution de son métabolisme hépatique."
ENOXACINE,DULOXETINE,CONTRE_INDICATION,Risque d’augmentation des effets indésirables de la duloxétine par diminution de son métabolisme hépatique par l'énoxacine.
ENOXACINE,ROPINIROLE,PRECAUTION_EMPLOI,Augmentation des concentrations plasmatiques de ropinirole avec signes de surdosage par diminution de son métabolisme hépatique. Surveillance clinique et réduction de la posologie du ropinirole pendant le traitement par l'énoxacine et après son arrêt.
ENTACAPONE,FER,PRECAUTION_EMPLOI,Diminution de l'absorption digestive de l'entacapone et du fer par chélation de celui-ci par l'entacapone. Prendre les sels de fer à distance de l'entacapone (plus de 2 heures si possible).
ENZALUTAMIDE,GEMFIBROZIL,PRECAUTION_EMPLOI,Majoration de la fraction active de l’enzalutamide. Réduire la dose d’enzalutamide de moitié en cas d’association au gemfibrozil.
ERGOTAMINE,DALFOPRISTINE,CONTRE_INDICATION,Ergotisme avec possibilité de nécrose des extrémités (inhibition du métabolisme hépatique de l'alcaloïde de l'ergot de seigle).
ERGOTAMINE,DILTIAZEM,CONTRE_INDICATION,Ergotisme avec possibilité de nécrose des extrémités (inhibition du métabolisme hépatique de l'alcaloïde de l'ergot de seigle).
ERGOTAMINE,EFAVIRENZ,CONTRE_INDICATION,Ergotisme avec possibilité de nécrose des extrémités (inhibition du métabolisme hépatique de l'alcaloïde de l'ergot de seigle).
ERGOTAMINE,MACROLIDES,CONTRE_INDICATION,Ergotisme avec possibilité de nécrose des extrémités (diminution de l'élimination hépatique de l'ergotamine).
ERGOTAMINE,OXPRENOLOL,PRECAUTION_EMPLOI,"Ergotisme : quelques cas de spasme artériel avec ischémie des extrémités ont été observés (addition d'effets vasculaires). Surveillance clinique renforcée, en particulier pendant les premières semaines de l'association."
ERGOTAMINE,PROPRANOLOL,PRECAUTION_EMPLOI,"Ergotisme : quelques cas de spasme artériel avec ischémie des extrémités ont été observés (addition d'effets vasculaires). Surveillance clinique renforcée, en particulier pendant les premières semaines de l'association."
ERYTHROMYCINE,AFATINIB,PRECAUTION_EMPLOI,"Augmentation des concentrations plasmatique d’afatinib par augmentation de son absorption par l'érythromycine. Il est recommandé d’administrer l'érythromycine le plus à distance possible de l’afatinib, en respectant de préférence un intervalle de 6 heures ou de 12 heures par rapport à la prise d’afatinib."
ERYTHROMYCINE,ALFENTANIL,PRECAUTION_EMPLOI,Augmentation de l'effet dépresseur respiratoire de l'analgésique opiacé par diminution de son métabolisme hépatique. Adapter la posologie de l'alfentanil en cas de traitement par l'érythromycine.
ERYTHROMYCINE,ATORVASTATINE,PRECAUTION_EMPLOI,"Risque majoré d'effets indésirables (concentration-dépendants) à type de rhabdomyolyse, par diminution du métabolisme hépatique Utiliser des doses plus faibles d'hypocholestérolémiant. Si l'objectif de l'hypocholesterolémiant. thérapeutique n'est pas atteint, utiliser une autre statine non concernée par ce type d'interaction."
ERYTHROMYCINE,BUSPIRONE,DECONSEILLEE,"Augmentation des concentrations plasmatiques de la buspirone par diminution de son métabolisme hépatique, avec majoration importante de la sédation."
ERYTHROMYCINE,CARBAMAZEPINE,DECONSEILLEE,"Augmentation des concentrations plasmatiques de carbamazépine, avec signes de surdosage, par inhibition de son métabolisme hépatique."
ERYTHROMYCINE,ÉDOXABAN,PRECAUTION_EMPLOI,"Augmentation des concentrations plasmatiques de l’édoxaban, avec majoration du risque de saignement. Réduire la dose d’édoxaban de moitié."
ERYTHROMYCINE,FIDAXOMICINE,DECONSEILLEE,Augmentation des concentrations plasmatiques de la fidaxomicine.
ERYTHROMYCINE,GLIBENCLAMIDE,PRECAUTION_EMPLOI,"Risque d'hypoglycémie par augmentation de l’absorption et des concentrations plasmatiques de l’antidiabétique. Prévenir le patient, renforcer l'autosurveillance glycémique et adapter éventuellement la posologie du sulfamide hypoglycémiant pendant le traitement par l’érythromycine."
ERYTHROMYCINE,GLIMEPIRIDE,PRECAUTION_EMPLOI,"Risque d'hypoglycémie par augmentation de l’absorption et des concentrations plasmatiques de l’antidiabétique. Prévenir le patient, renforcer l'autosurveillance glycémique et adapter éventuellement la posologie du sulfamide hypoglycémiant pendant le traitement par l’érythromycine."
ERYTHROMYCINE,IMMUNOSUPPRESSEURS,DECONSEILLEE,"Augmentation très importante des concentrations sanguines de l'immunosuppresseur par inhibition de son métabolisme hépatique. En cas d’association, contrôle strict de la fonction rénale, dosage des concentrations sanguines de l'immunosuppresseur et adaptation éventuelle de la posologie."
ERYTHROMYCINE,NINTÉDANIB,PRECAUTION_EMPLOI,Augmentation des concentrations plasmatiques du nintédanib par augmentation de son absorption par l'érythromycine. Surveillance clinique pendant l’association.
ESCITALOPRAM,ESOMEPRAZOLE,PRECAUTION_EMPLOI,"Risque majoré de troubles du rythme ventriculaire, notamment de torsades de pointes. Surveillance clinique et électrocardiographique pendant l'association."
ESCITALOPRAM,OMEPRAZOLE,PRECAUTION_EMPLOI,"Risque majoré de troubles du rythme ventriculaire, notamment de torsades de pointes. Surveillance clinique et électrocardiographique pendant l'association."
ESMOLOL,AMIODARONE,PRECAUTION_EMPLOI,"Troubles de la contractilité, de l'automatisme et de la conduction (suppression des mécanismes sympathiques compensateurs). Surveillance clinique et ECG."
ESMOLOL,ANTIARYTHMIQUES CLASSE IA,PRECAUTION_EMPLOI,"Troubles de la contractilité, de l'automatisme et de la conduction (suppression des mécanismes sympathiques compensateurs). Surveillance clinique et ECG."
ESMOLOL,DILTIAZEM,DECONSEILLEE,"Troubles de l'automatisme (bradycardie excessive, arrêt sinusal), troubles de la conduction sino-auriculaire et auriculo-ventriculaire et Association déconseillée : défaillance cardiaque. - en cas d'altération de la fonction ventriculaire gauche. Précaution d'emploi : - si la fonction ventriculaire gauche est normale. Surveillance clinique et ECG."
ESMOLOL,PROPAFENONE,PRECAUTION_EMPLOI,"Troubles de la contractilité, de l'automatisme et de la conduction (suppression des mécanismes sympathiques compensateurs). Surveillance clinique et ECG."
ESMOLOL,VERAPAMIL,DECONSEILLEE,"Troubles de l'automatisme (bradycardie excessive, arrêt sinusal), troubles de la conduction sino-auriculaire et auriculo-ventriculaire et Association déconseillée : défaillance cardiaque. - en cas d'altération de la fonction ventriculaire gauche. Précaution d'emploi : - si la fonction ventriculaire gauche est normale. Surveillance clinique et ECG."
ESOMEPRAZOLE,ESCITALOPRAM,PRECAUTION_EMPLOI,"Risque majoré de troubles du rythme ventriculaire, notamment de torsades de pointes. Surveillance clinique et électrocardiographique pendant l'association."
ESTRAMUSTINE,ACIDE CLODRONIQUE,PRECAUTION_EMPLOI,Risque d’augmentation des concentrations plasmatiques d’estramustine par le clodronate. Surveillance clinique au cours de l’association.
ESTRAMUSTINE,CALCIUM,PRECAUTION_EMPLOI,"Diminution de l'absorption digestive de l'estramustine. Prendre les sels de calcium à distance de l'estramustine (plus de 2 heures, si possible)."
ESTROGÈNES NON CONTRACEPTIFS,HORMONES THYROÏDIENNES,PRECAUTION_EMPLOI,Risque d'hypothyroïdie clinique en cas d'estrogénothérapie substitutive. Surveillance clinique et biologique ; adaptation éventuelle des doses de l'hormone thyroïdienne chez les femmes ménopausées prenant des estrogènes.
ESTROGÈNES NON CONTRACEPTIFS,OXCARBAZEPINE,PRECAUTION_EMPLOI,"Risque de diminution de l'efficacité du traitement hormonal, par augmentation de son métabolisme hépatique par l'oxcarbazépine. Surveillance clinique et adaptation éventuelle de la posologie du traitement hormonal pendant le traitement par l'oxcarbazépine et après son arrêt."
ESTROPROGESTATIFS CONTRACEPTIFS,APREPITANT,PRECAUTION_EMPLOI,"Diminution de l’efficacité contraceptive par augmentation du métabolisme hépatique du contraceptif hormonal par l'aprépitant. Utiliser une méthode additionnelle de type mécanique (préservatif) pendant la durée de l’association, et un cycle suivant l’arrêt de l’aprépitant."
ESTROPROGESTATIFS CONTRACEPTIFS,BOSENTAN,PRECAUTION_EMPLOI,"Diminution de l’efficacité contraceptive par augmentation du métabolisme hépatique du contraceptif hormonal par le bosentan. Utiliser une méthode additionnelle de type mécanique (préservatif) pendant la durée de l’association, et un cycle suivant l’arrêt du bosentan."
ESTROPROGESTATIFS CONTRACEPTIFS,ELVITÉGRAVIR,PRECAUTION_EMPLOI,"Diminution de l’efficacité contraceptive par augmentation du métabolisme hépatique du contraceptif hormonal par l'elvitégravir. Utiliser une méthode additionnelle de type mécanique (préservatif) pendant la durée de l’association, et un cycle suivant l’arrêt de l'elvitégravir."
ESTROPROGESTATIFS CONTRACEPTIFS,FELBAMATE,PRECAUTION_EMPLOI,"Risque de diminution de l’efficacité contraceptive, pendant le traitement et un cycle après l’arrêt du traitement par le felbamate, Utiliser une méthode additionnelle de type mécanique (préservatif) en raison de son potentiel inducteur enzymatique. pendant la durée de l’association, et un cycle suivant l’arrêt du felbamate."
ESTROPROGESTATIFS CONTRACEPTIFS,GRISEOFULVINE,PRECAUTION_EMPLOI,"Diminution de l’efficacité contraceptive par augmentation du métabolisme hépatique du contraceptif hormonal par la Utiliser une méthode additionnelle de type mécanique (préservatif) griséofulvine. pendant la durée de l’association, et un cycle suivant l’arrêt de de la griséofulvine."
ESZOPICLONE,RIFAMPICINE,PRECAUTION_EMPLOI,Risque de diminution des concentrations plasmatiques et de l'efficacité de l’eszopiclone par augmentation de son métabolisme Surveillance clinique. Utiliser éventuellement un autre hypnotique. hépatique par la rifampicine.
ETANERCEPT,ANAKINRA,DECONSEILLEE,Risque accru d'infections graves et de neutropénies.
ÉTELCALCÉTIDE,CINACALCET,DECONSEILLEE,Risque d’hypocalcémie sévère.
ETHINYLESTRADIOL,DASABUVIR,CONTRE_INDICATION,Augmentation de l’hépatotoxicité.
ETHINYLESTRADIOL,GLÉCAPRÉVIR + PIBRENTASVIR,CONTRE_INDICATION,Augmentation de l’hépatotoxicité avec la bithérapie.
ETHINYLESTRADIOL,OMBITASVIR + PARITAPRÉVIR,CONTRE_INDICATION,Augmentation de l’hépatotoxicité.
ETHOSUXIMIDE,CARBAMAZEPINE,PRECAUTION_EMPLOI,"Diminution des concentrations plasmatiques d'éthosuximide. Surveillance clinique, dosage plasmatique de l'éthosuximide et augmentation éventuelle de sa posologie."
ETOPOSIDE,MILLEPERTUIS,CONTRE_INDICATION,Risque de diminution des concentrations plasmatiques d’étoposide par le millepertuis.
ETRAVIRINE,ATAZANAVIR,DECONSEILLEE,Risque de diminution des concentrations plasmatiques d’atazanavir par l’étravirine.
ETRAVIRINE,CLARITHROMYCINE,A_PRENDRE_EN_COMPTE,"Dans le traitement des infections à Mycobacterium avium complex, risque de diminution de l’efficacité de la clarithromycine par augmentation de son métabolisme hépatique par l’étravirine."
ETRAVIRINE,COBICISTAT,DECONSEILLEE,Risque de diminution des concentrations plasmatiques du cobicistat par l’étravirine.
ETRAVIRINE,DARUNAVIR,DECONSEILLEE,Risque de diminution des concentrations plasmatiques du darunavir par l’étravirine.
ETRAVIRINE,GRAZOPREVIR + ELBASVIR,CONTRE_INDICATION,Risque de diminution des concentrations plasmatiques de grazoprevir/elbasvir par l’étravirine.
EVEROLIMUS,CICLOSPORINE,PRECAUTION_EMPLOI,"Augmentation des concentrations sanguines de l’évérolimus par la ciclosporine. La néphrotoxicité de la ciclosporine est également Dosage des concentrations sanguines d’évérolimus, éventuellement augmentée lors de l’association. adaptation de la posologie et contrôle de la fonction rénale, pendant l’association et après son arrêt."
EXEMESTANE,RIFAMPICINE,A_PRENDRE_EN_COMPTE,Risque de diminution de l'efficacité de l'exemestane par augmentation de son métabolisme hépatique par l'inducteur enzymatique.
EZETIMIBE,CICLOSPORINE,DECONSEILLEE,"D’une part, risque majoré d'effets indésirables (concentration- dépendants) à type de rhabdomyolyse, par augmentation des concentrations d’ézétimibe ; d’autre part, possible augmentation des concentrations de ciclosporine."
EZETIMIBE,FENOFIBRATE,DECONSEILLEE,Risque de lithiase biliaire par augmentation de l’excrétion biliaire du cholestérol.
FELBAMATE,CARBAMAZEPINE,PRECAUTION_EMPLOI,"Augmentation des concentrations plasmatiques du métabolite actif de la carbamazépine. De plus, diminution des concentrations Surveillance clinique, dosages plasmatiques et adaptation éventuelle plasmatiques de felbamate par augmentation de son métabolisme des posologies des deux anticonvulsivants. hépatique par la carbamazépine."
FELBAMATE,ESTROPROGESTATIFS CONTRACEPTIFS,PRECAUTION_EMPLOI,"Risque de diminution de l’efficacité contraceptive, pendant le traitement et un cycle après l’arrêt du traitement par le felbamate, Utiliser une méthode additionnelle de type mécanique (préservatif) en raison de son potentiel inducteur enzymatique. pendant la durée de l’association, et un cycle suivant l’arrêt du felbamate."
FELBAMATE,PHÉNOBARBITAL,PRECAUTION_EMPLOI,"Diminution des concentrations plasmatiques et de l'efficacité du felbamate et augmentation des concentrations plasmatiques du Surveillance clinique et contrôle des concentrations plasmatiques de phénobarbital, avec risque de surdosage. phénobarbital avec adaptation de la posologie si besoin."
FELBAMATE,PHÉNYTOÏNE,PRECAUTION_EMPLOI,"Augmentation des concentrations plasmatiques de phénytoïne avec risque de surdosage, par inhibition de son métabolisme par le Surveillance clinique, contrôle des concentrations plasmatiques de felbamate. phénytoïne et si besoin, adaptation de sa posologie pendant le traitement par le felbamate."
FELBAMATE,VALPROMIDE,PRECAUTION_EMPLOI,"Augmentation des concentrations plasmatiques de l'acide valproïque, avec risque de surdosage. Surveillance clinique, contrôle biologique et adaptation éventuelle de la posologie du valproate ou du valpromide pendant le traitement par le felbamate et après son arrêt."
FENOFIBRATE,CICLOSPORINE,PRECAUTION_EMPLOI,"Risque d'augmentation de la néphrotoxicité de la ciclosporine. Surveillance clinique et biologique de la fonction rénale, pendant et après l'association."
FENOFIBRATE,EZETIMIBE,DECONSEILLEE,Risque de lithiase biliaire par augmentation de l’excrétion biliaire du cholestérol.
FENTANYL,RIFAMPICINE,DECONSEILLEE,Diminution des concentrations plasmatiques de fentanyl par augmentation de son métabolisme hépatique par la rifampicine. Préférer un autre morphinique.
FER,SELS DE FER PAR VOIE INJECTABLE,DECONSEILLEE,"Lipothymie, voire choc attribué à la libération rapide du fer de sa forme complexe et à la saturation de la sidérophiline."
FER,ACIDE ACETOHYDROXAMIQUE,A_PRENDRE_EN_COMPTE,Diminution de l'absorption digestive de ces deux médicaments par chélation du fer.
FER,BICTÉGRAVIR,PRECAUTION_EMPLOI,"Diminution de près des deux tiers de l'absorption du bictégravir en cas d’ingestion simultanée ou à jeun. Prendre le bictégravir au moins 2 heures avant les sels de fer, ou en même temps qu’un repas."
FER,BISPHOSPHONATES,PRECAUTION_EMPLOI,"Pour les sels de fer administrés par voie orale : diminution de l'absorption digestive des bisphosphonates. Prendre les sels de fer à distance des bisphosphonates (de 30 minutes au minimum à plus de 2 heures, si possible, selon le bisphosphonate)."
FER,CALCIUM,PRECAUTION_EMPLOI,Avec les sels de fer par voie orale : diminution de l'absorption digestive des sels de fer. Prendre les sels de fer à distance des repas et en l'absence de calcium.
FER,CYCLINES,PRECAUTION_EMPLOI,"Diminution de l'absorption digestive des cyclines et du fer Prendre les sels de fer à distance des cyclines (plus de 2 heures, si possible)."
FER,ENTACAPONE,PRECAUTION_EMPLOI,Diminution de l'absorption digestive de l'entacapone et du fer par chélation de celui-ci par l'entacapone. Prendre les sels de fer à distance de l'entacapone (plus de 2 heures si possible).
FER,FLUOROQUINOLONES,PRECAUTION_EMPLOI,"Diminution de l'absorption digestive des fluoroquinolones. Prendre les sels de fer à distance des fluoroquinolones (plus de 2 heures, si possible)."
FER,HORMONES THYROÏDIENNES,PRECAUTION_EMPLOI,"Diminution de l'absorption digestive des hormones thyroïdiennes. Prendre les hormones thyroïdiennes à distance du fer (plus de 2 heures, si possible)."
FEXOFENADINE,MILLEPERTUIS,CONTRE_INDICATION,Diminution des concentrations plasmatiques de la féxofénadine par le millepertuis.
FIBRATES,ANTIVITAMINES K,PRECAUTION_EMPLOI,Augmentation de l'effet de l'antivitamine K et du risque hémorragique. Contrôle plus fréquent de l'INR. Adaptation éventuelle de la posologie de l'antivitamine K pendant le traitement par le fibrate et 8 jours après son arrêt.
FIBRATES,COLCHICINE,PRECAUTION_EMPLOI,"Risque de majoration des effets indésirables musculaires de ces substances, et notamment de rhabdomyolyse. Surveillance clinique et biologique, particulièrement au début de l’association."
FIDAXOMICINE,AMIODARONE,DECONSEILLEE,Augmentation des concentrations plasmatiques de la fidaxomicine.
FIDAXOMICINE,CICLOSPORINE,DECONSEILLEE,Augmentation des concentrations plasmatiques de la fidaxomicine.
FIDAXOMICINE,CLARITHROMYCINE,DECONSEILLEE,Augmentation des concentrations plasmatiques de la fidaxomicine.
FIDAXOMICINE,DRONEDARONE,DECONSEILLEE,Augmentation des concentrations plasmatiques de la fidaxomicine.
FIDAXOMICINE,ERYTHROMYCINE,DECONSEILLEE,Augmentation des concentrations plasmatiques de la fidaxomicine.
FIDAXOMICINE,KETOCONAZOLE,DECONSEILLEE,Augmentation des concentrations plasmatiques de la fidaxomicine.
FIDAXOMICINE,VERAPAMIL,DECONSEILLEE,Augmentation des concentrations plasmatiques de la fidaxomicine.
FINGOLIMOD,BRADYCARDISANTS,DECONSEILLEE,"Potentialisation des effets bradycardisants pouvant avoir des conséquences fatales. Les bêta-bloquants sont d’autant plus à Surveillance clinique et ECG continu pendant les 6 heures suivant la risque qu’ils empêchent les mécanismes de compensation première dose voire 2 heures de plus, jusqu'au lendemain si nécessaire. adrénergique."
FLUCLOXACILLINE,PARACETAMOL,DECONSEILLEE,"Risque accru d'acidose métabolique à trou anionique élevé, notamment en cas d'insuffisance rénale sévère, de sepsis, de Si l’association ne peut être évitée, surveillance étroite avec mesure de facteurs prédisposant à la déplétion en glutathion (malnutrition, la 5-oxoproline urinaire. alcoolisme chronique…), ainsi qu’en cas d’utilisation de paracétamol aux doses quotidiennes maximales."
FLUCLOXACILLINE,VORICONAZOLE,DECONSEILLEE,"Diminution des concentrations de voriconazole, avec risque d'inefficacité de l'antifongique azolé."
FLUCONAZOLE,ABROCITINIB,PRECAUTION_EMPLOI,Risque de majoration des effets indésirables de l’abrocitinib par diminution de son métabolisme. Réduire la posologie de l’abrocitinib de moitié en cas de traitement par le fluconazole.
FLUCONAZOLE,ALFENTANIL,PRECAUTION_EMPLOI,Augmentation de l'effet dépresseur respiratoire de l'analgésique opiacé par diminution de son métabolisme hépatique. Adapter la posologie de l'alfentanil en cas de traitement par le fluconazole.
FLUCONAZOLE,AMIODARONE,PRECAUTION_EMPLOI,"Risque d’allongement de l’intervalle QT. Surveillance clinique, particulièrement aux fortes doses de fluconazole (800 mg/j)."
FLUCYTOSINE,CYTOTOXIQUES,A_PRENDRE_EN_COMPTE,Risque de majoration de la toxicité hématologique
FLUCYTOSINE,GANCICLOVIR,A_PRENDRE_EN_COMPTE,Risque de majoration de la toxicité hématologique.
FLUCYTOSINE,IMMUNOSUPPRESSEURS,A_PRENDRE_EN_COMPTE,Risque de majoration de la toxicité hématologique.
FLUDARABINE,PENTOSTATINE,DECONSEILLEE,Majoration du risque de toxicité pulmonaire pouvant être fatale.
FLUOROQUINOLONES,ANTIVITAMINES K,PRECAUTION_EMPLOI,Augmentation de l'effet de l'antivitamine K et du risque hémorragique. Contrôle plus fréquent de l'INR. Adaptation éventuelle de la posologie de l'antivitamine K pendant le traitement par la fluoroquinolone et après son arrêt.
FLUOROQUINOLONES,FER,PRECAUTION_EMPLOI,"Diminution de l'absorption digestive des fluoroquinolones. Prendre les sels de fer à distance des fluoroquinolones (plus de 2 heures, si possible)."
FLUOROQUINOLONES,GLUCOCORTICOÏDES,A_PRENDRE_EN_COMPTE,"Possible majoration du risque de tendinopathie, voire de rupture tendineuse (exceptionnelle), particulièrement chez les patients recevant une corticothérapie prolongée."
FLUOROQUINOLONES,MYCOPHENOLATE MOFETIL,A_PRENDRE_EN_COMPTE,"Diminution des concentrations de l’acide mycophénolique d’environ un tiers, avec risque potentiel de baisse d’efficacité."
FLUOROQUINOLONES,STRONTIUM,PRECAUTION_EMPLOI,"Diminution de l'absorption digestive du strontium. Prendre le strontium à distance des fluoroquinolones (plus de deux heures, si possible)."
FLUOROQUINOLONES,SUCRALFATE,PRECAUTION_EMPLOI,"Diminution de l'absorption digestive des fluoroquinolones. Prendre le sucralfate à distance des fluoroquinolones (plus de 2 heures, si possible)."
FLUOROQUINOLONES,ZINC,PRECAUTION_EMPLOI,"Diminution de l'absorption digestive des fluoroquinolones. Prendre les sels de zinc à distance des fluoroquinolones (plus de 2 heures, si possible)."
FLUOROURACILE,ACIDE FOLINIQUE,A_PRENDRE_EN_COMPTE,"Potentialisation des effets, à la fois cytostatiques et indésirables, du fluoro-uracile."
FLUOROURACILE,ANTIVITAMINES K,DECONSEILLEE,"Augmentation importante de l'effet de l'antivitamine K et du risque hémorragique. Si elle ne peut être évitée, contrôle plus fréquent de l'INR. Adaptation de la posologie de l'antivitamine K pendant le traitement par le cytotoxique et 8 jours après son arrêt."
FLUOROURACILE,INTERFERON ALFA,A_PRENDRE_EN_COMPTE,Augmentation de la toxicité gastro-intestinale du fluorouracile.
FLUOXETINE,CARBAMAZEPINE,PRECAUTION_EMPLOI,"Augmentation des concentrations plasmatiques de carbamazépine avec signes de surdosage. Surveillance clinique, contrôle des concentrations plasmatiques de carbamazépine et réduction éventuelle de la posologie de la carbamazépine pendant le traitement par l'antidépresseur sérotoninergique et après son arrêt."
FLUOXETINE,CODEINE,DECONSEILLEE,Diminution de l’efficacité de l’opiacé par inhibition de son métabolisme par l’inhibiteur.
FLUOXETINE,MEQUITAZINE,DECONSEILLEE,"Risque de majoration des effets indésirables de la méquitazine, par inhibition de son métabolisme par l’inhibiteur enzymatique."
FLUOXETINE,METOPROLOL,PRECAUTION_EMPLOI,"Risque de majoration des effets indésirables du métoprolol, avec notamment bradycardie excessive, par inhibition de son Surveillance clinique accrue ; si besoin, adaptation de la posologie du métabolisme par la fluoxétine. métoprolol pendant la durée du traitement par la fluoxétine et après son arrêt."
FLUOXETINE,NEBIVOLOL,PRECAUTION_EMPLOI,"Risque de majoration des effets indésirables du nébivolol avec notamment bradycardie excessive, par inhibition de son Surveillance clinique accrue ; si besoin, adaptation de la posologie du métabolisme par l’antidépresseur. nébivolol pendant la durée du traitement par l’antidépresseur et après son arrêt."
FLUOXETINE,PHÉNYTOÏNE,PRECAUTION_EMPLOI,"Augmentation des concentrations plasmatiques de phénytoïne avec signes de surdosage, par inhibition du métabolisme de la Surveillance clinique et éventuellement contrôle des concentrations phénytoïne. plasmatiques de phénytoïne. Si besoin, adaptation posologique pendant le traitement par la fluoxétine et après son arrêt."
FLUOXETINE,PIMOZIDE,CONTRE_INDICATION,"Risque majoré de troubles du rythme ventriculaire, notamment de torsades de pointes."
FLUOXETINE,RISPERIDONE,PRECAUTION_EMPLOI,"Augmentation de la fraction active de la rispéridone par diminution de son métabolisme hépatique par la fluoxétine, avec risque de Surveillance clinique et, si besoin, adaptation posologique de la majoration des effets indésirables. rispéridone."
FLUOXETINE,TAMOXIFENE,DECONSEILLEE,"Baisse de l’efficacité du tamoxifène, par inhibition de la formation de son métabolite actif par la fluoxétine."
FLUOXETINE,TETRABENAZINE,CONTRE_INDICATION,Augmentation possiblement très importante de l’exposition des métabolites actifs de la tétrabénazine.
FLUOXETINE,TRAMADOL,DECONSEILLEE,Diminution de l’efficacité de l’opiacé par inhibition de son métabolisme par l’inhibiteur.
FLUVASTATINE,CICLOSPORINE,PRECAUTION_EMPLOI,"Augmentation modérée des concentrations de fluvastatine, avec risque musculaire non exclu. Surveillance clinique et biologique pendant l’association."
FLUVOXAMINE,ABROCITINIB,PRECAUTION_EMPLOI,Risque de majoration des effets indésirables de l’abrocitinib par diminution de son métabolisme. Réduire la posologie de l’abrocitinib de moitié en cas de traitement par la fluvoxamine.
FLUVOXAMINE,AGOMELATINE,CONTRE_INDICATION,"Augmentation des concentrations d'agomélatine, avec risque de majoration des effets indésirables."
FLUVOXAMINE,CARBAMAZEPINE,PRECAUTION_EMPLOI,"Augmentation des concentrations plasmatiques de carbamazépine avec signes de surdosage. Surveillance clinique, contrôle des concentrations plasmatiques de carbamazépine et réduction éventuelle de la posologie de la carbamazépine pendant le traitement par l'antidépresseur sérotoninergique et après son arrêt."
FLUVOXAMINE,CLOZAPINE,PRECAUTION_EMPLOI,"Augmentation des concentrations plasmatiques de clozapine avec signes de surdosage. Surveillance clinique accrue ; si besoin, adaptation de la posologie de la clozapine pendant le traitement par la fluvoxamine et après son arrêt."
FLUVOXAMINE,DULOXETINE,CONTRE_INDICATION,Risque d’augmentation des effets indésirables de la duloxétine par diminution de son métabolisme hépatique par la fluvoxamine.
FLUVOXAMINE,LIDOCAINE,PRECAUTION_EMPLOI,"Augmentation des concentrations plasmatiques de la lidocaïne avec possibilités d’effets indésirables neurologiques et cardiaques Surveillance clinique, ECG et éventuellement contrôle des (diminution de la clairance hépatique de la lidocaïne). concentrations plasmatiques de la lidocaïne pendant et après l’arrêt de l’association. Adaptation, si besoin, de la posologie de la lidocaïne."
FLUVOXAMINE,METHADONE,PRECAUTION_EMPLOI,"Augmentation des concentrations plasmatiques de méthadone avec surdosage et risque majoré d’allongement de l’intervalle QT et Surveillance clinique et électrocardiographique renforcée ; si besoin, de troubles du rythme ventriculaire, notamment de torsades de adaptation de la posologie de la méthadone pendant le traitement par la pointes. fluvoxamine et après son arrêt."
FLUVOXAMINE,MEXILETINE,PRECAUTION_EMPLOI,"Risque de majoration des effets indésirables de la méxilétine, par inhibition de son métabolisme par la fluvoxamine. Surveillance clinique et ECG. Adaptation de la posologie de la méxilétine pendant le traitement par la fluvoxamine et après son arrêt."
FLUVOXAMINE,OLANZAPINE,PRECAUTION_EMPLOI,"Augmentation des concentrations de l’olanzapine, avec risque de majoration des effets indésirables, par diminution de son Surveillance clinique et réduction éventuelle de la posologie de métabolisme hépatique par la fluvoxamine. l’olanzapine pendant le traitement par fluvoxamine."
FLUVOXAMINE,PHÉNYTOÏNE,PRECAUTION_EMPLOI,"Augmentation des concentrations plasmatiques de phénytoïne avec signes de surdosage, par inhibition du métabolisme hépatique Surveillance clinique et éventuellement contröle des concentrations de la phénytoïne. plamatiques de phénytoïne. Si besoin, adaptation posologique de la phénytoïne pendant le traitement par la fluvoxamine et après son arrët."
FLUVOXAMINE,PIRFENIDONE,CONTRE_INDICATION,Augmentation des concentrations plasmatiques de pirfenidone avec signes de surdosage.
FLUVOXAMINE,PROPRANOLOL,PRECAUTION_EMPLOI,"Augmentation des concentrations plasmatiques de propranolol par inhibition de son métabolisme hépatique, avec majoration de Surveillance clinique accrue et, si besoin, adaptation de la posologie du l'activité et des effets indésirables, par exemple : bradycardie propranolol pendant le traitement par la fluvoxamine et après son arrêt. importante."
FOLATES,PHÉNOBARBITAL,PRECAUTION_EMPLOI,"Diminution des concentrations plasmatiques du phénobarbital, par augmentation de son métabolisme dont les folates représentent un Surveillance clinique, contrôle des concentrations plasmatiques, et des cofacteurs. adaptation, s'il y a lieu, de la posologie du phénobarbital pendant la supplémentation folique et après son arrêt."
FOLATES,PHÉNYTOÏNE,PRECAUTION_EMPLOI,Diminution des concentrations plasmatiques de phénytoïne par augmentation de son métabolisme dont les folates représentent un Surveillance clinique et contrôle des concentrations plasmatiques de des cofacteurs. phénytoïne. Adaptation éventuelle de la posologie de la phénytoïne pendant la supplémentation folique et après son arrêt.
FOSAMPRENAVIR,EFAVIRENZ,PRECAUTION_EMPLOI,"Risque de baisse de l'efficacité de l'amprénavir. Surveillance clinique et biologique régulière, notamment en début d'association."
FOSAMPRENAVIR,MARAVIROC,DECONSEILLEE,Diminution significative des concentrations d’amprénavir pouvant conduire à une perte de la réponse virologique.
FOSAMPRENAVIR,NEVIRAPINE,PRECAUTION_EMPLOI,"Risque de baisse de l'efficacité de l'amprénavir. Surveillance clinique et biologique régulière, notamment en début d'association."
FOSCARNET,PENTAMIDINE,PRECAUTION_EMPLOI,Risque d'hypocalcémie sévère. Surveillance de la calcémie et supplémentation si nécessaire.
FOSTAMATINIB,ROSUVASTATINE,PRECAUTION_EMPLOI,"Doublement moyen des concentrations plasmatiques de la rosuvastatine. Surveillance clinique et biologique, avec adaptation de la posologie de rosuvastatine si nécessaire."
FOSTEMSAVIR,MILLEPERTUIS,CONTRE_INDICATION,"Risque de diminution significative des concentrations de fostemsavir avec le millepertuis, avec réduction de la réponse virologique."
FOTEMUSTINE,DACARBAZINE,PRECAUTION_EMPLOI,Avec la dacarbazine à doses élevées : risque de toxicité pulmonaire (syndrome de détresse respiratoire aiguë de l'adulte). Ne pas utiliser simultanément mais respecter un délai d'une semaine entre la dernière administration de fotémustine et le premier jour de la cure de dacarbazine.
FUROSEMIDE,PHÉNYTOÏNE,PRECAUTION_EMPLOI,Diminution de l'effet diurétique pouvant atteindre 50 %. Utiliser éventuellement des doses plus élevées de furosémide.
GANCICLOVIR,DIDANOSINE,DECONSEILLEE,"Risque d'augmentation des effets indésirables de la didanosine, et notamment la toxicité mitochondriale, par augmentation importante de ses concentrations. De plus risque de diminution de l'efficacité du ganciclovir par diminution de ses concentrations, si les deux médicaments sont ingérés à moins de 2 heures d'intervalle."
GANCICLOVIR,FLUCYTOSINE,A_PRENDRE_EN_COMPTE,Risque de majoration de la toxicité hématologique.
GANCICLOVIR,MARIBAVIR,CONTRE_INDICATION,Antagonisme de la phosporylation et donc de l'effet pharmacologique du ganciclovir par le maribavir.
GANCICLOVIR,ZIDOVUDINE,PRECAUTION_EMPLOI,"Augmentation de la toxicité hématologique (addition d'effets de toxicité médullaire). Arrêter de façon transitoire la zidovudine ; contrôler la NFS et réintroduire, si possible, la zidovudine à doses faibles."
GEMFIBROZIL,DASABUVIR,CONTRE_INDICATION,Risque d’augmentation des concentrations plasmatiques du dasabuvir par le gemfibrozil.
GEMFIBROZIL,ENZALUTAMIDE,PRECAUTION_EMPLOI,Majoration de la fraction active de l’enzalutamide. Réduire la dose d’enzalutamide de moitié en cas d’association au gemfibrozil.
GEMFIBROZIL,OZANIMOD,A_PRENDRE_EN_COMPTE,Augmentation des concentrations des métabolites actifs de l’onazimod.
GEMFIBROZIL,PACLITAXEL,PRECAUTION_EMPLOI,Risque d’augmentation des concentrations plasmatiques du paclitaxel par inhibition de son métabolisme hépatique par le Surveillance clinique et biologique étroite et adaptation de la posologie gemfibrozil. du paclitaxel pendant l’association.
GILTÉRITINIB,MILLEPERTUIS,CONTRE_INDICATION,Diminution des concentrations plasmatiques de gilteritinib avec risque de perte d’efficacité.
GINKGO,EFAVIRENZ,DECONSEILLEE,Risque de moindre efficacité de l'éfavirenz.
GIVOSIRAN,THEOPHYLLINE,PRECAUTION_EMPLOI,Risque d’augmentation de la théophyllinémie avec signes de surdosage par diminution de son métabolisme hépatique. Surveillance clinique et éventuellement de la théophyllinémie.
GLÉCAPRÉVIR + PIBRENTASVIR,ATAZANAVIR,CONTRE_INDICATION,Augmentation de l’hépatotoxicité avec la bithérapie.
GLÉCAPRÉVIR + PIBRENTASVIR,ATORVASTATINE,CONTRE_INDICATION,"Augmentation importante des concentrations plasmatiques d’atorvastatine par la bithérapie, avec risque majoré d’effets indésirables (concentration-dépendants) à type de rhabdomyolyses."
GLIBENCLAMIDE,BOSENTAN,PRECAUTION_EMPLOI,"Risque de moindre efficacité du glibenclamide par diminution de ses concentrations plasmatiques, en raison de l'effet inducteur du Surveillance de la glycémie, adaptation du traitement si besoin, et bosentan. Par ailleurs, des cas d'hépatotoxicité ont été rapportés surveillance des constantes biologiques hépatiques. lors de l'association."
GLIBENCLAMIDE,ERYTHROMYCINE,PRECAUTION_EMPLOI,"Risque d'hypoglycémie par augmentation de l’absorption et des concentrations plasmatiques de l’antidiabétique. Prévenir le patient, renforcer l'autosurveillance glycémique et adapter éventuellement la posologie du sulfamide hypoglycémiant pendant le traitement par l’érythromycine."
GLIMEPIRIDE,ERYTHROMYCINE,PRECAUTION_EMPLOI,"Risque d'hypoglycémie par augmentation de l’absorption et des concentrations plasmatiques de l’antidiabétique. Prévenir le patient, renforcer l'autosurveillance glycémique et adapter éventuellement la posologie du sulfamide hypoglycémiant pendant le traitement par l’érythromycine."
GLINIDES,BÊTA-BLOQUANTS,PRECAUTION_EMPLOI,"Tous les bêta-bloquants peuvent masquer certains symptômes de l'hypoglycémie : palpitations et tachycardie. Prévenir le patient et renforcer, surtout en début de traitement, l'autosurveillance glycémique."
GLINIDES,BÊTA-BLOQUANTS DANS L'INSUFFISANCE CARDIAQUE,PRECAUTION_EMPLOI,"Tous les bêtabloquants peuvent masquer certains symptômes de l'hypoglycémie : palpitations et tachycardie. Prévenir le patient et renforcer, surtout en début de traitement, l'autosurveillance glycémique."
GLIPIZIDE,VORICONAZOLE,PRECAUTION_EMPLOI,"Risque d’augmentation des concentrations plasmatiques du glipizide à l’origine d’hypoglycémies potentiellement sévères. Prévenir le patient, renforcer l'autosurveillance glycémique et adapter éventuellement la posologie du sulfamide pendant et après le traitement par voriconazole."
GLIPTINES,BÊTA-BLOQUANTS,PRECAUTION_EMPLOI,"Tous les bêtabloquants peuvent masquer certains symptômes de l'hypoglycémie : palpitations et tachycardie. Prévenir le patient et renforcer, surtout en début de traitement, l'autosurveillance glycémique."
GLOBULINES ANTILYMPHOCYTAIRES,IMMUNOSUPPRESSEURS,A_PRENDRE_EN_COMPTE,Immunodépression excessive avec risque de lymphoprolifération.
GLUCOCORTICOÏDES,ACIDE ACETYLSALICYLIQUE,DECONSEILLEE,Majoration du risque hémorragique. Association déconseillée avec : - des doses anti-inflammatoires d'acide acétylsalicylique (>=1g par prise et/ou >=3g par jour) A prendre en compte avec : - des doses antalgiques ou antipyrétiques (>=500 mg par prise et/ou <3g par jour).
GLUCOCORTICOÏDES,ANTI-INFLAMMATOIRES NON STÉROÏDIENS,A_PRENDRE_EN_COMPTE,Augmentation du risque d’ulcération et d’hémorragie gastro- intestinale.
GLUCOCORTICOÏDES,COBIMÉTINIB,PRECAUTION_EMPLOI,Augmentation du risque hémorragique. Surveillance clinique.
GLUCOCORTICOÏDES,CURARES NON DÉPOLARISANTS,A_PRENDRE_EN_COMPTE,"Avec les glucocorticoïdes par voie IV : risque de myopathie sévère, réversible après un délai éventuellement long (plusieurs mois)."
GLUCOCORTICOÏDES,FLUOROQUINOLONES,A_PRENDRE_EN_COMPTE,"Possible majoration du risque de tendinopathie, voire de rupture tendineuse (exceptionnelle), particulièrement chez les patients recevant une corticothérapie prolongée."
GLUCOCORTICOÏDES,HÉPARINES,A_PRENDRE_EN_COMPTE,Augmentation du risque hémorragique.
GLUCOCORTICOÏDES,COBICISTAT,PRECAUTION_EMPLOI,"Décrit chez des patients HIV. Risque d’insuffisance surrénale aiguë, même en cas d’injection unique. L’articulation peut Préférer un corticoïde non CYP3A4-dépendant (hydrocortisone). constituer un réservoir relarguant de façon continue le corticoïde CYP3A4-dépendant dans la circulation générale, avec augmentation possiblement très importante des concentrations du corticoïde, à l’origine d’une freination de la réponse hypothalamo- hypophysaire."
GLUCOCORTICOÏDES,RITONAVIR,PRECAUTION_EMPLOI,"Décrit chez des patients HIV. Risque d’insuffisance surrénale aiguë, même en cas d’injection Préférer un corticoïde non CYP3A4-dépendant (hydrocortisone). unique. L’articulation peut constituer un réservoir relarguant de façon continue le corticoïde CYP3A4-dépendant dans la circulation générale, avec augmentation possiblement très importante des concentrations du corticoïde, à l’origine d’une freination de la réponse hypothalamo-hypophysaire."
GLUCOSAMINE,ANTIVITAMINES K,PRECAUTION_EMPLOI,Augmentation du risque hémorragique. Contrôle plus fréquent de l’INR. Adapation éventuelle de la posologie de l’antivitamine K.
GLYCEROL,LITHIUM,PRECAUTION_EMPLOI,Diminution de la lithémie avec risque de baisse de l’efficacité thérapeutique. Surveillance stricte de la lithémie et adaptation éventuelle de la posologie du lithium.
GRAZOPREVIR + ELBASVIR,CICLOSPORINE,CONTRE_INDICATION,Augmentation des concentrations de grazoprévir et d’elbasvir.
GRAZOPREVIR + ELBASVIR,ETRAVIRINE,CONTRE_INDICATION,Risque de diminution des concentrations plasmatiques de grazoprevir/elbasvir par l’étravirine.
GRISEOFULVINE,ESTROPROGESTATIFS CONTRACEPTIFS,PRECAUTION_EMPLOI,"Diminution de l’efficacité contraceptive par augmentation du métabolisme hépatique du contraceptif hormonal par la Utiliser une méthode additionnelle de type mécanique (préservatif) griséofulvine. pendant la durée de l’association, et un cycle suivant l’arrêt de de la griséofulvine."
GRISEOFULVINE,PROGESTATIFS CONTRACEPTIFS,PRECAUTION_EMPLOI,"Risque de diminution de l'efficacité du contraceptif hormonal par augmentation de son métabolisme hépatique. Utiliser une méthode contraceptive fiable, additionnelle ou alternative, pendant la durée de l'association et un cycle suivant."
GUANETHIDINE,IMAO IRRÉVERSIBLES,CONTRE_INDICATION,"Avec la guanéthidine utilisée par voie IV : risque de réactions vasculaires imprévisibles, notamment d'hypotension. Interrompre le traitement par IMAO 15 jours avant le traitement par guanéthidine."
HALOFANTRINE,FLUCONAZOLE,DECONSEILLEE,"Risque majoré de troubles du rythme ventriculaires, notamment de torsades de pointes. Si cela est possible, interrompre le fluconazole. Si l'association ne peut être évitée, contrôle préalable du QT et surveillance ECG monitorée."
HALOFANTRINE,JOSAMYCINE,DECONSEILLEE,"Risque majoré de troubles du rythme ventriculaire, notamment de torsades de pointes. Si cela est possible, interrompre le macrolide. Si l’association ne peut être évitée, contrôle préalable du QT et surveillance ECG monitorée."
HALOFANTRINE,PAMPLEMOUSSE,DECONSEILLEE,"Risque majoré de troubles du rythme ventriculaire, notamment de torsades de pointes."
HALOFANTRINE,STIRIPENTOL,DECONSEILLEE,"Risque majoré de troubles du rythme ventriculaire, notamment de torsades de pointes."
HALOPERIDOL,RIFAMPICINE,PRECAUTION_EMPLOI,"Risque de diminution des concentrations plasmatiques de l'halopéridol et de son efficacité thérapeutique, par augmentation Surveillance clinique et, si besoin, adaptation posologique pendant le de son métabolisme hépatique par la rifampicine. traitement par la rifampicine et après son arrêt."
HALOTHANE,BÊTA-2 MIMÉTIQUES,DECONSEILLEE,"En cas d'intervention obstétricale, majoration de l'inertie utérine avec risque hémorragique ; par ailleurs, troubles du rythme Interrompre le traitement par bêta-2 mimétiques si l'anesthésie doit se ventriculaires graves, par augmentation de la réactivité cardiaque. faire sous halothane."
HALOTHANE,THÉOPHYLLINE,DECONSEILLEE,Troubles du rythme ventriculaire graves par augmentation de l'excitabilité cardiaque.
HÉPARINES,ANTIAGRÉGANTS PLAQUETTAIRES,A_PRENDRE_EN_COMPTE,Augmentation du risque hémorragique.
HÉPARINES,COBIMÉTINIB,PRECAUTION_EMPLOI,Augmentation du risque hémorragique. Surveillance clinique.
HÉPARINES,DÉFIBROTIDE,DECONSEILLEE,Risque hémorragique accru.
HÉPARINES,GLUCOCORTICOÏDES,A_PRENDRE_EN_COMPTE,Augmentation du risque hémorragique.
HÉPARINES,ACIDE ACETYLSALICYLIQUE,DECONSEILLEE,Augmentation du risque hémorragique (inhibition de la fonction plaquettaire et agression de la muqueuse gastroduodénale par Association déconseillée avec : l’acide acétylsalicylique. - des doses anti-inflammatoires d'acide acétylsalicylique (>=1g par prise et/ou >=3g par jour) - des doses antalgiques ou antipyrétiques (>=500 mg par prise et/ou <3g par jour) Utiliser un autre anti-inflammatoire ou un autre antalgique ou antipyrétique. A prendre en compte avec : - des doses antiagrégantes (de 50 mg à 375 mg par jour).
HÉPARINES,ANTI-INFLAMMATOIRES NON STÉROÏDIENS,DECONSEILLEE,"Augmentation du risque hémorragique (agression de la muqueuse gastroduodénale par les anti-inflammatoires non stéroïdiens). Si l'association ne peut être évitée, surveillance clinique étroite."
HÉPARINES,DEXTRAN,DECONSEILLEE,Augmentation du risque hémorragique (inhibition de la fonction plaquettaire par le dextran 40).
HÉPARINES,THROMBOLYTIQUES,A_PRENDRE_EN_COMPTE,Augmentation du risque hémorragique.
HÉPARINES,ACIDE ACETYLSALICYLIQUE,A_PRENDRE_EN_COMPTE,"L’utilisation conjointe de médicaments agissant à divers niveaux de l’hémostase majore le risque de saignement. Ainsi, chez le sujet de moins de 65 ans, l’association de l'héparine à doses préventives, ou de substances apparentées, à l’acide acétylsalicylique, quelle que soit la dose, doit être prise en compte en maintenant une surveillance clinique et éventuellement biologique."
HÉPARINES,ANTI-INFLAMMATOIRES NON STÉROÏDIENS,A_PRENDRE_EN_COMPTE,Augmentation du risque hémorragique.
HORMONES THYROÏDIENNES,CALCIUM,PRECAUTION_EMPLOI,"Diminution de l’absorption digestive des hormones thyroïdiennes. Prendre les sels de calcium à distance des hormones thyroïdiennes (plus de 2 heures, si possible)."
HORMONES THYROÏDIENNES,CHLOROQUINE,PRECAUTION_EMPLOI,"Risque d’hypothyroïdie clinique chez les patients substitués par hormones thyroïdiennes. Surveillance clinique et biologique. Adaptation, si besoin, de la posologie des hormones thyroïdiennes pendant le traitement par chloroquine et après son arrêt."
HORMONES THYROÏDIENNES,EFAVIRENZ,PRECAUTION_EMPLOI,"Risque d'hypothyroïdie clinique chez les patients hypothyroïdiens, par augmentation du métabolisme de la T3 et de la T4. Surveillance clinique et biologique. Adaptation, si besoin, de la posologie des hormones thyroïdiennes pendant le traitement par l'inducteur et après son arrêt."
HORMONES THYROÏDIENNES,ESTROGÈNES NON CONTRACEPTIFS,PRECAUTION_EMPLOI,Risque d'hypothyroïdie clinique en cas d'estrogénothérapie substitutive. Surveillance clinique et biologique ; adaptation éventuelle des doses de l'hormone thyroïdienne chez les femmes ménopausées prenant des estrogènes.
HORMONES THYROÏDIENNES,FER,PRECAUTION_EMPLOI,"Diminution de l'absorption digestive des hormones thyroïdiennes. Prendre les hormones thyroïdiennes à distance du fer (plus de 2 heures, si possible)."
HORMONES THYROÏDIENNES,MILLEPERTUIS,DECONSEILLEE,Risque de baisse de l’efficacité des hormones thyroïdiennes.
HORMONES THYROÏDIENNES,ORLISTAT,A_PRENDRE_EN_COMPTE,Risque de déséquilibre du traitement thyroïdien substitutif en cas de traitement par orlistat.
HORMONES THYROÏDIENNES,PROGUANIL,PRECAUTION_EMPLOI,"Risque d’hypothyroïdie clinique chez les patients substitués par hormones thyroïdiennes. Surveillance clinique et biologique. Adaptation, si besoin, de la posologie des hormones thyroïdiennes pendant le traitement par l’antipaludique et après son arrêt."
HUILES MINÉRALES,PRÉSERVATIFS EN LATEX,CONTRE_INDICATION,"Risque de rupture du préservatif lors de l'utilisation avec des corps gras ou des lubrifiants contenant des huiles minérales (huile de Utiliser un lubrifiant hydrosoluble (glycérine, polyacrylamide...). paraffine, huile de silicone, etc...)."
HYDROQUINIDINE,ALCALINISANTS URINAIRES,PRECAUTION_EMPLOI,"Augmentation des concentrations plasmatiques de l'hydroquinidine et risque de surdosage (diminution de l'excrétion rénale de Surveillance clinique, ECG et éventuellement contrôle des l'hydroquinidine par alcalinisation des urines). concentrations de l'hydroquinidine ; si besoin, adaptation de la posologie pendant le traitement alcalinisant et après son arrêt."
HYDROQUINIDINE,DIGOXINE,PRECAUTION_EMPLOI,"Augmentation de la digoxinémie par diminution de la clairance rénale de la digoxine. De plus, troubles de l'automatisme Surveillance clinique et ECG. En cas de réponse inattendue, contrôler (bradycardie excessive et troubles de la conduction auriculo- la digoxinémie et adapter la posologie. ventriculaire)."
HYDROQUINIDINE,ITRACONAZOLE,PRECAUTION_EMPLOI,Risque d'acouphènes et/ou de diminution de l'acuité auditive : cinchonisme lié à une diminution du métabolisme hépatique de Surveillance des concentrations plasmatiques de l'antiarythmique et l'antiarythmique par l'itraconazole. diminution éventuelle de sa posologie si nécessaire.
HYPOKALIÉMIANTS,DIGOXINE,PRECAUTION_EMPLOI,"Hypokaliémie favorisant les effets toxiques des digitaliques. Corriger auparavant toute hypokaliémie et réaliser une surveillance clinique, électrolytique et électrocardiographique."
IBRUTINIB,AMIODARONE,DECONSEILLEE,"Risque d'augmentation des concentrations plasmatiques d’ibrutinib par diminution de son métabolisme hépatique par l’amiodarone. Si l’association ne peut être évitée, surveillance clinique étroite et réduction de la dose d’ibrutinib à 280 mg par jour pendant la durée de l’association."
IBRUTINIB,ANTIAGRÉGANTS PLAQUETTAIRES,PRECAUTION_EMPLOI,Augmentation du risque hémorragique. Surveillance clinique.
IBRUTINIB,CRIZOTINIB,DECONSEILLEE,"Risque d’augmentation des concentrations plasmatiques d’ibrutinib par diminution de son métabolisme hépatique par le crizotinib. Si l’association ne peut être évitée, surveillance clinique étroite et réduction de la dose d’ibrutinib à 280 mg par jour pendant la durée de l’association."
IBRUTINIB,DILTIAZEM,DECONSEILLEE,"Risque d'augmentation des concentrations plasmatiques d’ibrutinib par diminution de son métabolisme hépatique par le diltiazem. Si l’association ne peut être évitée, surveillance clinique étroite et réduction de la dose d’ibrutinib à 280 mg par jour pendant la durée de l’association."
IBRUTINIB,DRONEDARONE,DECONSEILLEE,"Risque d’augmentation des concentrations plasmatiques d’ibrutinib par diminution de son métabolisme hépatique par la dronédarone. Si l’association ne peut être évitée, surveillance clinique étroite et réduction de la dose d’ibrutinib à 280 mg par jour pendant la durée de l’association."
IBRUTINIB,FLUCONAZOLE,DECONSEILLEE,"Risque d’augmentation des concentrations plasmatiques d’ibrutinib par diminution de son métabolisme hépatique par le fluconazole. Si l’association ne peut être évitée, surveillance clinique étroite et réduction de la dose d’ibrutinib à 280 mg par jour pendant la durée de l’association."
IBRUTINIB,IMATINIB,DECONSEILLEE,"Risque d’augmentation des concentrations plasmatiques d’ibrutinib par diminution de son métabolisme hépatique par l'imatinib. Si l’association ne peut être évitée, surveillance clinique étroite et réduction de la dose d’ibrutinib à 280 mg par jour pendant la durée de l’association."
IBRUTINIB,VERAPAMIL,DECONSEILLEE,"Risque d’augmentation des concentrations plasmatiques d’ibrutinib par diminution de son métabolisme hépatique par le vérapamil. Si l’association ne peut être évitée, surveillance clinique étroite et réduction de la dose d’ibrutinib à 280 mg par jour pendant la durée de l’association."
IFOSFAMIDE,APREPITANT,A_PRENDRE_EN_COMPTE,Risque d’augmentation de la neurotoxicité de l’ifosfamide.
IFOSFAMIDE,PHÉNOBARBITAL,DECONSEILLEE,Risque de majoration de la neurotoxicité de l'ifosfamide par augmentation de son métabolisme hépatique par le phénobarbital.
IFOSFAMIDE,VÉMURAFÉNIB,A_PRENDRE_EN_COMPTE,"Risque de diminution des concentrations de l'ifosfamide, avec augmentation de son métabolite actif et toxicité majorée."
IMAO IRRÉVERSIBLES,ADRÉNALINE,PRECAUTION_EMPLOI,"Troubles du rythme ventriculaire graves par augmentation de l'excitabilité cardiaque. Limiter l'apport, par exemple : moins de 0,1 mg d'adrénaline en 10 minutes ou 0,3 mg en 1 heure chez l'adulte."
IMAO IRRÉVERSIBLES,ALCOOL,DECONSEILLEE,"Majoration des effets hypertenseurs et/ou hyperthermiques de la tyramine présente dans certaines boissons alcoolisées (chianti, Eviter la prise de boissons alcoolisées et de médicaments contenant de certaines bières, etc). l'alcool."
IMAO IRRÉVERSIBLES,DEXTROMETHORPHANE,CONTRE_INDICATION,"Risque d'apparition d'un syndrome sérotoninergique : diarrhée, tachycardie, sueurs, tremblements, confusion voire coma."
IMAO IRRÉVERSIBLES,GUANETHIDINE,CONTRE_INDICATION,"Avec la guanéthidine utilisée par voie IV : risque de réactions vasculaires imprévisibles, notamment d'hypotension. Interrompre le traitement par IMAO 15 jours avant le traitement par guanéthidine."
"IMAO-A RÉVERSIBLES, Y COMPRIS OXAZOLIDINONES ET BLEU DE MÉTHYLÈNE",DEXTROMETHORPHANE,DECONSEILLEE,"Risque d'apparition d'un syndrome sérotoninergique : diarrhée, tachycardie, sueurs, tremblements, confusion voire coma."
IMAO-B,BUPROPION,CONTRE_INDICATION,Risque de crises hypertensives.
IMAO-B,"IMAO-A RÉVERSIBLES, Y COMPRIS OXAZOLIDINONES ET BLEU DE MÉTHYLÈNE",CONTRE_INDICATION,"Risque de poussée hypertensive, par absence de sélectivité sur la monoamine oxydase, notamment en cas d’alimentation riche en tyramine (fromage, bière,…)."
IMAO-B,LEVODOPA,A_PRENDRE_EN_COMPTE,Augmentation du risque d'hypotension orthostatique.
IMATINIB,IBRUTINIB,DECONSEILLEE,"Risque d’augmentation des concentrations plasmatiques d’ibrutinib par diminution de son métabolisme hépatique par l'imatinib. Si l’association ne peut être évitée, surveillance clinique étroite et réduction de la dose d’ibrutinib à 280 mg par jour pendant la durée de l’association."
IMATINIB,TÉDIZOLIDE,DECONSEILLEE,"Risque d’augmentation des concentrations plasmatiques de l'imatinib, par augmentation de son absorption avec le tédizolide administré par voie orale."
IMMUNOSUPPRESSEURS,APALUTAMIDE,DECONSEILLEE,"Risque de diminution très importante des concentrations des immunosuppresseurs, et perte d‘efficacité, par augmentation de leur métabolisme hépatique par l’apalutamide."
IMMUNOSUPPRESSEURS,CLARITHROMYCINE,DECONSEILLEE,"Augmentation très importante des concentrations sanguines de l'immunosuppresseur par inhibition de son métabolisme hépatique. En cas d’association, contrôle strict de la fonction rénale, dosage des concentrations sanguines de l'immunosuppresseur et adaptation éventuelle de la posologie."
IMMUNOSUPPRESSEURS,CYTOTOXIQUES,A_PRENDRE_EN_COMPTE,Immunodépression excessive avec risque de syndrome lympho- prolifératif.
IMMUNOSUPPRESSEURS,DALFOPRISTINE,PRECAUTION_EMPLOI,"Augmentation des concentrations sanguines de l'immunosuppresseur par inhibition de son métabolisme hépatique. Dosage des concentrations sanguines de l'immunosuppresseur, contrôle de la fonction rénale et adaptation de la posologie pendant l'association et après son arrêt."
IMMUNOSUPPRESSEURS,DILTIAZEM,PRECAUTION_EMPLOI,"Augmentation des concentrations sanguines de l'immunosuppresseur par diminution de son métabolisme. Dosage des concentrations sanguines de l'immunosuppresseur, contrôle de la fonction rénale et adaptation de la posologie pendant l'association et après son arrêt."
IMMUNOSUPPRESSEURS,DRONEDARONE,DECONSEILLEE,Augmentation importante des concentrations sanguines de l’immunosuppresseur par diminution de son métabolisme.
INSULINE,ALCOOL,DECONSEILLEE,Augmentation de la réaction hypoglycémique (inhibition des réactions de compensation pouvant faciliter la survenue de coma Eviter la prise de boissons alcoolisées et de médicaments contenant de hypoglycémique). l'alcool.
INTERFERON ALFA,FLUOROURACILE,A_PRENDRE_EN_COMPTE,Augmentation de la toxicité gastro-intestinale du fluorouracile.
IRINOTECAN,MILLEPERTUIS,CONTRE_INDICATION,"Diminution des concentrations plasmatiques du métabolite actif de l'irinotécan, avec risque d'échec du traitement cytotoxique."
ISAVUCONAZOLE,MILLEPERTUIS,CONTRE_INDICATION,Diminution des concentrations plasmatiques d’isavuconazole par augmentation de son métabolisme hépatique par le millepertuis.
ISONIAZIDE,ANESTHÉSIQUES VOLATILS HALOGÉNÉS,PRECAUTION_EMPLOI,"Potentialisation de l'effet hépatotoxique de l'isonazide, avec formation accrue de métabolites toxiques de l'isoniazide. En cas d'intervention programmée, arrêter, par prudence, le traitement par l'isoniazide une semaine avant l'intervention et ne le reprendre que 15 jours après."
ISONIAZIDE,CARBAMAZEPINE,DECONSEILLEE,Augmentation des concentrations plasmatiques de carbamazépine avec signes de surdosage par inhibition de son métabolisme hépatique.
ISONIAZIDE,DISULFIRAME,DECONSEILLEE,Troubles du comportement et de la coordination.
ISONIAZIDE,GLUCOCORTICOÏDES,PRECAUTION_EMPLOI,Décrit pour la prednisolone. Diminution des concentrations plasmatiques de l'isoniazide. Mécanisme invoqué : augmentation Surveillance clinique et biologique. du métabolisme hépatique de l'isoniazide et diminution de celui des glucocorticoïdes.
ISONIAZIDE,KETOCONAZOLE,PRECAUTION_EMPLOI,Diminution des concentrations plasmatiques de kétoconazole. Espacer les prises des deux anti-infectieux d'au moins 12 heures. Surveiller les concentrations plasmatiques du kétoconazole et adapter éventuellement sa posologie.
ISONIAZIDE,PHÉNYTOÏNE,PRECAUTION_EMPLOI,"Surdosage en phénytoïne (diminution de son métabolisme). Surveillance clinique étroite, dosage des concentrations plasmatiques de phénytoïne et adaptation éventuelle de sa posologie pendant le traitement par l'isoniazide et après son arrêt."
ISONIAZIDE,PYRAZINAMIDE,PRECAUTION_EMPLOI,Addition des effets hépatotoxiques. Surveillance clinique et biologique.
ISONIAZIDE,RIFAMPICINE,PRECAUTION_EMPLOI,"Augmentation de l'hépatotoxicité de l'isoniazide (augmentation de la formation de métabolites toxiques de l'isoniazide). Surveillance clinique et biologique de cette association classique. En cas d'hépatite, arrêter l'isoniazide."
ISONIAZIDE,STAVUDINE,PRECAUTION_EMPLOI,"Risque majoré de survenue de neuropathies périphériques par addition d'effets indésirables. Surveillance clinique et biologique régulière, notamment en début d'association."
ISOPRENALINE,ANESTHÉSIQUES VOLATILS HALOGÉNÉS,DECONSEILLEE,Troubles du rythme ventriculaire graves par augmentation de l'excitabilité cardiaque.
ITRACONAZOLE,AFATINIB,PRECAUTION_EMPLOI,"Augmentation des concentrations plasmatique d’afatinib par augmentation de son absorption par l'itraconazole. Il est recommandé d’administrer l'itraconazole le plus à distance possible de l’afatinib, en respectant de préférence un intervalle de 6 heures ou de 12 heures par rapport à la prise d’afatinib."
ITRACONAZOLE,ANTISÉCRÉTOIRES ANTIHISTAMINIQUES H2,A_PRENDRE_EN_COMPTE,"Diminution de l'absorption de l'azolé antifongique, par augmentation du pH intragastrique par l'antisécrétoire."
ITRACONAZOLE,APREPITANT,A_PRENDRE_EN_COMPTE,Augmentation des concentrations d’aprépitant par diminution de son métabolisme hépatique par l’itraconazole.
ITRACONAZOLE,ATORVASTATINE,CONTRE_INDICATION,Risque majoré d'effets indésirables (concentration-dépendants) à type de rhabdomyolyse (diminution du métabolisme hépatique de l'atorvastatine).
ITRACONAZOLE,BUPRENORPHINE,PRECAUTION_EMPLOI,"Augmentation des concentrations de buprénorphine par diminution de son métabolisme hépatique, avec risque de majoration de ses Surveillance clinique et adaptation de la posologie de la buprénorphine effets indésirables. pendant le traitement par l'inhibiteur et, le cas échéant, après son arrêt."
ITRACONAZOLE,BUSPIRONE,DECONSEILLEE,"Augmentation des concentrations plasmatiques de la buspirone par diminution de son métabolisme hépatique, avec majoration importante de la sédation."
ITRACONAZOLE,BUSULFAN,DECONSEILLEE,Avec le busulfan à fortes doses : doublement des concentrations de busulfan par l’itraconazole.
ITRACONAZOLE,DABIGATRAN,CONTRE_INDICATION,"Augmentation de plus du double des concentrations plasmatiques de dabigatran, avec majoration du risque de saignement."
ITRACONAZOLE,DIGOXINE,PRECAUTION_EMPLOI,"Augmentation de la digoxinémie avec nausées, vomissements, troubles du rythme. Surveillance clinique et, s'il y a lieu, de l'ECG et de la digoxinémie avec adaptation de la posologie de la digoxine pendant le traitement par l'itraconazole et après son arrêt."
ITRACONAZOLE,ÉDOXABAN,PRECAUTION_EMPLOI,"Augmentation des concentrations plasmatiques de l’édoxaban, avec majoration du risque de saignement. Réduire la dose d’édoxaban de moitié."
ITRACONAZOLE,ELVITÉGRAVIR,PRECAUTION_EMPLOI,"Augmentation des concentrations plasmatiques d’elvitegravir par diminution de son métabolisme par l'itraconazole. Avec l’elvitegravir co-administré avec le cobicistat, surveillance clinique. Limiter la dose maximale d’itraconazole à 200 mg/j."
ITRACONAZOLE,HYDROQUINIDINE,PRECAUTION_EMPLOI,Risque d'acouphènes et/ou de diminution de l'acuité auditive : cinchonisme lié à une diminution du métabolisme hépatique de Surveillance des concentrations plasmatiques de l'antiarythmique et l'antiarythmique par l'itraconazole. diminution éventuelle de sa posologie si nécessaire.
ITRACONAZOLE,IMMUNOSUPPRESSEURS,DECONSEILLEE,"Augmentation très importante des concentrations sanguines de l'immunosuppresseur par inhibition de son métabolisme hépatique. En cas d’association, contrôle strict de la fonction rénale, dosage des concentrations sanguines de l'immunosuppresseur et adaptation éventuelle de la posologie."
IVABRADINE,AZITHROMYCINE,PRECAUTION_EMPLOI,"Risque majoré de troubles du rythme ventriculaires, notamment de torsades de pointes. De plus, risque d'augmentation des Surveillance clinique et ECG pendant l’association. concentrations plasmatiques de l’ivabradine par augmentation de son absorption par l’azithromycine."
IVABRADINE,DILTIAZEM,CONTRE_INDICATION,"Augmentation des concentrations plasmatiques de l’ivabradine et de ses effets indésirables, notamment cardiaques (inhibition de son métabolisme hépatique par le diltiazem), qui s’ajoutent aux effets bradycardisants de ces substances."
IVACAFTOR,FLUCONAZOLE,PRECAUTION_EMPLOI,"Augmentation des concentrations d’ivacaftor, avec risque de majoration des effets indésirables. Se référer à l'AMM pour les adaptations posologiques."
IVACAFTOR,PAMPLEMOUSSE,DECONSEILLEE,Risque d’augmentation des concentrations plasmatiques d’ivacaftor par le jus de pamplemousse.
JOSAMYCINE,CARBAMAZEPINE,PRECAUTION_EMPLOI,"Augmentation des concentrations plasmatiques de carbamazépine avec signes de surdosage, par diminution de son métabolisme Surveillance clinique et, si besoin, dosage plasmatique et réduction hépatique. éventuelle de la posologie de la carbamazépine."
JOSAMYCINE,CICLOSPORINE,PRECAUTION_EMPLOI,"Risque d'augmentation des concentrations sanguines de ciclosporine et de la créatininémie. Dosage des concentrations sanguines de la ciclosporine, contrôle de la fonction rénale et adaptation de la posologie pendant l'association et après l'arrêt du macrolide."
JOSAMYCINE,DISOPYRAMIDE,PRECAUTION_EMPLOI,"Risque de majoration des effets indésirables du disopyramide : hypoglycémies sévères, allongement de l’intervalle QT et troubles Surveillance clinique, biologique et électrocardiographique régulière. du rythme ventriculaire graves, notamment à type de torsades de pointes."
JOSAMYCINE,HALOFANTRINE,DECONSEILLEE,"Risque majoré de troubles du rythme ventriculaire, notamment de torsades de pointes. Si cela est possible, interrompre le macrolide. Si l’association ne peut être évitée, contrôle préalable du QT et surveillance ECG monitorée."
KETAMINE,TICLOPIDINE,A_PRENDRE_EN_COMPTE,Augmentation des concentrations plasmatiques de kétamine par diminution de son métabolisme par la ticlopidine.
KETOCONAZOLE,AFATINIB,PRECAUTION_EMPLOI,"Augmentation des concentrations plasmatique d’afatinib par augmentation de son absorption par le kétoconazole. Il est recommandé d’administrer le kétoconazole le plus à distance possible de l’afatinib, en respectant de préférence un intervalle de 6 heures ou de 12 heures par rapport à la prise d’afatinib."
KETOCONAZOLE,ANTISÉCRÉTOIRES ANTIHISTAMINIQUES H2,A_PRENDRE_EN_COMPTE,"Diminution de l'absorption de l'azolé antifongique, par augmentation du pH intragastrique par l'antisécrétoire."
KETOCONAZOLE,ATORVASTATINE,CONTRE_INDICATION,Risque majoré d'effets indésirables (concentration-dépendants) à type de rhabdomyolyse (diminution du métabolisme hépatique de l'atorvastatine).
KETOCONAZOLE,BUPRENORPHINE,PRECAUTION_EMPLOI,"Augmentation des concentrations de buprénorphine par diminution de son métabolisme hépatique, avec risque de majoration de ses Surveillance clinique et adaptation de la posologie de la buprénorphine effets indésirables. pendant le traitement par l'inhibiteur et, le cas échéant, après son arrêt."
KETOCONAZOLE,DABIGATRAN,CONTRE_INDICATION,"Augmentation de plus du double des concentrations plasmatiques de dabigatran, avec majoration du risque de saignement."
KETOCONAZOLE,ELVITÉGRAVIR,PRECAUTION_EMPLOI,"Augmentation des concentrations plasmatiques d’elvitegravir par diminution de son métabolisme par le kétoconazole. Avec l’elvitegravir co-administré avec le cobicistat, surveillance clinique. Limiter la dose maximale de kétoconazole à 200 mg/j."
KETOCONAZOLE,FIDAXOMICINE,DECONSEILLEE,Augmentation des concentrations plasmatiques de la fidaxomicine.
LAMIVUDINE,CLADRIBINE,DECONSEILLEE,Risque de diminution de l’efficacité de la cladribine par la lamivudine.
LAMIVUDINE,SORBITOL,DECONSEILLEE,"Diminution des concentrations plasmatiques de lamivudine par le sorbitol. Si l’association ne peut être évitée, surveillance plus fréquente de la charge virale."
LAMOTRIGINE,CARBAMAZEPINE,PRECAUTION_EMPLOI,"Risque d'augmentation des effets neurologiques (vertiges, ataxie, diplopie) de la carbamazépine lors de l'introduction de la Surveillance clinique et réduction éventuelle de la posologie de la lamotrigine. carbamazépine."
LAMOTRIGINE,ESTROPROGESTATIFS CONTRACEPTIFS,DECONSEILLEE,Diminution des concentrations et de l’efficacité de la lamotrigine par augmentation de son métabolisme hépatique. Association déconseillée: - Eviter de mettre en route une contraception orale pendant la période d'ajustement posologique de la lamotrigine. Précaution d'emploi: - Surveillance clinique et adaptation de la posologie de la lamotrigine lors de la mise en route d'une contraception orale et après son arrêt.
LANSOPRAZOLE,TACROLIMUS,PRECAUTION_EMPLOI,"Augmentation des concentrations sanguines du tacrolimus. Dosage des concentrations sanguines du tacrolimus, contrôle de la fonction rénale et adaptation de la posologie pendant l'association et après son arrêt."
LAPATINIB,TÉDIZOLIDE,DECONSEILLEE,"Risque d’augmentation des concentrations plasmatiques du lapatinib, par augmentation de son absorption avec le tédizolide administré par voie orale, ou par diminution de son élimination avec le tédizolide administré par voie IV."
LÉDIPASVIR,MILLEPERTUIS,CONTRE_INDICATION,Risque de diminution importante des concentrations plasmatiques du lédipasvir par augmentation de son métabolisme hépatique par le millepertuis.
LÉDIPASVIR,RIFABUTINE,CONTRE_INDICATION,"Diminution des concentrations plasmatiques de lédipasvir par la rifabutine, avec possible retentissement sur l’efficacité."
LÉNACAPAVIR,ATAZANAVIR,DECONSEILLEE,"Lorsqu’il est associé au cobicistat, l’atazanavir provoque une augmentation très importante des concentrations de lénacapavir."
LÉNACAPAVIR,EFAVIRENZ,DECONSEILLEE,Diminution importante des concentrations de lénacapavir.
LÉNACAPAVIR,MILLEPERTUIS,CONTRE_INDICATION,"Diminution, éventuellement considérable, des concentrations de lénacapavir, avec risque de réduction de la réponse virologique."
LÉNACAPAVIR,OXCARBAZEPINE,CONTRE_INDICATION,"Diminution, éventuellement considérable, des concentrations de lénacapavir, avec risque de réduction de la réponse virologique."
LÉNACAPAVIR,RIFAMPICINE,CONTRE_INDICATION,"Diminution, éventuellement considérable, des concentrations de lénacapavir, avec risque de réduction de la réponse virologique."
LERCANIDIPINE,CICLOSPORINE,PRECAUTION_EMPLOI,"Augmentation modérée des concentrations sanguines de l'immunosuppresseur et augmentation plus notable des Décaler les prises des deux médicaments. Dosage des concentrations concentrations de lercanidipine. sanguines de l'immunosuppresseur, et adaptation si nécessaire de sa posologie pendant l'association et après son arrêt."
LERCANIDIPINE,KETOCONAZOLE,DECONSEILLEE,"Risque majoré d'effets indesirables, notamment d'oedèmes, par diminution du métabolisme hépatique de la dihydropyridine."
LERCANIDIPINE,PAMPLEMOUSSE,A_PRENDRE_EN_COMPTE,"Risque majoré d'effets indésirables, notamment d'oedèmes, par diminution du métabolisme intestinal de la dihydropyridine."
LEVOCARNITINE,ANTIVITAMINES K,PRECAUTION_EMPLOI,Augmentation de l'effet de l'antivitamine K et du risque hémorragique Contrôle plus fréquent de l'INR. Adaptation éventuelle de la posologie de l'antivitamine K pendant le traitement par la lévocarnitine et 8 jours après son arrêt.
LEVODOPA,BACLOFENE,A_PRENDRE_EN_COMPTE,"Risque d’aggravation du syndrome parkinsonien ou d’effets indésirables centraux (hallucinations visuelles, état confusionnel, céphalées)."
LEVODOPA,FER,PRECAUTION_EMPLOI,Diminution de l'absorption digestive de la lévodopa. Prendre les sels de fer à distance de la lévodopa (plus de 2 heures si possible).
LEVODOPA,IMAO-B,A_PRENDRE_EN_COMPTE,Augmentation du risque d'hypotension orthostatique.
LEVODOPA,METHYLDOPA,PRECAUTION_EMPLOI,Augmentation des effets de la lévodopa mais également de ses effets indésirables. Majoration de l'effet antihypertenseur de la Surveillance clinique et éventuellement diminution des doses de méthyldopa. lévodopa.
LEVODOPA,NEUROLEPTIQUES ANTIÉMÉTIQUES,CONTRE_INDICATION,Antagonisme réciproque entre la lévodopa et le neuroleptique. Utiliser un antiémétique dénué d'effets extrapyramidaux.
LEVODOPA,NEUROLEPTIQUES ANTIPSYCHOTIQUES,DECONSEILLEE,"Antagonisme réciproque de la lévodopa et des neuroleptiques. Chez le patient parkinsonien, utiliser les doses minimales efficaces de chacun des deux médicaments."
LEVODOPA,RESERPINE,CONTRE_INDICATION,Inhibition des effets de la lévodopa.
LEVODOPA,SPIRAMYCINE,PRECAUTION_EMPLOI,En cas d'association avec la carbidopa : inhibition de l'absorption de la carbidopa avec diminution des concentrations plasmatiques Surveillance clinique et adaptation éventuelle de la posologie de la de la lévodopa. lévodopa.
LIDOCAINE,AMIODARONE,PRECAUTION_EMPLOI,"Risque d’augmentation des concentrations plasmatiques de lidocaïne, avec possibilité d’effets indésirables neurologiques et Surveillance clinique, ECG et éventuellement contrôle des cardiaques, par diminution de son métabolisme hépatique par concentrations plasmatiques de lidocaïne. Si besoin, adaptation de la l’amiodarone. posologie de la lidocaïne pendant le traitement par amiodarone et après son arrêt."
LIDOCAINE,BÊTA-BLOQUANTS,PRECAUTION_EMPLOI,"Avec la lidocaïne utilisée par voie IV : augmentation des concentrations plasmatiques de lidocaïne avec possibilité d'effets Surveillance clinique, ECG et éventuellement contrôle des indésirables neurologiques et cardiaques (diminution de la concentrations plasmatiques de lidocaïne pendant l'association et après clairance hépatique de la lidocaïne). l'arrêt du bêta-bloquant. Adaptation si besoin de la posologie de la lidocaïne."
LIDOCAINE,BÊTA-BLOQUANTS DANS L'INSUFFISANCE CARDIAQUE,A_PRENDRE_EN_COMPTE,Effet inotrope négatif avec risque de décompensation cardiaque.
LIDOCAINE,CIMETIDINE,PRECAUTION_EMPLOI,"Avec la cimétidine utilisée à des doses supérieures ou égales à 800 mg/j : augmentation des concentrations plasmatiques de Surveillance clinique, ECG et éventuellement des concentrations lidocaïne avec risque d'effets indésirables neurologiques et plasmatiques de la lidocaïne ; s'il y a lieu, adaptation de la posologie de cardiaques (inhibition du métabolisme hépatique de la lidocaïne). la lidocaïne pendant le traitement par la cimétidine et après son arrêt."
LIDOCAINE,FLUVOXAMINE,PRECAUTION_EMPLOI,"Augmentation des concentrations plasmatiques de la lidocaïne avec possibilités d’effets indésirables neurologiques et cardiaques Surveillance clinique, ECG et éventuellement contrôle des (diminution de la clairance hépatique de la lidocaïne). concentrations plasmatiques de la lidocaïne pendant et après l’arrêt de l’association. Adaptation, si besoin, de la posologie de la lidocaïne."
LINCOSANIDES,CURARES,PRECAUTION_EMPLOI,"Potentialisation des curares lorque l'antibiotique est administré par voie parentérale et/ou péritonéale avant, pendant ou après l'agent Surveiller le degré de curarisation en fin d'anesthésie. curarisant."
LINEZOLIDE,CLARITHROMYCINE,A_PRENDRE_EN_COMPTE,"Risque de majoration des effets indésirables du linézolide par la clarithromycine, par augmentation de son absorption."
LINEZOLIDE,RIFAMPICINE,PRECAUTION_EMPLOI,Risque de diminution de l'efficacité du linézolide par augmentation de son métabolisme hépatique par la rifampicine. Surveillance clinique et augmentation éventuelle de la posologie du linézolide pendant le traitement par la rifampicine.
LITHIUM,ACETAZOLAMIDE,PRECAUTION_EMPLOI,Diminution de la lithémie avec risque de baisse de l’efficacité thérapeutique. Surveillance stricte de la lithémie et adaptation éventuelle de la posologie du lithium.
LITHIUM,ANTI-INFLAMMATOIRES NON STÉROÏDIENS,DECONSEILLEE,"Augmentation de la lithémie pouvant atteindre des valeurs toxiques (diminution de l'excrétion rénale du lithium). Si l'association ne peut être évitée, surveiller étroitement la lithémie et adapter la posologie du lithium pendant l'association et après l'arrêt de l'anti-inflammatoire non stéroïdien."
LITHIUM,CAFEINE,A_PRENDRE_EN_COMPTE,"En cas d’arrêt brutal de la consommation de café ou de médicaments contenant de la caféine, risque d’augmentation de la lithémie."
LITHIUM,CALCITONINE,PRECAUTION_EMPLOI,"Risque de baisse de l’efficacité du lithium par augmentation de son élimination rénale par la calcitonine. Surveillance clinique et biologique régulière, notamment en début d’association."
LITHIUM,CARBAMAZEPINE,DECONSEILLEE,"Risque de neurotoxicité se manifestant par des troubles cérébelleux, confusion, somnolence, ataxie. Ces troubles sont réversibles à l'arrêt du traitement par le lithium."
LITHIUM,GLYCEROL,PRECAUTION_EMPLOI,Diminution de la lithémie avec risque de baisse de l’efficacité thérapeutique. Surveillance stricte de la lithémie et adaptation éventuelle de la posologie du lithium.
LITHIUM,MANNITOL,PRECAUTION_EMPLOI,Diminution de la lithémie avec risque de baisse de l’efficacité thérapeutique. Surveillance stricte de la lithémie et adaptation éventuelle de la posologie du lithium.
LITHIUM,METHYLDOPA,PRECAUTION_EMPLOI,"Augmentation de la lithémie pouvant atteindre des valeurs toxiques, avec signes de surdosage en lithium. Surveillance clinique et adaptation de la posologie de lithium."
LOMITAPIDE,DILTIAZEM,CONTRE_INDICATION,"Augmentation des concentrations de lomitapide, avec risque d’hépatotoxicité."
LOMITAPIDE,MILLEPERTUIS,DECONSEILLEE,Risque de diminution des concentrations plasmatiques du lomitapide.
LOMUSTINE,CIMETIDINE,DECONSEILLEE,Avec la cimétidine utilisée à des doses supérieures ou égales à 800 mg/j : toxicité médullaire accrue (inhibition du métabolisme de la lomustine).
LOSARTAN,FLUCONAZOLE,A_PRENDRE_EN_COMPTE,"Risque de diminution de l’efficacité du losartan, par inhibition de la formation de son métabolite actif par le fluconazole."
LURASIDONE,MILLEPERTUIS,CONTRE_INDICATION,Diminution des concentrations plasmatiques de la lurasidone par augmentation de son métabolisme hépatique par le millepertuis.
LURASIDONE,PAMPLEMOUSSE,DECONSEILLEE,Augmentation des concentrations plasmatiques de la lurasidone par diminution de son métabolisme par le pamplemousse.
MACITENTAN,MILLEPERTUIS,DECONSEILLEE,Risque de diminution des concentrations plasmatiques de macitentan par augmentation de son métabolisme par le millepertuis.
MACROLIDES,ANTIVITAMINES K,PRECAUTION_EMPLOI,Augmentation de l'effet de l'antivitamine K et du risque hémorragique. Contrôle plus fréquent de l'INR. Adaptation éventuelle de la posologie de l'antivitamine K pendant le traitement par le macrolide et après son arrêt.
MACROLIDES,COLCHICINE,CONTRE_INDICATION,"Augmentation des effets indésirables de la colchicine, aux conséquences potentiellement fatales."
MACROLIDES,DIGOXINE,PRECAUTION_EMPLOI,Augmentation de la digoxinémie par augmentation de son absorption. Surveillance clinique et éventuellement de la digoxinémie pendant le traitement par le macrolide et après son arrêt.
MACROLIDES,DIHYDROERGOTAMINE,CONTRE_INDICATION,Ergotisme avec possibilité de nécrose des extrémités (inhibition de l’élimination hépatique de l'alcaloïde de l’ergot de seigle).
MACROLIDES,ERGOTAMINE,CONTRE_INDICATION,Ergotisme avec possibilité de nécrose des extrémités (diminution de l'élimination hépatique de l'ergotamine).
MAGNÉSIUM,ROXADUSTAT,PRECAUTION_EMPLOI,"La prise de cation divalent peut diminuer l’absorption intestinale et, potentiellement, l’efficacité du roxadustat pris simultanément. Prendre le roxadustat à distance des sels de magnésium (plus de 1 heure, si possible)."
MANNITOL,LITHIUM,PRECAUTION_EMPLOI,Diminution de la lithémie avec risque de baisse de l’efficacité thérapeutique. Surveillance stricte de la lithémie et adaptation éventuelle de la posologie du lithium.
MARAVIROC,FOSAMPRENAVIR,DECONSEILLEE,Diminution significative des concentrations d’amprénavir pouvant conduire à une perte de la réponse virologique.
MARAVIROC,MILLEPERTUIS,DECONSEILLEE,Risque de diminution des concentrations plasmatiques de maraviroc pouvant conduire à une perte de la réponse virologique.
MARIBAVIR,GANCICLOVIR,CONTRE_INDICATION,Antagonisme de la phosporylation et donc de l'effet pharmacologique du ganciclovir par le maribavir.
MARIBAVIR,IMMUNOSUPPRESSEURS,PRECAUTION_EMPLOI,"Possible augmentation des concentrations de l’immunosuppresseur. Dosage des concentrations sanguines de l'immunosuppresseur, contrôle de la fonction rénale et adaptation éventuelle de la posologie pendant l'association et après son arrêt."
MARIBAVIR,VALGANCICLOVIR,CONTRE_INDICATION,Antagonisme de la phosporylation et donc de l'effet pharmacologique du valganciclovir par le maribavir.
MEFLOQUINE,QUININE,DECONSEILLEE,Pour la quinine administrée par voie IV : risque majoré de survenue de crises épileptiques par addition des effets proconvulsivants. Respecter un délai minimum de 12 heures entre la fin de l'administration IV de quinine et le début de l'administration de méfloquine.
MEQUITAZINE,BUPROPION,DECONSEILLEE,"Risque de majoration des effets indésirables de la méquitazine, par inhibition de son métabolisme par l’inhibiteur enzymatique."
MEQUITAZINE,CINACALCET,DECONSEILLEE,"Risque de majoration des effets indésirables de la méquitazine, par inhibition de son métabolisme par l’inhibiteur enzymatique."
MEQUITAZINE,DULOXETINE,DECONSEILLEE,"Risque de majoration des effets indésirables de la méquitazine, par inhibition de son métabolisme par l’inhibiteur enzymatique."
METFORMINE,ALCOOL,DECONSEILLEE,"Risque majoré d'acidose lactique lors d'intoxication alcoolique aiguë, particulièrement en cas de jeûne ou dénutrition, ou bien Eviter la prise de boissons alcoolisées et de médicaments contenant de d'insuffisance hépatocellulaire. l'alcool."
METFORMINE,DOLUTÉGRAVIR,PRECAUTION_EMPLOI,"Augmentation moyenne de moins de deux fois des concentrations plasmatiques de metformine. Chez le patient avec une insuffisance rénale modérée, surveillance clinique et éventuelle réduction supplémentaire de la posologie de metformine."
METHADONE,ANTITUSSIFS MORPHINE-LIKE,A_PRENDRE_EN_COMPTE,"Risque majoré de dépression respiratoire, pouvant être fatale en cas de surdosage."
METHADONE,ANTITUSSIFS MORPHINIQUES VRAIS,A_PRENDRE_EN_COMPTE,"Risque majoré de dépression respiratoire, pouvant être fatale en cas de surdosage."
METHADONE,APALUTAMIDE,DECONSEILLEE,"Risque de diminution très importante des concentrations de la méthadone, et perte d‘efficacité, par augmentation de son métabolisme hépatique par l’apalutamide."
METHADONE,CIMETIDINE,PRECAUTION_EMPLOI,"Augmentation des concentrations plasmatiques de méthadone avec surdosage et risque majoré d’allongement de l’intervalle QT et Surveillance clinique et électrocardiographique renforcée ; si besoin, de troubles du rythme ventriculaire, notamment de torsades de adaptation de la posologie de la méthadone pendant le traitement par la pointes. cimétidine et après son arrêt."
METHADONE,FLUVOXAMINE,PRECAUTION_EMPLOI,"Augmentation des concentrations plasmatiques de méthadone avec surdosage et risque majoré d’allongement de l’intervalle QT et Surveillance clinique et électrocardiographique renforcée ; si besoin, de troubles du rythme ventriculaire, notamment de torsades de adaptation de la posologie de la méthadone pendant le traitement par la pointes. fluvoxamine et après son arrêt."
METHENAMINE,SULFAMETHIZOL,DECONSEILLEE,Précipitation cristalline dans les voies urinaires (favorisée par l'acidification des urines).
METHOTREXATE,ACIDE ACETYLSALICYLIQUE,CONTRE_INDICATION,"Majoration de la toxicité, notamment hématologique, du méthotrexate (diminution de sa clairance rénale par l'acide Avec le méthotrexate utilisé à des doses > 20 mg/semaine : acétylsalicylique). - contre-indication avec l'acide acétylsalicylique utilisé à doses antalgiques, antipyrétiques ou anti-inflammatoires - précaution d'emploi avec des doses antiagrégantes plaquettaires d'acide acétylsalicylique. Contrôle hebdomadaire de l’hémogramme durant les premières semaines de l’association. Surveillance accrue en cas d’altération (même légère) de la fonction rénale, ainsi que chez le sujet âgé. Avec le méthotrexate utilisé à des doses =< 20 mg/semaine : - précaution d'emploi avec l'acide acétylsalicylique utilisé à doses antalgiques, antipyrétiques ou anti-inflammatoires. Contrôle hebdomadaire de l’hémogramme durant les premières semaines de l’association. Surveillance accrue en cas d’altération (même légère) de la fonction rénale, ainsi que chez le sujet âgé."
METHOTREXATE,ACITRETINE,CONTRE_INDICATION,Risque de majoration de l'hépatotoxicité du méthotrexate.
METHYLDOPA,FER,PRECAUTION_EMPLOI,"Diminution de l'absorption digestive de la méthyldopa (formation de complexes). Prendre les sels de fer à distance de la méthyldopa (plus de deux heures, si possible)."
METHYLDOPA,LEVODOPA,PRECAUTION_EMPLOI,Augmentation des effets de la lévodopa mais également de ses effets indésirables. Majoration de l'effet antihypertenseur de la Surveillance clinique et éventuellement diminution des doses de méthyldopa. lévodopa.
MÉTHYLERGOMÉTRINE,SULPROSTONE,CONTRE_INDICATION,Risque de vasoconstriction coronaire pouvant être fatale. Ne pas utiliser ces deux médicaments simultanément ou successivement.
METHYLPREDNISOLONE,ANTIVITAMINES K,PRECAUTION_EMPLOI,"Pour des doses de 0,5 à 1g de méthylprednisolone administrées en bolus : augmentation de l'effet de l'antivitamine K et du risque Contrôle de l'INR 2 à 4 jours après le bolus de méthylprednisolone ou hémorragique. en présence de tous signes hémorragiques."
METHYLPREDNISOLONE,CICLOSPORINE,A_PRENDRE_EN_COMPTE,Avec la méthylprednisolone administrée par voie IV : augmentation possible des concentrations sanguines de ciclosporine et de la créatininémie. Mécanisme invoqué : diminution de l'élimination hépatique de la ciclosporine.
METOPROLOL,ABIRATERONE,PRECAUTION_EMPLOI,"Chez l'insuffisant cardiaque, risque d'augmentation des effets indésirables du métoprolol, par diminution de son métabolisme Surveillance clinique. Si besoin, adaptation de la posologie du hépatique par l'abiratérone. métoprolol pendant le traitement par l'abiratérone."
METOPROLOL,BUPROPION,PRECAUTION_EMPLOI,"Avec le métoprolol utilisé dans l'insuffisance cardiaque : risque d'augmentation des effets indésirables du métoprolol par diminution Surveillance clinique. Si besoin, adaptation de la posologie du de son métabolisme hépatique par le bupropion. métoprolol pendant le traitement par le bupropion."
METOPROLOL,CIMETIDINE,PRECAUTION_EMPLOI,"Avec le métoprolol utilisé dans l'insuffisance cardiaque, et la cimétidine utilisée à des doses supérieures ou égales à 800 mg/j : Surveillance clinique. Si besoin, adaptation de la posologie du augmentation des concentrations du métoprolol, pouvant être métoprolol pendant le traitement par la cimétidine. préjudiciables dans le cas du traitement de l'insuffisance cardiaque, par diminution de son métabolisme hépatique par la cimétidine."
METOPROLOL,CINACALCET,PRECAUTION_EMPLOI,"Augmentation des concentrations plasmatiques de métroprolol avec risque de surdosage, par diminution de son métabolisme Surveillance clinique et réduction de la posologie du métroprolol hépatique par le cinacalcet. pendant le traitement par cinacalcet."
METOPROLOL,DARIFENACINE,PRECAUTION_EMPLOI,"Augmentation des concentrations plasmatiques du métoprolol, avec risque de surdosage, par diminution de son métabolisme Surveillance clinique et réduction de la posologie du métoprolol pendant hépatique par la darifénacine. le traitement par darifénacine."
METOPROLOL,DULOXETINE,PRECAUTION_EMPLOI,"Augmentation des concentrations plasmatiques de métoprolol avec risque de surdosage, par diminution de son métabolisme hépatique Surveillance clinique et réduction de la posologie du métoprolol pendant par la duloxétine. le traitement par la duloxétine et après son arrêt."
METOPROLOL,FLUOXETINE,PRECAUTION_EMPLOI,"Risque de majoration des effets indésirables du métoprolol, avec notamment bradycardie excessive, par inhibition de son Surveillance clinique accrue ; si besoin, adaptation de la posologie du métabolisme par la fluoxétine. métoprolol pendant la durée du traitement par la fluoxétine et après son arrêt."
METOPROLOL,MIRABÉGRON,PRECAUTION_EMPLOI,"Avec le métoprolol utilisé dans l'insuffisance cardiaque, augmentation des concentrations plasmatiques du métoprolol par Surveillance clinique et réduction éventuelle de la posologie du diminution de son métabolisme par le mirabégron. métoprolol pendant l'association."
METRONIDAZOLE,BUSULFAN,DECONSEILLEE,Avec le busulfan à fortes doses : doublement des concentrations de busulfan par le métronidazole.
METRONIDAZOLE,DISULFIRAME,DECONSEILLEE,"Risque d’épisodes de psychose aiguë ou d’état confusionnel, réversibles à l’arrêt de l’association."
METRONIDAZOLE,LITHIUM,PRECAUTION_EMPLOI,"Augmentation de la lithémie pouvant atteindre des valeurs toxiques, avec signes de surdosage en lithium. Surveillance stricte de la lithémie et adaptation éventuelle de la posologie du lithium."
METRONIDAZOLE,RIFAMPICINE,PRECAUTION_EMPLOI,Diminution des concentrations plasmatiques du métronidazole par augmentation de son métabolisme hépatique par la rifampicine. Surveillance clinique et adaptation éventuelle de la posologie de métronidazole pendant le traitement par la rifampicine et après son arrêt.
METYRAPONE,PHÉNYTOÏNE,PRECAUTION_EMPLOI,"Risque de faux négatif du test à la métyrapone, dû à une diminution de ses concentrations plasmatiques, par augmentation de son Doubler la posologie de métyrapone. métabolisme hépatique par la phénytoïne."
MEXILETINE,BÊTA-BLOQUANTS DANS L'INSUFFISANCE CARDIAQUE,CONTRE_INDICATION,Effet inotrope négatif avec risque de décompensation cardiaque.
MICONAZOLE,ANTIVITAMINES K,CONTRE_INDICATION,"Hémorragies imprévisibles, éventuellement graves."
MICONAZOLE,PHÉNYTOÏNE,PRECAUTION_EMPLOI,"Augmentation des concentrations plasmatiques de phénytoïne pouvant atteindre des valeurs toxiques, par inhibition du Surveillance clinique étroite, dosage des concentrations plasmatiques métabolisme hépatique de la phénytoïne. de phénytoïne et adaptation éventuelle de sa posologie pendant le traitement par le miconazole et après son arrêt."
MICONAZOLE,SULFAMIDES HYPOGLYCÉMIANTS,CONTRE_INDICATION,"Augmentation de l'effet hypoglycémiant avec survenue possible de manifestations hypoglycémiques, voire de coma."
MIDAZOLAM,DILTIAZEM,PRECAUTION_EMPLOI,"Augmentation des concentrations plasmatiques de midazolam par diminution de son métabolisme hépatique, avec majoration de la Surveillance clinique et réduction de la posologie pendant le traitement sédation. par le diltiazem."
MIDAZOLAM,FLUCONAZOLE,PRECAUTION_EMPLOI,"Augmentation des concentrations plasmatiques de midazolam par diminution de son métabolisme hépatique, avec majoration de la Surveillance clinique et réduction de la posologie de midazolam en cas sédation. de traitement par le fluconazole."
MIDECAMYCINE,CICLOSPORINE,PRECAUTION_EMPLOI,"Risque d'augmentation des concentrations sanguines de ciclosporine et de la créatininémie. Dosage des concentrations sanguines de la ciclosporine, contrôle de la fonction rénale et adaptation de la posologie pendant l'association et après l'arrêt du macrolide."
MIDODRINE,DIGOXINE,DECONSEILLEE,"Troubles de l'automatisme (majoration de l'effet bradycardisant de la midodrine) et troubles de la conduction auriculo-ventriculaire. Si cette association ne peut être évitée, renforcer la surveillance clinique et ECG."
MIDODRINE,IMAO IRRÉVERSIBLES,CONTRE_INDICATION,"Crises hypertensives (inhibition du métabolisme des amines pressives). Du fait de la durée d'action des IMAO, cette interaction est encore possible 15 jours après l'arrêt de l'IMAO."
MIDOSTAURINE,MILLEPERTUIS,CONTRE_INDICATION,Diminution des concentrations de midostaurine par le millepertuis.
MIFAMURTIDE,ANTI-INFLAMMATOIRES NON STÉROÏDIENS,CONTRE_INDICATION,"Aux doses élevées d’AINS, risque de moindre efficacité du mifamurtide."
MILLEPERTUIS,ANTICONVULSIVANTS MÉTABOLISÉS,CONTRE_INDICATION,Risque de diminution des concentrations plasmatiques et de l'efficacité de l'anticonvulsivant.
MILLEPERTUIS,ANTIVITAMINES K,CONTRE_INDICATION,"Diminution des concentrations plasmatiques de l'antivitamine K, en raison de son effet inducteur enzymatique, avec risque de baisse En cas d'association fortuite, ne pas interrompre brutalement la prise de d'efficacité voire d'annulation de l'effet dont les conséquences millepertuis mais contrôler l'INR avant puis après l'arrêt du millepertuis. peuvent être éventuellement graves (évènement thrombotique)."
MILLEPERTUIS,BÉDAQUILINE,DECONSEILLEE,Risque de diminution des concentrations plasmatiques de bédaquiline par augmentation de son métabolisme par l’inducteur.
MILLEPERTUIS,BICTÉGRAVIR,CONTRE_INDICATION,"Diminution très importante des concentrations de bictégravir, avec risque de perte d’efficacité."
MILLEPERTUIS,BUSPIRONE,CONTRE_INDICATION,Risque de diminution des concentrations plasmatiques de la buspirone par augmentation de son métabolisme par le millepertuis.
MILLEPERTUIS,CANNABIDIOL,CONTRE_INDICATION,Diminution des concentrations plasmatiques de cannabidiol avec risque de perte d’efficacité.
MILLEPERTUIS,CARBAMAZEPINE,DECONSEILLEE,Risque de diminution des concentrations plasmatiques et de l'efficacité de la carbamazepine.
MILLEPERTUIS,CLOZAPINE,CONTRE_INDICATION,Risque d’inefficacité du traitement antipsychotique (diminution des concentrations plasmatiques de clozapine par augmentation de son métabolisme hépatique).
MILLEPERTUIS,COBICISTAT,CONTRE_INDICATION,Risque de diminution de l’efficacité du cobicistat par augmentation de son métabolisme par l’inducteur.
MILLEPERTUIS,CYCLOPHOSPHAMIDE,CONTRE_INDICATION,"Risque d’augmentation des concentrations plasmatiques du métabolite actif du cyclophosphamide par le millepertuis, et donc de sa toxicité."
MINÉRALOCORTICOÏDES,RIFAMPICINE,PRECAUTION_EMPLOI,Diminution des concentrations plasmatiques et de l'efficacité des corticoïdes par augmentation de leur métabolisme hépatique par la Surveillance clinique et biologique ; adaptation de la posologie des rifampicine ; les conséquences sont particulièrement importantes corticoïdes pendant le traitement par la rifampicine et après son arrêt. chez les addisoniens traités par l'hydrocortisone et en cas de transplantation.
MIRABÉGRON,METOPROLOL,PRECAUTION_EMPLOI,"Avec le métoprolol utilisé dans l'insuffisance cardiaque, augmentation des concentrations plasmatiques du métoprolol par Surveillance clinique et réduction éventuelle de la posologie du diminution de son métabolisme par le mirabégron. métoprolol pendant l'association."
MIRABÉGRON,PROPAFENONE,PRECAUTION_EMPLOI,Augmentation des concentrations plasmatiques de la propafénone par diminution de son métabolisme par le mirabégron. Surveillance clinique et réduction éventuelle de la posologie de la propafénone pendant l'association.
MITOTANE,DASABUVIR,CONTRE_INDICATION,Risque de diminution des concentrations plasmatiques du dasabuvir par le mitotane.
MITOTANE,FOSTEMSAVIR,CONTRE_INDICATION,"Diminution significative des concentrations de fostemsavir avec la rifampicine, avec risque de réduction de la réponse virologique. Éventualité non exclue avec le mitotane."
MITOTANE,SPIRONOLACTONE,CONTRE_INDICATION,"Possible réduction voire abolition de l'effet pharmacodynamique du mitotane par la spironolactone, associé à une baisse des concentrations du mitotane."
MOCLOBEMIDE,CIMETIDINE,PRECAUTION_EMPLOI,"Avec la cimétidine utilisée à des doses supérieures ou égales à 800 mg/j : augmentation des concentrations du moclobémide, par Surveillance clinique avec adaptation éventuelle de la posologie de diminution de son métabolisme hépatique. moclobémide."
MODAFINIL,CICLOSPORINE,DECONSEILLEE,Risque de diminution des concentrations sanguines et de l'efficacité de l'immunosuppresseur.
MODAFINIL,ESTROPROGESTATIFS CONTRACEPTIFS,DECONSEILLEE,"Risque de diminution de l’efficacité contraceptive, pendant le traitement et un cycle après l’arrêt du traitement par le modafinil, en Utiliser une méthode additionnelle de type mécanique (préservatif) raison de son potentiel inducteur enzymatique. pendant la durée de l’association, et un cycle suivant l’arrêt du modafinil."
MONTELUKAST,RIFAMPICINE,PRECAUTION_EMPLOI,Risque de baisse de l'efficacité du montélukast par augmentation de son métabolisme hépatique par la rifampicine. Surveillance clinique et adaptation éventuelle de la posologie de l'antiasthmatique pendant le traitement par la rifampicine et après son arrêt.
MORPHINE,RIFAMPICINE,PRECAUTION_EMPLOI,Diminution des concentrations plasmatiques et de l'efficacité de la morphine et de son métabolite actif. Surveillance clinique et adaptation éventuelle de la posologie de la morphine pendant le traitement par la rifampicine et après son arrêt.
MORPHINIQUES,BARBITURIQUES,A_PRENDRE_EN_COMPTE,"Risque majoré de sédation et de dépression respiratoire pouvant entraîner coma et décès, notamment chez le sujet âgé. Il convient de limiter autant que possible les doses et la durée de l’association."
MORPHINIQUES,BENZODIAZÉPINES ET APPARENTÉS,A_PRENDRE_EN_COMPTE,"Risque majoré de sédation et de dépression respiratoire pouvant entraîner coma et décès, notamment chez le sujet âgé. Il convient de limiter autant que possible les doses et la durée de l’association."
MORPHINIQUES,OXYBATE DE SODIUM,CONTRE_INDICATION,"Risque majoré de dépression respiratoire, pouvant être fatale en cas de surdosage."
MYCOPHENOLATE MOFETIL,FLUOROQUINOLONES,A_PRENDRE_EN_COMPTE,"Diminution des concentrations de l’acide mycophénolique d’environ un tiers, avec risque potentiel de baisse d’efficacité."
MYCOPHENOLATE MOFETIL,PÉNICILLINES A,A_PRENDRE_EN_COMPTE,"Diminution des concentrations de l’acide mycophénolique d’environ un tiers, avec risque potentiel de baisse d’efficacité."
NALOXEGOL,DILTIAZEM,PRECAUTION_EMPLOI,Augmentation des concentrations plasmatiques de naloxegol par le diltiazem. Adaptation posologique pendant l’association.
NEBIVOLOL,FLUOXETINE,PRECAUTION_EMPLOI,"Risque de majoration des effets indésirables du nébivolol avec notamment bradycardie excessive, par inhibition de son Surveillance clinique accrue ; si besoin, adaptation de la posologie du métabolisme par l’antidépresseur. nébivolol pendant la durée du traitement par l’antidépresseur et après son arrêt."
NEBIVOLOL,PAROXETINE,PRECAUTION_EMPLOI,"Risque de majoration des effets indésirables du nébivolol avec notamment bradycardie excessive, par inhibition de son Surveillance clinique accrue ; si besoin, adaptation de la posologie du métabolisme par l’antidépresseur. nébivolol pendant la durée du traitement par l’antidépresseur et après son arrêt."
NEUROLEPTIQUES,BÊTA-BLOQUANTS DANS L'INSUFFISANCE CARDIAQUE,A_PRENDRE_EN_COMPTE,"Effet vasodilatateur et risque d'hypotension, notamment orthostatique (effet additif)."
NEUROLEPTIQUES,LITHIUM,PRECAUTION_EMPLOI,"Risque d’apparition de signes neuropsychiques évocateurs d’un syndrome malin des neuroleptiques ou d’une intoxication au lithium. Surveillance clinique et biologique régulière, notamment en début d'association."
NEUROLEPTIQUES,ORLISTAT,A_PRENDRE_EN_COMPTE,Risque d'échec thérapeutique en cas de traitement concomitant par orlistat.
NEUROLEPTIQUES ANTIÉMÉTIQUES,DOPAMINERGIQUES,CONTRE_INDICATION,Antagonisme réciproque entre le dopaminergique et le neuroleptique. Utiliser un antiémétique dénué d'effets extrapyramidaux.
NEUROLEPTIQUES ANTIÉMÉTIQUES,LEVODOPA,CONTRE_INDICATION,Antagonisme réciproque entre la lévodopa et le neuroleptique. Utiliser un antiémétique dénué d'effets extrapyramidaux.
NEUROLEPTIQUES ANTIPSYCHOTIQUES,ANTIPARKINSONIENS DOPAMINERGIQUES,DECONSEILLEE,"Antagonisme réciproque du dopaminergique et des neuroleptiques. Le dopaminergique peut provoquer ou aggraver les troubles psychotiques. En cas de nécessité d'un traitement par neuroleptiques chez le patient parkinsonien traité par dopaminergique, ces derniers doivent être diminués progressivement jusqu'à l'arrêt (leur arrêt brutal expose à un risque de ""syndrome malin des neuroleptiques"")."
NEUROLEPTIQUES ANTIPSYCHOTIQUES,ARIPIPRAZOLE,A_PRENDRE_EN_COMPTE,"Risque de moindre efficacité, notamment de l’aripiprazole, suite à l’antagonisme des récepteurs dopaminergiques par le neuroleptique."
NEUROLEPTIQUES ANTIPSYCHOTIQUES,"DOPAMINERGIQUES, HORS PARKINSON",CONTRE_INDICATION,Antagonisme réciproque de l'agoniste dopaminergique et des neuroleptiques.
NEUROLEPTIQUES ANTIPSYCHOTIQUES,LEVODOPA,DECONSEILLEE,"Antagonisme réciproque de la lévodopa et des neuroleptiques. Chez le patient parkinsonien, utiliser les doses minimales efficaces de chacun des deux médicaments."
NEVIRAPINE,ANTIVITAMINES K,PRECAUTION_EMPLOI,Diminution de l'effet de l'antivitamine K par augmentation de son métabolisme hépatique. Contrôle plus fréquent de l'INR. Adaptation éventuelle de la posologie de l'antivitamine K.
NEVIRAPINE,ATAZANAVIR,DECONSEILLEE,"Risque de baisse de l’efficacité de l’atazanavir par augmentation de son métabolisme hépatique. Si l’association s’avère nécessaire, adaptation posologique de l’atazanavir avec surveillance clinique et biologique régulière, notamment en début d’association."
NEVIRAPINE,FLUCONAZOLE,PRECAUTION_EMPLOI,Doublement des concentrations de névirapine avec risque d'augmentation de ses effets indésirables. Surveillance clinique et adaptation éventuelle de la posologie de la névirapine.
NEVIRAPINE,FOSAMPRENAVIR,PRECAUTION_EMPLOI,"Risque de baisse de l'efficacité de l'amprénavir. Surveillance clinique et biologique régulière, notamment en début d'association."
NEVIRAPINE,KETOCONAZOLE,CONTRE_INDICATION,"Augmentation des concentrations plasmatiques de névirapine par diminution de son métabolisme hépatique par le kétoconazole, d'une part, et diminution des concentrations plasmatiques du kétoconazole par augmentation de son métabolisme hépatique par la névirapine, d'autre part."
NEVIRAPINE,MILLEPERTUIS,CONTRE_INDICATION,Risque de diminution significative des concentrations plasmatiques de la névirapine par augmentation de son métabolisme hépatique par le millepertuis.
NICARDIPINE,IMMUNOSUPPRESSEURS,PRECAUTION_EMPLOI,"Augmentation des concentrations sanguines de l'immunodépresseur, par inhibition de son métabolisme. Dosage des concentrations sanguines de l'immunosuppresseur, contrôle de la fonction rénale et adaptation de sa posologie pendant le traitement et après l'arrêt."
NICORANDIL,ACIDE ACETYLSALICYLIQUE,DECONSEILLEE,Majoration du risque ulcérogène et hémorragique digestif.
NICORANDIL,ANTI-INFLAMMATOIRES NON STÉROÏDIENS,DECONSEILLEE,Majoration du risque ulcérogène et hémorragique digestif.
NIFEDIPINE,CICLOSPORINE,DECONSEILLEE,Risque d'addition d'effets indésirables à type de gingivopathies. Utiliser une autre dihydropyridine.
NIFEDIPINE,CIMETIDINE,PRECAUTION_EMPLOI,Avec la cimétidine utilisée à des doses supérieures ou égales à 800 mg/j : augmentation de l'effet hypotenseur de la nifédipine par Surveillance clinique accrue : adapter la posologie de la nifédipine inhibition de son métabolisme hépatique par la cimétidine. pendant le tratiement par la cimétidine et après son arrêt.
NIFEDIPINE,DILTIAZEM,CONTRE_INDICATION,"Augmentation importantes des concentrations de nifédipine par diminution de son métabolisme hépatique par le diltiazem, avec risque d'hypotension sévère."
NIMODIPINE,RIFAMPICINE,DECONSEILLEE,Diminution des concentrations plasmatiques de l'antagoniste du calcium par augmentation de son métabolisme hépatique. Surveillance clinique et adaptation éventuelle de la posologie de l'antagoniste du calcium pendant le traitement par la rifampicine et après son arrêt.
NIMODIPINE,VALPROMIDE,A_PRENDRE_EN_COMPTE,"Avec la nimodipine par voie orale, et par extrapolation, par voie injectable : risque de majoration de l'effet hypotenseur de la nimodipine par augmentation de ses concentrations plasmatiques (diminution de son métabolisme par l'acide valproïque)."
NINTÉDANIB,AMIODARONE,PRECAUTION_EMPLOI,Augmentation des concentrations plasmatiques du nintédanib par augmentation de son absorption par l'amiodarone. Surveillance clinique pendant l’association.
NORFLOXACINE,CAFEINE,A_PRENDRE_EN_COMPTE,"Augmentation des concentrations plasmatiques de caféine, par diminution du métabolisme hépatique de la caféine."
NORFLOXACINE,CALCIUM,PRECAUTION_EMPLOI,"Diminution de l'absorption digestive de la norflloxacine. Prendre les sels de calcium à distance de la norfloxacine (plus de 2 heures, si possible)."
NORFLOXACINE,THÉOPHYLLINE,PRECAUTION_EMPLOI,Augmentation de la théophyllinémie avec risque de surdosage (diminution du métabolisme de la théophylline). Surveillance clinique et éventuellement de la théophyllinémie.
NORTRIPTYLINE,BUPROPION,PRECAUTION_EMPLOI,"Risque d'augmentation des effets indésirables de la nortriptyline par diminution de son métabolisme hépatique par le bupropion. Surveillance clinique. Si besoin, adaptation de la posologie de la nortriptyline pendant le traitement par le bupropion."
NOSCAPINE,ANTIVITAMINES K,DECONSEILLEE,Augmentation de l’effet de l’antivitamine K et du risque hémorragique.
OLANZAPINE,CARBAMAZEPINE,PRECAUTION_EMPLOI,"Risque de diminution des concentrations plasmatiques de l'olanzapine et de son efficacité thérapeutique, par augmentation de Surveillance clinique, et si besoin, adaptation posologique de son métabolisme hépatique par la carbamazépine. l'olanzapine."
OLANZAPINE,FLUVOXAMINE,PRECAUTION_EMPLOI,"Augmentation des concentrations de l’olanzapine, avec risque de majoration des effets indésirables, par diminution de son Surveillance clinique et réduction éventuelle de la posologie de métabolisme hépatique par la fluvoxamine. l’olanzapine pendant le traitement par fluvoxamine."
OLAPARIB,AMIODARONE,DECONSEILLEE,"Augmentation des concentrations plasmatiques d’olaparib par l' amiodarone Si l’association ne peut être évitée, limiter la dose d’olaparib à 200 mg 2 fois par jour avec l’amiodarone."
OLAPARIB,APALUTAMIDE,DECONSEILLEE,"Risque de diminution très importante des concentrations de l'olaparib, et perte d‘efficacité, par augmentation de son métabolisme hépatique par l’apalutamide."
OLAPARIB,CYTOTOXIQUES,DECONSEILLEE,Risque de majoration de l’effet myélosuppresseur du cytotoxique
OLAPARIB,DILTIAZEM,DECONSEILLEE,"Augmentation des concentrations plasmatiques d’olaparib par le diltiazem. Si l’association ne peut être évitée, limiter la dose d’olaparib à 200 mg deux fois par jour."
OLAPARIB,FLUCONAZOLE,DECONSEILLEE,"Augmentation des concentrations plasmatiques d’olaparib par le fluconazole. Si l’association ne peut être évitée, limiter la dose d’olaparib à 200 mg deux fois par jour."
OLAPARIB,MILLEPERTUIS,CONTRE_INDICATION,"Risque de diminution des concentrations plasmatiques d’olaparib et de son efficacité, par augmentation de son métabolisme par le millepertuis."
OLAPARIB,PAMPLEMOUSSE,DECONSEILLEE,Risque d’augmentation des effets indésirables de l’olaparib.
OMBITASVIR + PARITAPRÉVIR,ACIDE FUSIDIQUE,CONTRE_INDICATION,Augmentation des concentrations plasmatiques de l'acide fusidique par diminution de son métabolisme hépatique par la bithérapie.
OMBITASVIR + PARITAPRÉVIR,ALFUZOSINE,CONTRE_INDICATION,Augmentation des concentrations plasmatiques de l'afuzosine par diminution de son métabolisme hépatique par la bithérapie.
OMBITASVIR + PARITAPRÉVIR,AMIODARONE,CONTRE_INDICATION,Augmentation des concentrations plasmatiques de l'amiodarone par diminution de son métabolisme hépatique par la bithérapie.
OMBITASVIR + PARITAPRÉVIR,ATORVASTATINE,CONTRE_INDICATION,Augmentation des concentrations plasmatiques de l'atorvastatine par diminution de son métabolisme hépatique par la bithérapie.
OMBITASVIR + PARITAPRÉVIR,COLCHICINE,CONTRE_INDICATION,"Augmentation des concentrations plasmatiques de la colchicine par diminution de son métabolisme hépatique par la bithérapie. Contre-indication: - chez les patients insuffisants rénaux et/ou hépatiques. Association déconseillée - chez les patients ayant une fonction rénale et hépatique normale. Si l’association s'avère nécessaire, une réduction de la dose de colchicine ou une interruption du traitement par la colchicine est recommandée."
OMBITASVIR + PARITAPRÉVIR,DISOPYRAMIDE,CONTRE_INDICATION,Risque d’augmentation des concentrations plasmatiques de disopyramide et de ses effets indésirables.
OMBITASVIR + PARITAPRÉVIR,ETHINYLESTRADIOL,CONTRE_INDICATION,Augmentation de l’hépatotoxicité.
OMBITASVIR + PARITAPRÉVIR,EVEROLIMUS,DECONSEILLEE,"En association avec le ritonavir : augmentation significative des concentrations de l’immunosuppresseur avec risque de majoration Si l’association s’avère nécessaire, contrôle strict de la fonction rénale, de sa toxicité par la bithérapie. dosage des concentrations sanguines de l'immunosuppresseur et adaptation éventuelle de la posologie."
OMBITASVIR + PARITAPRÉVIR,MIDAZOLAM,CONTRE_INDICATION,Augmentation des concentrations plasmatiques du midazolam par diminution de son métabolisme hépatique par la bithérapie.
OMEPRAZOLE,ANAGRELIDE,A_PRENDRE_EN_COMPTE,Risque de moindre efficacité de l'anagrélide par augmentation de son métabolisme par l'oméprazole. Préférer un autre inhibiteur de la pompe à protons.
OMEPRAZOLE,APALUTAMIDE,DECONSEILLEE,"Risque de diminution très importante des concentrations de l'oméprazole, et perte d‘efficacité, par augmentation de son métabolisme hépatique par l’apalutamide."
OMEPRAZOLE,DIGOXINE,PRECAUTION_EMPLOI,"Augmentation modérée de la digoxinémie par majoration de son absorption par l'oméprazole. Surveillance clinique, ECG et de la digoxinémie, particulièrement chez le sujet âgé."
OMEPRAZOLE,ESCITALOPRAM,PRECAUTION_EMPLOI,"Risque majoré de troubles du rythme ventriculaire, notamment de torsades de pointes. Surveillance clinique et électrocardiographique pendant l'association."
OMEPRAZOLE,TACROLIMUS,PRECAUTION_EMPLOI,"Augmentation des concentrations sanguines du tacrolimus. Dosage des concentrations sanguines du tacrolimus, contrôle de la fonction rénale et adaptation de la posologie pendant l'association et après son arrêt."
ONDANSETRON,TRAMADOL,A_PRENDRE_EN_COMPTE,Diminution de l’intensité et de la durée de l’effet analgésique du tramadol et risque de diminution de l’effet antiémétique de l’ondansétron.
ORGANOPLATINES,AMINOSIDES,A_PRENDRE_EN_COMPTE,"Addition des effets néphrotoxiques et/ou ototoxiques, notamment en cas d'insuffisance rénale préalable."
ORLISTAT,AMIODARONE,PRECAUTION_EMPLOI,"Risque de diminution des concentrations plasmatiques de l'amiodarone et de son métabolite actif. Surveillance clinique et, si besoin, ECG."
ORLISTAT,ANTIVITAMINES K,PRECAUTION_EMPLOI,Augmentation de l'effet de l'antivitamine K et du risque hémorragique. Contrôle plus fréquent de l'INR. Adaptation éventuelle de la posologie de l'antivitamine K pendant le traitement par l'orlistat et après son arrêt.
ORLISTAT,CICLOSPORINE,DECONSEILLEE,"Diminution des concentrations sanguines de ciclosporine par diminution de son absorption intestinale, avec risque de perte de Prendre l'orlistat à distance de la ciclosporine (au moins 3 heures). l'activité immunosuppressive. Contrôle renforcé des dosages sanguins de ciclosporine, notamment en début d’association, et lors d’augmentation éventuelle de la posologie de l’orlistat."
ORLISTAT,HORMONES THYROÏDIENNES,A_PRENDRE_EN_COMPTE,Risque de déséquilibre du traitement thyroïdien substitutif en cas de traitement par orlistat.
ORLISTAT,LITHIUM,A_PRENDRE_EN_COMPTE,Risque d'échec thérapeutique en cas de traitement concomitant par orlistat.
ORNIDAZOLE,FLUOROURACILE,A_PRENDRE_EN_COMPTE,Augmentation de la toxicité du fluoro-uracile par diminution de sa clairance.
OXCARBAZEPINE,ESTROGÈNES NON CONTRACEPTIFS,PRECAUTION_EMPLOI,"Risque de diminution de l'efficacité du traitement hormonal, par augmentation de son métabolisme hépatique par l'oxcarbazépine. Surveillance clinique et adaptation éventuelle de la posologie du traitement hormonal pendant le traitement par l'oxcarbazépine et après son arrêt."
OXCARBAZEPINE,LAMOTRIGINE,PRECAUTION_EMPLOI,"Diminution des concentrations de la lamotrigine avec risque de moindre efficacité, par augmentation de son métabolisme Surveillance clinique et contrôle des concentrations plasmatiques, avec hépatique par l'oxcarbazépine. adaptation de la posologie de la lamotrigine si besoin."
OXCARBAZEPINE,LÉNACAPAVIR,CONTRE_INDICATION,"Diminution, éventuellement considérable, des concentrations de lénacapavir, avec risque de réduction de la réponse virologique."
OXCARBAZEPINE,PÉRAMPANEL,A_PRENDRE_EN_COMPTE,Diminution de moitié des concentrations de pérampanel et légère augmentation de celles de l’oxcarbazépine.
OXCARBAZEPINE,TOPIRAMATE,PRECAUTION_EMPLOI,"Risque de diminution des concentrations du topiramate avec risque de moindre efficacité, par augmentation de son métabolisme Surveillance clinique, et si besoin, adaptation posologique du hépatique par l'oxcarbazépine. topiramate pendant le traitement par l'oxcarbazépine et après son arrêt."
OXCARBAZEPINE,VELPATASVIR,DECONSEILLEE,"Risque de diminution des concentrations de velpatasvir/sofosbuvir, avec possible retentissement sur l’efficacité."
OXPRENOLOL,ERGOTAMINE,PRECAUTION_EMPLOI,"Ergotisme : quelques cas de spasme artériel avec ischémie des extrémités ont été observés (addition d'effets vasculaires). Surveillance clinique renforcée, en particulier pendant les premières semaines de l'association."
OXYBATE DE SODIUM,BARBITURIQUES,CONTRE_INDICATION,"Risque majoré de dépression respiratoire, pouvant être fatale en cas de surdosage."
OXYBATE DE SODIUM,MORPHINIQUES,CONTRE_INDICATION,"Risque majoré de dépression respiratoire, pouvant être fatale en cas de surdosage."
OXYCODONE,FLUCONAZOLE,DECONSEILLEE,"Majoration des effets indésirables, notamment respiratoires, de l’oxycodone par diminution de son métabolisme hépatique par le fluconazole."
OXYCODONE,MILLEPERTUIS,DECONSEILLEE,Diminution des concentrations plasmatiques de l’oxycodone par augmentation de son métabolisme par le millepertuis. Adaptation éventuelle de la posologie de l’oxycodone .
OZANIMOD,BRADYCARDISANTS,DECONSEILLEE,Potentialisation des effets bradycardisants pouvant avoir des conséquences fatales. Les bêta-bloquants sont d’autant plus à Surveillance clinique et ECG pendant au moins 6 heures. risque qu’ils empêchent les mécanismes de compensation adrénergique.
OZANIMOD,CICLOSPORINE,DECONSEILLEE,Risque d’augmentation des effets indésirables de l’ozanimod.
OZANIMOD,CLOPIDOGREL,A_PRENDRE_EN_COMPTE,Risque d’augmentation des concentrations des métabolites actifs de l’onazimod.
OZANIMOD,ELTROMBOPAG,DECONSEILLEE,Risque d’augmentation des effets indésirables de l’ozanimod.
OZANIMOD,GEMFIBROZIL,A_PRENDRE_EN_COMPTE,Augmentation des concentrations des métabolites actifs de l’onazimod.
OZANIMOD,RIFAMPICINE,DECONSEILLEE,Diminution des concentrations des métabolites actifs de l’ozanimod d’environ 60%.
P A S SODIQUE,TENOFOVIR ALAFÉNAMIDE,A_PRENDRE_EN_COMPTE,Diminution des deux tiers de l’exposition du ténofovir avec une formulation de PAS calcique.
P A S SODIQUE,TENOFOVIR DISOPROXIL,A_PRENDRE_EN_COMPTE,Diminution des deux tiers de l’exposition du ténofovir avec une formulation de PAS calcique.
PACLITAXEL,AMIODARONE,PRECAUTION_EMPLOI,Risque de majoration des effets indésirables du paclitaxel par diminution de son métabolisme hépatique par l’amiodarone. Surveillance clinique et adaptation éventuelle de la posologie du paclitaxel.
PACLITAXEL,CLOPIDOGREL,A_PRENDRE_EN_COMPTE,"Augmentation des concentrations du paclitaxel par le clopidogrel, avec risque de majoration des effets indésirables."
PACLITAXEL,DEFERASIROX,PRECAUTION_EMPLOI,Risque d’augmentation des concentrations plasmatiques du paclitaxel par inhibition de son métabolisme hépatique par le Surveillance clinique et biologique étroite. deferasirox.
PACLITAXEL,GEMFIBROZIL,PRECAUTION_EMPLOI,Risque d’augmentation des concentrations plasmatiques du paclitaxel par inhibition de son métabolisme hépatique par le Surveillance clinique et biologique étroite et adaptation de la posologie gemfibrozil. du paclitaxel pendant l’association.
PACLITAXEL,MILLEPERTUIS,CONTRE_INDICATION,Risque de moindre efficacité du taxane par augmentation de son métabolisme par le millepertuis.
PACLITAXEL,TRIMETHOPRIME,PRECAUTION_EMPLOI,Risque d’augmentation des concentrations plasmatiques du paclitaxel par inhibition de son métabolisme hépatique par le Surveillance clinique et biologique étroite et adaptation de la posologie triméthoprime. du paclitaxel pendant l’association.
PAMPLEMOUSSE,ATORVASTATINE,A_PRENDRE_EN_COMPTE,"Augmentation des concentrations plasmatiques de l'hypolipémiant, avec risque de survenue d'effets indésirables, notamment musculaires."
PAMPLEMOUSSE,AVANAFIL,DECONSEILLEE,"Augmentation des concentrations plasmatiques de l'avanafil, avec risque d’hypotension."
PAMPLEMOUSSE,BUSPIRONE,A_PRENDRE_EN_COMPTE,Risque de majoration des effets indésirables de la buspirone par diminution de son métabolisme par le pamplemousse.
PAMPLEMOUSSE,CARBAMAZEPINE,DECONSEILLEE,"Augmentation des concentrations plasmatiques de carbamazépine, avec risque de surdosage, par inhibition de son métabolisme par le pamplemousse."
PAMPLEMOUSSE,DRONEDARONE,DECONSEILLEE,Augmentation des concentrations de dronédarone par inhibition de son métabolisme par le pamplemousse.
PAMPLEMOUSSE,HALOFANTRINE,DECONSEILLEE,"Risque majoré de troubles du rythme ventriculaire, notamment de torsades de pointes."
PARACETAMOL,ANTIVITAMINES K,PRECAUTION_EMPLOI,Risque d’augmentation de l’effet de l’antivitamine K et du risque hémorragique en cas de prise de paracétamol aux doses Contrôle plus fréquent de l’INR. Adaptation éventuelle de la posologie maximales (4 g/j) pendant au moins 4 jours. de l’antivitamine K pendant le traitement par le paracétamol et après son arrêt.
PARACETAMOL,FLUCLOXACILLINE,DECONSEILLEE,"Risque accru d'acidose métabolique à trou anionique élevé, notamment en cas d'insuffisance rénale sévère, de sepsis, de Si l’association ne peut être évitée, surveillance étroite avec mesure de facteurs prédisposant à la déplétion en glutathion (malnutrition, la 5-oxoproline urinaire. alcoolisme chronique…), ainsi qu’en cas d’utilisation de paracétamol aux doses quotidiennes maximales."
PAROXETINE,CARBAMAZEPINE,PRECAUTION_EMPLOI,"Augmentation des concentrations plasmatiques de carbamazépine avec signes de surdosage. Surveillance clinique, contrôle des concentrations plasmatiques de carbamazépine et réduction éventuelle de la posologie de la carbamazépine pendant le traitement par l'antidépresseur sérotoninergique et après son arrêt."
PAROXETINE,CODEINE,DECONSEILLEE,Diminution de l’efficacité de l’opiacé par inhibition de son métabolisme par l’inhibiteur.
PAROXETINE,MEQUITAZINE,DECONSEILLEE,"Risque de majoration des effets indésirables de la méquitazine, par inhibition de son métabolisme par l’inhibiteur enzymatique."
PAROXETINE,METOPROLOL,PRECAUTION_EMPLOI,"Risque de majoration des effets indésirables du métoprolol, avec notamment bradycardie excessive, par inhibition de son Surveillance clinique accrue ; si besoin, adaptation de la posologie du métabolisme par la paroxétine. métoprolol pendant la durée du traitement par la paroxétine et après son arrêt."
PAROXETINE,NEBIVOLOL,PRECAUTION_EMPLOI,"Risque de majoration des effets indésirables du nébivolol avec notamment bradycardie excessive, par inhibition de son Surveillance clinique accrue ; si besoin, adaptation de la posologie du métabolisme par l’antidépresseur. nébivolol pendant la durée du traitement par l’antidépresseur et après son arrêt."
PAROXETINE,PIMOZIDE,CONTRE_INDICATION,"Risque majoré de troubles du rythme ventriculaire, notamment de torsades de pointes."
PAROXETINE,RISPERIDONE,PRECAUTION_EMPLOI,"Augmentation de la fraction active de la rispéridone par diminution de son métabolisme hépatique par la paroxétine, avec risque de Surveillance clinique et, si besoin, adaptation posologique de la majoration des effets indésirables. rispéridone."
PAROXETINE,TAMOXIFENE,DECONSEILLEE,"Baisse de l’efficacité du tamoxifène, par inhibition de la formation de son métabolite actif par la paroxétine."
PAROXETINE,TETRABENAZINE,CONTRE_INDICATION,Augmentation possiblement très importante de l’exposition des métabolites actifs de la tétrabénazine.
PAROXETINE,TRAMADOL,DECONSEILLEE,Diminution de l’efficacité de l’opiacé par inhibition de son métabolisme par l’inhibiteur.
PEFLOXACINE,THÉOPHYLLINE,PRECAUTION_EMPLOI,Augmentation de la théophyllinémie avec risque de surdosage (diminution du métabolisme de la théophylline). Surveillance clinique et éventuellement de la théophyllinémie.
PEG-INTERFERON ALFA-2A,TELBIVUDINE,CONTRE_INDICATION,Risque majoré de neuropathies périphériques.
PEMETREXED,ACIDE ACETYLSALICYLIQUE,DECONSEILLEE,Risque de majoration de la toxicité du pemetrexed (diminution de sa clairance rénale par l’acide acétylsalicylique à doses anti- Association déconseillée : inflammatoires). - en cas de fonction rénale faible à modérée . Précaution d'emploi : - en cas de fonction rénale normale. Surveillance biologique de la fonction rénale.
PEMETREXED,ANTI-INFLAMMATOIRES NON STÉROÏDIENS,DECONSEILLEE,Risque de majoration de la toxicité du pemetrexed (diminution de sa clairance rénale par les AINS). Association déconseillée : - en cas de fonction rénale faible à modérée. Précaution d'emploi : - en cas de fonction rénale normale. Surveillance biologique de la fonction rénale.
PÉNEMS,VALPROMIDE,DECONSEILLEE,"Risque de survenue de crises convulsives, par diminution rapide des concentrations plasmatiques de l’acide valproïque, pouvant devenir indétectables."
PENICILLAMINE,FER,PRECAUTION_EMPLOI,"Diminution de l'absorption digestive de la pénicillamine. Prendre les sels de fer à distance de la pénicillamine (plus de 2 heures, si possible)."
PÉNICILLINES,METHOTREXATE,DECONSEILLEE,Augmentation des effets et de la toxicité hématologique du méthotrexate : inhibition de la sécrétion tubulaire rénale du méthotrexate par les pénicillines.
PÉNICILLINES A,ALLOPURINOL,A_PRENDRE_EN_COMPTE,Risque accru de réactions cutanées.
PÉNICILLINES A,MYCOPHENOLATE MOFETIL,A_PRENDRE_EN_COMPTE,"Diminution des concentrations de l’acide mycophénolique d’environ un tiers, avec risque potentiel de baisse d’efficacité."
PENTAMIDINE,DIDANOSINE,PRECAUTION_EMPLOI,Risque majoré de survenue de pancréatite par addition d'effets indésirables. Surveillance de l'amylasémie. Ne pas associer si l'amylasémie est à la limite supérieure de la normale.
PENTAMIDINE,FOSCARNET,PRECAUTION_EMPLOI,Risque d'hypocalcémie sévère. Surveillance de la calcémie et supplémentation si nécessaire.
PENTAMIDINE,STAVUDINE,PRECAUTION_EMPLOI,"Risque majoré de survenue de neuropathies périphériques par addition d'effets indésirables. Surveillance clinique et biologique régulière, notamment en début d'association."
PENTOSTATINE,CYCLOPHOSPHAMIDE,DECONSEILLEE,Majoration du risque de toxicité pulmonaire pouvant être fatale.
PENTOSTATINE,FLUDARABINE,DECONSEILLEE,Majoration du risque de toxicité pulmonaire pouvant être fatale.
PENTOXIFYLLINE,ANTIVITAMINES K,PRECAUTION_EMPLOI,Augmentation du risque hémorragique. Contrôle plus fréquent de l'INR. Adaptation éventuelle de la posologie de l'antivitamine K pendant le traitement par la pentoxifylline et 8 jours après son arrêt.
PENTOXIFYLLINE,COBIMÉTINIB,PRECAUTION_EMPLOI,Augmentation du risque hémorragique. Surveillance clinique.
PENTOXIFYLLINE,THÉOPHYLLINE,PRECAUTION_EMPLOI,"Augmentation de la théophyllinémie avec risque de surdosage (compétition au niveau du métabolisme hépatique de la Surveillance clinique et éventuellement de la théophyllinémie ; s'il y a théophylline). lieu, adaptation de la posologie de la théophylline pendant le traitement par la pentoxifylline et après son arrêt."
PÉRAMPANEL,CYPROTERONE,DECONSEILLEE,"Pour des doses de pérampanel > ou = à 12 mg/jour, risque de diminution de l'efficacité de la cyprotérone. Dans son utilisation comme contraceptif hormonal: utiliser de préférence une autre méthode de contraception en particulier de type mécanique, pendant la durée de l'association et un cycle suivant."
PÉRAMPANEL,OXCARBAZEPINE,A_PRENDRE_EN_COMPTE,Diminution de moitié des concentrations de pérampanel et légère augmentation de celles de l’oxcarbazépine.
PÉRAMPANEL,PROGESTATIFS CONTRACEPTIFS,DECONSEILLEE,"Pour des doses de pérampanel >= 12 mg/jour : Risque de diminution de l’efficacité contraceptive. Utiliser de préférence une autre méthode contraceptive, en particulier de type mécanique."
PETHIDINE,IMAO IRRÉVERSIBLES,CONTRE_INDICATION,"Risque d'apparition d'un syndrome sérotoninergique : diarrhée, tachycardie, sueurs, tremblements, confusion voire coma."
PETHIDINE,"IMAO-A RÉVERSIBLES, Y COMPRIS OXAZOLIDINONES ET BLEU DE MÉTHYLÈNE",CONTRE_INDICATION,"Risque d'apparition d'un syndrome sérotoninergique : diarrhée, tachycardie, sueurs, tremblements, confusion voire coma."
PETHIDINE,IMAO-B,CONTRE_INDICATION,"Manifestations d'excitation centrale évoquant un syndrome sérotoninergique : diarrhée, tachycardie, sueurs, tremblements, confusion voire coma."
PHÉNOBARBITAL,ACIDE CHOLIQUE,CONTRE_INDICATION,Effet antagoniste du barbiturique.
PHÉNOBARBITAL,CARBAMAZEPINE,A_PRENDRE_EN_COMPTE,Diminution progressive des concentrations plasmatiques de carbamazépine et de son métabolite actif sans modification Prudence quant à l'interprétation des concentrations plasmatiques. apparente de l'efficacité anticomitiale.
PHÉNOBARBITAL,FELBAMATE,PRECAUTION_EMPLOI,"Diminution des concentrations plasmatiques et de l'efficacité du felbamate et augmentation des concentrations plasmatiques du Surveillance clinique et contrôle des concentrations plasmatiques de phénobarbital, avec risque de surdosage. phénobarbital avec adaptation de la posologie si besoin."
PHÉNOBARBITAL,FOLATES,PRECAUTION_EMPLOI,"Diminution des concentrations plasmatiques du phénobarbital, par augmentation de son métabolisme dont les folates représentent un Surveillance clinique, contrôle des concentrations plasmatiques, et des cofacteurs. adaptation, s'il y a lieu, de la posologie du phénobarbital pendant la supplémentation folique et après son arrêt."
PHÉNOBARBITAL,IFOSFAMIDE,DECONSEILLEE,Risque de majoration de la neurotoxicité de l'ifosfamide par augmentation de son métabolisme hépatique par le phénobarbital.
PHÉNOBARBITAL,METOPROLOL,A_PRENDRE_EN_COMPTE,Diminution des concentrations plasmatiques du métoprolol avec réduction de ses effets cliniques (augmentation de son métabolisme hépatique).
PHÉNOBARBITAL,PHÉNYTOÏNE,A_PRENDRE_EN_COMPTE,"En cas de traitement antérieur par le phénobarbital ou la primidone, et adjonction de phénytoïne, augmentation des concentrations plasmatiques de phénobarbital pouvant entraîner des signes toxiques (inhibition du métabolisme par compétition). En cas de traitement antérieur par la phénytoïne et adjonction de phénobarbital ou de primidone, variations imprévisibles : - les concentrations plasmatiques de phénytoïne sont le plus souvent diminuées (augmentation du métabolisme) sans que cette diminution affecte défavorablement l'activité anticonvulsivante. A l'arrêt du phénobarbital ou de la primidone, possibilité d'effets toxiques de la phénytoïne - il peut arriver que les concentrations de phénytoïne soient augmentées (inhibition du métabolisme par compétition)."
PHÉNOBARBITAL,PROPRANOLOL,A_PRENDRE_EN_COMPTE,Diminution des concentrations plasmatiques du propranolol avec réduction de ses effets cliniques (augmentation de son métabolisme hépatique).
PHÉNYTOÏNE,AMIODARONE,DECONSEILLEE,"Majoration du risque de troubles du rythme ventriculaire par potentialisation des effets antiarythmiques, ainsi que des effets indésirables neurologiques, par diminution du métabolisme hépatique de la phénytoïne par l’amiodarone."
PHÉNYTOÏNE,CARBAMAZEPINE,A_PRENDRE_EN_COMPTE,Réduction réciproque des concentrations plasmatiques (augmentation du métabolisme sans modification apparente de Prudence dans l'interprétation des concentrations plasmatiques. l'efficacité anticomitiale).
PHÉNYTOÏNE,CIMETIDINE,DECONSEILLEE,"Avec la cimétidine utilisée à des doses supérieures ou égales à 800 mg/j : augmentation des concentrations plasmatiques de Si l'association ne peut être évitée, surveillance clinique étroite, dosage phénytoïne avec possibilité d'apparition des signes habituels de des concentrations plasmatiques de phénytoïne et adaptation surdosage. éventuelle de sa posologie pendant le traitement par la cimétidine et après son arrêt."
PHÉNYTOÏNE,CIPROFLOXACINE,PRECAUTION_EMPLOI,"Variation, éventuellement importante, des concentrations de phénytoïne en cas de traitement par la ciprofloxacine. Surveillance clinique et contrôle des concentrations plasmatiques de l’anticonvulsivant pendant le traitement par ciprofloxacine et après son arrêt."
PHÉNYTOÏNE,CLOPIDOGREL,PRECAUTION_EMPLOI,Augmentation des concentrations plasmatiques de phénytoïne avec signes de surdosage (inhibition du métabolisme de la Surveillance clinique et contrôle des concentrations plasmatiques de phénytoïne.
PHÉNYTOÏNE,CYTOTOXIQUES,DECONSEILLEE,"Risque de survenue de convulsions par diminution de l'absorption digestive de la seule phénytoïne par le cytotoxique, ou bien risque de majoration de la toxicité ou de perte d'efficacité du cytotoxique par augmentation de son métabolisme hépatique par la phénytoïne ou la fosphénytoïne."
PHÉNYTOÏNE,DIAZEPAM,PRECAUTION_EMPLOI,"Variations imprévisibles : les concentrations plasmatiques de phénytoïne peuvent augmenter, avec signes de surdosage, mais Surveillance clinique et contrôle des concentrations plasmatiques de aussi diminuer ou rester stables. phénytoïne."
PHÉNYTOÏNE,DISULFIRAME,DECONSEILLEE,"Augmentation importante et rapide des concentrations plasmatiques de phénytoïne avec signes toxiques (inhibition de son Si elle ne peut être évitée, contrôle clinique et des concentrations métabolisme). plasmatiques de phénytoïne pendant le traitement par le disulfirame et après son arrêt."
PHÉNYTOÏNE,FELBAMATE,PRECAUTION_EMPLOI,"Augmentation des concentrations plasmatiques de phénytoïne avec risque de surdosage, par inhibition de son métabolisme par le Surveillance clinique, contrôle des concentrations plasmatiques de felbamate. phénytoïne et si besoin, adaptation de sa posologie pendant le traitement par le felbamate."
PHÉNYTOÏNE,FLUCONAZOLE,PRECAUTION_EMPLOI,Augmentation des concentrations plasmatiques de phénytoïne pouvant atteindre des valeurs toxiques. Mécanisme invoqué : Surveillance clinique et biologique étroite. inhibition du métabolisme hépatique de la phénytoïne.
PHÉNYTOÏNE,FLUOXETINE,PRECAUTION_EMPLOI,"Augmentation des concentrations plasmatiques de phénytoïne avec signes de surdosage, par inhibition du métabolisme de la Surveillance clinique et éventuellement contrôle des concentrations phénytoïne. plasmatiques de phénytoïne. Si besoin, adaptation posologique pendant le traitement par la fluoxétine et après son arrêt."
PHÉNYTOÏNE,FLUVOXAMINE,PRECAUTION_EMPLOI,"Augmentation des concentrations plasmatiques de phénytoïne avec signes de surdosage, par inhibition du métabolisme hépatique Surveillance clinique et éventuellement contröle des concentrations de la phénytoïne. plamatiques de phénytoïne. Si besoin, adaptation posologique de la phénytoïne pendant le traitement par la fluvoxamine et après son arrët."
PILOCARPINE,ANTICHOLINESTÉRASIQUES,A_PRENDRE_EN_COMPTE,"Risque d'addition des effets indésirables cholinergiques, notamment digestifs."
PIMOZIDE,APALUTAMIDE,DECONSEILLEE,"Risque de diminution très importante des concentrations du pimozide, et perte d‘efficacité, par augmentation de son métabolisme hépatique par l’apalutamide."
PIMOZIDE,APREPITANT,CONTRE_INDICATION,"Risque majoré de troubles du rythme ventriculaire, notamment de torsades de pointes."
PIMOZIDE,DALFOPRISTINE,DECONSEILLEE,"Risque majoré de troubles du rythme ventriculaire, notamment de torsades de pointes."
PIMOZIDE,DILTIAZEM,CONTRE_INDICATION,"Risque majoré de troubles du rythme ventriculaire, notamment de torsades de pointes."
PIMOZIDE,EFAVIRENZ,CONTRE_INDICATION,"Risque majoré de troubles du rythme ventriculaire, notamment de torsades de pointes."
PIMOZIDE,FLUCONAZOLE,CONTRE_INDICATION,"Risque majoré de troubles du rythme ventriculaire, notamment de torsades de pointes."
PIMOZIDE,FLUOXETINE,CONTRE_INDICATION,"Risque majoré de troubles du rythme ventriculaire, notamment de torsades de pointes."
PIMOZIDE,JOSAMYCINE,CONTRE_INDICATION,"Risque majoré de troubles du rythme ventriculaire, notamment de torsades de pointes."
PIMOZIDE,LÉTERMOVIR,CONTRE_INDICATION,"Risque majoré de troubles du rythme ventriculaire, notamment de torsades de pointes."
PIPÉRACILLINE/TAZOBACTAM,VANCOMYCINE,DECONSEILLEE,Majoration de la néphrotoxicité par comparaison à la vancomycine seule.
PIRFENIDONE,FLUVOXAMINE,CONTRE_INDICATION,Augmentation des concentrations plasmatiques de pirfenidone avec signes de surdosage.
PITAVASTATINE,CICLOSPORINE,CONTRE_INDICATION,"Risque majoré d'effets indésirables (concentration-dépendants) à type de rhabdomyolyse, ou de néphrotoxicité, par diminution du métabolisme de la pitavastatine."
POLYMYXINE B,AMINOSIDES,DECONSEILLEE,"Addition des effets néphrotoxiques. Si l'association ne peut être évitée, surveillance stricte avec une justification bactériologique indiscutable."
POLYMYXINE B,CURARES,PRECAUTION_EMPLOI,"Potentialisation des curares lorque l'antibiotique est administré par voie parentérale et/ou péritonéale avant, pendant ou après l'agent Surveiller le degré de curarisation en fin d'anesthésie. curarisant."
POLYSTYRÈNE SULFONATE DE CALCIUM,SORBITOL,CONTRE_INDICATION,"Par voie orale ou rectale du sorbitol ou de la résine, et pour une dose de sorbitol par prise >= 2,5 g chez l'enfant et 5 g chez l'adulte : Risque de nécrose colique, éventuellement fatale."
POLYSTYRÈNE SULFONATE DE CALCIUM,"TOPIQUES GASTRO-INTESTINAUX, ANTIACIDES ET ADSORBANTS",PRECAUTION_EMPLOI,"Risque d'alcalose métabolique chez l'insuffisant rénal Comme avec tout médicament oral pris avec l’un ou l’autre de ces médicaments, respecter un intervalle entre les prises (plus de 2 heures, si possible)."
POLYSTYRÈNE SULFONATE DE SODIUM,SORBITOL,CONTRE_INDICATION,"Par voie orale ou rectale du sorbitol ou de la résine, et pour une dose de sorbitol par prise >= 2,5 g chez l'enfant et 5 g chez l'adulte : Risque de nécrose colique, éventuellement fatale."
POLYSTYRÈNE SULFONATE DE SODIUM,"TOPIQUES GASTRO-INTESTINAUX, ANTIACIDES ET ADSORBANTS",PRECAUTION_EMPLOI,"Risque d'alcalose métabolique chez l'insuffisant rénal. Comme avec tout médicament oral pris avec l’un ou l’autre de ces médicaments, respecter un intervalle entre les prises (plus de 2 heures, si possible)."
PONATINIB,ATORVASTATINE,PRECAUTION_EMPLOI,Risque d’augmentation des concentrations plasmatiques de l'atrovastatine par augmentation de son absorption intestinale par Surveillance clinique et biologique étroite pendant l’association. le ponatinib.
PONATINIB,COLCHICINE,PRECAUTION_EMPLOI,Risque d’augmentation des concentrations plasmatiques de la colchicine par augmentation de son absorption intestinale par le Surveillance clinique et biologique étroite pendant l’association. ponatinib.
PONATINIB,DABIGATRAN,PRECAUTION_EMPLOI,Risque d’augmentation des concentrations plasmatiques du dabigatran par augmentation de son absorption intestinale par le Surveillance clinique et biologique étroite pendant l’association. ponatinib.
PONATINIB,DIGOXINE,PRECAUTION_EMPLOI,Risque d’augmentation des concentrations plasmatiques de la digoxine par augmentation de son absorption intestinale par le Surveillance clinique et biologique étroite pendant l’association. ponatinib.
PONATINIB,METHOTREXATE,PRECAUTION_EMPLOI,Risque d’augmentation des concentrations plasmatiques du méthotrexate par augmentation de son absorption intestinale par le Surveillance clinique et biologique étroite pendant l’association. ponatinib.
PONATINIB,PRAVASTATINE,PRECAUTION_EMPLOI,Risque d’augmentation des concentrations plasmatiques de la pravastatine par augmentation de son absorption intestinale par le Surveillance clinique et biologique étroite pendant l’association. ponatinib.
PONATINIB,ROSUVASTATINE,PRECAUTION_EMPLOI,Risque d’augmentation des concentrations plasmatiques de la rosuvastatine par augmentation de son absorption intestinale par le Surveillance clinique et biologique étroite pendant l’association. ponatinib.
PONATINIB,SIMVASTATINE,PRECAUTION_EMPLOI,Risque d’augmentation des concentrations plasmatiques de la simvastatine par augmentation de son absorption intestinale par le Surveillance clinique et biologique étroite pendant l’association. ponatinib.
PONATINIB,SULFASALAZINE,PRECAUTION_EMPLOI,Risque d’augmentation des concentrations plasmatiques de la sulfasalazine par augmentation de son absorption intestinale par le Surveillance clinique et biologique étroite pendant l’association. ponatinib.
PONÉSIMOD,BRADYCARDISANTS,DECONSEILLEE,"Potentialisation des effets bradycardisants pouvant avoir des conséquences fatales. Les bêta-bloquants sont d’autant plus à Surveillance clinique et ECG continu pendant les 4 heures suivant la risque qu’ils empêchent les mécanismes de compensation première dose, jusqu'au lendemain si nécessaire. adrénergique."
POSACONAZOLE,ANTISÉCRÉTOIRES ANTIHISTAMINIQUES H2,DECONSEILLEE,"Diminution de l'absorption de l'azolé antifongique, par augmentation du pH intragastrique par l'antisécrétoire. Association déconseillée: - uniquement avec la forme suspension buvable de posaconazole."
POSACONAZOLE,ATAZANAVIR,A_PRENDRE_EN_COMPTE,Augmentation des concentrations plasmatiques de l'atazanavir et du risque d'hyperbilirubinémie.
POSACONAZOLE,ATORVASTATINE,CONTRE_INDICATION,Risque majoré d'effets indésirables (concentration-dépendants) à type de rhabdomyolyse (diminution du métabolisme hépatique de l’inhibiteur de l’HMG-CoA reductase).
POSACONAZOLE,DIGOXINE,PRECAUTION_EMPLOI,"Augmentation de la digoxinémie avec nausées, vomissements, troubles du rythme. Surveillance clinique et, s'il y a lieu, de l'ECG et de la digoxinémie, avec adaptation de la posologie de la digoxine pendant le traitement par le posaconazole et après son arrêt."
POSACONAZOLE,IMMUNOSUPPRESSEURS,DECONSEILLEE,"Augmentation très importante des concentrations sanguines de l'immunosuppresseur par inhibition de son métabolisme hépatique. En cas d’association, contrôle strict de la fonction rénale, dosage des concentrations sanguines de l'immunosuppresseur et adaptation éventuelle de la posologie."
POSACONAZOLE,RIFABUTINE,DECONSEILLEE,"Risque d'accroissement des effets indésirables de la rifabutine (uvéites), par augmentation de ses concentrations et de celles de Surveillance clinique et biologique régulière, notamment en début son métabolite actif. d'association."
POSACONAZOLE,RIFAMPICINE,DECONSEILLEE,Diminution des concentrations plasmatiques et de l'efficacité des deux anti-infectieux (induction enzymatique par la rifampicine et diminution de l'absorption intestinale par l’azolé antifongique).
POTASSIUM,CICLOSPORINE,DECONSEILLEE,"Pour une quantité de potassium > à 1 mmol/prise, hyperkaliémie potentiellement létale, notamment chez l'insuffisant rénale ( addition des effets hyperkaliémiants). Sauf en cas d'hypokaliémie."
POVIDONE IODÉE,ANTISEPTIQUES MERCURIELS,DECONSEILLEE,"Erythèmes, phlyctènes, voire nécrose cutanéo-muqueuse (formation d'un complexe caustique en cas d'utilisation concomitante d'antiseptiques iodés et mercuriels). L'interaction dépend de la stabilité de l'organo-mercuriel au niveau cutané et de la sensibilité individuelle."
PRAVASTATINE,CICLOSPORINE,PRECAUTION_EMPLOI,"Augmentation des concentrations de pravastatine, avec risque musculaire non exclu. Surveillance clinique et biologique pendant l’association. Débuter le traitement à la dose minimale de pravastatine."
PRAVASTATINE,CLARITHROMYCINE,PRECAUTION_EMPLOI,Augmentation de la concentration plasmatique de la pravastatine par la clarithromycine. Surveillance clinique et biologique pendant le traitement par l'antibiotique.
PRAVASTATINE,ERYTHROMYCINE,PRECAUTION_EMPLOI,Avec l'érythromycine utilisée par voie orale : augmentation de la concentration plasmatique de la pravastatine par l' érythromycine. Surveillance clinique et biologique pendant le traitement par l'antibiotique.
PRAVASTATINE,PONATINIB,PRECAUTION_EMPLOI,Risque d’augmentation des concentrations plasmatiques de la pravastatine par augmentation de son absorption intestinale par le Surveillance clinique et biologique étroite pendant l’association. ponatinib.
PRAZIQUANTEL,DEXAMETHASONE,PRECAUTION_EMPLOI,"Diminution des concentrations plasmatiques du praziquantel, avec risque d'échec du traitement, par augmentation du métabolisme Décaler l'administration des deux médicaments d'au moins une hépatique du praziquantel par la dexaméthasone. semaine."
PRAZIQUANTEL,RIFAMPICINE,CONTRE_INDICATION,"Diminution très importante des concentrations plasmatiques du praziquantel, avec risque d'échec du traitement, par augmentation du métabolisme hépatique du praziquantel par la rifampicine."
PREDNISOLONE,CICLOSPORINE,A_PRENDRE_EN_COMPTE,"Augmentation des effets de la prednisolone : aspect cushingoïde, réduction de la tolérance aux glucides (diminution de la clairance de la prednisolone)."
PRÉSERVATIFS EN LATEX,HUILES MINÉRALES,CONTRE_INDICATION,"Risque de rupture du préservatif lors de l'utilisation avec des corps gras ou des lubrifiants contenant des huiles minérales (huile de Utiliser un lubrifiant hydrosoluble (glycérine, polyacrylamide...). paraffine, huile de silicone, etc...)."
PRIMIDONE,AFATINIB,PRECAUTION_EMPLOI,Diminution des concentrations plasmatiques de l’afatinib par augmentation de son métabolisme par la primidone. Surveillance clinique pendant l’association et 1 à 2 semaines après leur arrêt.
PRISTINAMYCINE,ANTIVITAMINES K,PRECAUTION_EMPLOI,Augmentation de l'effet de l'antivitamine K et du risque hémorragique. Contrôle plus fréquent de l'INR. Adaptation éventuelle de la posologie de l'antivitamine K pendant le traitement par la pristinamycine et après son arrêt.
PRISTINAMYCINE,COLCHICINE,CONTRE_INDICATION,Augmentation des effets indésirables de la colchicine aux conséquences potentiellement fatales.
PRISTINAMYCINE,IMMUNOSUPPRESSEURS,PRECAUTION_EMPLOI,"Augmentation des concentrations sanguines de l'immunosuppresseur par inhibition de son métabolisme hépatique. Dosage des concentrations sanguines de l'immunosuppresseur, contrôle de la fonction rénale et adaptation de sa posologie pendant l'association et après son arrêt."
PROBENECIDE,ACIDE ACETYLSALICYLIQUE,DECONSEILLEE,Diminution de l’effet uricosurique par compétition de l’élimination de l’acide urique au niveau des tubules rénaux.
PROBENECIDE,DIPROPHYLLINE,PRECAUTION_EMPLOI,Risque de surdosage par augmentation des concentrations plasmatiques de diprophylline (inhibition de sa sécrétion tubulaire Réduire la posologie de diprophylline pendant le traitement par le rénale). probénécide.
PROBENECIDE,METHOTREXATE,CONTRE_INDICATION,Augmentation de la toxicité du méthotrexate : inhibition de la sécrétion tubulaire rénale du méthotrexate par le probénécide.
PROGESTATIFS CONTRACEPTIFS,APREPITANT,PRECAUTION_EMPLOI,"(Sauf stérilet), diminution des concentrations du progestatif, avec risque de moindre efficacité contraceptive. Utiliser de préférence une autre méthode contraceptive, en particulier de type mécanique, pendant la durée de l'association et un cycle suivant."
PROGESTATIFS CONTRACEPTIFS,BOSENTAN,PRECAUTION_EMPLOI,"Risque de diminution de l'efficacité du contraceptif hormonal par augmentation de son métabolisme hépatique. Utiliser une méthode contraceptive fiable, additionnelle ou alternative, pendant la durée de l'association et un cycle suivant."
PROGESTATIFS CONTRACEPTIFS,GRISEOFULVINE,PRECAUTION_EMPLOI,"Risque de diminution de l'efficacité du contraceptif hormonal par augmentation de son métabolisme hépatique. Utiliser une méthode contraceptive fiable, additionnelle ou alternative, pendant la durée de l'association et un cycle suivant."
PROGESTATIFS CONTRACEPTIFS,MILLEPERTUIS,CONTRE_INDICATION,"Diminution des concentrations plasmatiques du contraceptif hormonal, en raison de l'effet inducteur enzymatique du millepertuis, avec risque de baisse d'efficacité voire d'annulation de l'effet dont les conséquences peuvent être éventuellement graves (survenue d'une grossesse)."
PROGESTATIFS CONTRACEPTIFS,PÉRAMPANEL,DECONSEILLEE,"Pour des doses de pérampanel >= 12 mg/jour : Risque de diminution de l’efficacité contraceptive. Utiliser de préférence une autre méthode contraceptive, en particulier de type mécanique."
PROGESTATIFS CONTRACEPTIFS,ULIPRISTAL,DECONSEILLEE,"Dans l'indication contraception d'urgence : Antagonisme des effets de l’ulipristal en cas de reprise d’un - Dans l'indication contraception d'urgence: contraceptif hormonal moins de 5 jours après la prise de la Dans le cas où la (re)prise d’une contraception hormonale est contraception d’urgence. envisagée, utiliser une contraception additionnelle de type mécanique pendant les 12 jours qui suivent la (dernière) prise de l’ulipristal (au cas Dans l’indication fibrome : où il y en aurait eu plus d’une). Antagonisme réciproque des effets de l’ulipristal et du progestatif, avec risque d’inefficacité. - Dans l’indication fibrome : Dans le cas où la (re)prise d’une contraception hormonale est envisagée, utiliser une contraception de type mécanique pendant les 7 premiers jours de la contraception hormonale."
"PROGESTATIFS NON CONTRACEPTIFS, ASSOCIÉS OU NON À UN ESTROGÈNE",BOSENTAN,PRECAUTION_EMPLOI,Risque de diminution de l’efficacité du progestatif. Surveillance clinique et adaptation éventuelle de la posologie du traitement hormonal pendant l’administration du bosentan et après son arrêt.
"PROGESTATIFS NON CONTRACEPTIFS, ASSOCIÉS OU NON À UN ESTROGÈNE",ULIPRISTAL,A_PRENDRE_EN_COMPTE,"Dans l’indication fibrome : Antagonisme réciproque des effets de l’ulipristal et du progestatif, avec risque d’inefficacité."
PROGUANIL,ANTIVITAMINES K,PRECAUTION_EMPLOI,Risque d’augmentation de l’effet de l’antivitamine K et du risque hémorragique. Contrôle plus fréquent de l’INR. Adaptation éventuelle de la posologie de l’antivitamine K pendant le traitement par le proguanil et après son arrêt.
PROGUANIL,HORMONES THYROÏDIENNES,PRECAUTION_EMPLOI,"Risque d’hypothyroïdie clinique chez les patients substitués par hormones thyroïdiennes. Surveillance clinique et biologique. Adaptation, si besoin, de la posologie des hormones thyroïdiennes pendant le traitement par l’antipaludique et après son arrêt."
PROPAFENONE,ABIRATERONE,PRECAUTION_EMPLOI,"Risque d'augmentation des effets indésirables de la propafénone, par diminution de son métabolisme hépatique par l'abiratérone. Surveillance clinique. Si besoin, adaptation de la posologie de la propafénone pendant le traitement par l'abiratérone."
PROPAFENONE,BÊTA-BLOQUANTS,PRECAUTION_EMPLOI,"Troubles de la contractilité, de l'automatisme et de la conduction (suppression des mécanismes sympathiques compensateurs). Surveillance clinique et ECG."
PROPAFENONE,BUPROPION,PRECAUTION_EMPLOI,"Risque d'augmentation des effets indésirables de la propafénone par diminution de son métabolisme hépatique par le bupropion. Surveillance clinique. Si besoin, adaptation de la posologie de la propafénone pendant le traitement par le bupropion."
PROPAFENONE,CINACALCET,PRECAUTION_EMPLOI,"Augmentation des concentrations plasmatiques de propafénone avec risque de surdosage, par diminution de son métabolisme Surveillance clinique et réduction de la posologie de la propafénone hépatique par le cinacalcet. pendant le traitement par cinacalcet."
PROPAFENONE,DARIFENACINE,PRECAUTION_EMPLOI,"Augmentation des concentrations plasmatiques de propafénone, avec risque de surdosage, par diminution de son métabolisme Surveillance clinique et réduction de la posologie de la propafénone hépatique par la darifénacine. pendant le traitement par darifénacine."
PROPAFENONE,DIGOXINE,PRECAUTION_EMPLOI,"Risque d’augmentation de la digoxinémie, notamment chez le sujet âgé. Surveillance clinique et éventuellement de la digoxinémie pendant le traitement par propafénone et après son arrêt."
PROPAFENONE,DULOXETINE,PRECAUTION_EMPLOI,"Augmentation des concentrations plasmatiques de propafénone avec risque de surdosage, par diminution de son métabolisme Surveillance clinique et réduction de la posologie de la propafénone hépatique par la duloxétine. pendant le traitement par la duloxétine et après son arrêt."
PROPAFENONE,ESMOLOL,PRECAUTION_EMPLOI,"Troubles de la contractilité, de l'automatisme et de la conduction (suppression des mécanismes sympathiques compensateurs). Surveillance clinique et ECG."
PROPAFENONE,MILLEPERTUIS,PRECAUTION_EMPLOI,"Diminution des concentrations plasmatiques de la propafénone par augmentation de son métabolisme hépatique par le millepertuis. Surveillance clinique et ECG. S'il y a lieu, adaptation de la posologie de la propafénone pendant l'association et après l'arrêt du millepertuis."
PROPAFENONE,MIRABÉGRON,PRECAUTION_EMPLOI,Augmentation des concentrations plasmatiques de la propafénone par diminution de son métabolisme par le mirabégron. Surveillance clinique et réduction éventuelle de la posologie de la propafénone pendant l'association.
PROPRANOLOL,ERGOTAMINE,PRECAUTION_EMPLOI,"Ergotisme : quelques cas de spasme artériel avec ischémie des extrémités ont été observés (addition d'effets vasculaires). Surveillance clinique renforcée, en particulier pendant les premières semaines de l'association."
PROPRANOLOL,FLUVOXAMINE,PRECAUTION_EMPLOI,"Augmentation des concentrations plasmatiques de propranolol par inhibition de son métabolisme hépatique, avec majoration de Surveillance clinique accrue et, si besoin, adaptation de la posologie du l'activité et des effets indésirables, par exemple : bradycardie propranolol pendant le traitement par la fluvoxamine et après son arrêt. importante."
PROPRANOLOL,PHÉNOBARBITAL,A_PRENDRE_EN_COMPTE,Diminution des concentrations plasmatiques du propranolol avec réduction de ses effets cliniques (augmentation de son métabolisme hépatique).
PROPRANOLOL,RIFAMPICINE,A_PRENDRE_EN_COMPTE,Diminution des concentrations plasmatiques et de l'efficacité du bêta-bloquant (augmentation de son métabolisme hépatique).
PYRAZINAMIDE,ISONIAZIDE,PRECAUTION_EMPLOI,Addition des effets hépatotoxiques. Surveillance clinique et biologique.
PYRIMETHAMINE,TRIMETHOPRIME,PRECAUTION_EMPLOI,"Anémie mégaloblastique, plus particulièrement à fortes doses des deux produits (déficit en acide folique par l'association de deux 2-4 Contrôle régulier de l'hémogramme et association d'un traitement par diaminopyrimidines). l'acide folique (injections IM régulières)."
QUINIDINE,ALCALINISANTS URINAIRES,PRECAUTION_EMPLOI,"Augmentation des concentrations plasmatiques de la quinidine et risque de surdosage (diminution de l'excrétion rénale de la Surveillance clinique, ECG et éventuellement contrôle de la quinidine par alcalinisation des urines). quinidinémie ; si besoin, adaptation de la posologie pendant le traitement alcalinisant et après son arrêt."
QUINIDINE,COBICISTAT,CONTRE_INDICATION,Risque de majoration des effets indésirables de la quinidine par diminution de son métabolisme par le cobicistat. Surveillance clinique.
QUINIDINE,CODEINE,DECONSEILLEE,Diminution de l’efficacité de l’opiacé par inhibition de son métabolisme par l’inhibiteur.
QUINIDINE,DABIGATRAN,PRECAUTION_EMPLOI,"Augmentation des concentrations plasmatiques de dabigatran, avec majoration du risque de saignement. Dans l'indication post-chirurgicale : surveillance clinique et adaptation de la posologie du dabigatran à 150 mg/j en une prise."
QUINIDINE,DIGOXINE,PRECAUTION_EMPLOI,"Augmentation de la digoxinémie par diminution de la clairance rénale de la digoxine. De plus, troubles de l'automatisme Surveillance clinique et ECG. En cas de réponse inattendue, contrôler (bradycardie excessive et troubles de la conduction auriculo- la digoxinémie et adapter la posologie. ventriculaire)."
QUINIDINE,DRONEDARONE,PRECAUTION_EMPLOI,"Risque de bradycardie ou de bloc auriculo-ventriculaire, notamment chez le sujet âgé. Par ailleurs, légère augmentation des Débuter le traitement par la quinidine aux posologies minimales concentrations de dronédarone par diminution de son métabolisme recommandées, et ajuster les doses en fonction de l’ECG. par la quinidine."
QUINIDINE,ITRACONAZOLE,PRECAUTION_EMPLOI,"Risque majoré de troubles du rythme ventriculaire, notamment de torsades de pointes, ainsi que d'acouphènes et/ou de diminution de Surveillance clinique. l'acuité auditive (cinchonisme), par diminution du métabolisme hépatique de la quinidine."
QUINIDINE,OMBITASVIR + PARITAPRÉVIR,CONTRE_INDICATION,Augmentation des concentrations plasmatiques de la quinidine par diminution de son métabolisme hépatique par la bithérapie.
QUINIDINE,STIRIPENTOL,PRECAUTION_EMPLOI,"Risque majoré de troubles du rythme ventriculaire, notamment de torsades de pointes. Surveillance clinique."
QUININE,DIGOXINE,PRECAUTION_EMPLOI,"Augmentation modérée de la digoxinémie. Surveillance clinique et ECG, si besoin, avec adaptation éventuelle des doses de digoxine."
QUININE,MEFLOQUINE,DECONSEILLEE,Pour la quinine administrée par voie IV : risque majoré de survenue de crises épileptiques par addition des effets proconvulsivants. Respecter un délai minimum de 12 heures entre la fin de l'administration IV de quinine et le début de l'administration de méfloquine.
QUININE,RIFAMPICINE,DECONSEILLEE,Risque de perte de l’efficacité de la quinine par augmentation de son métabolisme hépatique par l’inducteur.
QUINUPRISTINE,DIHYDROERGOTAMINE,CONTRE_INDICATION,Ergotisme avec possibilité de nécrose des extrémités (inhibition du métabolisme hépatique de l'alcaloïde de l'ergot de seigle).
RALTÉGRAVIR,RIFAMPICINE,DECONSEILLEE,"Diminution des concentrations du raltégravir par la rifampicine. Si l’association ne peut être évitée, un doublement de la dose de raltégravir peut être envisagé."
RANOLAZINE,ATORVASTATINE,PRECAUTION_EMPLOI,Risque majoré d'effets indésirables (concentration-dépendants) à type de rhabdomyolyse par inhibition du métabolisme de Utiliser des doses plus faibles d’hypocholestérolémiant ou une autre l'atorvastatine par la ranolazine. statine non concernée par ce type d’interaction.
RANOLAZINE,DIGOXINE,PRECAUTION_EMPLOI,"Augmentation de la digoxinémie. Surveillance clinique, biologique et éventuellement ECG. Adaptation de la posologie de la digoxine, si besoin."
RANOLAZINE,IMMUNOSUPPRESSEURS,PRECAUTION_EMPLOI,"Augmentation des concentrations sanguines de l'immunosuppresseur par inhibition de son métabolisme par la Surveillance clinique et biologique, et adaptation éventuelle de la ranolazine. posologie de l’immunosuppresseur."
RANOLAZINE,RIFAMPICINE,DECONSEILLEE,Diminution très importante des concentrations de ranolazine.
RANOLAZINE,SIMVASTATINE,PRECAUTION_EMPLOI,Risque majoré d'effets indésirables (concentration-dépendants) à type de rhabdomyolyse par inhibition du métabolisme de la Ne pas dépasser la posologie de 20 mg/j de simvastatine ou utiliser une simvastatine par la ranolazine. autre statine non concernée par ce type d’interaction.
REPAGLINIDE,CICLOSPORINE,DECONSEILLEE,Augmentation de plus du double des concentrations du répaglinide par augmentation de son absorption.
REPAGLINIDE,CLARITHROMYCINE,PRECAUTION_EMPLOI,"Risque d'hypoglycémie par augmentation des concentrations plasmatiques du répaglinide. Prévenir le patient, renforcer l'autosurveillance glycémique et adapter éventuellement la posologie de l'hypoglycémiant pendant le traitement par la clarithromycine."
REPAGLINIDE,CLOPIDOGREL,A_PRENDRE_EN_COMPTE,"Augmentation des concentrations du répaglinide par le clopidogrel, avec risque de majoration des effets indésirables."
REPAGLINIDE,DEFERASIROX,DECONSEILLEE,"Risque d’augmentation des concentrations plasmatique de répaglinide, par inhibition de son métabolisme hépatique par le Si l’association ne peut être évitée, surveillance clinique et biologique deferasirox. étroite."
REPAGLINIDE,GEMFIBROZIL,CONTRE_INDICATION,"Risque d'hypoglycémie sévère voire de coma, par augmentation importante des concentrations plasmatiques de repaglinide par le gemfibrozil."
REPAGLINIDE,SELPERCATINIB,DECONSEILLEE,"Augmentation importante des concentrations plasmatiques de répaglinide, avec risque d'hypoglycémie, par diminution du métabolisme du répaglinide par le selpercatinib."
REPAGLINIDE,TRIMETHOPRIME,DECONSEILLEE,"Risque d’augmentation des concentrations plasmatiques de répaglinide par inhibition de son métabolisme hépatique par le Si l’association ne peut être évitée, surveillance clinique et biologique triméthoprime. étroite."
RESERPINE,IMAO IRRÉVERSIBLES,CONTRE_INDICATION,"Agitation psychomotrice, convulsions, hypertension."
RESERPINE,LEVODOPA,CONTRE_INDICATION,Inhibition des effets de la lévodopa.
RÉTINOÏDES,CYCLINES,CONTRE_INDICATION,Risque d'hypertension intracrânienne.
RÉTINOÏDES,VITAMINE A,CONTRE_INDICATION,Risque de symptômes évocateurs d’une hypervitaminose A.
RIBAVIRINE,ANTIPURINES,DECONSEILLEE,"Risque majoré d'effets indésirables graves, par inhibition du métabolisme de l'immunomodulateur par la ribavirine."
RIBAVIRINE,DIDANOSINE,DECONSEILLEE,Risque de majoration de la toxicité mitochondriale de la didanosine par augmentation de son métabolite actif.
RIBAVIRINE,STAVUDINE,PRECAUTION_EMPLOI,"Risque de diminution de l'efficacité de chaque antiviral, par antagonisme compétitif de la réaction de phosphorylation à l'origine Surveillance clinique et biologique régulière, notamment en début des métabolites actifs. d'association."
RIBAVIRINE,ZIDOVUDINE,PRECAUTION_EMPLOI,"Risque de diminution de l'efficacité de chaque antiviral, par antagonisme compétitif de la réaction de phosphorylation à l'origine Surveillance clinique et biologique régulière, notamment en début des métabolites actifs. d'association."
RIFABUTINE,ATOVAQUONE,A_PRENDRE_EN_COMPTE,Diminution modérée des concentrations plasmatiques d'atovaquone par l'inducteur enzymatique.
RIFABUTINE,CLARITHROMYCINE,PRECAUTION_EMPLOI,"Risque d'augmentation des effets indésirables de la rifabutine (uvéites) par augmentation de ses concentrations et de celle de Surveillance clinique et biologique régulière, notamment en début son métabolite actif par la clarithromycine. De plus, augmentation d'association. du métabolisme de la clarithromycine par la rifabutine, avec augmentation des concentrations de son métabolite actif."
RIFABUTINE,COBICISTAT,PRECAUTION_EMPLOI,"Augmentation très importante du métabolite de la rifabutine, avec risque de majoration de sa toxicité (uvéites, neutropénies). Par Réduction de la dose de rifabutine (150 mg 1 jour sur deux). ailleurs, possible diminution des concentrations de cobicistat. Surveillance clinique et biologique régulière, notamment en début d'association."
RIFABUTINE,EFAVIRENZ,PRECAUTION_EMPLOI,"Diminution importante des concentrations de rifabutine, par augmentation de son métabolisme hépatique par l’éfavirenz. Adaptation éventuelle de la posologie de la rifabutine ou de l'éfavirenz Egalement, possibilité de diminution importante des concentrations pendant la durée de l'association. d'éfavirenz par la rifabutine."
RIFAMPICINE,ABIRATERONE,DECONSEILLEE,"Diminution notable des concentrations plasmatiques de l’abiratérone, avec risque de moindre efficacité."
RIFAMPICINE,AFATINIB,PRECAUTION_EMPLOI,Diminution des concentrations plasmatiques de l’afatinib par augmentation de son métabolisme par la rifampicine. Surveillance clinique pendant l’association et 1 à 2 semaines après leur arrêt.
RIFAMPICINE,ALBENDAZOLE,PRECAUTION_EMPLOI,"Diminution importante des concentrations plasmatiques de l’albendazole et de son métabolite actif par l’inducteur, avec risque Surveillance clinique de la réponse thérapeutique et adaptation de baisse de son efficacité. éventuelle de la posologie de l’albendazole pendant le traitement avec l’inducteur enzymatique et après son arrêt."
RIFAMPICINE,ANTIARYTHMIQUES CLASSE IA,PRECAUTION_EMPLOI,"Diminution des concentrations plasmatiques et de l'efficacité de l'antiarythmique (augmentation de son métabolisme hépatique). Surveillance clinique, ECG et éventuellement de la concentration plasmatique de l'antiarythmique. Si besoin, adaptation de la posologie de l'antiarythmique pendant le traitement par la rifampicine et après son arrêt (risque de surdosage en antiarythmique)."
RILPIVIRINE,ANTISÉCRÉTOIRES ANTIHISTAMINIQUES H2,A_PRENDRE_EN_COMPTE,"Risque de diminution des concentrations plasmatiques de la rilpivirine. Si nécessaire, utiliser un antihistaminique H2 actif en une prise par jour, à prendre au moins 12 heures avant, ou au moins 4 heures après."
RILPIVIRINE,DEXAMETHASONE,CONTRE_INDICATION,"Avec la dexaméthasone par voie systémique (sauf en cas de prise unique), risque de diminution des concentrations plasmatiques de rilpivirine par augmentation de son métabolisme hépatique par la dexamethasone."
RILPIVIRINE,MILLEPERTUIS,CONTRE_INDICATION,Risque de diminution des concentrations plasmatiques de rilpivirine par augmentation de son métabolisme hépatique par le millepertuis.
RISPERIDONE,CARBAMAZEPINE,PRECAUTION_EMPLOI,"Risque de diminution de la fraction active de la rispéridone et de son efficacité thérapeutique par augmentation de son métabolisme Surveillance clinique, et si besoin, adaptation posologique de la hépatique par la carbamazépine. rispéridone."
RISPERIDONE,FLUOXETINE,PRECAUTION_EMPLOI,"Augmentation de la fraction active de la rispéridone par diminution de son métabolisme hépatique par la fluoxétine, avec risque de Surveillance clinique et, si besoin, adaptation posologique de la majoration des effets indésirables. rispéridone."
RITONAVIR,CORTICOÏDES,A_PRENDRE_EN_COMPTE,"Décrit chez des patients HIV. Risque d’insuffisance surrénale aiguë, même en cas d’injection Préférer un corticoïde non CYP3A4-dépendant (hydrocortisone) unique. L’articulation peut constituer un réservoir relarguant de façon continue le corticoïde CYP3A4-dépendant dans la circulation générale, avec augmentation possiblement très importante des concentrations du corticoïde à l’origine d’une freination de la réponse hypothalamo-hypophysaire."
RITONAVIR,GLUCOCORTICOÏDES,PRECAUTION_EMPLOI,"Décrit chez des patients HIV. Risque d’insuffisance surrénale aiguë, même en cas d’injection Préférer un corticoïde non CYP3A4-dépendant (hydrocortisone). unique. L’articulation peut constituer un réservoir relarguant de façon continue le corticoïde CYP3A4-dépendant dans la circulation générale, avec augmentation possiblement très importante des concentrations du corticoïde, à l’origine d’une freination de la réponse hypothalamo-hypophysaire."
RIVAROXABAN,FLUCONAZOLE,DECONSEILLEE,"Augmentation des concentrations plasmatiques du rivaroxaban par le fluconazole, avec majoration du risque de saignement."
RIVAROXABAN,RIFAMPICINE,DECONSEILLEE,"Diminution des concentrations plasmatiques de rivaroxaban, avec risque de diminution de l'effet thérapeutique."
ROLAPITANT,COLCHICINE,PRECAUTION_EMPLOI,"Risque d’augmentation des effets indésirables de la colchicine, aux conséquences potentiellement fatales. Surveillance clinique et biologique étroite pendant l’association."
ROLAPITANT,DABIGATRAN,PRECAUTION_EMPLOI,Risque d’augmentation des concentrations plasmatiques du dabigatran par augmentation de son absorption intestinale par le Surveillance clinique et biologique étroite pendant l’association. rolapitant.
ROLAPITANT,DIGOXINE,PRECAUTION_EMPLOI,Augmentation de la digoxinémie par majoration de son absorption. Surveillance clinique et ECG pendant le traitement par le rolapitant et après son arrêt.
ROLAPITANT,METOPROLOL,PRECAUTION_EMPLOI,"Chez l'insuffisant cardiaque, risque d'augmentation des effets indésirables du métoprolol, par diminution de son métabolisme Surveillance clinique. Si besoin, adaptation de la posologie du hépatique par le rolapitant. métoprolol pendant le traitement par le rolapitant."
ROPINIROLE,ANTIVITAMINES K,PRECAUTION_EMPLOI,Augmentation du risque hémorragique. Contrôle plus fréquent de l’INR. Adaptation éventuelle de la posologie de l’antivitamine K pendant le traitement par ropinirole et après son arrêt.
ROPINIROLE,CIPROFLOXACINE,PRECAUTION_EMPLOI,"Augmentation des concentrations de ropinirole avec risque de surdosage, par diminution de son métabolisme hépatique par la Surveillance clinique et réduction éventuelle de la posologie du ciprofloxacine. ropinirole pendant le traitement par la ciprofloxacine et après son arrêt."
ROPINIROLE,ENOXACINE,PRECAUTION_EMPLOI,Augmentation des concentrations plasmatiques de ropinirole avec signes de surdosage par diminution de son métabolisme hépatique. Surveillance clinique et réduction de la posologie du ropinirole pendant le traitement par l'énoxacine et après son arrêt.
ROPINIROLE,FLUVOXAMINE,PRECAUTION_EMPLOI,"Augmentation des concentrations de ropinirole, avec risque de surdosage, par diminution de son métabolisme hépatique par la Surveillance clinique et réduction de la posologie du ropinirole pendant fluvoxamine. le traitement par fluvoxamine et après son arrêt."
ROSUVASTATINE,CICLOSPORINE,CONTRE_INDICATION,"Risque majoré d'effets indésirables (concentration-dépendants) à type de rhabdomyolyse, ou de néphrotoxicité, par diminution du métabolisme de la rosuvastatine."
ROSUVASTATINE,DAROLUTAMIDE,DECONSEILLEE,"Augmentation considérable (d’un facteur 5) des concentrations de rosuvastatine avec risque de rhabdomyolyse et/ou de néphrotoxicité, par augmentation de sa biodisponibilité."
ROSUVASTATINE,FOSTAMATINIB,PRECAUTION_EMPLOI,"Doublement moyen des concentrations plasmatiques de la rosuvastatine. Surveillance clinique et biologique, avec adaptation de la posologie de rosuvastatine si nécessaire."
ROSUVASTATINE,FOSTEMSAVIR,PRECAUTION_EMPLOI,Augmentation modérée des concentrations de rosuvastatine. Débuter par la dose minimale de rosuvastatine. Surveillance clinique régulière.
ROXADUSTAT,CALCIUM,PRECAUTION_EMPLOI,"La prise de cation divalent peut diminuer l’absorption intestinale et, potentiellement, l’efficacité du roxadustat pris simultanément. Prendre le roxadustat à distance des sels de calcium (plus de 1 heure, si possible)."
ROXADUSTAT,FER,PRECAUTION_EMPLOI,"La prise de cation divalent peut diminuer l’absorption intestinale et, potentiellement, l’efficacité du roxadustat pris simultanément. Prendre le roxadustat à distance des sels de fer (plus de 1 heure, si possible)."
ROXADUSTAT,GEMFIBROZIL,PRECAUTION_EMPLOI,"Augmentation de l’exposition du roxadustat, par diminution de son métabolisme par le gemfibrozil. Surveillance clinique et biologique (hémoglobine)."
ROXADUSTAT,MAGNÉSIUM,PRECAUTION_EMPLOI,"La prise de cation divalent peut diminuer l’absorption intestinale et, potentiellement, l’efficacité du roxadustat pris simultanément. Prendre le roxadustat à distance des sels de magnésium (plus de 1 heure, si possible)."
ROXADUSTAT,RÉSINES CHÉLATRICES,PRECAUTION_EMPLOI,"La prise de résine chélatrice peut diminuer l’absorption intestinale et, potentiellement, l’efficacité du roxadustat pris simultanément. Prendre le roxadustat à distance de la résine (plus de 1 heure, si possible)."
ROXITHROMYCINE,ATORVASTATINE,PRECAUTION_EMPLOI,Risque majoré d'effets indésirables (concentration-dépendants) à type de rhabdomyolyse. Utiliser des doses plus faibles d’hypocholestérolémiant.
ROXITHROMYCINE,CICLOSPORINE,PRECAUTION_EMPLOI,"Risque d'augmentation des concentrations sanguines de ciclosporine et de la créatininémie. Dosage des concentrations sanguines de la ciclosporine, contrôle de la fonction rénale et adaptation de la posologie pendant l'association et après l'arrêt du macrolide."
ROXITHROMYCINE,MIDAZOLAM,A_PRENDRE_EN_COMPTE,Majoration légère de la sédation.
RUFINAMIDE,ESTROPROGESTATIFS CONTRACEPTIFS,PRECAUTION_EMPLOI,"Diminution de l’efficacité contraceptive par augmentation du métabolisme hépatique du contraceptif hormonal par le rufinamide. Utiliser une méthode additionnelle de type mécanique (préservatif) pendant la durée de l’association, et un cycle suivant l’arrêt du rufinamide."
RUFINAMIDE,VALPROMIDE,PRECAUTION_EMPLOI,"Possible augmentation des concentrations de rufinamide, notamment chez l’enfant de moins de 30 kg. Chez l’enfant de moins de 30 kg : ne pas dépasser la dose totale de 600 mg/j après la période de titration."
SACITUZUMAB,RIFAMPICINE,A_PRENDRE_EN_COMPTE,"Pour le SN38 lié au sacizutumab (govitécan) : risque de diminution de son exposition, par augmentation de son métabolisme."
SALMETEROL,ITRACONAZOLE,A_PRENDRE_EN_COMPTE,Augmentation importante des concentrations de salmétérol par diminution de son métabolisme hépatique par l'itraconazole.
SALMETEROL,KETOCONAZOLE,A_PRENDRE_EN_COMPTE,Augmentation importante des concentrations de salmétérol par diminution de son métabolisme hépatique par le kétoconazole.
SALMETEROL,OMBITASVIR + PARITAPRÉVIR,CONTRE_INDICATION,Risque d’augmentation des concentrations de salmétérol.
SELEXIPAG,CLOPIDOGREL,PRECAUTION_EMPLOI,Risque d’augmentation des effets indésirables du sélexipag par diminution de son métabolisme. Surveillance clinique étroite pendant l’association. Réduire de moitié la posologie (une seule prise par jour).
SELEXIPAG,DEFERASIROX,PRECAUTION_EMPLOI,Risque d’augmentation des effets indésirables du sélexipag par diminution de son métabolisme. Surveillance clinique étroite pendant l’association. Réduire de moitié la posologie (une seule prise par jour).
SELPERCATINIB,HORMONES THYROÏDIENNES,PRECAUTION_EMPLOI,"Risque de moindre efficacité de la supplémentation en lévothyroxine par baisse de la conversion de T4 en T3 en cas de Surveillance clinique et biologique, et adjonction éventuelle de traitement par selpercatinib. liothyronine au traitement par la lévothyroxine."
SELPERCATINIB,REPAGLINIDE,DECONSEILLEE,"Augmentation importante des concentrations plasmatiques de répaglinide, avec risque d'hypoglycémie, par diminution du métabolisme du répaglinide par le selpercatinib."
SERTRALINE,PAMPLEMOUSSE,DECONSEILLEE,Augmentation parfois importante des concentrations de l’antidépresseur chez certains patients par diminution de son métabolisme intestinal.
SERTRALINE,PIMOZIDE,CONTRE_INDICATION,"Risque majoré de troubles du rythme ventriculaire, notamment de torsades de pointes."
SÉTRONS,APOMORPHINE,CONTRE_INDICATION,Des hypotensions sévères et des pertes de connaissance ont été rapportées lors de l’association d’un sétron avec l’apomorphine.
SILDENAFIL,JOSAMYCINE,PRECAUTION_EMPLOI,"Augmentation des concentrations plasmatiques de sildénafil, avec risque d'hypotension. Débuter le traitement par sildénafil à la dose minimale en cas d'association avec la josamycine."
SILDENAFIL,OMBITASVIR + PARITAPRÉVIR,CONTRE_INDICATION,Augmentation des concentrations plasmatiques du sildénafil par diminution de son métabolisme hépatique par la bithérapie.
SIMVASTATINE,AMIODARONE,PRECAUTION_EMPLOI,Risque majoré d'effets indésirables (concentration-dépendants) à type de rhabdomyolyse (diminution du métabolisme hépatique de la Ne pas dépasser la posologie de 20 mg/j de simvastatine ou utiliser une simvastatine). autre statine non concernée par ce type d’interaction.
SIMVASTATINE,AMLODIPINE,PRECAUTION_EMPLOI,Risque majoré d’effets indésirables (dose-dépendants) à type de rhabdomyolyse (diminution du métabolisme hépatique de Ne pas dépasser la posologie de 20 mg/j de simvastatine ou utiliser une l’hypocholestérolémiant). autre statine non concernée par ce type d’interaction.
SIMVASTATINE,APALUTAMIDE,DECONSEILLEE,"Risque de diminution très importante des concentrations de la simvastatine, et perte d‘efficacité, par augmentation de son métabolisme hépatique par l’apalutamide."
SIMVASTATINE,AZITHROMYCINE,PRECAUTION_EMPLOI,"Risque majoré d'effets indésirables (concentration-dépendants) à type de rhabdomyolyse, par diminution du métabolisme hépatique Utiliser des doses plus faibles d’hypocholestérolémiant ou une autre de l'hypocholestérolémiant. statine non concernée par ce type d’interaction."
SIMVASTATINE,CARBAMAZEPINE,DECONSEILLEE,"Diminution importante des concentrations plasmatiques de simvastatine, par augmentation de son métabolisme hépatique."
SIMVASTATINE,CICLOSPORINE,CONTRE_INDICATION,Risque majoré d'effets indésirables (concentration-dépendants) à type de rhabdomyolyse par diminution du métabolisme de la simvastatine.
SIMVASTATINE,DANAZOL,CONTRE_INDICATION,Risque majoré d'effets indésirables (concentration-dépendants) à type de rhabdomyolyse par diminution du métabolisme de la simvastatine.
SIMVASTATINE,DILTIAZEM,PRECAUTION_EMPLOI,"Risque majoré d'effets indésirables (concentration-dépendants) à type de rhabdomyolyse, par diminution du métabolisme hépatique Ne pas dépasser la posologie de 20 mg/jour de simvastatine. Si de l'hypocholestérolémiant. l'objectif thérapeutique n'est pas atteint à cette posologie, utiliser une autre statine non concernée par ce type d'interaction."
SIMVASTATINE,DRONEDARONE,DECONSEILLEE,Risque majoré d'effets indésirables (concentration-dépendants) à type de rhabdomyolyse (diminution du métabolisme hépatique de la simvastatine).
SIMVASTATINE,FLUCONAZOLE,PRECAUTION_EMPLOI,"Risque majoré d'effets indésirables concentration-dépendants à type de rhabdomyolyse (diminution du métabolisme hépatique de la Ne pas dépasser la posologie de 20 mg/j de simvastatine. Si l'objectif simvastatine). thérapeutique n'est pas atteint, utiliser une autre statine non concernée par ce type d’interaction."
SIMVASTATINE,GLÉCAPRÉVIR + PIBRENTASVIR,CONTRE_INDICATION,"Augmentation importante des concentrations plasmatiques de simvastatine par la bithérapie, avec risque majoré d’effets indésirables (concentration-dépendants) à type de rhabdomyolyses ."
SIMVASTATINE,MILLEPERTUIS,DECONSEILLEE,Diminution de l’efficacité de l’hypocholestérolémiant par augmentation de son métabolisme hépatique par le millepertuis.
SIMVASTATINE,OMBITASVIR + PARITAPRÉVIR,CONTRE_INDICATION,Augmentation des concentrations plasmatiques de la simvastatine par diminution de son métabolisme hépatique par la bithérapie.
SIROLIMUS,CICLOSPORINE,PRECAUTION_EMPLOI,"Augmentation des concentrations sanguines de sirolimus par la ciclosporine. La néphrotoxicité de la ciclosporine est également Il est recommandé d’administrer le sirolimus 4 heures après la augmentée lors de l’association. ciclosporine. Contrôle de la fonction rénale, pendant l’association et après son arrêt."
SIROLIMUS,OMBITASVIR + PARITAPRÉVIR,DECONSEILLEE,"En association avec le ritonavir : augmentation significative des concentrations de l’immunosuppresseur avec risque de majoration Si l’association s’avère nécessaire, contrôle strict de la fonction rénale, de sa toxicité par la bithérapie. dosage des concentrations sanguines de l'immunosuppresseur et adaptation éventuelle de la posologie."
SIROLIMUS,VERAPAMIL,PRECAUTION_EMPLOI,"Augmentation des concentrations sanguines du sirolimus (diminution de son métabolisme hépatique par le vérapamil). Dosage des concentrations sanguines de l’immunosuppresseur, contrôle de la fonction rénale et adaptation de la posologie pendant l’association et après son arrêt."
SODIUM,LITHIUM,PRECAUTION_EMPLOI,Risque de baisse de l’efficacité du lithium par augmentation de son élimination rénale par les sels de sodium. Eviter les surcharges sodées et tenir compte de la présence de sodium dans certains médicaments comme les antiacides.
SODIUM,LITHIUM,PRECAUTION_EMPLOI,Risque de baisse de l’efficacité du lithium par augmentation de son élimination rénale par les sels de sodium. Eviter les surcharges sodées et tenir compte de la présence de sodium dans certains médicaments comme les antiacides.
SOFOSBUVIR,AMIODARONE,DECONSEILLEE,"Survenue de bradycardie éventuellement brutale, pouvant avoir des conséquences fatales. Si l'association ne peut être évitée, surveillance clinique et ECG étroite, en particulier pendant les premières semaines de traitement. Une surveillance continue en milieu hospitalier est requise pendant les 48 heures qui suivent la co-adminsitration. Prendre en compte la longue demi-vie de l'amiodarone chez les patients l'ayant arrêtée au cours des derniers mois et qui doivent débuter un traitement contenant du sofosbuvir."
SOFOSBUVIR,MILLEPERTUIS,CONTRE_INDICATION,Risque de diminution des concentrations plasmatiques de sofosbuvir par diminution de son absorption intestinale par le millepertuis.
SORBITOL,LAMIVUDINE,DECONSEILLEE,"Diminution des concentrations plasmatiques de lamivudine par le sorbitol. Si l’association ne peut être évitée, surveillance plus fréquente de la charge virale."
SORBITOL,POLYSTYRÈNE SULFONATE DE CALCIUM,CONTRE_INDICATION,"Par voie orale ou rectale du sorbitol ou de la résine, et pour une dose de sorbitol par prise >= 2,5 g chez l'enfant et 5 g chez l'adulte : Risque de nécrose colique, éventuellement fatale."
SORBITOL,POLYSTYRÈNE SULFONATE DE SODIUM,CONTRE_INDICATION,"Par voie orale ou rectale du sorbitol ou de la résine, et pour une dose de sorbitol par prise >= 2,5 g chez l'enfant et 5 g chez l'adulte : Risque de nécrose colique, éventuellement fatale."
SOTORASIB,ANTISÉCRÉTOIRES ANTIHISTAMINIQUES H2,A_PRENDRE_EN_COMPTE,"Risque de diminution de l’effet du sotorasib, par diminution de son absorption."
SOTORASIB,RIFAMPICINE,DECONSEILLEE,"Diminution notable des concentrations plasmatiques du sotorasib, avec risque de moindre efficacité."
SPIRAMYCINE,LEVODOPA,PRECAUTION_EMPLOI,En cas d'association avec la carbidopa : inhibition de l'absorption de la carbidopa avec diminution des concentrations plasmatiques Surveillance clinique et adaptation éventuelle de la posologie de la de la lévodopa. lévodopa.
SPIRONOLACTONE,MITOTANE,CONTRE_INDICATION,"Possible réduction voire abolition de l'effet pharmacodynamique du mitotane par la spironolactone, associé à une baisse des concentrations du mitotane."
STAVUDINE,ISONIAZIDE,PRECAUTION_EMPLOI,"Risque majoré de survenue de neuropathies périphériques par addition d'effets indésirables. Surveillance clinique et biologique régulière, notamment en début d'association."
STAVUDINE,PENTAMIDINE,PRECAUTION_EMPLOI,"Risque majoré de survenue de neuropathies périphériques par addition d'effets indésirables. Surveillance clinique et biologique régulière, notamment en début d'association."
STAVUDINE,RIBAVIRINE,PRECAUTION_EMPLOI,"Risque de diminution de l'efficacité de chaque antiviral, par antagonisme compétitif de la réaction de phosphorylation à l'origine Surveillance clinique et biologique régulière, notamment en début des métabolites actifs. d'association."
STAVUDINE,THALIDOMIDE,PRECAUTION_EMPLOI,"Risque majoré de survenue de neuropathies périphériques par addition d'effets indésirables. Surveillance clinique et biologique régulière, notamment en début d'association."
STAVUDINE,ZIDOVUDINE,DECONSEILLEE,Risque de diminution de l'efficacité de chaque antiviral par antagoniste compétitif de la réaction de phosphorylation à l'origine des métabolites actifs.
STIRIPENTOL,ATORVASTATINE,CONTRE_INDICATION,Risque majoré d’effets indésirables (dose-dépendants) à type de rhabdomyolyse (diminution du métabolisme hépatique de l’hypocholestérolémiant).
STIRIPENTOL,CAFEINE,PRECAUTION_EMPLOI,"Augmentation possible des concentrations plasmatiques de la caféine, avec risque de surdosage, par inhibition de son Surveillance clinique et adaptation éventuelle de la posologie de caféine. métabolisme hépatique."
STIRIPENTOL,CLOBAZAM,PRECAUTION_EMPLOI,"Augmentation des concentrations plasmatiques de ces anticonvulsivants, avec risque de surdosage, par inhibition de leur Surveillance clinique, dosage plasmatique, lorsque cela est possible, de métabolisme hépatique. l'anticonvulsivant associé au stiripentol et éventuelle adaptation posologique de l'anticonvulsivant associé."
STIRIPENTOL,DIAZEPAM,PRECAUTION_EMPLOI,"Augmentation des concentrations plasmatiques du diazépam, avec risque de surdosage, par inhibition de son métabolisme hépatique. Surveillance clinique et dosage plasmatique, lorsque cela est possible, de l'anticonvulsivant associé au stiripentol et éventuelle adaptation posologique de l'anticonvulsivant associé."
STRONTIUM,CALCIUM,PRECAUTION_EMPLOI,"Avec les sels de calcium administrés par voie orale : diminution de l'absorption digestive du strontium. Prendre le strontium à distance des sels de calcium (plus de deux heures, si possible)."
STRONTIUM,CYCLINES,PRECAUTION_EMPLOI,"Diminution de l'absorption digestive du strontium. Prendre le strontium à distance des cyclines (plus de deux heures, si possible)."
STRONTIUM,FER,PRECAUTION_EMPLOI,"Diminution de l'absorption digestive du strontium. Prendre le strontium à distance des sels de fer (plus de deux heures, si possible)."
STRONTIUM,FLUOROQUINOLONES,PRECAUTION_EMPLOI,"Diminution de l'absorption digestive du strontium. Prendre le strontium à distance des fluoroquinolones (plus de deux heures, si possible)."
SUBSTRATS À RISQUE DU CYP3A4,CRIZOTINIB,DECONSEILLEE,Risque de majoration de la toxicité de ces molécules par diminution de leur métabolisme et/ou augmentation de leur biodisponibilité par le crizotinib.
SUCRALFATE,DIGOXINE,PRECAUTION_EMPLOI,"Diminution de l'absorption digestive de la digoxine. Prendre le sucralfate à distance de la digoxine (plus de 2 heures, si possible)."
SUCRALFATE,FLUOROQUINOLONES,PRECAUTION_EMPLOI,"Diminution de l'absorption digestive des fluoroquinolones. Prendre le sucralfate à distance des fluoroquinolones (plus de 2 heures, si possible)."
SUCRALFATE,HORMONES THYROÏDIENNES,PRECAUTION_EMPLOI,"Diminution de l'absorption digestive des hormones thyroïdiennes. Prendre les hormones thyroïdiennes à distance du sucralfate (plus de 2 heures, si possible)."
SUCRALFATE,PHÉNYTOÏNE,PRECAUTION_EMPLOI,"Diminution de l'absorption digestive de la phénytoïne. Prendre le sucralfate à distance de la phénytoïne (plus de 2 heures, si possible)."
SUCRALFATE,SULPIRIDE,PRECAUTION_EMPLOI,"Diminution de l'absorption digestive du sulpiride. Prendre le sucralfate à distance du sulpiride (plus de 2 heures, si possible)."
SULFAFURAZOL,PHÉNYTOÏNE,DECONSEILLEE,"Augmentation des concentrations plasmatiques de phénytoïne jusqu'à des valeurs toxiques (inhibition de son métabolisme). Utiliser de préférence une autre classe d'anti-infectieux, sinon surveillance clinique étroite, dosage des concentrations de phénytoïne et adaptation éventuelle de sa posologie pendant le traitement par le sulfamide anti-infectieux et après son arrêt."
SULFAMETHIZOL,METHENAMINE,DECONSEILLEE,Précipitation cristalline dans les voies urinaires (favorisée par l'acidification des urines).
SULFAMETHIZOL,PHÉNYTOÏNE,DECONSEILLEE,"Augmentation des concentrations plasmatiques de phénytoïne jusqu'à des valeurs toxiques (inhibition de son métabolisme). Utiliser de préférence une autre classe d'anti-infectieux, sinon surveillance clinique étroite, dosage des concentrations de phénytoïne et adaptation éventuelle de sa posologie pendant le traitement par le sulfamide anti-infectieux et après son arrêt."
SULFAMETHOXAZOLE,ANTIVITAMINES K,DECONSEILLEE,"Augmentation importante de l’effet de l’antivitamine K et du risque hémorragique. Si l’association ne peut être évitée, contrôle plus fréquent de l’INR et adaptation de la posologie de l’antivitamine K pendant le traitement par cotrimoxazole et après son arrêt."
SULFAMÉTHOXAZOLE + TRIMÉTHOPRIME,SULFAMIDES HYPOGLYCÉMIANTS,A_PRENDRE_EN_COMPTE,"Rares survenues d’hypoglycémies, notamment chez le sujet âgé, dénutri ou insuffisant rénal."
SULFAMIDES ANTIBACTÉRIENS,METHOTREXATE,PRECAUTION_EMPLOI,Augmentation de la toxicité hématologique du méthotrexate. Dosage des concentrations de méthotrexate. Adapatation posologique si nécessaire pendant l'association et après son arrêt.
SULFAMIDES HYPOGLYCÉMIANTS,ALCOOL,DECONSEILLEE,"Effet antabuse, notamment pour glibenclamide, glipizide, tolbutamide. Augmentation de la réaction hypoglycémique Eviter la prise de boissons alcoolisées et de médicaments contenant de (inhibition des réactions de compensation) pouvant faciliter la l'alcool. survenue de coma hypoglycémique."
SULFAMIDES HYPOGLYCÉMIANTS,BÊTA-2 MIMÉTIQUES,PRECAUTION_EMPLOI,"Elévation de la glycémie par le bêta-2 mimétique. Renforcer la surveillance sanguine et urinaire. Passer éventuellement à l'insuline, le cas échéant."
SULFAMIDES HYPOGLYCÉMIANTS,BÊTA-BLOQUANTS,PRECAUTION_EMPLOI,"Tous les bêta-bloquants peuvent masquer certains symptômes de l'hypoglycémie : palpitations et tachycardie. Prévenir le patient et renforcer, surtout en début de traitement, l'autosurveillance glycémique."
SULFAMIDES HYPOGLYCÉMIANTS,BÊTA-BLOQUANTS DANS L'INSUFFISANCE CARDIAQUE,PRECAUTION_EMPLOI,"Tous les bêta-bloquants peuvent masquer certains symptômes de l'hypoglycémie : palpitations et tachycardie. Prévenir le malade et renforcer, surtout au début du traitement, l'autosurveillance sanguine."
SULFAMIDES HYPOGLYCÉMIANTS,CHLORPROMAZINE,PRECAUTION_EMPLOI,A fortes posologies (100 mg par jour de chlorpromazine) : élévation de la glycémie (diminution de la libération de l'insuline). Prévenir le patient et renforcer l'autosurveillance glycémique. Adapter éventuellement la posologie du neuroleptique pendant le traitement et après son arrêt.
SULFAMIDES HYPOGLYCÉMIANTS,CLARITHROMYCINE,PRECAUTION_EMPLOI,"Risque d'hypoglycémie par augmentation des concentrations plasmatiques de l’antidiabétique. Prévenir le patient, renforcer l'autosurveillance glycémique et adapter éventuellement la posologie du sulfamide hypoglycémiant pendant le traitement par la clarithromycine."
SULFASALAZINE,DIGOXINE,PRECAUTION_EMPLOI,"Diminution de la digoxinémie pouvant atteindre 50 %. Surveillance clinique, ECG et, éventuellement, de la digoxinémie. S'il y a lieu, adaptation de la posologie de la digoxine pendant le traitement par la sulfasalazine et après son arrêt."
SULFASALAZINE,PONATINIB,PRECAUTION_EMPLOI,Risque d’augmentation des concentrations plasmatiques de la sulfasalazine par augmentation de son absorption intestinale par le Surveillance clinique et biologique étroite pendant l’association. ponatinib.
SULFASALAZINE,TÉDIZOLIDE,DECONSEILLEE,"Risque d’augmentation des concentrations plasmatiques de la sulfasalazine, par augmentation de son absorption avec le tédizolide administré par voie orale."
SULFINPYRAZONE,CICLOSPORINE,PRECAUTION_EMPLOI,Diminution des concentrations sanguines de ciclosporine par augmentation de son métabolisme par la sulfinpyrazone. Contrôle des concentrations sanguines de ciclosporine et adaptation éventuelle de sa posologie pendant le traitement par sulfinpyrazone et après son arrêt.
SULPIRIDE,SUCRALFATE,PRECAUTION_EMPLOI,"Diminution de l'absorption digestive du sulpiride. Prendre le sucralfate à distance du sulpiride (plus de 2 heures, si possible)."
SULPROSTONE,MÉTHYLERGOMÉTRINE,CONTRE_INDICATION,Risque de vasoconstriction coronaire pouvant être fatale. Ne pas utiliser ces deux médicaments simultanément ou successivement.
SUNITINIB,GRAZOPREVIR + ELBASVIR,DECONSEILLEE,"Risque d’augmentation des effets indésirables du sunitinib par le grazoprévir/elbasvir. Si l’association ne peut être évitée, surveillance clinique étroite."
SUXAMETHONIUM,ANTICHOLINESTÉRASIQUES,A_PRENDRE_EN_COMPTE,"Risque d'allongement du bloc moteur, majoré en cas de déficit partiel en pseudocholinestérase."
SYMPATHOMIMÉTIQUES ALPHA,IMAO IRRÉVERSIBLES,DECONSEILLEE,"Crises hypertensives (inhibition du métabolisme des amines pressives). Du fait de la durée d'action de l'IMAO, cette interaction est encore possible 15 jours après l'arrêt de l'IMAO."
SYMPATHOMIMÉTIQUES ALPHA,SYMPATHOMIMÉTIQUES INDIRECTS,CONTRE_INDICATION,Risque de vasoconstriction et/ou de poussées hypertensives.
SYMPATHOMIMÉTIQUES ALPHA ET BÊTA,ANESTHÉSIQUES VOLATILS HALOGÉNÉS,A_PRENDRE_EN_COMPTE,Décrit avec l'halothane et le cyclopropane. Troubles du rythme ventriculaire graves par augmentation de l'excitabilité cardiaque.
SYMPATHOMIMÉTIQUES ALPHA ET BÊTA,IMAO IRRÉVERSIBLES,PRECAUTION_EMPLOI,"Augmentation de l'action pressive du sympathomimétique, le plus souvent modérée. A n'utiliser que sous contrôle médical strict."
SYMPATHOMIMÉTIQUES ALPHA ET BÊTA,"IMAO-A RÉVERSIBLES, Y COMPRIS OXAZOLIDINONES ET BLEU DE MÉTHYLÈNE",PRECAUTION_EMPLOI,Par extrapolation à partir des IMAO non sélectifs : risque d'augmentation de l'action pressive. A n'utiliser que sous contrôle médical strict.
TACROLIMUS,AMINOSIDES,A_PRENDRE_EN_COMPTE,Augmentation de la créatininémie plus importante que sous tacrolimus seul (synergie des effets néphrotoxiques des deux substances).
TACROLIMUS,AMIODARONE,PRECAUTION_EMPLOI,"Augmentation des concentrations sanguines de tacrolimus par inhibition de son métabolisme par l’amiodarone. Dosage des concentrations sanguines de tacrolimus, contrôle de la fonction rénale et adaptation de la posologie de tacrolimus pendant l’association et à l’arrêt de l’amiodarone."
TACROLIMUS,AMPHOTERICINE B,A_PRENDRE_EN_COMPTE,Avec l'amphotéricine B administrée par voie IV : augmentation de la créatininémie plus importante que sous tacrolimus seul (synergie des effets néphrotoxiques des deux substances).
TACROLIMUS,ANTI-INFLAMMATOIRES NON STÉROÏDIENS,PRECAUTION_EMPLOI,"Risque d’addition des effets néphrotoxiques, notamment chez le sujet âgé. Surveiller la fonction rénale en début de traitement par l’AINS."
TACROLIMUS,CLINDAMYCINE,PRECAUTION_EMPLOI,"Diminution des concentrations sanguines de l'immunosuppresseur, avec risque de perte de l'activité immunosuppressive. Contrôle renforcé des dosages sanguins de tacrolimus et augmentation éventuelle de sa posologie."
TACROLIMUS,DABIGATRAN,DECONSEILLEE,Risque d'augmentation des concentrations plasmatiques de dabigatran.
TACROLIMUS,DANAZOL,PRECAUTION_EMPLOI,"Augmentation des concentrations sanguines du tacrolimus par inhibition de son métabolisme hépatique. Dosage des concentrations sanguines du tacrolimus et adaptation de sa posologie pendant l'association et après son arrêt, avec contrôle de la fonction rénale."
TALAZOPARIB,AMIODARONE,PRECAUTION_EMPLOI,Augmentation des concentrations de talazoparib avec risque de majoration de la toxicité. Réduire la dose de talazoparib.
TALAZOPARIB,CICLOSPORINE,PRECAUTION_EMPLOI,Augmentation des concentrations de talazoparib avec risque de majoration de la toxicité. Réduire la dose de talazoparib.
TALAZOPARIB,CLARITHROMYCINE,PRECAUTION_EMPLOI,Augmentation des concentrations de talazoparib avec risque de majoration de la toxicité. Réduire la dose de talazoparib.
TALAZOPARIB,DRONEDARONE,PRECAUTION_EMPLOI,Augmentation des concentrations de talazoparib avec risque de majoration de la toxicité. Réduire la dose de talazoparib.
TALAZOPARIB,ERYTHROMYCINE,PRECAUTION_EMPLOI,Augmentation des concentrations de talazoparib avec risque de majoration de la toxicité. Réduire la dose de talazoparib.
TAMOXIFENE,ANTIVITAMINES K,PRECAUTION_EMPLOI,Risque d'augmentation de l'effet de l'antivitamine K et du risque hémorragique. Contrôle plus fréquent de l'INR. Adaptation éventuelle de la posologie de l'antivitamine K.
TAMOXIFENE,BUPROPION,DECONSEILLEE,"Risque de baisse de l'efficacité du tamoxifène, par inhibition de la formation de son métabolite actif par le bupropion."
TAMOXIFENE,DULOXETINE,DECONSEILLEE,"Risque de baisse de l'efficacité du tamoxifène, par inhibition de la formation de son métabolite actif par la duloxétine."
TAMOXIFENE,FLUOXETINE,DECONSEILLEE,"Baisse de l’efficacité du tamoxifène, par inhibition de la formation de son métabolite actif par la fluoxétine."
TAMOXIFENE,MILLEPERTUIS,CONTRE_INDICATION,Risque d’inefficacité du tamoxifène par augmentation de son métabolisme par le millepertuis.
TAMOXIFENE,PAROXETINE,DECONSEILLEE,"Baisse de l’efficacité du tamoxifène, par inhibition de la formation de son métabolite actif par la paroxétine."
TAMOXIFENE,QUINIDINE,DECONSEILLEE,"Risque de baisse de l'efficacité du tamoxifène, par inhibition de la formation de son métabolite actif par la quinidine."
TAMOXIFENE,ROLAPITANT,DECONSEILLEE,Risque de baisse de l’efficacité du tamoxifène par inhibition de la formation de son métabollite actif par le rolapitant.
TAMOXIFENE,TERBINAFINE,DECONSEILLEE,"Risque de baisse de l'efficacité du tamoxifène, par inhibition de la formation de son métabolite actif par la terbinafine."
TAMSULOSINE,AMIODARONE,PRECAUTION_EMPLOI,"Risque de majoration des effets indésirables de la tamsulosine, par inhibition de son métabolisme hépatique. Surveillance clinique et adaptation de la posologie de la tamsulosine pendant le traitement par l’inhibiteur enzymatique et après son arrêt, le cas échéant."
TAMSULOSINE,DILTIAZEM,PRECAUTION_EMPLOI,"Risque de majoration des effets indésirables de la tamsulosine, par inhibition de son métabolisme hépatique. Surveillance clinique et adaptation de la posologie de la tamsulosine pensant le traitement par l’inhibiteur enzymatique et après son arrêt, le cas échéant."
TAMSULOSINE,VERAPAMIL,PRECAUTION_EMPLOI,"Risque de majoration des effets indésirables de la tamsulosine, par inhibition de son métabolisme hépatique. Surveillance clinique et adaptation de la posologie de la tamsulosine pensant le traitement par l’inhibiteur enzymatique et après son arrêt, le cas échéant."
TÉDIZOLIDE,IMATINIB,DECONSEILLEE,"Risque d’augmentation des concentrations plasmatiques de l'imatinib, par augmentation de son absorption avec le tédizolide administré par voie orale."
TÉDIZOLIDE,LAPATINIB,DECONSEILLEE,"Risque d’augmentation des concentrations plasmatiques du lapatinib, par augmentation de son absorption avec le tédizolide administré par voie orale, ou par diminution de son élimination avec le tédizolide administré par voie IV."
TÉDIZOLIDE,METHOTREXATE,DECONSEILLEE,"Risque d’augmentation des concentrations plasmatiques du méthotrexate, par augmentation de son absorption avec le tédizolide administré par voie orale, ou par diminution de son élimination avec le tédizolide administré par voie IV."
TÉDIZOLIDE,ROSUVASTATINE,DECONSEILLEE,"Risque d’augmentation des concentrations plasmatiques de la rosuvastatine, par augmentation de son absorption avec le tédizolide administré par voie orale, ou par diminution de son élimination avec le tédizolide administré par voie IV."
TÉDIZOLIDE,SULFASALAZINE,DECONSEILLEE,"Risque d’augmentation des concentrations plasmatiques de la sulfasalazine, par augmentation de son absorption avec le tédizolide administré par voie orale."
TÉDIZOLIDE,TOPOTECANE,DECONSEILLEE,"Risque d’augmentation des concentrations plasmatiques du topotécan, par augmentation de son absorption avec le tédizolide administré par voie orale, ou par diminution de son élimination avec le tédizolide administré par voie IV."
TELBIVUDINE,PEG-INTERFERON ALFA-2A,CONTRE_INDICATION,Risque majoré de neuropathies périphériques.
TELITHROMYCINE,ATORVASTATINE,CONTRE_INDICATION,Risque majoré d’effets indésirables (dose-dépendants) à type de rhabdomyolyse (diminution du métabolisme hépatique de l’hypocholestérolémiant).
TENOFOVIR ALAFÉNAMIDE,P A S SODIQUE,A_PRENDRE_EN_COMPTE,Diminution des deux tiers de l’exposition du ténofovir avec une formulation de PAS calcique.
TÉNOFOVIR ALAFÉNAMIDE,CICLOSPORINE,PRECAUTION_EMPLOI,"Augmentation des concentrations plasmatiques du ténofovir alafénamide par augmentation de son absorption. En cas de co-administration avec la ciclosporine, la dose de ténofovir alafénamide doit être limitée à 10 mg par jour."
TÉNOFOVIR ALAFÉNAMIDE,COBICISTAT,PRECAUTION_EMPLOI,"Avec l'atazanavir, le darunavir ou le lopinavir boostés par cobicistat, augmentation des concentrations plasmatiques du ténofovir En cas de co-administration, la dose de ténofovir alafénamide doit être alafénamide par augmentation de son absorption. limitée à 10 mg par jour. L’association avec les autres inhibiteurs de protéases du VIH n’a pas été étudiée."
TENOFOVIR DISOPROXIL,ANTI-INFLAMMATOIRES NON STÉROÏDIENS,PRECAUTION_EMPLOI,"Risque de majoration de la néphrotoxicité du ténofovir, notamment avec des doses élevées de l'anti-inflammatoire ou en présence de En cas d’association, surveiller la fonction rénale. facteurs de risque d'insuffisance rénale."
TENOFOVIR DISOPROXIL,ATAZANAVIR,A_PRENDRE_EN_COMPTE,"Diminution d’environ un tiers de l’exposition à l’atazanavir chez le patient en cas d’association au ténofovir, comparativement au sujet Ne pas administrer l’atazanavir avec le ténofovir sans ritonavir. sain recevant la même association."
TENOFOVIR DISOPROXIL,DIDANOSINE,DECONSEILLEE,"Risque d'échec du traitement antirétroviral, voire émergence de résistances. De plus, majoration du risque de la toxicité mitochondriale de la didanosine."
TENOFOVIR DISOPROXIL,LÉDIPASVIR,PRECAUTION_EMPLOI,"Lors de sa co-administration avec un inhibiteur de protéase, augmentation des concentrations plasmatiques du ténofovir par le Surveillance clinique et biologique, notamment de la fonction rénale. lédipasvir."
TENOFOVIR DISOPROXIL,P A S SODIQUE,A_PRENDRE_EN_COMPTE,Diminution des deux tiers de l’exposition du ténofovir avec une formulation de PAS calcique.
TERBINAFINE,CICLOSPORINE,PRECAUTION_EMPLOI,Diminution des concentrations sanguines de ciclosporine. Contrôle des concentrations sanguines de ciclosporine et adaptation éventuelle de sa posologie pendant le traitement par terbinafine et après son arrêt.
TERBINAFINE,CODEINE,DECONSEILLEE,Risque d’inefficacité de l’opiacé par inhibition de son métabolisme par l’inhibiteur.
TERBINAFINE,MEQUITAZINE,DECONSEILLEE,"Risque de majoration des effets indésirables de la méquitazine, par inhibition de son métabolisme par l’inhibiteur enzymatique."
TERBINAFINE,METOPROLOL,PRECAUTION_EMPLOI,"Chez l'insuffisant cardiaque, risque d'augmentation des effets indésirables du métoprolol, par diminution de son métabolisme Surveillance clinique. Si besoin, adaptation de la posologie du hépatique par la terbinafine. métoprolol pendant le traitement par la terbinafine."
TERBINAFINE,PROPAFENONE,PRECAUTION_EMPLOI,"Risque d'augmentation des effets indésirables de la propafénone, par diminution de son métabolisme hépatique par la terbinafine. Surveillance clinique. Si besoin, adaptation de la posologie de la propafénone pendant le traitement par la terbinafine."
TÉRIFLUNOMIDE,SELEXIPAG,PRECAUTION_EMPLOI,Risque d’augmentation des effets indésirables du sélexipag par diminution de son métabolisme. Surveillance clinique étroite pendant l’association. Réduire de moitié la posologie (une seule prise par jour).
TETRABENAZINE,BUPROPION,CONTRE_INDICATION,Augmentation possiblement très importante de l’exposition des métabolites actifs de la tétrabénazine.
TETRABENAZINE,CINACALCET,CONTRE_INDICATION,Augmentation possiblement très importante de l’exposition des métabolites actifs de la tétrabénazine.
TETRABENAZINE,DOPAMINERGIQUES,DECONSEILLEE,Antagonisme réciproque entre le dopaminergique et la tétrabénazine.
TETRABENAZINE,DULOXETINE,CONTRE_INDICATION,Augmentation possiblement très importante de l’exposition des métabolites actifs de la tétrabénazine.
TETRABENAZINE,FLUOXETINE,CONTRE_INDICATION,Augmentation possiblement très importante de l’exposition des métabolites actifs de la tétrabénazine.
TETRABENAZINE,IMAO IRRÉVERSIBLES,CONTRE_INDICATION,"Risque de crises hypertensives. Du fait de la durée d'action de l'IMAO, cette interaction est encore théoriquement possible 15 jours après son arrêt."
TETRABENAZINE,LEVODOPA,DECONSEILLEE,Antagonisme réciproque entre la lévodopa et la tétrabénazine.
TETRABENAZINE,PAROXETINE,CONTRE_INDICATION,Augmentation possiblement très importante de l’exposition des métabolites actifs de la tétrabénazine.
THALIDOMIDE,DIDANOSINE,PRECAUTION_EMPLOI,"Risque majoré de survenue de neuropathies périphériques par addition d'effets indésirables. Surveillance clinique et biologique régulière, notamment en début d'association."
THALIDOMIDE,STAVUDINE,PRECAUTION_EMPLOI,"Risque majoré de survenue de neuropathies périphériques par addition d'effets indésirables. Surveillance clinique et biologique régulière, notamment en début d'association."
THEOPHYLLINE,GIVOSIRAN,PRECAUTION_EMPLOI,Risque d’augmentation de la théophyllinémie avec signes de surdosage par diminution de son métabolisme hépatique. Surveillance clinique et éventuellement de la théophyllinémie.
THEOPHYLLINE,LITHIUM,PRECAUTION_EMPLOI,Diminution de la lithémie avec risque de baisse de l’efficacité thérapeutique. Surveillance stricte de la lithémie et adaptation éventuelle de la posologie du lithium.
THEOPHYLLINE,PROPAFENONE,PRECAUTION_EMPLOI,Risque d’augmentation de la théophyllinémie par diminution de son métabolisme hépatique par la propafénone. Surveillance clinique et éventuellement de la théophyllinémie.
THEOPHYLLINE,VÉMURAFÉNIB,PRECAUTION_EMPLOI,"Augmentation importante des concentrations de théophylline, avec risques de majoration de ses effets indésirables. Surveillance clinique et adaptation de la posologie de la théophylline pendant le traitement par vémurafénib et après son arrêt."
THÉOPHYLLINE,CIMETIDINE,PRECAUTION_EMPLOI,"Avec la cimétidine utilisée à des doses supérieures ou égales à 800 mg/j : augmentation de la théophyllinémie avec risque de Surveillance clinique et éventuellement de la théophyllinémie. S'il y a surdosage (diminution du métabolisme de la théophylline). lieu, adaptation de la théophylline pendant le traitement par la cimétidine et après son arrêt."
THÉOPHYLLINE,CIPROFLOXACINE,PRECAUTION_EMPLOI,"Augmentation de la théophyllinémie avec risque de surdosage, par diminution de son métabolisme hépatique par la ciprofloxacine. Surveillance clinique et éventuellement de la théophyllinémie."
THÉOPHYLLINE,CLARITHROMYCINE,A_PRENDRE_EN_COMPTE,"Risque d'augmentation de la théophyllinémie, particulièrement chez l'enfant."
THÉOPHYLLINE,DIPYRIDAMOLE,PRECAUTION_EMPLOI,Avec le dipyridamole par voie injectable : réduction de l’effet vasodilatateur du dipyridamole par la théophylline. Interrompre un traitement par théophylline au moins 5 jours avant une imagerie myocardique avec le dipyridamole.
THÉOPHYLLINE,ENOXACINE,CONTRE_INDICATION,Surdosage en théophylline par diminution importante de son métabolisme.
THROMBOLYTIQUES,ANTIAGRÉGANTS PLAQUETTAIRES,A_PRENDRE_EN_COMPTE,Augmentation du risque hémorragique.
THROMBOLYTIQUES,DÉFIBROTIDE,CONTRE_INDICATION,Risque hémorragique accru.
THROMBOLYTIQUES,HÉPARINES,A_PRENDRE_EN_COMPTE,Augmentation du risque hémorragique.
TIABENDAZOLE,THÉOPHYLLINE,PRECAUTION_EMPLOI,"Augmentation de la théophyllinémie avec risque de surdosage, par diminution du métabolisme hépatique de la théophylline. Surveillance clinique et éventuellement de la théophyllinémie ; s'il y a lieu, adaptation de la posologie de la théophylline pendant le traitement (et après son arrêt, dans le cas où l'anthelminthique est prescrit pour une durée excédant 48 heures)."
TIAGABINE,RIFAMPICINE,PRECAUTION_EMPLOI,Diminution des concentrations plasmatiques de la tiagabine par augmentation de son métabolisme hépatique. Une augmentation de la posologie de la tiagabine peut s’avérer nécessaire en cas d’association à la rifampicine.
TIANEPTINE,IMAO IRRÉVERSIBLES,DECONSEILLEE,"Risque de collapsus, hypertension paroxystique, hyperthermie, convulsions, décès."
TIBOLONE,ANTIVITAMINES K,PRECAUTION_EMPLOI,Augmentation de l'effet de l'antivitamine K et du risque hémorragique. Contrôle plus fréquent de l'INR. Adaptation éventuelle de la posologie de l'antivitamine K pendant le traitement par la tibolone et après son arrêt.
TICAGRELOR,ACIDE ACETYLSALICYLIQUE,DECONSEILLEE,Majoration du risque hémorragique par addition des activités antiagrégantes plaquettaires. Association déconseillée : - en dehors des indications validées pour cette association dans les syndromes coronariens aigus. Précaution d'emploi : - dans les indications validées pour cette association dans les syndromes coronariens aigus. Surveillance clinique.
TICAGRELOR,DABIGATRAN,A_PRENDRE_EN_COMPTE,"Augmentation des concentrations plasmatiques de dabigatran, avec majoration du risque de saignement."
TICAGRELOR,DILTIAZEM,A_PRENDRE_EN_COMPTE,Risque d’augmentation des concentrations plasmatiques de ticagrelor par diminution de son métabolisme hépatique.
TICAGRELOR,MILLEPERTUIS,CONTRE_INDICATION,"Risque de diminution importante des concentrations plasmatiques de ticagrelor par augmentation de son métabolisme hépatique par le millepertuis, avec diminution de son effet thérapeutique."
TICAGRELOR,OMBITASVIR + PARITAPRÉVIR,CONTRE_INDICATION,Augmentation des concentrations plasmatiques du ticagrélor par diminution de son métabolisme hépatique par la bithérapie.
TICAGRELOR,PAMPLEMOUSSE,DECONSEILLEE,"Doublement des concentrations plasmatiques de l'antiagrégant, avec risque de majoration des effets indésirables, notamment hémorragiques."
TICAGRELOR,RIFAMPICINE,DECONSEILLEE,"Diminution importante des concentrations plasmatiques de ticagrelor par augmentation de son métabolisme hépatique par la rifampicine, avec risque de diminution de l’effet thérapeutique."
TICAGRELOR,VERAPAMIL,A_PRENDRE_EN_COMPTE,Risque d’augmentation des concentrations plasmatiques de ticagrelor par diminution de son métabolisme hépatique.
TICLOPIDINE,ACIDE ACETYLSALICYLIQUE,DECONSEILLEE,"Majoration du risque hémorragique par addition des activités antiagrégantes plaquettaires. Si l’association ne peut être évitée, surveillance clinique étroite."
TIGECYCLINE,CICLOSPORINE,PRECAUTION_EMPLOI,"Augmentation des concentrations sanguines de l’immunosuppresseur, avec risque d'effets néphrotoxiques. Dosage des concentrations sanguines de l’immunosuppresseur, contrôle de la fonction rénale et adaptation de la posologie pendant le traitement par la tigécycline."
TIGECYCLINE,TACROLIMUS,PRECAUTION_EMPLOI,"Augmentation des concentrations sanguines de l’immunosuppresseur, avec risque d'effets néphrotoxiques. Dosage des concentrations sanguines de l’immunosuppresseur, contrôle de la fonction rénale et adaptation de la posologie pendant le traitement par la tigécycline."
TOLVAPTAN,AMIODARONE,PRECAUTION_EMPLOI,"Augmentation des concentrations de tolvaptan, avec risque de majoration importante des effets indésirables, notamment diurèse Réduire la posologie de tolvaptan de moitié. importante, déshydratation, insuffisance rénale aiguë."
TOLVAPTAN,DILTIAZEM,PRECAUTION_EMPLOI,"Augmentation des concentrations de tolvaptan, avec risque de majoration importante des effets indésirables, notamment diurèse Réduire la posologie de tolvaptan de moitié. importante, déshydratation, insuffisance rénale aiguë."
TOLVAPTAN,FLUCONAZOLE,PRECAUTION_EMPLOI,"Augmentation des concentrations de tolvaptan, avec risque de majoration importante des effets indésirables, notamment diurèse Réduire la posologie de tolvaptan de moitié. importante, déshydratation, insuffisance rénale aiguë."
TOLVAPTAN,PAMPLEMOUSSE,DECONSEILLEE,"Augmentation importante (entre 2 à 5 fois en moyenne) des concentrations de tolvaptan, avec risque de majoration importante des effets indésirables, notamment diurèse importante, déshydratation, insuffisance rénale aiguë."
TOLVAPTAN,VERAPAMIL,PRECAUTION_EMPLOI,"Augmentation des concentrations de tolvaptan, avec risque de majoration importante des effets indésirables, notamment diurèse Réduire la posologie de tolvaptan de moitié. importante, déshydratation, insuffisance rénale aiguë."
"TOPIQUES GASTRO-INTESTINAUX, ANTIACIDES ET ADSORBANTS",POLYSTYRÈNE SULFONATE DE CALCIUM,PRECAUTION_EMPLOI,"Risque d'alcalose métabolique chez l'insuffisant rénal Comme avec tout médicament oral pris avec l’un ou l’autre de ces médicaments, respecter un intervalle entre les prises (plus de 2 heures, si possible)."
"TOPIQUES GASTRO-INTESTINAUX, ANTIACIDES ET ADSORBANTS",POLYSTYRÈNE SULFONATE DE SODIUM,PRECAUTION_EMPLOI,"Risque d'alcalose métabolique chez l'insuffisant rénal. Comme avec tout médicament oral pris avec l’un ou l’autre de ces médicaments, respecter un intervalle entre les prises (plus de 2 heures, si possible)."
TOPIRAMATE,CARBAMAZEPINE,PRECAUTION_EMPLOI,"Diminution des concentrations du topiramate avec risque de moindre efficacité, par augmentation de son métabolisme Surveillance clinique, et si besoin, adaptation posologique du hépatique par la carbamazépine. topiramate pendant le traitement par la carbamazépine et après son arrêt."
TOPIRAMATE,ESTROPROGESTATIFS CONTRACEPTIFS,DECONSEILLEE,"Pour des doses de topiramate >= 200 mg/jour : Risque de diminution de l’efficacité contraceptive par diminution Si l’association s’avère nécessaire, utiliser une méthode additionnel de des concentrations en estrogène. type mécanique pendant la durée de l’association et un cycle suivant l’arrêt du topiramate."
TOPIRAMATE,LITHIUM,PRECAUTION_EMPLOI,"Pour des doses de topiramate >= 200 mg par jour : augmentation de la lithémie pouvant atteindre des valeurs toxiques, avec signes Surveillance clinique et biologique. Adaptation de la posologie du lithium. de surdosage en lithium."
TOPIRAMATE,OXCARBAZEPINE,PRECAUTION_EMPLOI,"Risque de diminution des concentrations du topiramate avec risque de moindre efficacité, par augmentation de son métabolisme Surveillance clinique, et si besoin, adaptation posologique du hépatique par l'oxcarbazépine. topiramate pendant le traitement par l'oxcarbazépine et après son arrêt."
TOPIRAMATE,VALPROMIDE,PRECAUTION_EMPLOI,"Augmentation de l'hyperammoniémie, avec risque accru d'encéphalopathie. Surveillance clinique et biologique régulière."
TOPOTECANE,TÉDIZOLIDE,DECONSEILLEE,"Risque d’augmentation des concentrations plasmatiques du topotécan, par augmentation de son absorption avec le tédizolide administré par voie orale, ou par diminution de son élimination avec le tédizolide administré par voie IV."
TRABECTÉDINE,ITRACONAZOLE,DECONSEILLEE,"Risque d’augmentation des concentrations plasmatiques de la trabectedine par l’itraconazole. Si l’association est nécessaire, surveillance clinique et adaptation éventuelle de la posologie de la trabectedine pendant la durée du traitement par l’itraconazole."
TRAMADOL,BUPROPION,DECONSEILLEE,Risque d’inefficacité de l’opiacé par inhibition de son métabolisme par l’inhibiteur.
TRAMADOL,CINACALCET,DECONSEILLEE,Risque d’inefficacité de l’opiacé par inhibition de son métabolisme par l’inhibiteur.
TRAMADOL,DULOXETINE,DECONSEILLEE,Risque d’inefficacité de l’opiacé par inhibition de son métabolisme par l’inhibiteur.
TRAMADOL,FLUOXETINE,DECONSEILLEE,Diminution de l’efficacité de l’opiacé par inhibition de son métabolisme par l’inhibiteur.
TRAMADOL,IMAO IRRÉVERSIBLES,CONTRE_INDICATION,"Risque d'apparition d'un syndrome sérotoninergique : diarrhée, sueurs, tremblements, confusion, voire coma."
TRAMADOL,"IMAO-A RÉVERSIBLES, Y COMPRIS OXAZOLIDINONES ET BLEU DE MÉTHYLÈNE",DECONSEILLEE,"Risque d'apparition d'un syndrome sérotoninergique : diarrhée, tachycardie, sueurs, tremblements, confusion voire coma."
TRAMADOL,IMAO-B,A_PRENDRE_EN_COMPTE,Risque d’apparition d’un syndrome sérotoninergique.
TRICLABENDAZOLE,DIHYDROERGOTAMINE,CONTRE_INDICATION,"Ergotisme avec possibilité de nécrose des extrémités (inhibition du métabolisme hépatique de l’alcaloïde de l’ergot de seigle). Respecter un délai de 24 heures entre l’arrêt du triclabendazole et la prise du médicament dérivé de l’ergot, et inversement."
TRICLABENDAZOLE,ERGOTAMINE,CONTRE_INDICATION,"Ergotisme avec possibilité de nécrose des extrémités (inhibition du métabolisme hépatique de l’alcaloïde de l’ergot de seigle). Respecter un délai de 24 heures entre l’arrêt du triclabendazole et l’ergotamine, et inversement."
TRICLABENDAZOLE,PIMOZIDE,CONTRE_INDICATION,"Risque majoré de troubles du rythme ventriculaire, notamment de torsades de pointes (inhibition du métabolisme hépatique du Respecter un délai de 24 heures entre l’arrêt du triclabendazole et la médicament torsadogène). prise du médicament torsadogène, et inversement."
TRICLABENDAZOLE,QUINIDINE,PRECAUTION_EMPLOI,"Risque majoré de troubles du rythme ventriculaire, notamment de torsades de pointes (inhibition du métabolisme hépatique du Surveillance clinique. médicament torsadogène)."
TRIENTINE,FER,PRECAUTION_EMPLOI,Diminution des concentrations de fer sérique. Prendre la trientine à distance des sels de fer.
TRIMETHOPRIME,CICLOSPORINE,A_PRENDRE_EN_COMPTE,Avec le triméthoprime (seul ou associé) par voie orale : augmentation de la créatininémie avec diminution possible des concentrations sanguines de ciclosporine. Avec le trimethoprime (seul ou associé) par voie IV : la diminution des concentrations sanguines de ciclosporine peut être très importante avec disparition possible du pouvoir immunosuppresseur.
TRIMETHOPRIME,METHOTREXATE,CONTRE_INDICATION,Augmentation de la toxicité hématologique du méthotrexate (diminution de son excrétion rénale ainsi qu'inhibition de la Contre-indication dihydrofolate réductase). - avec le méthotrexate utilisé à doses > 20 mg/semaine Association déconseillée - Avec le méthotrexate utilisé à des doses =< 20 mg/semaine
TRIMETHOPRIME,PACLITAXEL,PRECAUTION_EMPLOI,Risque d’augmentation des concentrations plasmatiques du paclitaxel par inhibition de son métabolisme hépatique par le Surveillance clinique et biologique étroite et adaptation de la posologie triméthoprime. du paclitaxel pendant l’association.
TRIMETHOPRIME,PYRIMETHAMINE,PRECAUTION_EMPLOI,"Anémie mégaloblastique, plus particulièrement à fortes doses des deux produits (déficit en acide folique par l'association de deux 2-4 Contrôle régulier de l'hémogramme et association d'un traitement par diaminopyrimidines). l'acide folique (injections IM régulières)."
TRIMETHOPRIME,REPAGLINIDE,DECONSEILLEE,"Risque d’augmentation des concentrations plasmatiques de répaglinide par inhibition de son métabolisme hépatique par le Si l’association ne peut être évitée, surveillance clinique et biologique triméthoprime. étroite."
TRIMETHOPRIME,SELEXIPAG,PRECAUTION_EMPLOI,Risque d’augmentation des effets indésirables du sélexipag par diminution de son métabolisme. Surveillance clinique étroite pendant l’association. Réduire de moitié la posologie (une seule prise par jour).
TUCATINIB,GEMFIBROZIL,DECONSEILLEE,Augmentation importante des concentrations de tucatinib par diminution de son métabolisme par le gemfibrozil.
ULIPRISTAL,ANTISÉCRÉTOIRES ANTIHISTAMINIQUES H2,A_PRENDRE_EN_COMPTE,"Risque de diminution de l’effet de l’ulipristal, par diminution de son absorption."
ULIPRISTAL,CYPROTERONE,DECONSEILLEE,"Dans l'indication contraception d'urgence de l'ulipristal : Antagonisme des effets de l’ulipristal en cas de reprise d’un Association déconseillée contraceptif hormonal moins de 5 jours après la prise de la Dans l'utilisation à visée contraceptive de la cyprotérone contraception d’urgence. - Dans l'indication contraception d'urgence de l'ulipristal Dans l’indication fibrome de l'ulipristal : Dans le cas où la (re)prise d’une contraception hormonale est Antagonisme réciproque des effets de l’ulipristal et du progestatif, envisagée, utiliser une contraception additionnelle de type mécanique avec risque d’inefficacité. pendant les 12 jours qui suivent la (dernière) prise de l’ulipristal (au cas où il y en aurait eu plus d’une). - Dans l’indication fibrome de l'ulipristal : Dans le cas où la (re)prise d’une contraception hormonale est envisagée, utiliser une contraception de type mécanique pendant les 7 premiers jours de la contraception hormonale. Association à prendre en compte Lorsque la cyprotérone n'est pas à visée contraceptive."
ULIPRISTAL,MILLEPERTUIS,DECONSEILLEE,"Risque de diminution de l’effet de l’ulipristal, par augmentation de son métabolisme hépatique par l’inducteur. Préférer une alternative thérapeutique peu ou pas métabolisée."
VALGANCICLOVIR,FLUCYTOSINE,A_PRENDRE_EN_COMPTE,Risque de majoration de la toxicité hématologique.
VALGANCICLOVIR,MARIBAVIR,CONTRE_INDICATION,Antagonisme de la phosporylation et donc de l'effet pharmacologique du valganciclovir par le maribavir.
VALPROMIDE,ACETAZOLAMIDE,PRECAUTION_EMPLOI,"Augmentation de l'hyperammoniémie, avec risque accru d'encéphalopathie. Surveillance clinique et biologique régulière."
VALPROMIDE,AZTREONAM,PRECAUTION_EMPLOI,"Risque de survenue de crises convulsives, par diminution des concentrations plasmatiques de l'acide valproïque. Surveillance clinique, dosages plasmatiques et adaptation éventuelle de la posologie de l'anticonvulsivant pendant le traitement par l'anti- infectieux et après son arrêt."
VALPROMIDE,CARBAMAZEPINE,PRECAUTION_EMPLOI,"Augmentation des concentrations plasmatiques du métabolite actif de la carbamazépine avec signes de surdosage. De plus, Surveillance clinique, dosages plasmatiques et adaptation de la diminution des concentrations plasmatiques d'acide valproïque par posologie des deux anticonvulsivants. augmentation de son métabolisme hépatique par la carbamazépine."
VALPROMIDE,FELBAMATE,PRECAUTION_EMPLOI,"Augmentation des concentrations plasmatiques de l'acide valproïque, avec risque de surdosage. Surveillance clinique, contrôle biologique et adaptation éventuelle de la posologie du valproate ou du valpromide pendant le traitement par le felbamate et après son arrêt."
VALPROMIDE,LAMOTRIGINE,DECONSEILLEE,"Risque majoré de réactions cutanées graves (syndrome de Lyell). Par ailleurs, augmentation des concentrations plasmatiques de Si l'association s'avère nécessaire, surveillance clinique étroite. lamotrigine (diminution de son métabolisme hépatique par le valproate de sodium)."
VALPROMIDE,NIMODIPINE,A_PRENDRE_EN_COMPTE,"Avec la nimodipine par voie orale, et par extrapolation, par voie injectable : risque de majoration de l'effet hypotenseur de la nimodipine par augmentation de ses concentrations plasmatiques (diminution de son métabolisme par l'acide valproïque)."
VANCOMYCINE,PIPÉRACILLINE+TAZOBACTAM,DECONSEILLEE,Majoration de la néphrotoxicité par comparaison à la vancomycine seule.
VARDENAFIL,PAMPLEMOUSSE,DECONSEILLEE,"Augmentation des concentrations plasmatiques du vardénafil, avec risque d’hypotension."
VELPATASVIR,EFAVIRENZ,DECONSEILLEE,"Risque de diminution des concentrations de velpatasvir/sofosbuvir, avec possible retentissement sur l’efficacité."
VÉMURAFÉNIB,BUPROPION,A_PRENDRE_EN_COMPTE,"Risque de diminution des concentrations du bupropion, avec augmentation de son métabolite actif et toxicité majorée."
VÉMURAFÉNIB,ESTROPROGESTATIFS CONTRACEPTIFS,DECONSEILLEE,"Risque de diminution des concentrations des estroprogestatifs, avec pour conséquence un risque d’inefficacité."
VÉMURAFÉNIB,IFOSFAMIDE,A_PRENDRE_EN_COMPTE,"Risque de diminution des concentrations de l'ifosfamide, avec augmentation de son métabolite actif et toxicité majorée."
VÉMURAFÉNIB,IMMUNOSUPPRESSEURS,DECONSEILLEE,"Risque de diminution des concentrations des immunosuppresseurs, avec pour conséquence un risque d’inefficacité."
VÉMURAFÉNIB,THEOPHYLLINE,PRECAUTION_EMPLOI,"Augmentation importante des concentrations de théophylline, avec risques de majoration de ses effets indésirables. Surveillance clinique et adaptation de la posologie de la théophylline pendant le traitement par vémurafénib et après son arrêt."
VÉNÉTOCLAX,AMIODARONE,PRECAUTION_EMPLOI,"Risque d’augmentation des effets indésirables du vénétoclax par diminution de son métabolisme hépatique. Surveillance clinique et biologique régulière, notamment hématologique, et adaptation de la posologie du vénétoclax."
VÉNÉTOCLAX,DILTIAZEM,PRECAUTION_EMPLOI,"Risque d’augmentation des effets indésirables du vénétoclax par diminution de son métabolisme hépatique. Surveillance clinique et biologique régulière, notamment hématologique, et adaptation de la posologie du vénétoclax."
VENLAFAXINE,CLARITHROMYCINE,A_PRENDRE_EN_COMPTE,Augmentation des concentrations de venlafaxine avec risque de surdosage.
VENLAFAXINE,ERYTHROMYCINE,A_PRENDRE_EN_COMPTE,Augmentation des concentrations de venlafaxine avec risque de surdosage.
VENLAFAXINE,ITRACONAZOLE,A_PRENDRE_EN_COMPTE,Augmentation des concentrations de venlafaxine avec risque de surdosage.
VENLAFAXINE,KETOCONAZOLE,A_PRENDRE_EN_COMPTE,Augmentation des concentrations de venlafaxine avec risque de surdosage.
VENLAFAXINE,TELITHROMYCINE,A_PRENDRE_EN_COMPTE,Augmentation des concentrations de venlafaxine avec risque de surdosage.
VENLAFAXINE,TRAMADOL,A_PRENDRE_EN_COMPTE,Risque d'apparition de convulsions et/ou d'un syndrome sérotoninergique.
VENLAFAXINE,VORICONAZOLE,A_PRENDRE_EN_COMPTE,Augmentation des concentrations de venlafaxine avec risque de surdosage.
VERAPAMIL,AFATINIB,PRECAUTION_EMPLOI,"Augmentation des concentrations plasmatique d’afatinib par augmentation de son absorption par le vérapamil. Il est recommandé d’administrer le vérapamil le plus à distance possible de l’afatinib, en respectant de préférence un intervalle de 6 heures ou de 12 heures par rapport à la prise d’afatinib."
VIDARABINE,ALLOPURINOL,DECONSEILLEE,"Risque accru de troubles neurologiques (tremblements, confusion) par inhibition partielle du métabolisme de l'antiviral."
VISMODÉGIB,MILLEPERTUIS,CONTRE_INDICATION,Risque de diminution des concentrations plasmatiques de vismodégib.
VITAMINE A,CYCLINES,CONTRE_INDICATION,"En cas d'apport de 10,000 UI/j et plus : risque d’hypertension intracrânienne."
VITAMINE A,RÉTINOÏDES,CONTRE_INDICATION,Risque de symptômes évocateurs d’une hypervitaminose A.
VITAMINE D,ORLISTAT,A_PRENDRE_EN_COMPTE,Diminution de l'absorption de la vitamine D.
VITAMINE D,RIFAMPICINE,PRECAUTION_EMPLOI,Diminution des concentrations de vitamine D plus marquée qu’en l’absence de traitement par la rifampicine Dosage des concentrations de vitamine D et supplémentation si nécessaire.
VORICONAZOLE,AMIODARONE,PRECAUTION_EMPLOI,"Risque majoré de troubles du rythme ventriculaire, notamment de torsades de pointes, par possible diminution du métabolisme de Surveillance clinique et ECG, et adaptation éventuelle de la posologie l’amiodarone. de l’amiodarone."
VORICONAZOLE,ANTIVITAMINES K,PRECAUTION_EMPLOI,Augmentation de l'effet de l'antivitamine K et du risque hémorragique par diminution de son métabolisme hépatique. Contrôle plus fréquent de l'INR. Adaptation éventuelle de la posologie de l'antivitamine K pendant le traitement par voriconazole et 8 jours après son arrêt.
VORICONAZOLE,EFAVIRENZ,DECONSEILLEE,"Risque de baisse de l'efficacité du voriconazole par augmentation de son métabolisme hépatique par l'efavirenz. Si l'association ne peut être évitée, surveillance clinique étroite et adaptation de la posologie du voriconazole et de l'éfavirenz pendant l'association."
VOXELOTOR,RIFAMPICINE,DECONSEILLEE,"Diminution notable des concentrations plasmatiques du voxelotor, avec risque de moindre efficacité."
YOHIMBINE,ANTIHYPERTENSEURS CENTRAUX,DECONSEILLEE,Inhibition possible de l'activité antihypertensive par antagonisme au niveau des récepteurs.
ZIDOVUDINE,AMPHOTERICINE B,PRECAUTION_EMPLOI,Avec l'amphotéricine B administrée par voie IV : augmentation de la toxicité hématologique (addition d'effets de toxicité médullaire). Contrôle plus fréquent de l'hémogramme.
ZIDOVUDINE,DAPSONE,PRECAUTION_EMPLOI,Augmentation de la toxicité hématologique (addition d'effets de toxicité médullaire). Contrôle plus fréquent de l'hémogramme.
ZIDOVUDINE,FLUCYTOSINE,PRECAUTION_EMPLOI,Augmentation de la toxicité hématologique (addition d'effets de toxicité médullaire). Contrôle plus fréquent de l'hémogramme.
ZIDOVUDINE,GANCICLOVIR,PRECAUTION_EMPLOI,"Augmentation de la toxicité hématologique (addition d'effets de toxicité médullaire). Arrêter de façon transitoire la zidovudine ; contrôler la NFS et réintroduire, si possible, la zidovudine à doses faibles."
ZIDOVUDINE,RIBAVIRINE,PRECAUTION_EMPLOI,"Risque de diminution de l'efficacité de chaque antiviral, par antagonisme compétitif de la réaction de phosphorylation à l'origine Surveillance clinique et biologique régulière, notamment en début des métabolites actifs. d'association."
ZIDOVUDINE,RIFAMPICINE,DECONSEILLEE,"Diminution de moitié des concentrations de la zidovudine par augmentation de son métabolisme par la rifampicine. Si l'association s'avère nécessaire, surveillance clinique et biologique renforcée."
ZIDOVUDINE,STAVUDINE,DECONSEILLEE,Risque de diminution de l'efficacité de chaque antiviral par antagoniste compétitif de la réaction de phosphorylation à l'origine des métabolites actifs.
ZIDOVUDINE,VALPROMIDE,PRECAUTION_EMPLOI,"Risque d’augmentation des effets indésirables, notamment hématologiques, de la zidovudine par diminution de son Surveillance clinique et biologique régulière. Un hémogramme à la métabolisme par l’acide valproïque. recherche d’une anémie devrait être réalisé au cours des deux premiers mois de l’association."
ZINC,CALCIUM,PRECAUTION_EMPLOI,Diminution de l’absorption digestive du zinc par le calcium. Prendre les sels de calcium à distance du zinc (plus de 2 heures si possible).
ZOLPIDEM,RIFAMPICINE,PRECAUTION_EMPLOI,Diminution des concentrations plasmatiques et de l'efficacité du zolpidem par augmentation de son métabolisme hépatique par la Surveillance clinique. Utiliser éventuellement un autre hypnotique. rifampicine.
ZONISAMIDE,VALPROMIDE,PRECAUTION_EMPLOI,"Augmentation de l'hyperammoniémie, avec risque accru d'encéphalopathie. Surveillance clinique et biologique régulière."
ZOPICLONE,RIFAMPICINE,PRECAUTION_EMPLOI,Diminution des concentrations plasmatiques et de l'efficacité de la zopiclone par augmentation de son métabolisme hépatique par la Surveillance clinique. Utiliser éventuellement un autre hypnotique. rifampicine.
